[0.000000] (-) TimerEvent: {}
[0.001011] (px4_msgs) JobQueued: {'identifier': 'px4_msgs', 'dependencies': OrderedDict()}
[0.001342] (swarm_ekf) JobQueued: {'identifier': 'swarm_ekf', 'dependencies': OrderedDict([('px4_msgs', '/home/maanavjugalshah/SwarmAero/ros2_ws/install/px4_msgs')])}
[0.001410] (px4_msgs) JobStarted: {'identifier': 'px4_msgs'}
[0.012376] (px4_msgs) JobProgress: {'identifier': 'px4_msgs', 'progress': 'cmake'}
[0.013728] (px4_msgs) JobProgress: {'identifier': 'px4_msgs', 'progress': 'build'}
[0.014134] (px4_msgs) Command: {'cmd': ['/usr/bin/cmake', '--build', '/home/maanavjugalshah/SwarmAero/ros2_ws/build/px4_msgs', '--', '-j16', '-l16'], 'cwd': '/home/maanavjugalshah/SwarmAero/ros2_ws/build/px4_msgs', 'env': OrderedDict([('LESSOPEN', '| /usr/bin/lesspipe %s'), ('USER', 'maanavjugalshah'), ('GIT_ASKPASS', '/home/maanavjugalshah/.vscode-server/bin/f6cfa2ea2403534de03f069bdf160d06451ed282/extensions/git/dist/askpass.sh'), ('SHLVL', '1'), ('LD_LIBRARY_PATH', '/home/maanavjugalshah/SwarmAero/ros2_ws/install/px4_msgs/lib:/home/maanavjugalshah/swarm_ws/install/px4_msgs/lib:/opt/ros/humble/opt/rviz_ogre_vendor/lib:/opt/ros/humble/lib/x86_64-linux-gnu:/opt/ros/humble/lib'), ('MOTD_SHOWN', 'update-motd'), ('HOME', '/home/maanavjugalshah'), ('OLDPWD', '/home/maanavjugalshah/SwarmAero/ros2_ws'), ('TERM_PROGRAM_VERSION', '1.121.0'), ('VSCODE_IPC_HOOK_CLI', '/run/user/1000/vscode-ipc-aa55078d-f270-4c09-85e7-64291e9d3075.sock'), ('ROS_PYTHON_VERSION', '3'), ('VSCODE_GIT_ASKPASS_MAIN', '/home/maanavjugalshah/.vscode-server/bin/f6cfa2ea2403534de03f069bdf160d06451ed282/extensions/git/dist/askpass-main.js'), ('VSCODE_GIT_ASKPASS_NODE', '/home/maanavjugalshah/.vscode-server/bin/f6cfa2ea2403534de03f069bdf160d06451ed282/node'), ('VSCODE_PYTHON_AUTOACTIVATE_GUARD', '1'), ('DBUS_SESSION_BUS_ADDRESS', 'unix:path=/run/user/1000/bus'), ('COLORTERM', 'truecolor'), ('WSL_DISTRO_NAME', 'Ubuntu-22.04'), ('WAYLAND_DISPLAY', 'wayland-0'), ('COLCON_PREFIX_PATH', '/home/maanavjugalshah/SwarmAero/ros2_ws/install:/home/maanavjugalshah/swarm_ws/install'), ('ROS_DISTRO', 'humble'), ('LOGNAME', 'maanavjugalshah'), ('NAME', 'MaanavXPS13Plus'), ('WSL_INTEROP', '/run/WSL/436_interop'), ('PULSE_SERVER', 'unix:/mnt/wslg/PulseServer'), ('_', '/usr/bin/colcon'), ('ROS_VERSION', '2'), ('TERM', 'xterm-256color'), ('ROS_LOCALHOST_ONLY', '0'), ('PATH', '/home/maanavjugalshah/.vscode-server/data/User/globalStorage/github.copilot-chat/debugCommand:/home/maanavjugalshah/.vscode-server/data/User/globalStorage/github.copilot-chat/copilotCli:/home/maanavjugalshah/.vscode-server/bin/f6cfa2ea2403534de03f069bdf160d06451ed282/bin/remote-cli:/home/maanavjugalshah/.local/bin:/opt/ros/humble/bin:/usr/local/sbin:/usr/local/bin:/usr/sbin:/usr/bin:/sbin:/bin:/usr/games:/usr/local/games:/usr/lib/wsl/lib:/mnt/c/WINDOWS/system32:/mnt/c/WINDOWS:/mnt/c/WINDOWS/System32/Wbem:/mnt/c/WINDOWS/System32/WindowsPowerShell/v1.0/:/mnt/c/WINDOWS/System32/OpenSSH/:/mnt/c/Program Files/dotnet/:/mnt/c/Program Files/Docker/Docker/resources/bin:/mnt/c/Program Files/MATLAB/R2025b/runtime/win64:/mnt/c/Program Files/MATLAB/R2025b/bin:/mnt/c/Program Files/MATLAB/R2024b/bin:/mnt/c/Program Files/Git/cmd:/mnt/c/Program Files/CMake/bin:/mnt/c/ProgramData/chocolatey/bin:/mnt/c/Program Files/7-Zip:/mnt/c/Program Files/Tailscale/:/mnt/c/Users/maana/AppData/Local/Programs/Python/Launcher/:/mnt/c/Users/maana/AppData/Local/Microsoft/WindowsApps:/mnt/c/Users/maana/AppData/Local/Programs/Microsoft VS Code/bin:/mnt/c/Users/maana/AppData/Local/Microsoft/WinGet/Packages/Ninja-build.Ninja_Microsoft.Winget.Source_8wekyb3d8bbwe:/mnt/c/Users/maana/AppData/Local/Microsoft/WinGet/Packages/oss-winget.gperf_Microsoft.Winget.Source_8wekyb3d8bbwe:/mnt/c/Users/maana/AppData/Local/Microsoft/WinGet/Packages/oss-winget.dtc_Microsoft.Winget.Source_8wekyb3d8bbwe/usr/bin:/mnt/c/Users/maana/AppData/Local/Microsoft/WinGet/Packages/JernejSimoncic.Wget_Microsoft.Winget.Source_8wekyb3d8bbwe:/snap/bin:/opt/xtensa-esp-elf/bin/:/opt/xtensa-esp-elf/bin/:/opt/xtensa-esp-elf/bin/:/opt/xtensa-esp-elf/bin/:/opt/xtensa-esp-elf/bin/:/opt/xtensa-esp-elf/bin/:/opt/xtensa-esp-elf/bin/'), ('XDG_RUNTIME_DIR', '/run/user/1000'), ('DISPLAY', ':0'), ('LANG', 'en_US.UTF-8'), ('RMW_IMPLEMENTATION', 'rmw_cyclonedds_cpp'), ('LS_COLORS', 'rs=0:di=01;34:ln=01;36:mh=00:pi=40;33:so=01;35:do=01;35:bd=40;33;01:cd=40;33;01:or=40;31;01:mi=00:su=37;41:sg=30;43:ca=30;41:tw=30;42:ow=34;42:st=37;44:ex=01;32:*.tar=01;31:*.tgz=01;31:*.arc=01;31:*.arj=01;31:*.taz=01;31:*.lha=01;31:*.lz4=01;31:*.lzh=01;31:*.lzma=01;31:*.tlz=01;31:*.txz=01;31:*.tzo=01;31:*.t7z=01;31:*.zip=01;31:*.z=01;31:*.dz=01;31:*.gz=01;31:*.lrz=01;31:*.lz=01;31:*.lzo=01;31:*.xz=01;31:*.zst=01;31:*.tzst=01;31:*.bz2=01;31:*.bz=01;31:*.tbz=01;31:*.tbz2=01;31:*.tz=01;31:*.deb=01;31:*.rpm=01;31:*.jar=01;31:*.war=01;31:*.ear=01;31:*.sar=01;31:*.rar=01;31:*.alz=01;31:*.ace=01;31:*.zoo=01;31:*.cpio=01;31:*.7z=01;31:*.rz=01;31:*.cab=01;31:*.wim=01;31:*.swm=01;31:*.dwm=01;31:*.esd=01;31:*.jpg=01;35:*.jpeg=01;35:*.mjpg=01;35:*.mjpeg=01;35:*.gif=01;35:*.bmp=01;35:*.pbm=01;35:*.pgm=01;35:*.ppm=01;35:*.tga=01;35:*.xbm=01;35:*.xpm=01;35:*.tif=01;35:*.tiff=01;35:*.png=01;35:*.svg=01;35:*.svgz=01;35:*.mng=01;35:*.pcx=01;35:*.mov=01;35:*.mpg=01;35:*.mpeg=01;35:*.m2v=01;35:*.mkv=01;35:*.webm=01;35:*.webp=01;35:*.ogm=01;35:*.mp4=01;35:*.m4v=01;35:*.mp4v=01;35:*.vob=01;35:*.qt=01;35:*.nuv=01;35:*.wmv=01;35:*.asf=01;35:*.rm=01;35:*.rmvb=01;35:*.flc=01;35:*.avi=01;35:*.fli=01;35:*.flv=01;35:*.gl=01;35:*.dl=01;35:*.xcf=01;35:*.xwd=01;35:*.yuv=01;35:*.cgm=01;35:*.emf=01;35:*.ogv=01;35:*.ogx=01;35:*.aac=00;36:*.au=00;36:*.flac=00;36:*.m4a=00;36:*.mid=00;36:*.midi=00;36:*.mka=00;36:*.mp3=00;36:*.mpc=00;36:*.ogg=00;36:*.ra=00;36:*.wav=00;36:*.oga=00;36:*.opus=00;36:*.spx=00;36:*.xspf=00;36:'), ('VSCODE_GIT_IPC_HANDLE', '/run/user/1000/vscode-git-d7f963ad87.sock'), ('TERM_PROGRAM', 'vscode'), ('AMENT_PREFIX_PATH', '/home/maanavjugalshah/SwarmAero/ros2_ws/install/swarm_ekf:/home/maanavjugalshah/SwarmAero/ros2_ws/install/px4_msgs:/home/maanavjugalshah/swarm_ws/install/swarm_control:/home/maanavjugalshah/swarm_ws/install/px4_msgs:/opt/ros/humble'), ('SHELL', '/bin/bash'), ('LESSCLOSE', '/usr/bin/lesspipe %s %s'), ('VSCODE_GIT_ASKPASS_EXTRA_ARGS', ''), ('PWD', '/home/maanavjugalshah/SwarmAero/ros2_ws/build/px4_msgs'), ('XDG_DATA_DIRS', '/usr/local/share:/usr/share:/var/lib/snapd/desktop'), ('PYTHONPATH', '/home/maanavjugalshah/SwarmAero/ros2_ws/build/swarm_ekf:/home/maanavjugalshah/SwarmAero/ros2_ws/install/swarm_ekf/lib/python3.10/site-packages:/home/maanavjugalshah/SwarmAero/ros2_ws/install/px4_msgs/local/lib/python3.10/dist-packages:/home/maanavjugalshah/swarm_ws/install/px4_msgs/local/lib/python3.10/dist-packages:/opt/ros/humble/lib/python3.10/site-packages:/opt/ros/humble/local/lib/python3.10/dist-packages'), ('COLCON', '1'), ('WSL2_GUI_APPS_ENABLED', '1'), ('HOSTTYPE', 'x86_64'), ('CMAKE_PREFIX_PATH', '/home/maanavjugalshah/SwarmAero/ros2_ws/install/px4_msgs:/home/maanavjugalshah/swarm_ws/install/swarm_control:/home/maanavjugalshah/swarm_ws/install/px4_msgs:/home/maanavjugalshah/SwarmAero/ros2_ws/install/swarm_ekf:/opt/ros/humble'), ('WSLENV', 'VSCODE_WSL_EXT_LOCATION/up:VSCODE_SERVER_TAR/up')]), 'shell': False}
[0.098880] (-) TimerEvent: {}
[0.199369] (-) TimerEvent: {}
[0.300301] (-) TimerEvent: {}
[0.400784] (-) TimerEvent: {}
[0.501199] (-) TimerEvent: {}
[0.601538] (-) TimerEvent: {}
[0.702001] (-) TimerEvent: {}
[0.753857] (px4_msgs) StdoutLine: {'line': b'[  1%] Built target px4_msgs__rs\n'}
[0.758258] (px4_msgs) StdoutLine: {'line': b'[  1%] Built target ament_cmake_python_symlink_px4_msgs\n'}
[0.793399] (px4_msgs) StdoutLine: {'line': b'[  1%] Built target px4_msgs__cpp\n'}
[0.802161] (-) TimerEvent: {}
[0.826558] (px4_msgs) StdoutLine: {'line': b'[ 13%] Built target px4_msgs__rosidl_generator_c\n'}
[0.891318] (px4_msgs) StdoutLine: {'line': b'[ 26%] Built target px4_msgs__rosidl_typesupport_c\n'}
[0.902328] (-) TimerEvent: {}
[0.918218] (px4_msgs) StdoutLine: {'line': b'[ 39%] Built target px4_msgs__rosidl_typesupport_introspection_c\n'}
[0.922085] (px4_msgs) StdoutLine: {'line': b'[ 51%] Built target px4_msgs__rosidl_typesupport_cpp\n'}
[0.934646] (px4_msgs) StdoutLine: {'line': b'[ 63%] Built target px4_msgs__rosidl_typesupport_introspection_cpp\n'}
[0.955817] (px4_msgs) StdoutLine: {'line': b'[ 75%] Built target px4_msgs__rosidl_typesupport_fastrtps_cpp\n'}
[0.965183] (px4_msgs) StdoutLine: {'line': b'[ 88%] Built target px4_msgs__rosidl_typesupport_fastrtps_c\n'}
[0.984111] (px4_msgs) StdoutLine: {'line': b'[ 88%] Built target px4_msgs\n'}
[1.002424] (-) TimerEvent: {}
[1.008515] (px4_msgs) StdoutLine: {'line': b'running egg_info\n'}
[1.009477] (px4_msgs) StdoutLine: {'line': b'writing px4_msgs.egg-info/PKG-INFO\n'}
[1.009886] (px4_msgs) StdoutLine: {'line': b'writing dependency_links to px4_msgs.egg-info/dependency_links.txt\n'}
[1.009964] (px4_msgs) StdoutLine: {'line': b'writing top-level names to px4_msgs.egg-info/top_level.txt\n'}
[1.013070] (px4_msgs) StdoutLine: {'line': b'[ 88%] Built target px4_msgs__py\n'}
[1.018163] (px4_msgs) StdoutLine: {'line': b"reading manifest file 'px4_msgs.egg-info/SOURCES.txt'\n"}
[1.023534] (px4_msgs) StdoutLine: {'line': b"writing manifest file 'px4_msgs.egg-info/SOURCES.txt'\n"}
[1.060672] (px4_msgs) StdoutLine: {'line': b'[ 88%] Built target ament_cmake_python_build_px4_msgs_egg\n'}
[1.102659] (-) TimerEvent: {}
[1.138753] (px4_msgs) StdoutLine: {'line': b'[100%] Built target px4_msgs__rosidl_generator_py\n'}
[1.170137] (px4_msgs) StdoutLine: {'line': b'[100%] Built target px4_msgs__rosidl_typesupport_c__pyext\n'}
[1.170329] (px4_msgs) StdoutLine: {'line': b'[100%] Built target px4_msgs__rosidl_typesupport_fastrtps_c__pyext\n'}
[1.170682] (px4_msgs) StdoutLine: {'line': b'[100%] Built target px4_msgs__rosidl_typesupport_introspection_c__pyext\n'}
[1.183483] (px4_msgs) CommandEnded: {'returncode': 0}
[1.184635] (px4_msgs) JobProgress: {'identifier': 'px4_msgs', 'progress': 'install'}
[1.192227] (px4_msgs) Command: {'cmd': ['/usr/bin/cmake', '--install', '/home/maanavjugalshah/SwarmAero/ros2_ws/build/px4_msgs'], 'cwd': '/home/maanavjugalshah/SwarmAero/ros2_ws/build/px4_msgs', 'env': OrderedDict([('LESSOPEN', '| /usr/bin/lesspipe %s'), ('USER', 'maanavjugalshah'), ('GIT_ASKPASS', '/home/maanavjugalshah/.vscode-server/bin/f6cfa2ea2403534de03f069bdf160d06451ed282/extensions/git/dist/askpass.sh'), ('SHLVL', '1'), ('LD_LIBRARY_PATH', '/home/maanavjugalshah/SwarmAero/ros2_ws/install/px4_msgs/lib:/home/maanavjugalshah/swarm_ws/install/px4_msgs/lib:/opt/ros/humble/opt/rviz_ogre_vendor/lib:/opt/ros/humble/lib/x86_64-linux-gnu:/opt/ros/humble/lib'), ('MOTD_SHOWN', 'update-motd'), ('HOME', '/home/maanavjugalshah'), ('OLDPWD', '/home/maanavjugalshah/SwarmAero/ros2_ws'), ('TERM_PROGRAM_VERSION', '1.121.0'), ('VSCODE_IPC_HOOK_CLI', '/run/user/1000/vscode-ipc-aa55078d-f270-4c09-85e7-64291e9d3075.sock'), ('ROS_PYTHON_VERSION', '3'), ('VSCODE_GIT_ASKPASS_MAIN', '/home/maanavjugalshah/.vscode-server/bin/f6cfa2ea2403534de03f069bdf160d06451ed282/extensions/git/dist/askpass-main.js'), ('VSCODE_GIT_ASKPASS_NODE', '/home/maanavjugalshah/.vscode-server/bin/f6cfa2ea2403534de03f069bdf160d06451ed282/node'), ('VSCODE_PYTHON_AUTOACTIVATE_GUARD', '1'), ('DBUS_SESSION_BUS_ADDRESS', 'unix:path=/run/user/1000/bus'), ('COLORTERM', 'truecolor'), ('WSL_DISTRO_NAME', 'Ubuntu-22.04'), ('WAYLAND_DISPLAY', 'wayland-0'), ('COLCON_PREFIX_PATH', '/home/maanavjugalshah/SwarmAero/ros2_ws/install:/home/maanavjugalshah/swarm_ws/install'), ('ROS_DISTRO', 'humble'), ('LOGNAME', 'maanavjugalshah'), ('NAME', 'MaanavXPS13Plus'), ('WSL_INTEROP', '/run/WSL/436_interop'), ('PULSE_SERVER', 'unix:/mnt/wslg/PulseServer'), ('_', '/usr/bin/colcon'), ('ROS_VERSION', '2'), ('TERM', 'xterm-256color'), ('ROS_LOCALHOST_ONLY', '0'), ('PATH', '/home/maanavjugalshah/.vscode-server/data/User/globalStorage/github.copilot-chat/debugCommand:/home/maanavjugalshah/.vscode-server/data/User/globalStorage/github.copilot-chat/copilotCli:/home/maanavjugalshah/.vscode-server/bin/f6cfa2ea2403534de03f069bdf160d06451ed282/bin/remote-cli:/home/maanavjugalshah/.local/bin:/opt/ros/humble/bin:/usr/local/sbin:/usr/local/bin:/usr/sbin:/usr/bin:/sbin:/bin:/usr/games:/usr/local/games:/usr/lib/wsl/lib:/mnt/c/WINDOWS/system32:/mnt/c/WINDOWS:/mnt/c/WINDOWS/System32/Wbem:/mnt/c/WINDOWS/System32/WindowsPowerShell/v1.0/:/mnt/c/WINDOWS/System32/OpenSSH/:/mnt/c/Program Files/dotnet/:/mnt/c/Program Files/Docker/Docker/resources/bin:/mnt/c/Program Files/MATLAB/R2025b/runtime/win64:/mnt/c/Program Files/MATLAB/R2025b/bin:/mnt/c/Program Files/MATLAB/R2024b/bin:/mnt/c/Program Files/Git/cmd:/mnt/c/Program Files/CMake/bin:/mnt/c/ProgramData/chocolatey/bin:/mnt/c/Program Files/7-Zip:/mnt/c/Program Files/Tailscale/:/mnt/c/Users/maana/AppData/Local/Programs/Python/Launcher/:/mnt/c/Users/maana/AppData/Local/Microsoft/WindowsApps:/mnt/c/Users/maana/AppData/Local/Programs/Microsoft VS Code/bin:/mnt/c/Users/maana/AppData/Local/Microsoft/WinGet/Packages/Ninja-build.Ninja_Microsoft.Winget.Source_8wekyb3d8bbwe:/mnt/c/Users/maana/AppData/Local/Microsoft/WinGet/Packages/oss-winget.gperf_Microsoft.Winget.Source_8wekyb3d8bbwe:/mnt/c/Users/maana/AppData/Local/Microsoft/WinGet/Packages/oss-winget.dtc_Microsoft.Winget.Source_8wekyb3d8bbwe/usr/bin:/mnt/c/Users/maana/AppData/Local/Microsoft/WinGet/Packages/JernejSimoncic.Wget_Microsoft.Winget.Source_8wekyb3d8bbwe:/snap/bin:/opt/xtensa-esp-elf/bin/:/opt/xtensa-esp-elf/bin/:/opt/xtensa-esp-elf/bin/:/opt/xtensa-esp-elf/bin/:/opt/xtensa-esp-elf/bin/:/opt/xtensa-esp-elf/bin/:/opt/xtensa-esp-elf/bin/'), ('XDG_RUNTIME_DIR', '/run/user/1000'), ('DISPLAY', ':0'), ('LANG', 'en_US.UTF-8'), ('RMW_IMPLEMENTATION', 'rmw_cyclonedds_cpp'), ('LS_COLORS', 'rs=0:di=01;34:ln=01;36:mh=00:pi=40;33:so=01;35:do=01;35:bd=40;33;01:cd=40;33;01:or=40;31;01:mi=00:su=37;41:sg=30;43:ca=30;41:tw=30;42:ow=34;42:st=37;44:ex=01;32:*.tar=01;31:*.tgz=01;31:*.arc=01;31:*.arj=01;31:*.taz=01;31:*.lha=01;31:*.lz4=01;31:*.lzh=01;31:*.lzma=01;31:*.tlz=01;31:*.txz=01;31:*.tzo=01;31:*.t7z=01;31:*.zip=01;31:*.z=01;31:*.dz=01;31:*.gz=01;31:*.lrz=01;31:*.lz=01;31:*.lzo=01;31:*.xz=01;31:*.zst=01;31:*.tzst=01;31:*.bz2=01;31:*.bz=01;31:*.tbz=01;31:*.tbz2=01;31:*.tz=01;31:*.deb=01;31:*.rpm=01;31:*.jar=01;31:*.war=01;31:*.ear=01;31:*.sar=01;31:*.rar=01;31:*.alz=01;31:*.ace=01;31:*.zoo=01;31:*.cpio=01;31:*.7z=01;31:*.rz=01;31:*.cab=01;31:*.wim=01;31:*.swm=01;31:*.dwm=01;31:*.esd=01;31:*.jpg=01;35:*.jpeg=01;35:*.mjpg=01;35:*.mjpeg=01;35:*.gif=01;35:*.bmp=01;35:*.pbm=01;35:*.pgm=01;35:*.ppm=01;35:*.tga=01;35:*.xbm=01;35:*.xpm=01;35:*.tif=01;35:*.tiff=01;35:*.png=01;35:*.svg=01;35:*.svgz=01;35:*.mng=01;35:*.pcx=01;35:*.mov=01;35:*.mpg=01;35:*.mpeg=01;35:*.m2v=01;35:*.mkv=01;35:*.webm=01;35:*.webp=01;35:*.ogm=01;35:*.mp4=01;35:*.m4v=01;35:*.mp4v=01;35:*.vob=01;35:*.qt=01;35:*.nuv=01;35:*.wmv=01;35:*.asf=01;35:*.rm=01;35:*.rmvb=01;35:*.flc=01;35:*.avi=01;35:*.fli=01;35:*.flv=01;35:*.gl=01;35:*.dl=01;35:*.xcf=01;35:*.xwd=01;35:*.yuv=01;35:*.cgm=01;35:*.emf=01;35:*.ogv=01;35:*.ogx=01;35:*.aac=00;36:*.au=00;36:*.flac=00;36:*.m4a=00;36:*.mid=00;36:*.midi=00;36:*.mka=00;36:*.mp3=00;36:*.mpc=00;36:*.ogg=00;36:*.ra=00;36:*.wav=00;36:*.oga=00;36:*.opus=00;36:*.spx=00;36:*.xspf=00;36:'), ('VSCODE_GIT_IPC_HANDLE', '/run/user/1000/vscode-git-d7f963ad87.sock'), ('TERM_PROGRAM', 'vscode'), ('AMENT_PREFIX_PATH', '/home/maanavjugalshah/SwarmAero/ros2_ws/install/swarm_ekf:/home/maanavjugalshah/SwarmAero/ros2_ws/install/px4_msgs:/home/maanavjugalshah/swarm_ws/install/swarm_control:/home/maanavjugalshah/swarm_ws/install/px4_msgs:/opt/ros/humble'), ('SHELL', '/bin/bash'), ('LESSCLOSE', '/usr/bin/lesspipe %s %s'), ('VSCODE_GIT_ASKPASS_EXTRA_ARGS', ''), ('PWD', '/home/maanavjugalshah/SwarmAero/ros2_ws/build/px4_msgs'), ('XDG_DATA_DIRS', '/usr/local/share:/usr/share:/var/lib/snapd/desktop'), ('PYTHONPATH', '/home/maanavjugalshah/SwarmAero/ros2_ws/build/swarm_ekf:/home/maanavjugalshah/SwarmAero/ros2_ws/install/swarm_ekf/lib/python3.10/site-packages:/home/maanavjugalshah/SwarmAero/ros2_ws/install/px4_msgs/local/lib/python3.10/dist-packages:/home/maanavjugalshah/swarm_ws/install/px4_msgs/local/lib/python3.10/dist-packages:/opt/ros/humble/lib/python3.10/site-packages:/opt/ros/humble/local/lib/python3.10/dist-packages'), ('COLCON', '1'), ('WSL2_GUI_APPS_ENABLED', '1'), ('HOSTTYPE', 'x86_64'), ('CMAKE_PREFIX_PATH', '/home/maanavjugalshah/SwarmAero/ros2_ws/install/px4_msgs:/home/maanavjugalshah/swarm_ws/install/swarm_control:/home/maanavjugalshah/swarm_ws/install/px4_msgs:/home/maanavjugalshah/SwarmAero/ros2_ws/install/swarm_ekf:/opt/ros/humble'), ('WSLENV', 'VSCODE_WSL_EXT_LOCATION/up:VSCODE_SERVER_TAR/up')]), 'shell': False}
[1.199468] (px4_msgs) StdoutLine: {'line': b'-- Install configuration: ""\n'}
[1.202341] (px4_msgs) StdoutLine: {'line': b'-- Execute custom install script\n'}
[1.202751] (-) TimerEvent: {}
[1.202974] (px4_msgs) StdoutLine: {'line': b'-- Up-to-date symlink: /home/maanavjugalshah/SwarmAero/ros2_ws/install/px4_msgs/share/ament_index/resource_index/rosidl_interfaces/px4_msgs\n'}
[1.209753] (px4_msgs) StdoutLine: {'line': b'-- Up-to-date symlink: /home/maanavjugalshah/SwarmAero/ros2_ws/install/px4_msgs/include/px4_msgs/px4_msgs/msg/action_request.h\n'}
[1.210357] (px4_msgs) StdoutLine: {'line': b'-- Up-to-date symlink: /home/maanavjugalshah/SwarmAero/ros2_ws/install/px4_msgs/include/px4_msgs/px4_msgs/msg/actuator_armed.h\n'}
[1.210653] (px4_msgs) StdoutLine: {'line': b'-- Up-to-date symlink: /home/maanavjugalshah/SwarmAero/ros2_ws/install/px4_msgs/include/px4_msgs/px4_msgs/msg/actuator_controls_status.h\n'}
[1.211394] (px4_msgs) StdoutLine: {'line': b'-- Up-to-date symlink: /home/maanavjugalshah/SwarmAero/ros2_ws/install/px4_msgs/include/px4_msgs/px4_msgs/msg/actuator_motors.h\n'}
[1.211992] (px4_msgs) StdoutLine: {'line': b'-- Up-to-date symlink: /home/maanavjugalshah/SwarmAero/ros2_ws/install/px4_msgs/include/px4_msgs/px4_msgs/msg/actuator_outputs.h\n'}
[1.212666] (px4_msgs) StdoutLine: {'line': b'-- Up-to-date symlink: /home/maanavjugalshah/SwarmAero/ros2_ws/install/px4_msgs/include/px4_msgs/px4_msgs/msg/actuator_servos.h\n'}
[1.213411] (px4_msgs) StdoutLine: {'line': b'-- Up-to-date symlink: /home/maanavjugalshah/SwarmAero/ros2_ws/install/px4_msgs/include/px4_msgs/px4_msgs/msg/actuator_servos_trim.h\n'}
[1.213698] (px4_msgs) StdoutLine: {'line': b'-- Up-to-date symlink: /home/maanavjugalshah/SwarmAero/ros2_ws/install/px4_msgs/include/px4_msgs/px4_msgs/msg/actuator_test.h\n'}
[1.214461] (px4_msgs) StdoutLine: {'line': b'-- Up-to-date symlink: /home/maanavjugalshah/SwarmAero/ros2_ws/install/px4_msgs/include/px4_msgs/px4_msgs/msg/adc_report.h\n'}
[1.215017] (px4_msgs) StdoutLine: {'line': b'-- Up-to-date symlink: /home/maanavjugalshah/SwarmAero/ros2_ws/install/px4_msgs/include/px4_msgs/px4_msgs/msg/airspeed.h\n'}
[1.215155] (px4_msgs) StdoutLine: {'line': b'-- Up-to-date symlink: /home/maanavjugalshah/SwarmAero/ros2_ws/install/px4_msgs/include/px4_msgs/px4_msgs/msg/airspeed_validated.h\n'}
[1.215247] (px4_msgs) StdoutLine: {'line': b'-- Up-to-date symlink: /home/maanavjugalshah/SwarmAero/ros2_ws/install/px4_msgs/include/px4_msgs/px4_msgs/msg/airspeed_wind.h\n'}
[1.215353] (px4_msgs) StdoutLine: {'line': b'-- Up-to-date symlink: /home/maanavjugalshah/SwarmAero/ros2_ws/install/px4_msgs/include/px4_msgs/px4_msgs/msg/arming_check_reply.h\n'}
[1.215516] (px4_msgs) StdoutLine: {'line': b'-- Up-to-date symlink: /home/maanavjugalshah/SwarmAero/ros2_ws/install/px4_msgs/include/px4_msgs/px4_msgs/msg/arming_check_request.h\n'}
[1.217269] (px4_msgs) StdoutLine: {'line': b'-- Up-to-date symlink: /home/maanavjugalshah/SwarmAero/ros2_ws/install/px4_msgs/include/px4_msgs/px4_msgs/msg/autotune_attitude_control_status.h\n'}
[1.218022] (px4_msgs) StdoutLine: {'line': b'-- Up-to-date symlink: /home/maanavjugalshah/SwarmAero/ros2_ws/install/px4_msgs/include/px4_msgs/px4_msgs/msg/aux_global_position.h\n'}
[1.218745] (px4_msgs) StdoutLine: {'line': b'-- Up-to-date symlink: /home/maanavjugalshah/SwarmAero/ros2_ws/install/px4_msgs/include/px4_msgs/px4_msgs/msg/battery_info.h\n'}
[1.218947] (px4_msgs) StdoutLine: {'line': b'-- Up-to-date symlink: /home/maanavjugalshah/SwarmAero/ros2_ws/install/px4_msgs/include/px4_msgs/px4_msgs/msg/battery_status.h\n'}
[1.219290] (px4_msgs) StdoutLine: {'line': b'-- Up-to-date symlink: /home/maanavjugalshah/SwarmAero/ros2_ws/install/px4_msgs/include/px4_msgs/px4_msgs/msg/button_event.h\n'}
[1.220161] (px4_msgs) StdoutLine: {'line': b'-- Up-to-date symlink: /home/maanavjugalshah/SwarmAero/ros2_ws/install/px4_msgs/include/px4_msgs/px4_msgs/msg/camera_capture.h\n'}
[1.220867] (px4_msgs) StdoutLine: {'line': b'-- Up-to-date symlink: /home/maanavjugalshah/SwarmAero/ros2_ws/install/px4_msgs/include/px4_msgs/px4_msgs/msg/camera_status.h\n'}
[1.221979] (px4_msgs) StdoutLine: {'line': b'-- Up-to-date symlink: /home/maanavjugalshah/SwarmAero/ros2_ws/install/px4_msgs/include/px4_msgs/px4_msgs/msg/camera_trigger.h\n'}
[1.223165] (px4_msgs) StdoutLine: {'line': b'-- Up-to-date symlink: /home/maanavjugalshah/SwarmAero/ros2_ws/install/px4_msgs/include/px4_msgs/px4_msgs/msg/can_interface_status.h\n'}
[1.224913] (px4_msgs) StdoutLine: {'line': b'-- Up-to-date symlink: /home/maanavjugalshah/SwarmAero/ros2_ws/install/px4_msgs/include/px4_msgs/px4_msgs/msg/cellular_status.h\n'}
[1.225151] (px4_msgs) StdoutLine: {'line': b'-- Up-to-date symlink: /home/maanavjugalshah/SwarmAero/ros2_ws/install/px4_msgs/include/px4_msgs/px4_msgs/msg/collision_constraints.h\n'}
[1.225989] (px4_msgs) StdoutLine: {'line': b'-- Up-to-date symlink: /home/maanavjugalshah/SwarmAero/ros2_ws/install/px4_msgs/include/px4_msgs/px4_msgs/msg/config_overrides.h\n'}
[1.226312] (px4_msgs) StdoutLine: {'line': b'-- Up-to-date symlink: /home/maanavjugalshah/SwarmAero/ros2_ws/install/px4_msgs/include/px4_msgs/px4_msgs/msg/control_allocator_status.h\n'}
[1.226925] (px4_msgs) StdoutLine: {'line': b'-- Up-to-date symlink: /home/maanavjugalshah/SwarmAero/ros2_ws/install/px4_msgs/include/px4_msgs/px4_msgs/msg/cpuload.h\n'}
[1.227679] (px4_msgs) StdoutLine: {'line': b'-- Up-to-date symlink: /home/maanavjugalshah/SwarmAero/ros2_ws/install/px4_msgs/include/px4_msgs/px4_msgs/msg/dataman_request.h\n'}
[1.228171] (px4_msgs) StdoutLine: {'line': b'-- Up-to-date symlink: /home/maanavjugalshah/SwarmAero/ros2_ws/install/px4_msgs/include/px4_msgs/px4_msgs/msg/dataman_response.h\n'}
[1.228471] (px4_msgs) StdoutLine: {'line': b'-- Up-to-date symlink: /home/maanavjugalshah/SwarmAero/ros2_ws/install/px4_msgs/include/px4_msgs/px4_msgs/msg/debug_array.h\n'}
[1.229206] (px4_msgs) StdoutLine: {'line': b'-- Up-to-date symlink: /home/maanavjugalshah/SwarmAero/ros2_ws/install/px4_msgs/include/px4_msgs/px4_msgs/msg/debug_key_value.h\n'}
[1.229828] (px4_msgs) StdoutLine: {'line': b'-- Up-to-date symlink: /home/maanavjugalshah/SwarmAero/ros2_ws/install/px4_msgs/include/px4_msgs/px4_msgs/msg/debug_value.h\n'}
[1.229962] (px4_msgs) StdoutLine: {'line': b'-- Up-to-date symlink: /home/maanavjugalshah/SwarmAero/ros2_ws/install/px4_msgs/include/px4_msgs/px4_msgs/msg/debug_vect.h\n'}
[1.230047] (px4_msgs) StdoutLine: {'line': b'-- Up-to-date symlink: /home/maanavjugalshah/SwarmAero/ros2_ws/install/px4_msgs/include/px4_msgs/px4_msgs/msg/detail/action_request__functions.h\n'}
[1.230127] (px4_msgs) StdoutLine: {'line': b'-- Up-to-date symlink: /home/maanavjugalshah/SwarmAero/ros2_ws/install/px4_msgs/include/px4_msgs/px4_msgs/msg/detail/action_request__struct.h\n'}
[1.230203] (px4_msgs) StdoutLine: {'line': b'-- Up-to-date symlink: /home/maanavjugalshah/SwarmAero/ros2_ws/install/px4_msgs/include/px4_msgs/px4_msgs/msg/detail/action_request__type_support.h\n'}
[1.230278] (px4_msgs) StdoutLine: {'line': b'-- Up-to-date symlink: /home/maanavjugalshah/SwarmAero/ros2_ws/install/px4_msgs/include/px4_msgs/px4_msgs/msg/detail/actuator_armed__functions.h\n'}
[1.230356] (px4_msgs) StdoutLine: {'line': b'-- Up-to-date symlink: /home/maanavjugalshah/SwarmAero/ros2_ws/install/px4_msgs/include/px4_msgs/px4_msgs/msg/detail/actuator_armed__struct.h\n'}
[1.230426] (px4_msgs) StdoutLine: {'line': b'-- Up-to-date symlink: /home/maanavjugalshah/SwarmAero/ros2_ws/install/px4_msgs/include/px4_msgs/px4_msgs/msg/detail/actuator_armed__type_support.h\n'}
[1.230497] (px4_msgs) StdoutLine: {'line': b'-- Up-to-date symlink: /home/maanavjugalshah/SwarmAero/ros2_ws/install/px4_msgs/include/px4_msgs/px4_msgs/msg/detail/actuator_controls_status__functions.h\n'}
[1.230590] (px4_msgs) StdoutLine: {'line': b'-- Up-to-date symlink: /home/maanavjugalshah/SwarmAero/ros2_ws/install/px4_msgs/include/px4_msgs/px4_msgs/msg/detail/actuator_controls_status__struct.h\n'}
[1.230669] (px4_msgs) StdoutLine: {'line': b'-- Up-to-date symlink: /home/maanavjugalshah/SwarmAero/ros2_ws/install/px4_msgs/include/px4_msgs/px4_msgs/msg/detail/actuator_controls_status__type_support.h\n'}
[1.230887] (px4_msgs) StdoutLine: {'line': b'-- Up-to-date symlink: /home/maanavjugalshah/SwarmAero/ros2_ws/install/px4_msgs/include/px4_msgs/px4_msgs/msg/detail/actuator_motors__functions.h\n'}
[1.230994] (px4_msgs) StdoutLine: {'line': b'-- Up-to-date symlink: /home/maanavjugalshah/SwarmAero/ros2_ws/install/px4_msgs/include/px4_msgs/px4_msgs/msg/detail/actuator_motors__struct.h\n'}
[1.231119] (px4_msgs) StdoutLine: {'line': b'-- Up-to-date symlink: /home/maanavjugalshah/SwarmAero/ros2_ws/install/px4_msgs/include/px4_msgs/px4_msgs/msg/detail/actuator_motors__type_support.h\n'}
[1.231203] (px4_msgs) StdoutLine: {'line': b'-- Up-to-date symlink: /home/maanavjugalshah/SwarmAero/ros2_ws/install/px4_msgs/include/px4_msgs/px4_msgs/msg/detail/actuator_outputs__functions.h\n'}
[1.231280] (px4_msgs) StdoutLine: {'line': b'-- Up-to-date symlink: /home/maanavjugalshah/SwarmAero/ros2_ws/install/px4_msgs/include/px4_msgs/px4_msgs/msg/detail/actuator_outputs__struct.h\n'}
[1.231661] (px4_msgs) StdoutLine: {'line': b'-- Up-to-date symlink: /home/maanavjugalshah/SwarmAero/ros2_ws/install/px4_msgs/include/px4_msgs/px4_msgs/msg/detail/actuator_outputs__type_support.h\n'}
[1.232200] (px4_msgs) StdoutLine: {'line': b'-- Up-to-date symlink: /home/maanavjugalshah/SwarmAero/ros2_ws/install/px4_msgs/include/px4_msgs/px4_msgs/msg/detail/actuator_servos__functions.h\n'}
[1.232872] (px4_msgs) StdoutLine: {'line': b'-- Up-to-date symlink: /home/maanavjugalshah/SwarmAero/ros2_ws/install/px4_msgs/include/px4_msgs/px4_msgs/msg/detail/actuator_servos__struct.h\n'}
[1.233147] (px4_msgs) StdoutLine: {'line': b'-- Up-to-date symlink: /home/maanavjugalshah/SwarmAero/ros2_ws/install/px4_msgs/include/px4_msgs/px4_msgs/msg/detail/actuator_servos__type_support.h\n'}
[1.233243] (px4_msgs) StdoutLine: {'line': b'-- Up-to-date symlink: /home/maanavjugalshah/SwarmAero/ros2_ws/install/px4_msgs/include/px4_msgs/px4_msgs/msg/detail/actuator_servos_trim__functions.h\n'}
[1.234111] (px4_msgs) StdoutLine: {'line': b'-- Up-to-date symlink: /home/maanavjugalshah/SwarmAero/ros2_ws/install/px4_msgs/include/px4_msgs/px4_msgs/msg/detail/actuator_servos_trim__struct.h\n'}
[1.235349] (px4_msgs) StdoutLine: {'line': b'-- Up-to-date symlink: /home/maanavjugalshah/SwarmAero/ros2_ws/install/px4_msgs/include/px4_msgs/px4_msgs/msg/detail/actuator_servos_trim__type_support.h\n'}
[1.236229] (px4_msgs) StdoutLine: {'line': b'-- Up-to-date symlink: /home/maanavjugalshah/SwarmAero/ros2_ws/install/px4_msgs/include/px4_msgs/px4_msgs/msg/detail/actuator_test__functions.h\n'}
[1.236932] (px4_msgs) StdoutLine: {'line': b'-- Up-to-date symlink: /home/maanavjugalshah/SwarmAero/ros2_ws/install/px4_msgs/include/px4_msgs/px4_msgs/msg/detail/actuator_test__struct.h\n'}
[1.237185] (px4_msgs) StdoutLine: {'line': b'-- Up-to-date symlink: /home/maanavjugalshah/SwarmAero/ros2_ws/install/px4_msgs/include/px4_msgs/px4_msgs/msg/detail/actuator_test__type_support.h\n'}
[1.237866] (px4_msgs) StdoutLine: {'line': b'-- Up-to-date symlink: /home/maanavjugalshah/SwarmAero/ros2_ws/install/px4_msgs/include/px4_msgs/px4_msgs/msg/detail/adc_report__functions.h\n'}
[1.238065] (px4_msgs) StdoutLine: {'line': b'-- Up-to-date symlink: /home/maanavjugalshah/SwarmAero/ros2_ws/install/px4_msgs/include/px4_msgs/px4_msgs/msg/detail/adc_report__struct.h\n'}
[1.238235] (px4_msgs) StdoutLine: {'line': b'-- Up-to-date symlink: /home/maanavjugalshah/SwarmAero/ros2_ws/install/px4_msgs/include/px4_msgs/px4_msgs/msg/detail/adc_report__type_support.h\n'}
[1.238508] (px4_msgs) StdoutLine: {'line': b'-- Up-to-date symlink: /home/maanavjugalshah/SwarmAero/ros2_ws/install/px4_msgs/include/px4_msgs/px4_msgs/msg/detail/airspeed__functions.h\n'}
[1.238687] (px4_msgs) StdoutLine: {'line': b'-- Up-to-date symlink: /home/maanavjugalshah/SwarmAero/ros2_ws/install/px4_msgs/include/px4_msgs/px4_msgs/msg/detail/airspeed__struct.h\n'}
[1.239243] (px4_msgs) StdoutLine: {'line': b'-- Up-to-date symlink: /home/maanavjugalshah/SwarmAero/ros2_ws/install/px4_msgs/include/px4_msgs/px4_msgs/msg/detail/airspeed__type_support.h\n'}
[1.239446] (px4_msgs) StdoutLine: {'line': b'-- Up-to-date symlink: /home/maanavjugalshah/SwarmAero/ros2_ws/install/px4_msgs/include/px4_msgs/px4_msgs/msg/detail/airspeed_validated__functions.h\n'}
[1.240393] (px4_msgs) StdoutLine: {'line': b'-- Up-to-date symlink: /home/maanavjugalshah/SwarmAero/ros2_ws/install/px4_msgs/include/px4_msgs/px4_msgs/msg/detail/airspeed_validated__struct.h\n'}
[1.240602] (px4_msgs) StdoutLine: {'line': b'-- Up-to-date symlink: /home/maanavjugalshah/SwarmAero/ros2_ws/install/px4_msgs/include/px4_msgs/px4_msgs/msg/detail/airspeed_validated__type_support.h\n'}
[1.241357] (px4_msgs) StdoutLine: {'line': b'-- Up-to-date symlink: /home/maanavjugalshah/SwarmAero/ros2_ws/install/px4_msgs/include/px4_msgs/px4_msgs/msg/detail/airspeed_wind__functions.h\n'}
[1.241899] (px4_msgs) StdoutLine: {'line': b'-- Up-to-date symlink: /home/maanavjugalshah/SwarmAero/ros2_ws/install/px4_msgs/include/px4_msgs/px4_msgs/msg/detail/airspeed_wind__struct.h\n'}
[1.242238] (px4_msgs) StdoutLine: {'line': b'-- Up-to-date symlink: /home/maanavjugalshah/SwarmAero/ros2_ws/install/px4_msgs/include/px4_msgs/px4_msgs/msg/detail/airspeed_wind__type_support.h\n'}
[1.242320] (px4_msgs) StdoutLine: {'line': b'-- Up-to-date symlink: /home/maanavjugalshah/SwarmAero/ros2_ws/install/px4_msgs/include/px4_msgs/px4_msgs/msg/detail/arming_check_reply__functions.h\n'}
[1.242434] (px4_msgs) StdoutLine: {'line': b'-- Up-to-date symlink: /home/maanavjugalshah/SwarmAero/ros2_ws/install/px4_msgs/include/px4_msgs/px4_msgs/msg/detail/arming_check_reply__struct.h\n'}
[1.242645] (px4_msgs) StdoutLine: {'line': b'-- Up-to-date symlink: /home/maanavjugalshah/SwarmAero/ros2_ws/install/px4_msgs/include/px4_msgs/px4_msgs/msg/detail/arming_check_reply__type_support.h\n'}
[1.242786] (px4_msgs) StdoutLine: {'line': b'-- Up-to-date symlink: /home/maanavjugalshah/SwarmAero/ros2_ws/install/px4_msgs/include/px4_msgs/px4_msgs/msg/detail/arming_check_request__functions.h\n'}
[1.243248] (px4_msgs) StdoutLine: {'line': b'-- Up-to-date symlink: /home/maanavjugalshah/SwarmAero/ros2_ws/install/px4_msgs/include/px4_msgs/px4_msgs/msg/detail/arming_check_request__struct.h\n'}
[1.243510] (px4_msgs) StdoutLine: {'line': b'-- Up-to-date symlink: /home/maanavjugalshah/SwarmAero/ros2_ws/install/px4_msgs/include/px4_msgs/px4_msgs/msg/detail/arming_check_request__type_support.h\n'}
[1.244199] (px4_msgs) StdoutLine: {'line': b'-- Up-to-date symlink: /home/maanavjugalshah/SwarmAero/ros2_ws/install/px4_msgs/include/px4_msgs/px4_msgs/msg/detail/autotune_attitude_control_status__functions.h\n'}
[1.244395] (px4_msgs) StdoutLine: {'line': b'-- Up-to-date symlink: /home/maanavjugalshah/SwarmAero/ros2_ws/install/px4_msgs/include/px4_msgs/px4_msgs/msg/detail/autotune_attitude_control_status__struct.h\n'}
[1.244601] (px4_msgs) StdoutLine: {'line': b'-- Up-to-date symlink: /home/maanavjugalshah/SwarmAero/ros2_ws/install/px4_msgs/include/px4_msgs/px4_msgs/msg/detail/autotune_attitude_control_status__type_support.h\n'}
[1.245522] (px4_msgs) StdoutLine: {'line': b'-- Up-to-date symlink: /home/maanavjugalshah/SwarmAero/ros2_ws/install/px4_msgs/include/px4_msgs/px4_msgs/msg/detail/aux_global_position__functions.h\n'}
[1.246058] (px4_msgs) StdoutLine: {'line': b'-- Up-to-date symlink: /home/maanavjugalshah/SwarmAero/ros2_ws/install/px4_msgs/include/px4_msgs/px4_msgs/msg/detail/aux_global_position__struct.h\n'}
[1.246459] (px4_msgs) StdoutLine: {'line': b'-- Up-to-date symlink: /home/maanavjugalshah/SwarmAero/ros2_ws/install/px4_msgs/include/px4_msgs/px4_msgs/msg/detail/aux_global_position__type_support.h\n'}
[1.246648] (px4_msgs) StdoutLine: {'line': b'-- Up-to-date symlink: /home/maanavjugalshah/SwarmAero/ros2_ws/install/px4_msgs/include/px4_msgs/px4_msgs/msg/detail/battery_info__functions.h\n'}
[1.246932] (px4_msgs) StdoutLine: {'line': b'-- Up-to-date symlink: /home/maanavjugalshah/SwarmAero/ros2_ws/install/px4_msgs/include/px4_msgs/px4_msgs/msg/detail/battery_info__struct.h\n'}
[1.247186] (px4_msgs) StdoutLine: {'line': b'-- Up-to-date symlink: /home/maanavjugalshah/SwarmAero/ros2_ws/install/px4_msgs/include/px4_msgs/px4_msgs/msg/detail/battery_info__type_support.h\n'}
[1.247667] (px4_msgs) StdoutLine: {'line': b'-- Up-to-date symlink: /home/maanavjugalshah/SwarmAero/ros2_ws/install/px4_msgs/include/px4_msgs/px4_msgs/msg/detail/battery_status__functions.h\n'}
[1.247925] (px4_msgs) StdoutLine: {'line': b'-- Up-to-date symlink: /home/maanavjugalshah/SwarmAero/ros2_ws/install/px4_msgs/include/px4_msgs/px4_msgs/msg/detail/battery_status__struct.h\n'}
[1.248045] (px4_msgs) StdoutLine: {'line': b'-- Up-to-date symlink: /home/maanavjugalshah/SwarmAero/ros2_ws/install/px4_msgs/include/px4_msgs/px4_msgs/msg/detail/battery_status__type_support.h\n'}
[1.248322] (px4_msgs) StdoutLine: {'line': b'-- Up-to-date symlink: /home/maanavjugalshah/SwarmAero/ros2_ws/install/px4_msgs/include/px4_msgs/px4_msgs/msg/detail/button_event__functions.h\n'}
[1.248621] (px4_msgs) StdoutLine: {'line': b'-- Up-to-date symlink: /home/maanavjugalshah/SwarmAero/ros2_ws/install/px4_msgs/include/px4_msgs/px4_msgs/msg/detail/button_event__struct.h\n'}
[1.248981] (px4_msgs) StdoutLine: {'line': b'-- Up-to-date symlink: /home/maanavjugalshah/SwarmAero/ros2_ws/install/px4_msgs/include/px4_msgs/px4_msgs/msg/detail/button_event__type_support.h\n'}
[1.249111] (px4_msgs) StdoutLine: {'line': b'-- Up-to-date symlink: /home/maanavjugalshah/SwarmAero/ros2_ws/install/px4_msgs/include/px4_msgs/px4_msgs/msg/detail/camera_capture__functions.h\n'}
[1.249273] (px4_msgs) StdoutLine: {'line': b'-- Up-to-date symlink: /home/maanavjugalshah/SwarmAero/ros2_ws/install/px4_msgs/include/px4_msgs/px4_msgs/msg/detail/camera_capture__struct.h\n'}
[1.249341] (px4_msgs) StdoutLine: {'line': b'-- Up-to-date symlink: /home/maanavjugalshah/SwarmAero/ros2_ws/install/px4_msgs/include/px4_msgs/px4_msgs/msg/detail/camera_capture__type_support.h\n'}
[1.249534] (px4_msgs) StdoutLine: {'line': b'-- Up-to-date symlink: /home/maanavjugalshah/SwarmAero/ros2_ws/install/px4_msgs/include/px4_msgs/px4_msgs/msg/detail/camera_status__functions.h\n'}
[1.249855] (px4_msgs) StdoutLine: {'line': b'-- Up-to-date symlink: /home/maanavjugalshah/SwarmAero/ros2_ws/install/px4_msgs/include/px4_msgs/px4_msgs/msg/detail/camera_status__struct.h\n'}
[1.249915] (px4_msgs) StdoutLine: {'line': b'-- Up-to-date symlink: /home/maanavjugalshah/SwarmAero/ros2_ws/install/px4_msgs/include/px4_msgs/px4_msgs/msg/detail/camera_status__type_support.h\n'}
[1.249983] (px4_msgs) StdoutLine: {'line': b'-- Up-to-date symlink: /home/maanavjugalshah/SwarmAero/ros2_ws/install/px4_msgs/include/px4_msgs/px4_msgs/msg/detail/camera_trigger__functions.h\n'}
[1.250057] (px4_msgs) StdoutLine: {'line': b'-- Up-to-date symlink: /home/maanavjugalshah/SwarmAero/ros2_ws/install/px4_msgs/include/px4_msgs/px4_msgs/msg/detail/camera_trigger__struct.h\n'}
[1.250175] (px4_msgs) StdoutLine: {'line': b'-- Up-to-date symlink: /home/maanavjugalshah/SwarmAero/ros2_ws/install/px4_msgs/include/px4_msgs/px4_msgs/msg/detail/camera_trigger__type_support.h\n'}
[1.250931] (px4_msgs) StdoutLine: {'line': b'-- Up-to-date symlink: /home/maanavjugalshah/SwarmAero/ros2_ws/install/px4_msgs/include/px4_msgs/px4_msgs/msg/detail/can_interface_status__functions.h\n'}
[1.251186] (px4_msgs) StdoutLine: {'line': b'-- Up-to-date symlink: /home/maanavjugalshah/SwarmAero/ros2_ws/install/px4_msgs/include/px4_msgs/px4_msgs/msg/detail/can_interface_status__struct.h\n'}
[1.251323] (px4_msgs) StdoutLine: {'line': b'-- Up-to-date symlink: /home/maanavjugalshah/SwarmAero/ros2_ws/install/px4_msgs/include/px4_msgs/px4_msgs/msg/detail/can_interface_status__type_support.h\n'}
[1.251511] (px4_msgs) StdoutLine: {'line': b'-- Up-to-date symlink: /home/maanavjugalshah/SwarmAero/ros2_ws/install/px4_msgs/include/px4_msgs/px4_msgs/msg/detail/cellular_status__functions.h\n'}
[1.251851] (px4_msgs) StdoutLine: {'line': b'-- Up-to-date symlink: /home/maanavjugalshah/SwarmAero/ros2_ws/install/px4_msgs/include/px4_msgs/px4_msgs/msg/detail/cellular_status__struct.h\n'}
[1.251957] (px4_msgs) StdoutLine: {'line': b'-- Up-to-date symlink: /home/maanavjugalshah/SwarmAero/ros2_ws/install/px4_msgs/include/px4_msgs/px4_msgs/msg/detail/cellular_status__type_support.h\n'}
[1.252119] (px4_msgs) StdoutLine: {'line': b'-- Up-to-date symlink: /home/maanavjugalshah/SwarmAero/ros2_ws/install/px4_msgs/include/px4_msgs/px4_msgs/msg/detail/collision_constraints__functions.h\n'}
[1.252247] (px4_msgs) StdoutLine: {'line': b'-- Up-to-date symlink: /home/maanavjugalshah/SwarmAero/ros2_ws/install/px4_msgs/include/px4_msgs/px4_msgs/msg/detail/collision_constraints__struct.h\n'}
[1.252474] (px4_msgs) StdoutLine: {'line': b'-- Up-to-date symlink: /home/maanavjugalshah/SwarmAero/ros2_ws/install/px4_msgs/include/px4_msgs/px4_msgs/msg/detail/collision_constraints__type_support.h\n'}
[1.252711] (px4_msgs) StdoutLine: {'line': b'-- Up-to-date symlink: /home/maanavjugalshah/SwarmAero/ros2_ws/install/px4_msgs/include/px4_msgs/px4_msgs/msg/detail/config_overrides__functions.h\n'}
[1.252934] (px4_msgs) StdoutLine: {'line': b'-- Up-to-date symlink: /home/maanavjugalshah/SwarmAero/ros2_ws/install/px4_msgs/include/px4_msgs/px4_msgs/msg/detail/config_overrides__struct.h\n'}
[1.253072] (px4_msgs) StdoutLine: {'line': b'-- Up-to-date symlink: /home/maanavjugalshah/SwarmAero/ros2_ws/install/px4_msgs/include/px4_msgs/px4_msgs/msg/detail/config_overrides__type_support.h\n'}
[1.253166] (px4_msgs) StdoutLine: {'line': b'-- Up-to-date symlink: /home/maanavjugalshah/SwarmAero/ros2_ws/install/px4_msgs/include/px4_msgs/px4_msgs/msg/detail/control_allocator_status__functions.h\n'}
[1.253260] (px4_msgs) StdoutLine: {'line': b'-- Up-to-date symlink: /home/maanavjugalshah/SwarmAero/ros2_ws/install/px4_msgs/include/px4_msgs/px4_msgs/msg/detail/control_allocator_status__struct.h\n'}
[1.253465] (px4_msgs) StdoutLine: {'line': b'-- Up-to-date symlink: /home/maanavjugalshah/SwarmAero/ros2_ws/install/px4_msgs/include/px4_msgs/px4_msgs/msg/detail/control_allocator_status__type_support.h\n'}
[1.253833] (px4_msgs) StdoutLine: {'line': b'-- Up-to-date symlink: /home/maanavjugalshah/SwarmAero/ros2_ws/install/px4_msgs/include/px4_msgs/px4_msgs/msg/detail/cpuload__functions.h\n'}
[1.254047] (px4_msgs) StdoutLine: {'line': b'-- Up-to-date symlink: /home/maanavjugalshah/SwarmAero/ros2_ws/install/px4_msgs/include/px4_msgs/px4_msgs/msg/detail/cpuload__struct.h\n'}
[1.254203] (px4_msgs) StdoutLine: {'line': b'-- Up-to-date symlink: /home/maanavjugalshah/SwarmAero/ros2_ws/install/px4_msgs/include/px4_msgs/px4_msgs/msg/detail/cpuload__type_support.h\n'}
[1.254303] (px4_msgs) StdoutLine: {'line': b'-- Up-to-date symlink: /home/maanavjugalshah/SwarmAero/ros2_ws/install/px4_msgs/include/px4_msgs/px4_msgs/msg/detail/dataman_request__functions.h\n'}
[1.254534] (px4_msgs) StdoutLine: {'line': b'-- Up-to-date symlink: /home/maanavjugalshah/SwarmAero/ros2_ws/install/px4_msgs/include/px4_msgs/px4_msgs/msg/detail/dataman_request__struct.h\n'}
[1.254804] (px4_msgs) StdoutLine: {'line': b'-- Up-to-date symlink: /home/maanavjugalshah/SwarmAero/ros2_ws/install/px4_msgs/include/px4_msgs/px4_msgs/msg/detail/dataman_request__type_support.h\n'}
[1.255099] (px4_msgs) StdoutLine: {'line': b'-- Up-to-date symlink: /home/maanavjugalshah/SwarmAero/ros2_ws/install/px4_msgs/include/px4_msgs/px4_msgs/msg/detail/dataman_response__functions.h\n'}
[1.255232] (px4_msgs) StdoutLine: {'line': b'-- Up-to-date symlink: /home/maanavjugalshah/SwarmAero/ros2_ws/install/px4_msgs/include/px4_msgs/px4_msgs/msg/detail/dataman_response__struct.h\n'}
[1.255376] (px4_msgs) StdoutLine: {'line': b'-- Up-to-date symlink: /home/maanavjugalshah/SwarmAero/ros2_ws/install/px4_msgs/include/px4_msgs/px4_msgs/msg/detail/dataman_response__type_support.h\n'}
[1.255544] (px4_msgs) StdoutLine: {'line': b'-- Up-to-date symlink: /home/maanavjugalshah/SwarmAero/ros2_ws/install/px4_msgs/include/px4_msgs/px4_msgs/msg/detail/debug_array__functions.h\n'}
[1.255650] (px4_msgs) StdoutLine: {'line': b'-- Up-to-date symlink: /home/maanavjugalshah/SwarmAero/ros2_ws/install/px4_msgs/include/px4_msgs/px4_msgs/msg/detail/debug_array__struct.h\n'}
[1.255804] (px4_msgs) StdoutLine: {'line': b'-- Up-to-date symlink: /home/maanavjugalshah/SwarmAero/ros2_ws/install/px4_msgs/include/px4_msgs/px4_msgs/msg/detail/debug_array__type_support.h\n'}
[1.255925] (px4_msgs) StdoutLine: {'line': b'-- Up-to-date symlink: /home/maanavjugalshah/SwarmAero/ros2_ws/install/px4_msgs/include/px4_msgs/px4_msgs/msg/detail/debug_key_value__functions.h\n'}
[1.255991] (px4_msgs) StdoutLine: {'line': b'-- Up-to-date symlink: /home/maanavjugalshah/SwarmAero/ros2_ws/install/px4_msgs/include/px4_msgs/px4_msgs/msg/detail/debug_key_value__struct.h\n'}
[1.256272] (px4_msgs) StdoutLine: {'line': b'-- Up-to-date symlink: /home/maanavjugalshah/SwarmAero/ros2_ws/install/px4_msgs/include/px4_msgs/px4_msgs/msg/detail/debug_key_value__type_support.h\n'}
[1.256589] (px4_msgs) StdoutLine: {'line': b'-- Up-to-date symlink: /home/maanavjugalshah/SwarmAero/ros2_ws/install/px4_msgs/include/px4_msgs/px4_msgs/msg/detail/debug_value__functions.h\n'}
[1.256848] (px4_msgs) StdoutLine: {'line': b'-- Up-to-date symlink: /home/maanavjugalshah/SwarmAero/ros2_ws/install/px4_msgs/include/px4_msgs/px4_msgs/msg/detail/debug_value__struct.h\n'}
[1.257009] (px4_msgs) StdoutLine: {'line': b'-- Up-to-date symlink: /home/maanavjugalshah/SwarmAero/ros2_ws/install/px4_msgs/include/px4_msgs/px4_msgs/msg/detail/debug_value__type_support.h\n'}
[1.257384] (px4_msgs) StdoutLine: {'line': b'-- Up-to-date symlink: /home/maanavjugalshah/SwarmAero/ros2_ws/install/px4_msgs/include/px4_msgs/px4_msgs/msg/detail/debug_vect__functions.h\n'}
[1.257486] (px4_msgs) StdoutLine: {'line': b'-- Up-to-date symlink: /home/maanavjugalshah/SwarmAero/ros2_ws/install/px4_msgs/include/px4_msgs/px4_msgs/msg/detail/debug_vect__struct.h\n'}
[1.258033] (px4_msgs) StdoutLine: {'line': b'-- Up-to-date symlink: /home/maanavjugalshah/SwarmAero/ros2_ws/install/px4_msgs/include/px4_msgs/px4_msgs/msg/detail/debug_vect__type_support.h\n'}
[1.258162] (px4_msgs) StdoutLine: {'line': b'-- Up-to-date symlink: /home/maanavjugalshah/SwarmAero/ros2_ws/install/px4_msgs/include/px4_msgs/px4_msgs/msg/detail/device_information__functions.h\n'}
[1.258408] (px4_msgs) StdoutLine: {'line': b'-- Up-to-date symlink: /home/maanavjugalshah/SwarmAero/ros2_ws/install/px4_msgs/include/px4_msgs/px4_msgs/msg/detail/device_information__struct.h\n'}
[1.258467] (px4_msgs) StdoutLine: {'line': b'-- Up-to-date symlink: /home/maanavjugalshah/SwarmAero/ros2_ws/install/px4_msgs/include/px4_msgs/px4_msgs/msg/detail/device_information__type_support.h\n'}
[1.258552] (px4_msgs) StdoutLine: {'line': b'-- Up-to-date symlink: /home/maanavjugalshah/SwarmAero/ros2_ws/install/px4_msgs/include/px4_msgs/px4_msgs/msg/detail/differential_pressure__functions.h\n'}
[1.258687] (px4_msgs) StdoutLine: {'line': b'-- Up-to-date symlink: /home/maanavjugalshah/SwarmAero/ros2_ws/install/px4_msgs/include/px4_msgs/px4_msgs/msg/detail/differential_pressure__struct.h\n'}
[1.258862] (px4_msgs) StdoutLine: {'line': b'-- Up-to-date symlink: /home/maanavjugalshah/SwarmAero/ros2_ws/install/px4_msgs/include/px4_msgs/px4_msgs/msg/detail/differential_pressure__type_support.h\n'}
[1.259159] (px4_msgs) StdoutLine: {'line': b'-- Up-to-date symlink: /home/maanavjugalshah/SwarmAero/ros2_ws/install/px4_msgs/include/px4_msgs/px4_msgs/msg/detail/distance_sensor__functions.h\n'}
[1.259389] (px4_msgs) StdoutLine: {'line': b'-- Up-to-date symlink: /home/maanavjugalshah/SwarmAero/ros2_ws/install/px4_msgs/include/px4_msgs/px4_msgs/msg/detail/distance_sensor__struct.h\n'}
[1.259503] (px4_msgs) StdoutLine: {'line': b'-- Up-to-date symlink: /home/maanavjugalshah/SwarmAero/ros2_ws/install/px4_msgs/include/px4_msgs/px4_msgs/msg/detail/distance_sensor__type_support.h\n'}
[1.259777] (px4_msgs) StdoutLine: {'line': b'-- Up-to-date symlink: /home/maanavjugalshah/SwarmAero/ros2_ws/install/px4_msgs/include/px4_msgs/px4_msgs/msg/detail/distance_sensor_mode_change_request__functions.h\n'}
[1.260061] (px4_msgs) StdoutLine: {'line': b'-- Up-to-date symlink: /home/maanavjugalshah/SwarmAero/ros2_ws/install/px4_msgs/include/px4_msgs/px4_msgs/msg/detail/distance_sensor_mode_change_request__struct.h\n'}
[1.260247] (px4_msgs) StdoutLine: {'line': b'-- Up-to-date symlink: /home/maanavjugalshah/SwarmAero/ros2_ws/install/px4_msgs/include/px4_msgs/px4_msgs/msg/detail/distance_sensor_mode_change_request__type_support.h\n'}
[1.260389] (px4_msgs) StdoutLine: {'line': b'-- Up-to-date symlink: /home/maanavjugalshah/SwarmAero/ros2_ws/install/px4_msgs/include/px4_msgs/px4_msgs/msg/detail/dronecan_node_status__functions.h\n'}
[1.260556] (px4_msgs) StdoutLine: {'line': b'-- Up-to-date symlink: /home/maanavjugalshah/SwarmAero/ros2_ws/install/px4_msgs/include/px4_msgs/px4_msgs/msg/detail/dronecan_node_status__struct.h\n'}
[1.260784] (px4_msgs) StdoutLine: {'line': b'-- Up-to-date symlink: /home/maanavjugalshah/SwarmAero/ros2_ws/install/px4_msgs/include/px4_msgs/px4_msgs/msg/detail/dronecan_node_status__type_support.h\n'}
[1.261036] (px4_msgs) StdoutLine: {'line': b'-- Up-to-date symlink: /home/maanavjugalshah/SwarmAero/ros2_ws/install/px4_msgs/include/px4_msgs/px4_msgs/msg/detail/ekf2_timestamps__functions.h\n'}
[1.261224] (px4_msgs) StdoutLine: {'line': b'-- Up-to-date symlink: /home/maanavjugalshah/SwarmAero/ros2_ws/install/px4_msgs/include/px4_msgs/px4_msgs/msg/detail/ekf2_timestamps__struct.h\n'}
[1.261309] (px4_msgs) StdoutLine: {'line': b'-- Up-to-date symlink: /home/maanavjugalshah/SwarmAero/ros2_ws/install/px4_msgs/include/px4_msgs/px4_msgs/msg/detail/ekf2_timestamps__type_support.h\n'}
[1.261609] (px4_msgs) StdoutLine: {'line': b'-- Up-to-date symlink: /home/maanavjugalshah/SwarmAero/ros2_ws/install/px4_msgs/include/px4_msgs/px4_msgs/msg/detail/esc_eeprom_read__functions.h\n'}
[1.261708] (px4_msgs) StdoutLine: {'line': b'-- Up-to-date symlink: /home/maanavjugalshah/SwarmAero/ros2_ws/install/px4_msgs/include/px4_msgs/px4_msgs/msg/detail/esc_eeprom_read__struct.h\n'}
[1.262129] (px4_msgs) StdoutLine: {'line': b'-- Up-to-date symlink: /home/maanavjugalshah/SwarmAero/ros2_ws/install/px4_msgs/include/px4_msgs/px4_msgs/msg/detail/esc_eeprom_read__type_support.h\n'}
[1.262212] (px4_msgs) StdoutLine: {'line': b'-- Up-to-date symlink: /home/maanavjugalshah/SwarmAero/ros2_ws/install/px4_msgs/include/px4_msgs/px4_msgs/msg/detail/esc_eeprom_write__functions.h\n'}
[1.262517] (px4_msgs) StdoutLine: {'line': b'-- Up-to-date symlink: /home/maanavjugalshah/SwarmAero/ros2_ws/install/px4_msgs/include/px4_msgs/px4_msgs/msg/detail/esc_eeprom_write__struct.h\n'}
[1.262771] (px4_msgs) StdoutLine: {'line': b'-- Up-to-date symlink: /home/maanavjugalshah/SwarmAero/ros2_ws/install/px4_msgs/include/px4_msgs/px4_msgs/msg/detail/esc_eeprom_write__type_support.h\n'}
[1.262862] (px4_msgs) StdoutLine: {'line': b'-- Up-to-date symlink: /home/maanavjugalshah/SwarmAero/ros2_ws/install/px4_msgs/include/px4_msgs/px4_msgs/msg/detail/esc_report__functions.h\n'}
[1.263111] (px4_msgs) StdoutLine: {'line': b'-- Up-to-date symlink: /home/maanavjugalshah/SwarmAero/ros2_ws/install/px4_msgs/include/px4_msgs/px4_msgs/msg/detail/esc_report__struct.h\n'}
[1.263316] (px4_msgs) StdoutLine: {'line': b'-- Up-to-date symlink: /home/maanavjugalshah/SwarmAero/ros2_ws/install/px4_msgs/include/px4_msgs/px4_msgs/msg/detail/esc_report__type_support.h\n'}
[1.263801] (px4_msgs) StdoutLine: {'line': b'-- Up-to-date symlink: /home/maanavjugalshah/SwarmAero/ros2_ws/install/px4_msgs/include/px4_msgs/px4_msgs/msg/detail/esc_status__functions.h\n'}
[1.264253] (px4_msgs) StdoutLine: {'line': b'-- Up-to-date symlink: /home/maanavjugalshah/SwarmAero/ros2_ws/install/px4_msgs/include/px4_msgs/px4_msgs/msg/detail/esc_status__struct.h\n'}
[1.264389] (px4_msgs) StdoutLine: {'line': b'-- Up-to-date symlink: /home/maanavjugalshah/SwarmAero/ros2_ws/install/px4_msgs/include/px4_msgs/px4_msgs/msg/detail/esc_status__type_support.h\n'}
[1.264622] (px4_msgs) StdoutLine: {'line': b'-- Up-to-date symlink: /home/maanavjugalshah/SwarmAero/ros2_ws/install/px4_msgs/include/px4_msgs/px4_msgs/msg/detail/estimator_aid_source1d__functions.h\n'}
[1.264756] (px4_msgs) StdoutLine: {'line': b'-- Up-to-date symlink: /home/maanavjugalshah/SwarmAero/ros2_ws/install/px4_msgs/include/px4_msgs/px4_msgs/msg/detail/estimator_aid_source1d__struct.h\n'}
[1.264873] (px4_msgs) StdoutLine: {'line': b'-- Up-to-date symlink: /home/maanavjugalshah/SwarmAero/ros2_ws/install/px4_msgs/include/px4_msgs/px4_msgs/msg/detail/estimator_aid_source1d__type_support.h\n'}
[1.264989] (px4_msgs) StdoutLine: {'line': b'-- Up-to-date symlink: /home/maanavjugalshah/SwarmAero/ros2_ws/install/px4_msgs/include/px4_msgs/px4_msgs/msg/detail/estimator_aid_source2d__functions.h\n'}
[1.265146] (px4_msgs) StdoutLine: {'line': b'-- Up-to-date symlink: /home/maanavjugalshah/SwarmAero/ros2_ws/install/px4_msgs/include/px4_msgs/px4_msgs/msg/detail/estimator_aid_source2d__struct.h\n'}
[1.265190] (px4_msgs) StdoutLine: {'line': b'-- Up-to-date symlink: /home/maanavjugalshah/SwarmAero/ros2_ws/install/px4_msgs/include/px4_msgs/px4_msgs/msg/detail/estimator_aid_source2d__type_support.h\n'}
[1.265325] (px4_msgs) StdoutLine: {'line': b'-- Up-to-date symlink: /home/maanavjugalshah/SwarmAero/ros2_ws/install/px4_msgs/include/px4_msgs/px4_msgs/msg/detail/estimator_aid_source3d__functions.h\n'}
[1.265460] (px4_msgs) StdoutLine: {'line': b'-- Up-to-date symlink: /home/maanavjugalshah/SwarmAero/ros2_ws/install/px4_msgs/include/px4_msgs/px4_msgs/msg/detail/estimator_aid_source3d__struct.h\n'}
[1.265521] (px4_msgs) StdoutLine: {'line': b'-- Up-to-date symlink: /home/maanavjugalshah/SwarmAero/ros2_ws/install/px4_msgs/include/px4_msgs/px4_msgs/msg/detail/estimator_aid_source3d__type_support.h\n'}
[1.265641] (px4_msgs) StdoutLine: {'line': b'-- Up-to-date symlink: /home/maanavjugalshah/SwarmAero/ros2_ws/install/px4_msgs/include/px4_msgs/px4_msgs/msg/detail/estimator_bias3d__functions.h\n'}
[1.265727] (px4_msgs) StdoutLine: {'line': b'-- Up-to-date symlink: /home/maanavjugalshah/SwarmAero/ros2_ws/install/px4_msgs/include/px4_msgs/px4_msgs/msg/detail/estimator_bias3d__struct.h\n'}
[1.265842] (px4_msgs) StdoutLine: {'line': b'-- Up-to-date symlink: /home/maanavjugalshah/SwarmAero/ros2_ws/install/px4_msgs/include/px4_msgs/px4_msgs/msg/detail/estimator_bias3d__type_support.h\n'}
[1.265911] (px4_msgs) StdoutLine: {'line': b'-- Up-to-date symlink: /home/maanavjugalshah/SwarmAero/ros2_ws/install/px4_msgs/include/px4_msgs/px4_msgs/msg/detail/estimator_bias__functions.h\n'}
[1.266075] (px4_msgs) StdoutLine: {'line': b'-- Up-to-date symlink: /home/maanavjugalshah/SwarmAero/ros2_ws/install/px4_msgs/include/px4_msgs/px4_msgs/msg/detail/estimator_bias__struct.h\n'}
[1.266120] (px4_msgs) StdoutLine: {'line': b'-- Up-to-date symlink: /home/maanavjugalshah/SwarmAero/ros2_ws/install/px4_msgs/include/px4_msgs/px4_msgs/msg/detail/estimator_bias__type_support.h\n'}
[1.266219] (px4_msgs) StdoutLine: {'line': b'-- Up-to-date symlink: /home/maanavjugalshah/SwarmAero/ros2_ws/install/px4_msgs/include/px4_msgs/px4_msgs/msg/detail/estimator_event_flags__functions.h\n'}
[1.266511] (px4_msgs) StdoutLine: {'line': b'-- Up-to-date symlink: /home/maanavjugalshah/SwarmAero/ros2_ws/install/px4_msgs/include/px4_msgs/px4_msgs/msg/detail/estimator_event_flags__struct.h\n'}
[1.266608] (px4_msgs) StdoutLine: {'line': b'-- Up-to-date symlink: /home/maanavjugalshah/SwarmAero/ros2_ws/install/px4_msgs/include/px4_msgs/px4_msgs/msg/detail/estimator_event_flags__type_support.h\n'}
[1.266856] (px4_msgs) StdoutLine: {'line': b'-- Up-to-date symlink: /home/maanavjugalshah/SwarmAero/ros2_ws/install/px4_msgs/include/px4_msgs/px4_msgs/msg/detail/estimator_fusion_control__functions.h\n'}
[1.267120] (px4_msgs) StdoutLine: {'line': b'-- Up-to-date symlink: /home/maanavjugalshah/SwarmAero/ros2_ws/install/px4_msgs/include/px4_msgs/px4_msgs/msg/detail/estimator_fusion_control__struct.h\n'}
[1.267389] (px4_msgs) StdoutLine: {'line': b'-- Up-to-date symlink: /home/maanavjugalshah/SwarmAero/ros2_ws/install/px4_msgs/include/px4_msgs/px4_msgs/msg/detail/estimator_fusion_control__type_support.h\n'}
[1.267445] (px4_msgs) StdoutLine: {'line': b'-- Up-to-date symlink: /home/maanavjugalshah/SwarmAero/ros2_ws/install/px4_msgs/include/px4_msgs/px4_msgs/msg/detail/estimator_gps_status__functions.h\n'}
[1.267489] (px4_msgs) StdoutLine: {'line': b'-- Up-to-date symlink: /home/maanavjugalshah/SwarmAero/ros2_ws/install/px4_msgs/include/px4_msgs/px4_msgs/msg/detail/estimator_gps_status__struct.h\n'}
[1.267943] (px4_msgs) StdoutLine: {'line': b'-- Up-to-date symlink: /home/maanavjugalshah/SwarmAero/ros2_ws/install/px4_msgs/include/px4_msgs/px4_msgs/msg/detail/estimator_gps_status__type_support.h\n'}
[1.268061] (px4_msgs) StdoutLine: {'line': b'-- Up-to-date symlink: /home/maanavjugalshah/SwarmAero/ros2_ws/install/px4_msgs/include/px4_msgs/px4_msgs/msg/detail/estimator_innovations__functions.h\n'}
[1.268238] (px4_msgs) StdoutLine: {'line': b'-- Up-to-date symlink: /home/maanavjugalshah/SwarmAero/ros2_ws/install/px4_msgs/include/px4_msgs/px4_msgs/msg/detail/estimator_innovations__struct.h\n'}
[1.268297] (px4_msgs) StdoutLine: {'line': b'-- Up-to-date symlink: /home/maanavjugalshah/SwarmAero/ros2_ws/install/px4_msgs/include/px4_msgs/px4_msgs/msg/detail/estimator_innovations__type_support.h\n'}
[1.268349] (px4_msgs) StdoutLine: {'line': b'-- Up-to-date symlink: /home/maanavjugalshah/SwarmAero/ros2_ws/install/px4_msgs/include/px4_msgs/px4_msgs/msg/detail/estimator_selector_status__functions.h\n'}
[1.268549] (px4_msgs) StdoutLine: {'line': b'-- Up-to-date symlink: /home/maanavjugalshah/SwarmAero/ros2_ws/install/px4_msgs/include/px4_msgs/px4_msgs/msg/detail/estimator_selector_status__struct.h\n'}
[1.268643] (px4_msgs) StdoutLine: {'line': b'-- Up-to-date symlink: /home/maanavjugalshah/SwarmAero/ros2_ws/install/px4_msgs/include/px4_msgs/px4_msgs/msg/detail/estimator_selector_status__type_support.h\n'}
[1.268774] (px4_msgs) StdoutLine: {'line': b'-- Up-to-date symlink: /home/maanavjugalshah/SwarmAero/ros2_ws/install/px4_msgs/include/px4_msgs/px4_msgs/msg/detail/estimator_sensor_bias__functions.h\n'}
[1.268987] (px4_msgs) StdoutLine: {'line': b'-- Up-to-date symlink: /home/maanavjugalshah/SwarmAero/ros2_ws/install/px4_msgs/include/px4_msgs/px4_msgs/msg/detail/estimator_sensor_bias__struct.h\n'}
[1.269137] (px4_msgs) StdoutLine: {'line': b'-- Up-to-date symlink: /home/maanavjugalshah/SwarmAero/ros2_ws/install/px4_msgs/include/px4_msgs/px4_msgs/msg/detail/estimator_sensor_bias__type_support.h\n'}
[1.269201] (px4_msgs) StdoutLine: {'line': b'-- Up-to-date symlink: /home/maanavjugalshah/SwarmAero/ros2_ws/install/px4_msgs/include/px4_msgs/px4_msgs/msg/detail/estimator_states__functions.h\n'}
[1.269297] (px4_msgs) StdoutLine: {'line': b'-- Up-to-date symlink: /home/maanavjugalshah/SwarmAero/ros2_ws/install/px4_msgs/include/px4_msgs/px4_msgs/msg/detail/estimator_states__struct.h\n'}
[1.269341] (px4_msgs) StdoutLine: {'line': b'-- Up-to-date symlink: /home/maanavjugalshah/SwarmAero/ros2_ws/install/px4_msgs/include/px4_msgs/px4_msgs/msg/detail/estimator_states__type_support.h\n'}
[1.269458] (px4_msgs) StdoutLine: {'line': b'-- Up-to-date symlink: /home/maanavjugalshah/SwarmAero/ros2_ws/install/px4_msgs/include/px4_msgs/px4_msgs/msg/detail/estimator_status__functions.h\n'}
[1.269524] (px4_msgs) StdoutLine: {'line': b'-- Up-to-date symlink: /home/maanavjugalshah/SwarmAero/ros2_ws/install/px4_msgs/include/px4_msgs/px4_msgs/msg/detail/estimator_status__struct.h\n'}
[1.269598] (px4_msgs) StdoutLine: {'line': b'-- Up-to-date symlink: /home/maanavjugalshah/SwarmAero/ros2_ws/install/px4_msgs/include/px4_msgs/px4_msgs/msg/detail/estimator_status__type_support.h\n'}
[1.269694] (px4_msgs) StdoutLine: {'line': b'-- Up-to-date symlink: /home/maanavjugalshah/SwarmAero/ros2_ws/install/px4_msgs/include/px4_msgs/px4_msgs/msg/detail/estimator_status_flags__functions.h\n'}
[1.269807] (px4_msgs) StdoutLine: {'line': b'-- Up-to-date symlink: /home/maanavjugalshah/SwarmAero/ros2_ws/install/px4_msgs/include/px4_msgs/px4_msgs/msg/detail/estimator_status_flags__struct.h\n'}
[1.269941] (px4_msgs) StdoutLine: {'line': b'-- Up-to-date symlink: /home/maanavjugalshah/SwarmAero/ros2_ws/install/px4_msgs/include/px4_msgs/px4_msgs/msg/detail/estimator_status_flags__type_support.h\n'}
[1.270037] (px4_msgs) StdoutLine: {'line': b'-- Up-to-date symlink: /home/maanavjugalshah/SwarmAero/ros2_ws/install/px4_msgs/include/px4_msgs/px4_msgs/msg/detail/event__functions.h\n'}
[1.270107] (px4_msgs) StdoutLine: {'line': b'-- Up-to-date symlink: /home/maanavjugalshah/SwarmAero/ros2_ws/install/px4_msgs/include/px4_msgs/px4_msgs/msg/detail/event__struct.h\n'}
[1.270195] (px4_msgs) StdoutLine: {'line': b'-- Up-to-date symlink: /home/maanavjugalshah/SwarmAero/ros2_ws/install/px4_msgs/include/px4_msgs/px4_msgs/msg/detail/event__type_support.h\n'}
[1.270341] (px4_msgs) StdoutLine: {'line': b'-- Up-to-date symlink: /home/maanavjugalshah/SwarmAero/ros2_ws/install/px4_msgs/include/px4_msgs/px4_msgs/msg/detail/failsafe_flags__functions.h\n'}
[1.270662] (px4_msgs) StdoutLine: {'line': b'-- Up-to-date symlink: /home/maanavjugalshah/SwarmAero/ros2_ws/install/px4_msgs/include/px4_msgs/px4_msgs/msg/detail/failsafe_flags__struct.h\n'}
[1.271091] (px4_msgs) StdoutLine: {'line': b'-- Up-to-date symlink: /home/maanavjugalshah/SwarmAero/ros2_ws/install/px4_msgs/include/px4_msgs/px4_msgs/msg/detail/failsafe_flags__type_support.h\n'}
[1.271478] (px4_msgs) StdoutLine: {'line': b'-- Up-to-date symlink: /home/maanavjugalshah/SwarmAero/ros2_ws/install/px4_msgs/include/px4_msgs/px4_msgs/msg/detail/failure_detector_status__functions.h\n'}
[1.271657] (px4_msgs) StdoutLine: {'line': b'-- Up-to-date symlink: /home/maanavjugalshah/SwarmAero/ros2_ws/install/px4_msgs/include/px4_msgs/px4_msgs/msg/detail/failure_detector_status__struct.h\n'}
[1.271818] (px4_msgs) StdoutLine: {'line': b'-- Up-to-date symlink: /home/maanavjugalshah/SwarmAero/ros2_ws/install/px4_msgs/include/px4_msgs/px4_msgs/msg/detail/failure_detector_status__type_support.h\n'}
[1.272139] (px4_msgs) StdoutLine: {'line': b'-- Up-to-date symlink: /home/maanavjugalshah/SwarmAero/ros2_ws/install/px4_msgs/include/px4_msgs/px4_msgs/msg/detail/figure_eight_status__functions.h\n'}
[1.272482] (px4_msgs) StdoutLine: {'line': b'-- Up-to-date symlink: /home/maanavjugalshah/SwarmAero/ros2_ws/install/px4_msgs/include/px4_msgs/px4_msgs/msg/detail/figure_eight_status__struct.h\n'}
[1.272584] (px4_msgs) StdoutLine: {'line': b'-- Up-to-date symlink: /home/maanavjugalshah/SwarmAero/ros2_ws/install/px4_msgs/include/px4_msgs/px4_msgs/msg/detail/figure_eight_status__type_support.h\n'}
[1.272678] (px4_msgs) StdoutLine: {'line': b'-- Up-to-date symlink: /home/maanavjugalshah/SwarmAero/ros2_ws/install/px4_msgs/include/px4_msgs/px4_msgs/msg/detail/fixed_wing_lateral_guidance_status__functions.h\n'}
[1.272786] (px4_msgs) StdoutLine: {'line': b'-- Up-to-date symlink: /home/maanavjugalshah/SwarmAero/ros2_ws/install/px4_msgs/include/px4_msgs/px4_msgs/msg/detail/fixed_wing_lateral_guidance_status__struct.h\n'}
[1.272881] (px4_msgs) StdoutLine: {'line': b'-- Up-to-date symlink: /home/maanavjugalshah/SwarmAero/ros2_ws/install/px4_msgs/include/px4_msgs/px4_msgs/msg/detail/fixed_wing_lateral_guidance_status__type_support.h\n'}
[1.273207] (px4_msgs) StdoutLine: {'line': b'-- Up-to-date symlink: /home/maanavjugalshah/SwarmAero/ros2_ws/install/px4_msgs/include/px4_msgs/px4_msgs/msg/detail/fixed_wing_lateral_setpoint__functions.h\n'}
[1.273315] (px4_msgs) StdoutLine: {'line': b'-- Up-to-date symlink: /home/maanavjugalshah/SwarmAero/ros2_ws/install/px4_msgs/include/px4_msgs/px4_msgs/msg/detail/fixed_wing_lateral_setpoint__struct.h\n'}
[1.273621] (px4_msgs) StdoutLine: {'line': b'-- Up-to-date symlink: /home/maanavjugalshah/SwarmAero/ros2_ws/install/px4_msgs/include/px4_msgs/px4_msgs/msg/detail/fixed_wing_lateral_setpoint__type_support.h\n'}
[1.273924] (px4_msgs) StdoutLine: {'line': b'-- Up-to-date symlink: /home/maanavjugalshah/SwarmAero/ros2_ws/install/px4_msgs/include/px4_msgs/px4_msgs/msg/detail/fixed_wing_lateral_status__functions.h\n'}
[1.274268] (px4_msgs) StdoutLine: {'line': b'-- Up-to-date symlink: /home/maanavjugalshah/SwarmAero/ros2_ws/install/px4_msgs/include/px4_msgs/px4_msgs/msg/detail/fixed_wing_lateral_status__struct.h\n'}
[1.274413] (px4_msgs) StdoutLine: {'line': b'-- Up-to-date symlink: /home/maanavjugalshah/SwarmAero/ros2_ws/install/px4_msgs/include/px4_msgs/px4_msgs/msg/detail/fixed_wing_lateral_status__type_support.h\n'}
[1.274529] (px4_msgs) StdoutLine: {'line': b'-- Up-to-date symlink: /home/maanavjugalshah/SwarmAero/ros2_ws/install/px4_msgs/include/px4_msgs/px4_msgs/msg/detail/fixed_wing_longitudinal_setpoint__functions.h\n'}
[1.274945] (px4_msgs) StdoutLine: {'line': b'-- Up-to-date symlink: /home/maanavjugalshah/SwarmAero/ros2_ws/install/px4_msgs/include/px4_msgs/px4_msgs/msg/detail/fixed_wing_longitudinal_setpoint__struct.h\n'}
[1.275086] (px4_msgs) StdoutLine: {'line': b'-- Up-to-date symlink: /home/maanavjugalshah/SwarmAero/ros2_ws/install/px4_msgs/include/px4_msgs/px4_msgs/msg/detail/fixed_wing_longitudinal_setpoint__type_support.h\n'}
[1.275504] (px4_msgs) StdoutLine: {'line': b'-- Up-to-date symlink: /home/maanavjugalshah/SwarmAero/ros2_ws/install/px4_msgs/include/px4_msgs/px4_msgs/msg/detail/fixed_wing_runway_control__functions.h\n'}
[1.275696] (px4_msgs) StdoutLine: {'line': b'-- Up-to-date symlink: /home/maanavjugalshah/SwarmAero/ros2_ws/install/px4_msgs/include/px4_msgs/px4_msgs/msg/detail/fixed_wing_runway_control__struct.h\n'}
[1.275794] (px4_msgs) StdoutLine: {'line': b'-- Up-to-date symlink: /home/maanavjugalshah/SwarmAero/ros2_ws/install/px4_msgs/include/px4_msgs/px4_msgs/msg/detail/fixed_wing_runway_control__type_support.h\n'}
[1.276210] (px4_msgs) StdoutLine: {'line': b'-- Up-to-date symlink: /home/maanavjugalshah/SwarmAero/ros2_ws/install/px4_msgs/include/px4_msgs/px4_msgs/msg/detail/flight_phase_estimation__functions.h\n'}
[1.276510] (px4_msgs) StdoutLine: {'line': b'-- Up-to-date symlink: /home/maanavjugalshah/SwarmAero/ros2_ws/install/px4_msgs/include/px4_msgs/px4_msgs/msg/detail/flight_phase_estimation__struct.h\n'}
[1.276870] (px4_msgs) StdoutLine: {'line': b'-- Up-to-date symlink: /home/maanavjugalshah/SwarmAero/ros2_ws/install/px4_msgs/include/px4_msgs/px4_msgs/msg/detail/flight_phase_estimation__type_support.h\n'}
[1.277109] (px4_msgs) StdoutLine: {'line': b'-- Up-to-date symlink: /home/maanavjugalshah/SwarmAero/ros2_ws/install/px4_msgs/include/px4_msgs/px4_msgs/msg/detail/follow_target__functions.h\n'}
[1.277238] (px4_msgs) StdoutLine: {'line': b'-- Up-to-date symlink: /home/maanavjugalshah/SwarmAero/ros2_ws/install/px4_msgs/include/px4_msgs/px4_msgs/msg/detail/follow_target__struct.h\n'}
[1.277367] (px4_msgs) StdoutLine: {'line': b'-- Up-to-date symlink: /home/maanavjugalshah/SwarmAero/ros2_ws/install/px4_msgs/include/px4_msgs/px4_msgs/msg/detail/follow_target__type_support.h\n'}
[1.277945] (px4_msgs) StdoutLine: {'line': b'-- Up-to-date symlink: /home/maanavjugalshah/SwarmAero/ros2_ws/install/px4_msgs/include/px4_msgs/px4_msgs/msg/detail/follow_target_estimator__functions.h\n'}
[1.278340] (px4_msgs) StdoutLine: {'line': b'-- Up-to-date symlink: /home/maanavjugalshah/SwarmAero/ros2_ws/install/px4_msgs/include/px4_msgs/px4_msgs/msg/detail/follow_target_estimator__struct.h\n'}
[1.278595] (px4_msgs) StdoutLine: {'line': b'-- Up-to-date symlink: /home/maanavjugalshah/SwarmAero/ros2_ws/install/px4_msgs/include/px4_msgs/px4_msgs/msg/detail/follow_target_estimator__type_support.h\n'}
[1.278836] (px4_msgs) StdoutLine: {'line': b'-- Up-to-date symlink: /home/maanavjugalshah/SwarmAero/ros2_ws/install/px4_msgs/include/px4_msgs/px4_msgs/msg/detail/follow_target_status__functions.h\n'}
[1.278963] (px4_msgs) StdoutLine: {'line': b'-- Up-to-date symlink: /home/maanavjugalshah/SwarmAero/ros2_ws/install/px4_msgs/include/px4_msgs/px4_msgs/msg/detail/follow_target_status__struct.h\n'}
[1.279173] (px4_msgs) StdoutLine: {'line': b'-- Up-to-date symlink: /home/maanavjugalshah/SwarmAero/ros2_ws/install/px4_msgs/include/px4_msgs/px4_msgs/msg/detail/follow_target_status__type_support.h\n'}
[1.279367] (px4_msgs) StdoutLine: {'line': b'-- Up-to-date symlink: /home/maanavjugalshah/SwarmAero/ros2_ws/install/px4_msgs/include/px4_msgs/px4_msgs/msg/detail/fuel_tank_status__functions.h\n'}
[1.279652] (px4_msgs) StdoutLine: {'line': b'-- Up-to-date symlink: /home/maanavjugalshah/SwarmAero/ros2_ws/install/px4_msgs/include/px4_msgs/px4_msgs/msg/detail/fuel_tank_status__struct.h\n'}
[1.280031] (px4_msgs) StdoutLine: {'line': b'-- Up-to-date symlink: /home/maanavjugalshah/SwarmAero/ros2_ws/install/px4_msgs/include/px4_msgs/px4_msgs/msg/detail/fuel_tank_status__type_support.h\n'}
[1.280089] (px4_msgs) StdoutLine: {'line': b'-- Up-to-date symlink: /home/maanavjugalshah/SwarmAero/ros2_ws/install/px4_msgs/include/px4_msgs/px4_msgs/msg/detail/gain_compression__functions.h\n'}
[1.280136] (px4_msgs) StdoutLine: {'line': b'-- Up-to-date symlink: /home/maanavjugalshah/SwarmAero/ros2_ws/install/px4_msgs/include/px4_msgs/px4_msgs/msg/detail/gain_compression__struct.h\n'}
[1.280238] (px4_msgs) StdoutLine: {'line': b'-- Up-to-date symlink: /home/maanavjugalshah/SwarmAero/ros2_ws/install/px4_msgs/include/px4_msgs/px4_msgs/msg/detail/gain_compression__type_support.h\n'}
[1.280546] (px4_msgs) StdoutLine: {'line': b'-- Up-to-date symlink: /home/maanavjugalshah/SwarmAero/ros2_ws/install/px4_msgs/include/px4_msgs/px4_msgs/msg/detail/generator_status__functions.h\n'}
[1.280696] (px4_msgs) StdoutLine: {'line': b'-- Up-to-date symlink: /home/maanavjugalshah/SwarmAero/ros2_ws/install/px4_msgs/include/px4_msgs/px4_msgs/msg/detail/generator_status__struct.h\n'}
[1.280795] (px4_msgs) StdoutLine: {'line': b'-- Up-to-date symlink: /home/maanavjugalshah/SwarmAero/ros2_ws/install/px4_msgs/include/px4_msgs/px4_msgs/msg/detail/generator_status__type_support.h\n'}
[1.280911] (px4_msgs) StdoutLine: {'line': b'-- Up-to-date symlink: /home/maanavjugalshah/SwarmAero/ros2_ws/install/px4_msgs/include/px4_msgs/px4_msgs/msg/detail/geofence_result__functions.h\n'}
[1.281113] (px4_msgs) StdoutLine: {'line': b'-- Up-to-date symlink: /home/maanavjugalshah/SwarmAero/ros2_ws/install/px4_msgs/include/px4_msgs/px4_msgs/msg/detail/geofence_result__struct.h\n'}
[1.281195] (px4_msgs) StdoutLine: {'line': b'-- Up-to-date symlink: /home/maanavjugalshah/SwarmAero/ros2_ws/install/px4_msgs/include/px4_msgs/px4_msgs/msg/detail/geofence_result__type_support.h\n'}
[1.281326] (px4_msgs) StdoutLine: {'line': b'-- Up-to-date symlink: /home/maanavjugalshah/SwarmAero/ros2_ws/install/px4_msgs/include/px4_msgs/px4_msgs/msg/detail/geofence_status__functions.h\n'}
[1.281473] (px4_msgs) StdoutLine: {'line': b'-- Up-to-date symlink: /home/maanavjugalshah/SwarmAero/ros2_ws/install/px4_msgs/include/px4_msgs/px4_msgs/msg/detail/geofence_status__struct.h\n'}
[1.281581] (px4_msgs) StdoutLine: {'line': b'-- Up-to-date symlink: /home/maanavjugalshah/SwarmAero/ros2_ws/install/px4_msgs/include/px4_msgs/px4_msgs/msg/detail/geofence_status__type_support.h\n'}
[1.281668] (px4_msgs) StdoutLine: {'line': b'-- Up-to-date symlink: /home/maanavjugalshah/SwarmAero/ros2_ws/install/px4_msgs/include/px4_msgs/px4_msgs/msg/detail/gimbal_controls__functions.h\n'}
[1.282078] (px4_msgs) StdoutLine: {'line': b'-- Up-to-date symlink: /home/maanavjugalshah/SwarmAero/ros2_ws/install/px4_msgs/include/px4_msgs/px4_msgs/msg/detail/gimbal_controls__struct.h\n'}
[1.282283] (px4_msgs) StdoutLine: {'line': b'-- Up-to-date symlink: /home/maanavjugalshah/SwarmAero/ros2_ws/install/px4_msgs/include/px4_msgs/px4_msgs/msg/detail/gimbal_controls__type_support.h\n'}
[1.282793] (px4_msgs) StdoutLine: {'line': b'-- Up-to-date symlink: /home/maanavjugalshah/SwarmAero/ros2_ws/install/px4_msgs/include/px4_msgs/px4_msgs/msg/detail/gimbal_device_attitude_status__functions.h\n'}
[1.282904] (px4_msgs) StdoutLine: {'line': b'-- Up-to-date symlink: /home/maanavjugalshah/SwarmAero/ros2_ws/install/px4_msgs/include/px4_msgs/px4_msgs/msg/detail/gimbal_device_attitude_status__struct.h\n'}
[1.283023] (px4_msgs) StdoutLine: {'line': b'-- Up-to-date symlink: /home/maanavjugalshah/SwarmAero/ros2_ws/install/px4_msgs/include/px4_msgs/px4_msgs/msg/detail/gimbal_device_attitude_status__type_support.h\n'}
[1.283194] (px4_msgs) StdoutLine: {'line': b'-- Up-to-date symlink: /home/maanavjugalshah/SwarmAero/ros2_ws/install/px4_msgs/include/px4_msgs/px4_msgs/msg/detail/gimbal_device_information__functions.h\n'}
[1.283419] (px4_msgs) StdoutLine: {'line': b'-- Up-to-date symlink: /home/maanavjugalshah/SwarmAero/ros2_ws/install/px4_msgs/include/px4_msgs/px4_msgs/msg/detail/gimbal_device_information__struct.h\n'}
[1.283466] (px4_msgs) StdoutLine: {'line': b'-- Up-to-date symlink: /home/maanavjugalshah/SwarmAero/ros2_ws/install/px4_msgs/include/px4_msgs/px4_msgs/msg/detail/gimbal_device_information__type_support.h\n'}
[1.283510] (px4_msgs) StdoutLine: {'line': b'-- Up-to-date symlink: /home/maanavjugalshah/SwarmAero/ros2_ws/install/px4_msgs/include/px4_msgs/px4_msgs/msg/detail/gimbal_device_set_attitude__functions.h\n'}
[1.283690] (px4_msgs) StdoutLine: {'line': b'-- Up-to-date symlink: /home/maanavjugalshah/SwarmAero/ros2_ws/install/px4_msgs/include/px4_msgs/px4_msgs/msg/detail/gimbal_device_set_attitude__struct.h\n'}
[1.283741] (px4_msgs) StdoutLine: {'line': b'-- Up-to-date symlink: /home/maanavjugalshah/SwarmAero/ros2_ws/install/px4_msgs/include/px4_msgs/px4_msgs/msg/detail/gimbal_device_set_attitude__type_support.h\n'}
[1.283782] (px4_msgs) StdoutLine: {'line': b'-- Up-to-date symlink: /home/maanavjugalshah/SwarmAero/ros2_ws/install/px4_msgs/include/px4_msgs/px4_msgs/msg/detail/gimbal_manager_information__functions.h\n'}
[1.283858] (px4_msgs) StdoutLine: {'line': b'-- Up-to-date symlink: /home/maanavjugalshah/SwarmAero/ros2_ws/install/px4_msgs/include/px4_msgs/px4_msgs/msg/detail/gimbal_manager_information__struct.h\n'}
[1.284030] (px4_msgs) StdoutLine: {'line': b'-- Up-to-date symlink: /home/maanavjugalshah/SwarmAero/ros2_ws/install/px4_msgs/include/px4_msgs/px4_msgs/msg/detail/gimbal_manager_information__type_support.h\n'}
[1.284088] (px4_msgs) StdoutLine: {'line': b'-- Up-to-date symlink: /home/maanavjugalshah/SwarmAero/ros2_ws/install/px4_msgs/include/px4_msgs/px4_msgs/msg/detail/gimbal_manager_set_attitude__functions.h\n'}
[1.284189] (px4_msgs) StdoutLine: {'line': b'-- Up-to-date symlink: /home/maanavjugalshah/SwarmAero/ros2_ws/install/px4_msgs/include/px4_msgs/px4_msgs/msg/detail/gimbal_manager_set_attitude__struct.h\n'}
[1.284308] (px4_msgs) StdoutLine: {'line': b'-- Up-to-date symlink: /home/maanavjugalshah/SwarmAero/ros2_ws/install/px4_msgs/include/px4_msgs/px4_msgs/msg/detail/gimbal_manager_set_attitude__type_support.h\n'}
[1.284443] (px4_msgs) StdoutLine: {'line': b'-- Up-to-date symlink: /home/maanavjugalshah/SwarmAero/ros2_ws/install/px4_msgs/include/px4_msgs/px4_msgs/msg/detail/gimbal_manager_set_manual_control__functions.h\n'}
[1.284487] (px4_msgs) StdoutLine: {'line': b'-- Up-to-date symlink: /home/maanavjugalshah/SwarmAero/ros2_ws/install/px4_msgs/include/px4_msgs/px4_msgs/msg/detail/gimbal_manager_set_manual_control__struct.h\n'}
[1.284812] (px4_msgs) StdoutLine: {'line': b'-- Up-to-date symlink: /home/maanavjugalshah/SwarmAero/ros2_ws/install/px4_msgs/include/px4_msgs/px4_msgs/msg/detail/gimbal_manager_set_manual_control__type_support.h\n'}
[1.284938] (px4_msgs) StdoutLine: {'line': b'-- Up-to-date symlink: /home/maanavjugalshah/SwarmAero/ros2_ws/install/px4_msgs/include/px4_msgs/px4_msgs/msg/detail/gimbal_manager_status__functions.h\n'}
[1.285137] (px4_msgs) StdoutLine: {'line': b'-- Up-to-date symlink: /home/maanavjugalshah/SwarmAero/ros2_ws/install/px4_msgs/include/px4_msgs/px4_msgs/msg/detail/gimbal_manager_status__struct.h\n'}
[1.285357] (px4_msgs) StdoutLine: {'line': b'-- Up-to-date symlink: /home/maanavjugalshah/SwarmAero/ros2_ws/install/px4_msgs/include/px4_msgs/px4_msgs/msg/detail/gimbal_manager_status__type_support.h\n'}
[1.285470] (px4_msgs) StdoutLine: {'line': b'-- Up-to-date symlink: /home/maanavjugalshah/SwarmAero/ros2_ws/install/px4_msgs/include/px4_msgs/px4_msgs/msg/detail/goto_setpoint__functions.h\n'}
[1.285547] (px4_msgs) StdoutLine: {'line': b'-- Up-to-date symlink: /home/maanavjugalshah/SwarmAero/ros2_ws/install/px4_msgs/include/px4_msgs/px4_msgs/msg/detail/goto_setpoint__struct.h\n'}
[1.285635] (px4_msgs) StdoutLine: {'line': b'-- Up-to-date symlink: /home/maanavjugalshah/SwarmAero/ros2_ws/install/px4_msgs/include/px4_msgs/px4_msgs/msg/detail/goto_setpoint__type_support.h\n'}
[1.285729] (px4_msgs) StdoutLine: {'line': b'-- Up-to-date symlink: /home/maanavjugalshah/SwarmAero/ros2_ws/install/px4_msgs/include/px4_msgs/px4_msgs/msg/detail/gpio_config__functions.h\n'}
[1.285822] (px4_msgs) StdoutLine: {'line': b'-- Up-to-date symlink: /home/maanavjugalshah/SwarmAero/ros2_ws/install/px4_msgs/include/px4_msgs/px4_msgs/msg/detail/gpio_config__struct.h\n'}
[1.285927] (px4_msgs) StdoutLine: {'line': b'-- Up-to-date symlink: /home/maanavjugalshah/SwarmAero/ros2_ws/install/px4_msgs/include/px4_msgs/px4_msgs/msg/detail/gpio_config__type_support.h\n'}
[1.286003] (px4_msgs) StdoutLine: {'line': b'-- Up-to-date symlink: /home/maanavjugalshah/SwarmAero/ros2_ws/install/px4_msgs/include/px4_msgs/px4_msgs/msg/detail/gpio_in__functions.h\n'}
[1.286094] (px4_msgs) StdoutLine: {'line': b'-- Up-to-date symlink: /home/maanavjugalshah/SwarmAero/ros2_ws/install/px4_msgs/include/px4_msgs/px4_msgs/msg/detail/gpio_in__struct.h\n'}
[1.286305] (px4_msgs) StdoutLine: {'line': b'-- Up-to-date symlink: /home/maanavjugalshah/SwarmAero/ros2_ws/install/px4_msgs/include/px4_msgs/px4_msgs/msg/detail/gpio_in__type_support.h\n'}
[1.286687] (px4_msgs) StdoutLine: {'line': b'-- Up-to-date symlink: /home/maanavjugalshah/SwarmAero/ros2_ws/install/px4_msgs/include/px4_msgs/px4_msgs/msg/detail/gpio_out__functions.h\n'}
[1.286971] (px4_msgs) StdoutLine: {'line': b'-- Up-to-date symlink: /home/maanavjugalshah/SwarmAero/ros2_ws/install/px4_msgs/include/px4_msgs/px4_msgs/msg/detail/gpio_out__struct.h\n'}
[1.287092] (px4_msgs) StdoutLine: {'line': b'-- Up-to-date symlink: /home/maanavjugalshah/SwarmAero/ros2_ws/install/px4_msgs/include/px4_msgs/px4_msgs/msg/detail/gpio_out__type_support.h\n'}
[1.287221] (px4_msgs) StdoutLine: {'line': b'-- Up-to-date symlink: /home/maanavjugalshah/SwarmAero/ros2_ws/install/px4_msgs/include/px4_msgs/px4_msgs/msg/detail/gpio_request__functions.h\n'}
[1.287791] (px4_msgs) StdoutLine: {'line': b'-- Up-to-date symlink: /home/maanavjugalshah/SwarmAero/ros2_ws/install/px4_msgs/include/px4_msgs/px4_msgs/msg/detail/gpio_request__struct.h\n'}
[1.287853] (px4_msgs) StdoutLine: {'line': b'-- Up-to-date symlink: /home/maanavjugalshah/SwarmAero/ros2_ws/install/px4_msgs/include/px4_msgs/px4_msgs/msg/detail/gpio_request__type_support.h\n'}
[1.287894] (px4_msgs) StdoutLine: {'line': b'-- Up-to-date symlink: /home/maanavjugalshah/SwarmAero/ros2_ws/install/px4_msgs/include/px4_msgs/px4_msgs/msg/detail/gps_dump__functions.h\n'}
[1.287943] (px4_msgs) StdoutLine: {'line': b'-- Up-to-date symlink: /home/maanavjugalshah/SwarmAero/ros2_ws/install/px4_msgs/include/px4_msgs/px4_msgs/msg/detail/gps_dump__struct.h\n'}
[1.288066] (px4_msgs) StdoutLine: {'line': b'-- Up-to-date symlink: /home/maanavjugalshah/SwarmAero/ros2_ws/install/px4_msgs/include/px4_msgs/px4_msgs/msg/detail/gps_dump__type_support.h\n'}
[1.288141] (px4_msgs) StdoutLine: {'line': b'-- Up-to-date symlink: /home/maanavjugalshah/SwarmAero/ros2_ws/install/px4_msgs/include/px4_msgs/px4_msgs/msg/detail/gps_inject_data__functions.h\n'}
[1.288481] (px4_msgs) StdoutLine: {'line': b'-- Up-to-date symlink: /home/maanavjugalshah/SwarmAero/ros2_ws/install/px4_msgs/include/px4_msgs/px4_msgs/msg/detail/gps_inject_data__struct.h\n'}
[1.288611] (px4_msgs) StdoutLine: {'line': b'-- Up-to-date symlink: /home/maanavjugalshah/SwarmAero/ros2_ws/install/px4_msgs/include/px4_msgs/px4_msgs/msg/detail/gps_inject_data__type_support.h\n'}
[1.288829] (px4_msgs) StdoutLine: {'line': b'-- Up-to-date symlink: /home/maanavjugalshah/SwarmAero/ros2_ws/install/px4_msgs/include/px4_msgs/px4_msgs/msg/detail/gripper__functions.h\n'}
[1.288922] (px4_msgs) StdoutLine: {'line': b'-- Up-to-date symlink: /home/maanavjugalshah/SwarmAero/ros2_ws/install/px4_msgs/include/px4_msgs/px4_msgs/msg/detail/gripper__struct.h\n'}
[1.289133] (px4_msgs) StdoutLine: {'line': b'-- Up-to-date symlink: /home/maanavjugalshah/SwarmAero/ros2_ws/install/px4_msgs/include/px4_msgs/px4_msgs/msg/detail/gripper__type_support.h\n'}
[1.289208] (px4_msgs) StdoutLine: {'line': b'-- Up-to-date symlink: /home/maanavjugalshah/SwarmAero/ros2_ws/install/px4_msgs/include/px4_msgs/px4_msgs/msg/detail/health_report__functions.h\n'}
[1.289336] (px4_msgs) StdoutLine: {'line': b'-- Up-to-date symlink: /home/maanavjugalshah/SwarmAero/ros2_ws/install/px4_msgs/include/px4_msgs/px4_msgs/msg/detail/health_report__struct.h\n'}
[1.289693] (px4_msgs) StdoutLine: {'line': b'-- Up-to-date symlink: /home/maanavjugalshah/SwarmAero/ros2_ws/install/px4_msgs/include/px4_msgs/px4_msgs/msg/detail/health_report__type_support.h\n'}
[1.289915] (px4_msgs) StdoutLine: {'line': b'-- Up-to-date symlink: /home/maanavjugalshah/SwarmAero/ros2_ws/install/px4_msgs/include/px4_msgs/px4_msgs/msg/detail/heater_status__functions.h\n'}
[1.290085] (px4_msgs) StdoutLine: {'line': b'-- Up-to-date symlink: /home/maanavjugalshah/SwarmAero/ros2_ws/install/px4_msgs/include/px4_msgs/px4_msgs/msg/detail/heater_status__struct.h\n'}
[1.290176] (px4_msgs) StdoutLine: {'line': b'-- Up-to-date symlink: /home/maanavjugalshah/SwarmAero/ros2_ws/install/px4_msgs/include/px4_msgs/px4_msgs/msg/detail/heater_status__type_support.h\n'}
[1.290218] (px4_msgs) StdoutLine: {'line': b'-- Up-to-date symlink: /home/maanavjugalshah/SwarmAero/ros2_ws/install/px4_msgs/include/px4_msgs/px4_msgs/msg/detail/home_position__functions.h\n'}
[1.290285] (px4_msgs) StdoutLine: {'line': b'-- Up-to-date symlink: /home/maanavjugalshah/SwarmAero/ros2_ws/install/px4_msgs/include/px4_msgs/px4_msgs/msg/detail/home_position__struct.h\n'}
[1.290371] (px4_msgs) StdoutLine: {'line': b'-- Up-to-date symlink: /home/maanavjugalshah/SwarmAero/ros2_ws/install/px4_msgs/include/px4_msgs/px4_msgs/msg/detail/home_position__type_support.h\n'}
[1.290712] (px4_msgs) StdoutLine: {'line': b'-- Up-to-date symlink: /home/maanavjugalshah/SwarmAero/ros2_ws/install/px4_msgs/include/px4_msgs/px4_msgs/msg/detail/hover_thrust_estimate__functions.h\n'}
[1.290774] (px4_msgs) StdoutLine: {'line': b'-- Up-to-date symlink: /home/maanavjugalshah/SwarmAero/ros2_ws/install/px4_msgs/include/px4_msgs/px4_msgs/msg/detail/hover_thrust_estimate__struct.h\n'}
[1.290813] (px4_msgs) StdoutLine: {'line': b'-- Up-to-date symlink: /home/maanavjugalshah/SwarmAero/ros2_ws/install/px4_msgs/include/px4_msgs/px4_msgs/msg/detail/hover_thrust_estimate__type_support.h\n'}
[1.290851] (px4_msgs) StdoutLine: {'line': b'-- Up-to-date symlink: /home/maanavjugalshah/SwarmAero/ros2_ws/install/px4_msgs/include/px4_msgs/px4_msgs/msg/detail/input_rc__functions.h\n'}
[1.290889] (px4_msgs) StdoutLine: {'line': b'-- Up-to-date symlink: /home/maanavjugalshah/SwarmAero/ros2_ws/install/px4_msgs/include/px4_msgs/px4_msgs/msg/detail/input_rc__struct.h\n'}
[1.290924] (px4_msgs) StdoutLine: {'line': b'-- Up-to-date symlink: /home/maanavjugalshah/SwarmAero/ros2_ws/install/px4_msgs/include/px4_msgs/px4_msgs/msg/detail/input_rc__type_support.h\n'}
[1.290959] (px4_msgs) StdoutLine: {'line': b'-- Up-to-date symlink: /home/maanavjugalshah/SwarmAero/ros2_ws/install/px4_msgs/include/px4_msgs/px4_msgs/msg/detail/internal_combustion_engine_control__functions.h\n'}
[1.291248] (px4_msgs) StdoutLine: {'line': b'-- Up-to-date symlink: /home/maanavjugalshah/SwarmAero/ros2_ws/install/px4_msgs/include/px4_msgs/px4_msgs/msg/detail/internal_combustion_engine_control__struct.h\n'}
[1.291400] (px4_msgs) StdoutLine: {'line': b'-- Up-to-date symlink: /home/maanavjugalshah/SwarmAero/ros2_ws/install/px4_msgs/include/px4_msgs/px4_msgs/msg/detail/internal_combustion_engine_control__type_support.h\n'}
[1.292058] (px4_msgs) StdoutLine: {'line': b'-- Up-to-date symlink: /home/maanavjugalshah/SwarmAero/ros2_ws/install/px4_msgs/include/px4_msgs/px4_msgs/msg/detail/internal_combustion_engine_status__functions.h\n'}
[1.292165] (px4_msgs) StdoutLine: {'line': b'-- Up-to-date symlink: /home/maanavjugalshah/SwarmAero/ros2_ws/install/px4_msgs/include/px4_msgs/px4_msgs/msg/detail/internal_combustion_engine_status__struct.h\n'}
[1.292401] (px4_msgs) StdoutLine: {'line': b'-- Up-to-date symlink: /home/maanavjugalshah/SwarmAero/ros2_ws/install/px4_msgs/include/px4_msgs/px4_msgs/msg/detail/internal_combustion_engine_status__type_support.h\n'}
[1.292495] (px4_msgs) StdoutLine: {'line': b'-- Up-to-date symlink: /home/maanavjugalshah/SwarmAero/ros2_ws/install/px4_msgs/include/px4_msgs/px4_msgs/msg/detail/iridiumsbd_status__functions.h\n'}
[1.292591] (px4_msgs) StdoutLine: {'line': b'-- Up-to-date symlink: /home/maanavjugalshah/SwarmAero/ros2_ws/install/px4_msgs/include/px4_msgs/px4_msgs/msg/detail/iridiumsbd_status__struct.h\n'}
[1.292710] (px4_msgs) StdoutLine: {'line': b'-- Up-to-date symlink: /home/maanavjugalshah/SwarmAero/ros2_ws/install/px4_msgs/include/px4_msgs/px4_msgs/msg/detail/iridiumsbd_status__type_support.h\n'}
[1.293040] (px4_msgs) StdoutLine: {'line': b'-- Up-to-date symlink: /home/maanavjugalshah/SwarmAero/ros2_ws/install/px4_msgs/include/px4_msgs/px4_msgs/msg/detail/irlock_report__functions.h\n'}
[1.293113] (px4_msgs) StdoutLine: {'line': b'-- Up-to-date symlink: /home/maanavjugalshah/SwarmAero/ros2_ws/install/px4_msgs/include/px4_msgs/px4_msgs/msg/detail/irlock_report__struct.h\n'}
[1.293234] (px4_msgs) StdoutLine: {'line': b'-- Up-to-date symlink: /home/maanavjugalshah/SwarmAero/ros2_ws/install/px4_msgs/include/px4_msgs/px4_msgs/msg/detail/irlock_report__type_support.h\n'}
[1.293321] (px4_msgs) StdoutLine: {'line': b'-- Up-to-date symlink: /home/maanavjugalshah/SwarmAero/ros2_ws/install/px4_msgs/include/px4_msgs/px4_msgs/msg/detail/landing_gear__functions.h\n'}
[1.293736] (px4_msgs) StdoutLine: {'line': b'-- Up-to-date symlink: /home/maanavjugalshah/SwarmAero/ros2_ws/install/px4_msgs/include/px4_msgs/px4_msgs/msg/detail/landing_gear__struct.h\n'}
[1.294062] (px4_msgs) StdoutLine: {'line': b'-- Up-to-date symlink: /home/maanavjugalshah/SwarmAero/ros2_ws/install/px4_msgs/include/px4_msgs/px4_msgs/msg/detail/landing_gear__type_support.h\n'}
[1.294183] (px4_msgs) StdoutLine: {'line': b'-- Up-to-date symlink: /home/maanavjugalshah/SwarmAero/ros2_ws/install/px4_msgs/include/px4_msgs/px4_msgs/msg/detail/landing_gear_wheel__functions.h\n'}
[1.294277] (px4_msgs) StdoutLine: {'line': b'-- Up-to-date symlink: /home/maanavjugalshah/SwarmAero/ros2_ws/install/px4_msgs/include/px4_msgs/px4_msgs/msg/detail/landing_gear_wheel__struct.h\n'}
[1.294590] (px4_msgs) StdoutLine: {'line': b'-- Up-to-date symlink: /home/maanavjugalshah/SwarmAero/ros2_ws/install/px4_msgs/include/px4_msgs/px4_msgs/msg/detail/landing_gear_wheel__type_support.h\n'}
[1.294679] (px4_msgs) StdoutLine: {'line': b'-- Up-to-date symlink: /home/maanavjugalshah/SwarmAero/ros2_ws/install/px4_msgs/include/px4_msgs/px4_msgs/msg/detail/landing_target_innovations__functions.h\n'}
[1.294929] (px4_msgs) StdoutLine: {'line': b'-- Up-to-date symlink: /home/maanavjugalshah/SwarmAero/ros2_ws/install/px4_msgs/include/px4_msgs/px4_msgs/msg/detail/landing_target_innovations__struct.h\n'}
[1.295123] (px4_msgs) StdoutLine: {'line': b'-- Up-to-date symlink: /home/maanavjugalshah/SwarmAero/ros2_ws/install/px4_msgs/include/px4_msgs/px4_msgs/msg/detail/landing_target_innovations__type_support.h\n'}
[1.295327] (px4_msgs) StdoutLine: {'line': b'-- Up-to-date symlink: /home/maanavjugalshah/SwarmAero/ros2_ws/install/px4_msgs/include/px4_msgs/px4_msgs/msg/detail/landing_target_pose__functions.h\n'}
[1.295463] (px4_msgs) StdoutLine: {'line': b'-- Up-to-date symlink: /home/maanavjugalshah/SwarmAero/ros2_ws/install/px4_msgs/include/px4_msgs/px4_msgs/msg/detail/landing_target_pose__struct.h\n'}
[1.295603] (px4_msgs) StdoutLine: {'line': b'-- Up-to-date symlink: /home/maanavjugalshah/SwarmAero/ros2_ws/install/px4_msgs/include/px4_msgs/px4_msgs/msg/detail/landing_target_pose__type_support.h\n'}
[1.295804] (px4_msgs) StdoutLine: {'line': b'-- Up-to-date symlink: /home/maanavjugalshah/SwarmAero/ros2_ws/install/px4_msgs/include/px4_msgs/px4_msgs/msg/detail/lateral_control_configuration__functions.h\n'}
[1.295853] (px4_msgs) StdoutLine: {'line': b'-- Up-to-date symlink: /home/maanavjugalshah/SwarmAero/ros2_ws/install/px4_msgs/include/px4_msgs/px4_msgs/msg/detail/lateral_control_configuration__struct.h\n'}
[1.295951] (px4_msgs) StdoutLine: {'line': b'-- Up-to-date symlink: /home/maanavjugalshah/SwarmAero/ros2_ws/install/px4_msgs/include/px4_msgs/px4_msgs/msg/detail/lateral_control_configuration__type_support.h\n'}
[1.296287] (px4_msgs) StdoutLine: {'line': b'-- Up-to-date symlink: /home/maanavjugalshah/SwarmAero/ros2_ws/install/px4_msgs/include/px4_msgs/px4_msgs/msg/detail/launch_detection_status__functions.h\n'}
[1.296468] (px4_msgs) StdoutLine: {'line': b'-- Up-to-date symlink: /home/maanavjugalshah/SwarmAero/ros2_ws/install/px4_msgs/include/px4_msgs/px4_msgs/msg/detail/launch_detection_status__struct.h\n'}
[1.296573] (px4_msgs) StdoutLine: {'line': b'-- Up-to-date symlink: /home/maanavjugalshah/SwarmAero/ros2_ws/install/px4_msgs/include/px4_msgs/px4_msgs/msg/detail/launch_detection_status__type_support.h\n'}
[1.296681] (px4_msgs) StdoutLine: {'line': b'-- Up-to-date symlink: /home/maanavjugalshah/SwarmAero/ros2_ws/install/px4_msgs/include/px4_msgs/px4_msgs/msg/detail/led_control__functions.h\n'}
[1.296916] (px4_msgs) StdoutLine: {'line': b'-- Up-to-date symlink: /home/maanavjugalshah/SwarmAero/ros2_ws/install/px4_msgs/include/px4_msgs/px4_msgs/msg/detail/led_control__struct.h\n'}
[1.296992] (px4_msgs) StdoutLine: {'line': b'-- Up-to-date symlink: /home/maanavjugalshah/SwarmAero/ros2_ws/install/px4_msgs/include/px4_msgs/px4_msgs/msg/detail/led_control__type_support.h\n'}
[1.297270] (px4_msgs) StdoutLine: {'line': b'-- Up-to-date symlink: /home/maanavjugalshah/SwarmAero/ros2_ws/install/px4_msgs/include/px4_msgs/px4_msgs/msg/detail/log_message__functions.h\n'}
[1.297483] (px4_msgs) StdoutLine: {'line': b'-- Up-to-date symlink: /home/maanavjugalshah/SwarmAero/ros2_ws/install/px4_msgs/include/px4_msgs/px4_msgs/msg/detail/log_message__struct.h\n'}
[1.297837] (px4_msgs) StdoutLine: {'line': b'-- Up-to-date symlink: /home/maanavjugalshah/SwarmAero/ros2_ws/install/px4_msgs/include/px4_msgs/px4_msgs/msg/detail/log_message__type_support.h\n'}
[1.297968] (px4_msgs) StdoutLine: {'line': b'-- Up-to-date symlink: /home/maanavjugalshah/SwarmAero/ros2_ws/install/px4_msgs/include/px4_msgs/px4_msgs/msg/detail/logger_status__functions.h\n'}
[1.298400] (px4_msgs) StdoutLine: {'line': b'-- Up-to-date symlink: /home/maanavjugalshah/SwarmAero/ros2_ws/install/px4_msgs/include/px4_msgs/px4_msgs/msg/detail/logger_status__struct.h\n'}
[1.298452] (px4_msgs) StdoutLine: {'line': b'-- Up-to-date symlink: /home/maanavjugalshah/SwarmAero/ros2_ws/install/px4_msgs/include/px4_msgs/px4_msgs/msg/detail/logger_status__type_support.h\n'}
[1.298775] (px4_msgs) StdoutLine: {'line': b'-- Up-to-date symlink: /home/maanavjugalshah/SwarmAero/ros2_ws/install/px4_msgs/include/px4_msgs/px4_msgs/msg/detail/longitudinal_control_configuration__functions.h\n'}
[1.298960] (px4_msgs) StdoutLine: {'line': b'-- Up-to-date symlink: /home/maanavjugalshah/SwarmAero/ros2_ws/install/px4_msgs/include/px4_msgs/px4_msgs/msg/detail/longitudinal_control_configuration__struct.h\n'}
[1.299067] (px4_msgs) StdoutLine: {'line': b'-- Up-to-date symlink: /home/maanavjugalshah/SwarmAero/ros2_ws/install/px4_msgs/include/px4_msgs/px4_msgs/msg/detail/longitudinal_control_configuration__type_support.h\n'}
[1.299278] (px4_msgs) StdoutLine: {'line': b'-- Up-to-date symlink: /home/maanavjugalshah/SwarmAero/ros2_ws/install/px4_msgs/include/px4_msgs/px4_msgs/msg/detail/mag_worker_data__functions.h\n'}
[1.299435] (px4_msgs) StdoutLine: {'line': b'-- Up-to-date symlink: /home/maanavjugalshah/SwarmAero/ros2_ws/install/px4_msgs/include/px4_msgs/px4_msgs/msg/detail/mag_worker_data__struct.h\n'}
[1.299527] (px4_msgs) StdoutLine: {'line': b'-- Up-to-date symlink: /home/maanavjugalshah/SwarmAero/ros2_ws/install/px4_msgs/include/px4_msgs/px4_msgs/msg/detail/mag_worker_data__type_support.h\n'}
[1.299758] (px4_msgs) StdoutLine: {'line': b'-- Up-to-date symlink: /home/maanavjugalshah/SwarmAero/ros2_ws/install/px4_msgs/include/px4_msgs/px4_msgs/msg/detail/magnetometer_bias_estimate__functions.h\n'}
[1.300087] (px4_msgs) StdoutLine: {'line': b'-- Up-to-date symlink: /home/maanavjugalshah/SwarmAero/ros2_ws/install/px4_msgs/include/px4_msgs/px4_msgs/msg/detail/magnetometer_bias_estimate__struct.h\n'}
[1.300191] (px4_msgs) StdoutLine: {'line': b'-- Up-to-date symlink: /home/maanavjugalshah/SwarmAero/ros2_ws/install/px4_msgs/include/px4_msgs/px4_msgs/msg/detail/magnetometer_bias_estimate__type_support.h\n'}
[1.300334] (px4_msgs) StdoutLine: {'line': b'-- Up-to-date symlink: /home/maanavjugalshah/SwarmAero/ros2_ws/install/px4_msgs/include/px4_msgs/px4_msgs/msg/detail/manual_control_setpoint__functions.h\n'}
[1.300682] (px4_msgs) StdoutLine: {'line': b'-- Up-to-date symlink: /home/maanavjugalshah/SwarmAero/ros2_ws/install/px4_msgs/include/px4_msgs/px4_msgs/msg/detail/manual_control_setpoint__struct.h\n'}
[1.300758] (px4_msgs) StdoutLine: {'line': b'-- Up-to-date symlink: /home/maanavjugalshah/SwarmAero/ros2_ws/install/px4_msgs/include/px4_msgs/px4_msgs/msg/detail/manual_control_setpoint__type_support.h\n'}
[1.300939] (px4_msgs) StdoutLine: {'line': b'-- Up-to-date symlink: /home/maanavjugalshah/SwarmAero/ros2_ws/install/px4_msgs/include/px4_msgs/px4_msgs/msg/detail/manual_control_switches__functions.h\n'}
[1.301084] (px4_msgs) StdoutLine: {'line': b'-- Up-to-date symlink: /home/maanavjugalshah/SwarmAero/ros2_ws/install/px4_msgs/include/px4_msgs/px4_msgs/msg/detail/manual_control_switches__struct.h\n'}
[1.301172] (px4_msgs) StdoutLine: {'line': b'-- Up-to-date symlink: /home/maanavjugalshah/SwarmAero/ros2_ws/install/px4_msgs/include/px4_msgs/px4_msgs/msg/detail/manual_control_switches__type_support.h\n'}
[1.301225] (px4_msgs) StdoutLine: {'line': b'-- Up-to-date symlink: /home/maanavjugalshah/SwarmAero/ros2_ws/install/px4_msgs/include/px4_msgs/px4_msgs/msg/detail/mavlink_log__functions.h\n'}
[1.301316] (px4_msgs) StdoutLine: {'line': b'-- Up-to-date symlink: /home/maanavjugalshah/SwarmAero/ros2_ws/install/px4_msgs/include/px4_msgs/px4_msgs/msg/detail/mavlink_log__struct.h\n'}
[1.301747] (px4_msgs) StdoutLine: {'line': b'-- Up-to-date symlink: /home/maanavjugalshah/SwarmAero/ros2_ws/install/px4_msgs/include/px4_msgs/px4_msgs/msg/detail/mavlink_log__type_support.h\n'}
[1.302135] (px4_msgs) StdoutLine: {'line': b'-- Up-to-date symlink: /home/maanavjugalshah/SwarmAero/ros2_ws/install/px4_msgs/include/px4_msgs/px4_msgs/msg/detail/mavlink_tunnel__functions.h\n'}
[1.302265] (px4_msgs) StdoutLine: {'line': b'-- Up-to-date symlink: /home/maanavjugalshah/SwarmAero/ros2_ws/install/px4_msgs/include/px4_msgs/px4_msgs/msg/detail/mavlink_tunnel__struct.h\n'}
[1.302579] (px4_msgs) StdoutLine: {'line': b'-- Up-to-date symlink: /home/maanavjugalshah/SwarmAero/ros2_ws/install/px4_msgs/include/px4_msgs/px4_msgs/msg/detail/mavlink_tunnel__type_support.h\n'}
[1.303046] (-) TimerEvent: {}
[1.303272] (px4_msgs) StdoutLine: {'line': b'-- Up-to-date symlink: /home/maanavjugalshah/SwarmAero/ros2_ws/install/px4_msgs/include/px4_msgs/px4_msgs/msg/detail/message_format_request__functions.h\n'}
[1.303496] (px4_msgs) StdoutLine: {'line': b'-- Up-to-date symlink: /home/maanavjugalshah/SwarmAero/ros2_ws/install/px4_msgs/include/px4_msgs/px4_msgs/msg/detail/message_format_request__struct.h\n'}
[1.303555] (px4_msgs) StdoutLine: {'line': b'-- Up-to-date symlink: /home/maanavjugalshah/SwarmAero/ros2_ws/install/px4_msgs/include/px4_msgs/px4_msgs/msg/detail/message_format_request__type_support.h\n'}
[1.303802] (px4_msgs) StdoutLine: {'line': b'-- Up-to-date symlink: /home/maanavjugalshah/SwarmAero/ros2_ws/install/px4_msgs/include/px4_msgs/px4_msgs/msg/detail/message_format_response__functions.h\n'}
[1.303921] (px4_msgs) StdoutLine: {'line': b'-- Up-to-date symlink: /home/maanavjugalshah/SwarmAero/ros2_ws/install/px4_msgs/include/px4_msgs/px4_msgs/msg/detail/message_format_response__struct.h\n'}
[1.304147] (px4_msgs) StdoutLine: {'line': b'-- Up-to-date symlink: /home/maanavjugalshah/SwarmAero/ros2_ws/install/px4_msgs/include/px4_msgs/px4_msgs/msg/detail/message_format_response__type_support.h\n'}
[1.304261] (px4_msgs) StdoutLine: {'line': b'-- Up-to-date symlink: /home/maanavjugalshah/SwarmAero/ros2_ws/install/px4_msgs/include/px4_msgs/px4_msgs/msg/detail/mission__functions.h\n'}
[1.304366] (px4_msgs) StdoutLine: {'line': b'-- Up-to-date symlink: /home/maanavjugalshah/SwarmAero/ros2_ws/install/px4_msgs/include/px4_msgs/px4_msgs/msg/detail/mission__struct.h\n'}
[1.304581] (px4_msgs) StdoutLine: {'line': b'-- Up-to-date symlink: /home/maanavjugalshah/SwarmAero/ros2_ws/install/px4_msgs/include/px4_msgs/px4_msgs/msg/detail/mission__type_support.h\n'}
[1.304754] (px4_msgs) StdoutLine: {'line': b'-- Up-to-date symlink: /home/maanavjugalshah/SwarmAero/ros2_ws/install/px4_msgs/include/px4_msgs/px4_msgs/msg/detail/mission_result__functions.h\n'}
[1.304903] (px4_msgs) StdoutLine: {'line': b'-- Up-to-date symlink: /home/maanavjugalshah/SwarmAero/ros2_ws/install/px4_msgs/include/px4_msgs/px4_msgs/msg/detail/mission_result__struct.h\n'}
[1.304987] (px4_msgs) StdoutLine: {'line': b'-- Up-to-date symlink: /home/maanavjugalshah/SwarmAero/ros2_ws/install/px4_msgs/include/px4_msgs/px4_msgs/msg/detail/mission_result__type_support.h\n'}
[1.305090] (px4_msgs) StdoutLine: {'line': b'-- Up-to-date symlink: /home/maanavjugalshah/SwarmAero/ros2_ws/install/px4_msgs/include/px4_msgs/px4_msgs/msg/detail/mode_completed__functions.h\n'}
[1.305164] (px4_msgs) StdoutLine: {'line': b'-- Up-to-date symlink: /home/maanavjugalshah/SwarmAero/ros2_ws/install/px4_msgs/include/px4_msgs/px4_msgs/msg/detail/mode_completed__struct.h\n'}
[1.305454] (px4_msgs) StdoutLine: {'line': b'-- Up-to-date symlink: /home/maanavjugalshah/SwarmAero/ros2_ws/install/px4_msgs/include/px4_msgs/px4_msgs/msg/detail/mode_completed__type_support.h\n'}
[1.305797] (px4_msgs) StdoutLine: {'line': b'-- Up-to-date symlink: /home/maanavjugalshah/SwarmAero/ros2_ws/install/px4_msgs/include/px4_msgs/px4_msgs/msg/detail/mount_orientation__functions.h\n'}
[1.306077] (px4_msgs) StdoutLine: {'line': b'-- Up-to-date symlink: /home/maanavjugalshah/SwarmAero/ros2_ws/install/px4_msgs/include/px4_msgs/px4_msgs/msg/detail/mount_orientation__struct.h\n'}
[1.306193] (px4_msgs) StdoutLine: {'line': b'-- Up-to-date symlink: /home/maanavjugalshah/SwarmAero/ros2_ws/install/px4_msgs/include/px4_msgs/px4_msgs/msg/detail/mount_orientation__type_support.h\n'}
[1.306751] (px4_msgs) StdoutLine: {'line': b'-- Up-to-date symlink: /home/maanavjugalshah/SwarmAero/ros2_ws/install/px4_msgs/include/px4_msgs/px4_msgs/msg/detail/navigator_mission_item__functions.h\n'}
[1.306856] (px4_msgs) StdoutLine: {'line': b'-- Up-to-date symlink: /home/maanavjugalshah/SwarmAero/ros2_ws/install/px4_msgs/include/px4_msgs/px4_msgs/msg/detail/navigator_mission_item__struct.h\n'}
[1.307049] (px4_msgs) StdoutLine: {'line': b'-- Up-to-date symlink: /home/maanavjugalshah/SwarmAero/ros2_ws/install/px4_msgs/include/px4_msgs/px4_msgs/msg/detail/navigator_mission_item__type_support.h\n'}
[1.307155] (px4_msgs) StdoutLine: {'line': b'-- Up-to-date symlink: /home/maanavjugalshah/SwarmAero/ros2_ws/install/px4_msgs/include/px4_msgs/px4_msgs/msg/detail/navigator_status__functions.h\n'}
[1.307442] (px4_msgs) StdoutLine: {'line': b'-- Up-to-date symlink: /home/maanavjugalshah/SwarmAero/ros2_ws/install/px4_msgs/include/px4_msgs/px4_msgs/msg/detail/navigator_status__struct.h\n'}
[1.307786] (px4_msgs) StdoutLine: {'line': b'-- Up-to-date symlink: /home/maanavjugalshah/SwarmAero/ros2_ws/install/px4_msgs/include/px4_msgs/px4_msgs/msg/detail/navigator_status__type_support.h\n'}
[1.307943] (px4_msgs) StdoutLine: {'line': b'-- Up-to-date symlink: /home/maanavjugalshah/SwarmAero/ros2_ws/install/px4_msgs/include/px4_msgs/px4_msgs/msg/detail/neural_control__functions.h\n'}
[1.308245] (px4_msgs) StdoutLine: {'line': b'-- Up-to-date symlink: /home/maanavjugalshah/SwarmAero/ros2_ws/install/px4_msgs/include/px4_msgs/px4_msgs/msg/detail/neural_control__struct.h\n'}
[1.308528] (px4_msgs) StdoutLine: {'line': b'-- Up-to-date symlink: /home/maanavjugalshah/SwarmAero/ros2_ws/install/px4_msgs/include/px4_msgs/px4_msgs/msg/detail/neural_control__type_support.h\n'}
[1.308777] (px4_msgs) StdoutLine: {'line': b'-- Up-to-date symlink: /home/maanavjugalshah/SwarmAero/ros2_ws/install/px4_msgs/include/px4_msgs/px4_msgs/msg/detail/normalized_unsigned_setpoint__functions.h\n'}
[1.308825] (px4_msgs) StdoutLine: {'line': b'-- Up-to-date symlink: /home/maanavjugalshah/SwarmAero/ros2_ws/install/px4_msgs/include/px4_msgs/px4_msgs/msg/detail/normalized_unsigned_setpoint__struct.h\n'}
[1.309136] (px4_msgs) StdoutLine: {'line': b'-- Up-to-date symlink: /home/maanavjugalshah/SwarmAero/ros2_ws/install/px4_msgs/include/px4_msgs/px4_msgs/msg/detail/normalized_unsigned_setpoint__type_support.h\n'}
[1.309374] (px4_msgs) StdoutLine: {'line': b'-- Up-to-date symlink: /home/maanavjugalshah/SwarmAero/ros2_ws/install/px4_msgs/include/px4_msgs/px4_msgs/msg/detail/obstacle_distance__functions.h\n'}
[1.309466] (px4_msgs) StdoutLine: {'line': b'-- Up-to-date symlink: /home/maanavjugalshah/SwarmAero/ros2_ws/install/px4_msgs/include/px4_msgs/px4_msgs/msg/detail/obstacle_distance__struct.h\n'}
[1.309761] (px4_msgs) StdoutLine: {'line': b'-- Up-to-date symlink: /home/maanavjugalshah/SwarmAero/ros2_ws/install/px4_msgs/include/px4_msgs/px4_msgs/msg/detail/obstacle_distance__type_support.h\n'}
[1.310570] (px4_msgs) StdoutLine: {'line': b'-- Up-to-date symlink: /home/maanavjugalshah/SwarmAero/ros2_ws/install/px4_msgs/include/px4_msgs/px4_msgs/msg/detail/offboard_control_mode__functions.h\n'}
[1.311056] (px4_msgs) StdoutLine: {'line': b'-- Up-to-date symlink: /home/maanavjugalshah/SwarmAero/ros2_ws/install/px4_msgs/include/px4_msgs/px4_msgs/msg/detail/offboard_control_mode__struct.h\n'}
[1.311520] (px4_msgs) StdoutLine: {'line': b'-- Up-to-date symlink: /home/maanavjugalshah/SwarmAero/ros2_ws/install/px4_msgs/include/px4_msgs/px4_msgs/msg/detail/offboard_control_mode__type_support.h\n'}
[1.312112] (px4_msgs) StdoutLine: {'line': b'-- Up-to-date symlink: /home/maanavjugalshah/SwarmAero/ros2_ws/install/px4_msgs/include/px4_msgs/px4_msgs/msg/detail/onboard_computer_status__functions.h\n'}
[1.312359] (px4_msgs) StdoutLine: {'line': b'-- Up-to-date symlink: /home/maanavjugalshah/SwarmAero/ros2_ws/install/px4_msgs/include/px4_msgs/px4_msgs/msg/detail/onboard_computer_status__struct.h\n'}
[1.312573] (px4_msgs) StdoutLine: {'line': b'-- Up-to-date symlink: /home/maanavjugalshah/SwarmAero/ros2_ws/install/px4_msgs/include/px4_msgs/px4_msgs/msg/detail/onboard_computer_status__type_support.h\n'}
[1.312656] (px4_msgs) StdoutLine: {'line': b'-- Up-to-date symlink: /home/maanavjugalshah/SwarmAero/ros2_ws/install/px4_msgs/include/px4_msgs/px4_msgs/msg/detail/open_drone_id_arm_status__functions.h\n'}
[1.312742] (px4_msgs) StdoutLine: {'line': b'-- Up-to-date symlink: /home/maanavjugalshah/SwarmAero/ros2_ws/install/px4_msgs/include/px4_msgs/px4_msgs/msg/detail/open_drone_id_arm_status__struct.h\n'}
[1.312829] (px4_msgs) StdoutLine: {'line': b'-- Up-to-date symlink: /home/maanavjugalshah/SwarmAero/ros2_ws/install/px4_msgs/include/px4_msgs/px4_msgs/msg/detail/open_drone_id_arm_status__type_support.h\n'}
[1.313119] (px4_msgs) StdoutLine: {'line': b'-- Up-to-date symlink: /home/maanavjugalshah/SwarmAero/ros2_ws/install/px4_msgs/include/px4_msgs/px4_msgs/msg/detail/open_drone_id_operator_id__functions.h\n'}
[1.313353] (px4_msgs) StdoutLine: {'line': b'-- Up-to-date symlink: /home/maanavjugalshah/SwarmAero/ros2_ws/install/px4_msgs/include/px4_msgs/px4_msgs/msg/detail/open_drone_id_operator_id__struct.h\n'}
[1.313557] (px4_msgs) StdoutLine: {'line': b'-- Up-to-date symlink: /home/maanavjugalshah/SwarmAero/ros2_ws/install/px4_msgs/include/px4_msgs/px4_msgs/msg/detail/open_drone_id_operator_id__type_support.h\n'}
[1.313755] (px4_msgs) StdoutLine: {'line': b'-- Up-to-date symlink: /home/maanavjugalshah/SwarmAero/ros2_ws/install/px4_msgs/include/px4_msgs/px4_msgs/msg/detail/open_drone_id_self_id__functions.h\n'}
[1.313844] (px4_msgs) StdoutLine: {'line': b'-- Up-to-date symlink: /home/maanavjugalshah/SwarmAero/ros2_ws/install/px4_msgs/include/px4_msgs/px4_msgs/msg/detail/open_drone_id_self_id__struct.h\n'}
[1.314013] (px4_msgs) StdoutLine: {'line': b'-- Up-to-date symlink: /home/maanavjugalshah/SwarmAero/ros2_ws/install/px4_msgs/include/px4_msgs/px4_msgs/msg/detail/open_drone_id_self_id__type_support.h\n'}
[1.314146] (px4_msgs) StdoutLine: {'line': b'-- Up-to-date symlink: /home/maanavjugalshah/SwarmAero/ros2_ws/install/px4_msgs/include/px4_msgs/px4_msgs/msg/detail/open_drone_id_system__functions.h\n'}
[1.314541] (px4_msgs) StdoutLine: {'line': b'-- Up-to-date symlink: /home/maanavjugalshah/SwarmAero/ros2_ws/install/px4_msgs/include/px4_msgs/px4_msgs/msg/detail/open_drone_id_system__struct.h\n'}
[1.314917] (px4_msgs) StdoutLine: {'line': b'-- Up-to-date symlink: /home/maanavjugalshah/SwarmAero/ros2_ws/install/px4_msgs/include/px4_msgs/px4_msgs/msg/detail/open_drone_id_system__type_support.h\n'}
[1.315054] (px4_msgs) StdoutLine: {'line': b'-- Up-to-date symlink: /home/maanavjugalshah/SwarmAero/ros2_ws/install/px4_msgs/include/px4_msgs/px4_msgs/msg/detail/orb_test__functions.h\n'}
[1.315159] (px4_msgs) StdoutLine: {'line': b'-- Up-to-date symlink: /home/maanavjugalshah/SwarmAero/ros2_ws/install/px4_msgs/include/px4_msgs/px4_msgs/msg/detail/orb_test__struct.h\n'}
[1.315444] (px4_msgs) StdoutLine: {'line': b'-- Up-to-date symlink: /home/maanavjugalshah/SwarmAero/ros2_ws/install/px4_msgs/include/px4_msgs/px4_msgs/msg/detail/orb_test__type_support.h\n'}
[1.315598] (px4_msgs) StdoutLine: {'line': b'-- Up-to-date symlink: /home/maanavjugalshah/SwarmAero/ros2_ws/install/px4_msgs/include/px4_msgs/px4_msgs/msg/detail/orb_test_large__functions.h\n'}
[1.315788] (px4_msgs) StdoutLine: {'line': b'-- Up-to-date symlink: /home/maanavjugalshah/SwarmAero/ros2_ws/install/px4_msgs/include/px4_msgs/px4_msgs/msg/detail/orb_test_large__struct.h\n'}
[1.315883] (px4_msgs) StdoutLine: {'line': b'-- Up-to-date symlink: /home/maanavjugalshah/SwarmAero/ros2_ws/install/px4_msgs/include/px4_msgs/px4_msgs/msg/detail/orb_test_large__type_support.h\n'}
[1.316089] (px4_msgs) StdoutLine: {'line': b'-- Up-to-date symlink: /home/maanavjugalshah/SwarmAero/ros2_ws/install/px4_msgs/include/px4_msgs/px4_msgs/msg/detail/orb_test_medium__functions.h\n'}
[1.316217] (px4_msgs) StdoutLine: {'line': b'-- Up-to-date symlink: /home/maanavjugalshah/SwarmAero/ros2_ws/install/px4_msgs/include/px4_msgs/px4_msgs/msg/detail/orb_test_medium__struct.h\n'}
[1.316322] (px4_msgs) StdoutLine: {'line': b'-- Up-to-date symlink: /home/maanavjugalshah/SwarmAero/ros2_ws/install/px4_msgs/include/px4_msgs/px4_msgs/msg/detail/orb_test_medium__type_support.h\n'}
[1.316424] (px4_msgs) StdoutLine: {'line': b'-- Up-to-date symlink: /home/maanavjugalshah/SwarmAero/ros2_ws/install/px4_msgs/include/px4_msgs/px4_msgs/msg/detail/orbit_status__functions.h\n'}
[1.316626] (px4_msgs) StdoutLine: {'line': b'-- Up-to-date symlink: /home/maanavjugalshah/SwarmAero/ros2_ws/install/px4_msgs/include/px4_msgs/px4_msgs/msg/detail/orbit_status__struct.h\n'}
[1.316706] (px4_msgs) StdoutLine: {'line': b'-- Up-to-date symlink: /home/maanavjugalshah/SwarmAero/ros2_ws/install/px4_msgs/include/px4_msgs/px4_msgs/msg/detail/orbit_status__type_support.h\n'}
[1.316828] (px4_msgs) StdoutLine: {'line': b'-- Up-to-date symlink: /home/maanavjugalshah/SwarmAero/ros2_ws/install/px4_msgs/include/px4_msgs/px4_msgs/msg/detail/parameter_reset_request__functions.h\n'}
[1.316927] (px4_msgs) StdoutLine: {'line': b'-- Up-to-date symlink: /home/maanavjugalshah/SwarmAero/ros2_ws/install/px4_msgs/include/px4_msgs/px4_msgs/msg/detail/parameter_reset_request__struct.h\n'}
[1.317043] (px4_msgs) StdoutLine: {'line': b'-- Up-to-date symlink: /home/maanavjugalshah/SwarmAero/ros2_ws/install/px4_msgs/include/px4_msgs/px4_msgs/msg/detail/parameter_reset_request__type_support.h\n'}
[1.317251] (px4_msgs) StdoutLine: {'line': b'-- Up-to-date symlink: /home/maanavjugalshah/SwarmAero/ros2_ws/install/px4_msgs/include/px4_msgs/px4_msgs/msg/detail/parameter_set_used_request__functions.h\n'}
[1.317391] (px4_msgs) StdoutLine: {'line': b'-- Up-to-date symlink: /home/maanavjugalshah/SwarmAero/ros2_ws/install/px4_msgs/include/px4_msgs/px4_msgs/msg/detail/parameter_set_used_request__struct.h\n'}
[1.317464] (px4_msgs) StdoutLine: {'line': b'-- Up-to-date symlink: /home/maanavjugalshah/SwarmAero/ros2_ws/install/px4_msgs/include/px4_msgs/px4_msgs/msg/detail/parameter_set_used_request__type_support.h\n'}
[1.317619] (px4_msgs) StdoutLine: {'line': b'-- Up-to-date symlink: /home/maanavjugalshah/SwarmAero/ros2_ws/install/px4_msgs/include/px4_msgs/px4_msgs/msg/detail/parameter_set_value_request__functions.h\n'}
[1.317666] (px4_msgs) StdoutLine: {'line': b'-- Up-to-date symlink: /home/maanavjugalshah/SwarmAero/ros2_ws/install/px4_msgs/include/px4_msgs/px4_msgs/msg/detail/parameter_set_value_request__struct.h\n'}
[1.317778] (px4_msgs) StdoutLine: {'line': b'-- Up-to-date symlink: /home/maanavjugalshah/SwarmAero/ros2_ws/install/px4_msgs/include/px4_msgs/px4_msgs/msg/detail/parameter_set_value_request__type_support.h\n'}
[1.317896] (px4_msgs) StdoutLine: {'line': b'-- Up-to-date symlink: /home/maanavjugalshah/SwarmAero/ros2_ws/install/px4_msgs/include/px4_msgs/px4_msgs/msg/detail/parameter_set_value_response__functions.h\n'}
[1.318114] (px4_msgs) StdoutLine: {'line': b'-- Up-to-date symlink: /home/maanavjugalshah/SwarmAero/ros2_ws/install/px4_msgs/include/px4_msgs/px4_msgs/msg/detail/parameter_set_value_response__struct.h\n'}
[1.318221] (px4_msgs) StdoutLine: {'line': b'-- Up-to-date symlink: /home/maanavjugalshah/SwarmAero/ros2_ws/install/px4_msgs/include/px4_msgs/px4_msgs/msg/detail/parameter_set_value_response__type_support.h\n'}
[1.318696] (px4_msgs) StdoutLine: {'line': b'-- Up-to-date symlink: /home/maanavjugalshah/SwarmAero/ros2_ws/install/px4_msgs/include/px4_msgs/px4_msgs/msg/detail/parameter_update__functions.h\n'}
[1.318753] (px4_msgs) StdoutLine: {'line': b'-- Up-to-date symlink: /home/maanavjugalshah/SwarmAero/ros2_ws/install/px4_msgs/include/px4_msgs/px4_msgs/msg/detail/parameter_update__struct.h\n'}
[1.318794] (px4_msgs) StdoutLine: {'line': b'-- Up-to-date symlink: /home/maanavjugalshah/SwarmAero/ros2_ws/install/px4_msgs/include/px4_msgs/px4_msgs/msg/detail/parameter_update__type_support.h\n'}
[1.318916] (px4_msgs) StdoutLine: {'line': b'-- Up-to-date symlink: /home/maanavjugalshah/SwarmAero/ros2_ws/install/px4_msgs/include/px4_msgs/px4_msgs/msg/detail/ping__functions.h\n'}
[1.319091] (px4_msgs) StdoutLine: {'line': b'-- Up-to-date symlink: /home/maanavjugalshah/SwarmAero/ros2_ws/install/px4_msgs/include/px4_msgs/px4_msgs/msg/detail/ping__struct.h\n'}
[1.319173] (px4_msgs) StdoutLine: {'line': b'-- Up-to-date symlink: /home/maanavjugalshah/SwarmAero/ros2_ws/install/px4_msgs/include/px4_msgs/px4_msgs/msg/detail/ping__type_support.h\n'}
[1.319429] (px4_msgs) StdoutLine: {'line': b'-- Up-to-date symlink: /home/maanavjugalshah/SwarmAero/ros2_ws/install/px4_msgs/include/px4_msgs/px4_msgs/msg/detail/position_controller_landing_status__functions.h\n'}
[1.319523] (px4_msgs) StdoutLine: {'line': b'-- Up-to-date symlink: /home/maanavjugalshah/SwarmAero/ros2_ws/install/px4_msgs/include/px4_msgs/px4_msgs/msg/detail/position_controller_landing_status__struct.h\n'}
[1.319662] (px4_msgs) StdoutLine: {'line': b'-- Up-to-date symlink: /home/maanavjugalshah/SwarmAero/ros2_ws/install/px4_msgs/include/px4_msgs/px4_msgs/msg/detail/position_controller_landing_status__type_support.h\n'}
[1.319755] (px4_msgs) StdoutLine: {'line': b'-- Up-to-date symlink: /home/maanavjugalshah/SwarmAero/ros2_ws/install/px4_msgs/include/px4_msgs/px4_msgs/msg/detail/position_controller_status__functions.h\n'}
[1.319892] (px4_msgs) StdoutLine: {'line': b'-- Up-to-date symlink: /home/maanavjugalshah/SwarmAero/ros2_ws/install/px4_msgs/include/px4_msgs/px4_msgs/msg/detail/position_controller_status__struct.h\n'}
[1.320240] (px4_msgs) StdoutLine: {'line': b'-- Up-to-date symlink: /home/maanavjugalshah/SwarmAero/ros2_ws/install/px4_msgs/include/px4_msgs/px4_msgs/msg/detail/position_controller_status__type_support.h\n'}
[1.320357] (px4_msgs) StdoutLine: {'line': b'-- Up-to-date symlink: /home/maanavjugalshah/SwarmAero/ros2_ws/install/px4_msgs/include/px4_msgs/px4_msgs/msg/detail/position_setpoint__functions.h\n'}
[1.320432] (px4_msgs) StdoutLine: {'line': b'-- Up-to-date symlink: /home/maanavjugalshah/SwarmAero/ros2_ws/install/px4_msgs/include/px4_msgs/px4_msgs/msg/detail/position_setpoint__struct.h\n'}
[1.320536] (px4_msgs) StdoutLine: {'line': b'-- Up-to-date symlink: /home/maanavjugalshah/SwarmAero/ros2_ws/install/px4_msgs/include/px4_msgs/px4_msgs/msg/detail/position_setpoint__type_support.h\n'}
[1.320783] (px4_msgs) StdoutLine: {'line': b'-- Up-to-date symlink: /home/maanavjugalshah/SwarmAero/ros2_ws/install/px4_msgs/include/px4_msgs/px4_msgs/msg/detail/position_setpoint_triplet__functions.h\n'}
[1.320879] (px4_msgs) StdoutLine: {'line': b'-- Up-to-date symlink: /home/maanavjugalshah/SwarmAero/ros2_ws/install/px4_msgs/include/px4_msgs/px4_msgs/msg/detail/position_setpoint_triplet__struct.h\n'}
[1.320971] (px4_msgs) StdoutLine: {'line': b'-- Up-to-date symlink: /home/maanavjugalshah/SwarmAero/ros2_ws/install/px4_msgs/include/px4_msgs/px4_msgs/msg/detail/position_setpoint_triplet__type_support.h\n'}
[1.321154] (px4_msgs) StdoutLine: {'line': b'-- Up-to-date symlink: /home/maanavjugalshah/SwarmAero/ros2_ws/install/px4_msgs/include/px4_msgs/px4_msgs/msg/detail/power_button_state__functions.h\n'}
[1.321196] (px4_msgs) StdoutLine: {'line': b'-- Up-to-date symlink: /home/maanavjugalshah/SwarmAero/ros2_ws/install/px4_msgs/include/px4_msgs/px4_msgs/msg/detail/power_button_state__struct.h\n'}
[1.321264] (px4_msgs) StdoutLine: {'line': b'-- Up-to-date symlink: /home/maanavjugalshah/SwarmAero/ros2_ws/install/px4_msgs/include/px4_msgs/px4_msgs/msg/detail/power_button_state__type_support.h\n'}
[1.321696] (px4_msgs) StdoutLine: {'line': b'-- Up-to-date symlink: /home/maanavjugalshah/SwarmAero/ros2_ws/install/px4_msgs/include/px4_msgs/px4_msgs/msg/detail/power_monitor__functions.h\n'}
[1.321815] (px4_msgs) StdoutLine: {'line': b'-- Up-to-date symlink: /home/maanavjugalshah/SwarmAero/ros2_ws/install/px4_msgs/include/px4_msgs/px4_msgs/msg/detail/power_monitor__struct.h\n'}
[1.322361] (px4_msgs) StdoutLine: {'line': b'-- Up-to-date symlink: /home/maanavjugalshah/SwarmAero/ros2_ws/install/px4_msgs/include/px4_msgs/px4_msgs/msg/detail/power_monitor__type_support.h\n'}
[1.322632] (px4_msgs) StdoutLine: {'line': b'-- Up-to-date symlink: /home/maanavjugalshah/SwarmAero/ros2_ws/install/px4_msgs/include/px4_msgs/px4_msgs/msg/detail/pps_capture__functions.h\n'}
[1.322740] (px4_msgs) StdoutLine: {'line': b'-- Up-to-date symlink: /home/maanavjugalshah/SwarmAero/ros2_ws/install/px4_msgs/include/px4_msgs/px4_msgs/msg/detail/pps_capture__struct.h\n'}
[1.322815] (px4_msgs) StdoutLine: {'line': b'-- Up-to-date symlink: /home/maanavjugalshah/SwarmAero/ros2_ws/install/px4_msgs/include/px4_msgs/px4_msgs/msg/detail/pps_capture__type_support.h\n'}
[1.322945] (px4_msgs) StdoutLine: {'line': b'-- Up-to-date symlink: /home/maanavjugalshah/SwarmAero/ros2_ws/install/px4_msgs/include/px4_msgs/px4_msgs/msg/detail/pure_pursuit_status__functions.h\n'}
[1.323279] (px4_msgs) StdoutLine: {'line': b'-- Up-to-date symlink: /home/maanavjugalshah/SwarmAero/ros2_ws/install/px4_msgs/include/px4_msgs/px4_msgs/msg/detail/pure_pursuit_status__struct.h\n'}
[1.323417] (px4_msgs) StdoutLine: {'line': b'-- Up-to-date symlink: /home/maanavjugalshah/SwarmAero/ros2_ws/install/px4_msgs/include/px4_msgs/px4_msgs/msg/detail/pure_pursuit_status__type_support.h\n'}
[1.323469] (px4_msgs) StdoutLine: {'line': b'-- Up-to-date symlink: /home/maanavjugalshah/SwarmAero/ros2_ws/install/px4_msgs/include/px4_msgs/px4_msgs/msg/detail/pwm_input__functions.h\n'}
[1.323519] (px4_msgs) StdoutLine: {'line': b'-- Up-to-date symlink: /home/maanavjugalshah/SwarmAero/ros2_ws/install/px4_msgs/include/px4_msgs/px4_msgs/msg/detail/pwm_input__struct.h\n'}
[1.323762] (px4_msgs) StdoutLine: {'line': b'-- Up-to-date symlink: /home/maanavjugalshah/SwarmAero/ros2_ws/install/px4_msgs/include/px4_msgs/px4_msgs/msg/detail/pwm_input__type_support.h\n'}
[1.323868] (px4_msgs) StdoutLine: {'line': b'-- Up-to-date symlink: /home/maanavjugalshah/SwarmAero/ros2_ws/install/px4_msgs/include/px4_msgs/px4_msgs/msg/detail/px4io_status__functions.h\n'}
[1.324149] (px4_msgs) StdoutLine: {'line': b'-- Up-to-date symlink: /home/maanavjugalshah/SwarmAero/ros2_ws/install/px4_msgs/include/px4_msgs/px4_msgs/msg/detail/px4io_status__struct.h\n'}
[1.324386] (px4_msgs) StdoutLine: {'line': b'-- Up-to-date symlink: /home/maanavjugalshah/SwarmAero/ros2_ws/install/px4_msgs/include/px4_msgs/px4_msgs/msg/detail/px4io_status__type_support.h\n'}
[1.324603] (px4_msgs) StdoutLine: {'line': b'-- Up-to-date symlink: /home/maanavjugalshah/SwarmAero/ros2_ws/install/px4_msgs/include/px4_msgs/px4_msgs/msg/detail/qshell_req__functions.h\n'}
[1.324841] (px4_msgs) StdoutLine: {'line': b'-- Up-to-date symlink: /home/maanavjugalshah/SwarmAero/ros2_ws/install/px4_msgs/include/px4_msgs/px4_msgs/msg/detail/qshell_req__struct.h\n'}
[1.325042] (px4_msgs) StdoutLine: {'line': b'-- Up-to-date symlink: /home/maanavjugalshah/SwarmAero/ros2_ws/install/px4_msgs/include/px4_msgs/px4_msgs/msg/detail/qshell_req__type_support.h\n'}
[1.325488] (px4_msgs) StdoutLine: {'line': b'-- Up-to-date symlink: /home/maanavjugalshah/SwarmAero/ros2_ws/install/px4_msgs/include/px4_msgs/px4_msgs/msg/detail/qshell_retval__functions.h\n'}
[1.325545] (px4_msgs) StdoutLine: {'line': b'-- Up-to-date symlink: /home/maanavjugalshah/SwarmAero/ros2_ws/install/px4_msgs/include/px4_msgs/px4_msgs/msg/detail/qshell_retval__struct.h\n'}
[1.325588] (px4_msgs) StdoutLine: {'line': b'-- Up-to-date symlink: /home/maanavjugalshah/SwarmAero/ros2_ws/install/px4_msgs/include/px4_msgs/px4_msgs/msg/detail/qshell_retval__type_support.h\n'}
[1.326163] (px4_msgs) StdoutLine: {'line': b'-- Up-to-date symlink: /home/maanavjugalshah/SwarmAero/ros2_ws/install/px4_msgs/include/px4_msgs/px4_msgs/msg/detail/radio_status__functions.h\n'}
[1.326422] (px4_msgs) StdoutLine: {'line': b'-- Up-to-date symlink: /home/maanavjugalshah/SwarmAero/ros2_ws/install/px4_msgs/include/px4_msgs/px4_msgs/msg/detail/radio_status__struct.h\n'}
[1.326843] (px4_msgs) StdoutLine: {'line': b'-- Up-to-date symlink: /home/maanavjugalshah/SwarmAero/ros2_ws/install/px4_msgs/include/px4_msgs/px4_msgs/msg/detail/radio_status__type_support.h\n'}
[1.327032] (px4_msgs) StdoutLine: {'line': b'-- Up-to-date symlink: /home/maanavjugalshah/SwarmAero/ros2_ws/install/px4_msgs/include/px4_msgs/px4_msgs/msg/detail/ranging_beacon__functions.h\n'}
[1.327113] (px4_msgs) StdoutLine: {'line': b'-- Up-to-date symlink: /home/maanavjugalshah/SwarmAero/ros2_ws/install/px4_msgs/include/px4_msgs/px4_msgs/msg/detail/ranging_beacon__struct.h\n'}
[1.327329] (px4_msgs) StdoutLine: {'line': b'-- Up-to-date symlink: /home/maanavjugalshah/SwarmAero/ros2_ws/install/px4_msgs/include/px4_msgs/px4_msgs/msg/detail/ranging_beacon__type_support.h\n'}
[1.327612] (px4_msgs) StdoutLine: {'line': b'-- Up-to-date symlink: /home/maanavjugalshah/SwarmAero/ros2_ws/install/px4_msgs/include/px4_msgs/px4_msgs/msg/detail/raptor_input__functions.h\n'}
[1.327689] (px4_msgs) StdoutLine: {'line': b'-- Up-to-date symlink: /home/maanavjugalshah/SwarmAero/ros2_ws/install/px4_msgs/include/px4_msgs/px4_msgs/msg/detail/raptor_input__struct.h\n'}
[1.327896] (px4_msgs) StdoutLine: {'line': b'-- Up-to-date symlink: /home/maanavjugalshah/SwarmAero/ros2_ws/install/px4_msgs/include/px4_msgs/px4_msgs/msg/detail/raptor_input__type_support.h\n'}
[1.328076] (px4_msgs) StdoutLine: {'line': b'-- Up-to-date symlink: /home/maanavjugalshah/SwarmAero/ros2_ws/install/px4_msgs/include/px4_msgs/px4_msgs/msg/detail/raptor_status__functions.h\n'}
[1.328411] (px4_msgs) StdoutLine: {'line': b'-- Up-to-date symlink: /home/maanavjugalshah/SwarmAero/ros2_ws/install/px4_msgs/include/px4_msgs/px4_msgs/msg/detail/raptor_status__struct.h\n'}
[1.328551] (px4_msgs) StdoutLine: {'line': b'-- Up-to-date symlink: /home/maanavjugalshah/SwarmAero/ros2_ws/install/px4_msgs/include/px4_msgs/px4_msgs/msg/detail/raptor_status__type_support.h\n'}
[1.328630] (px4_msgs) StdoutLine: {'line': b'-- Up-to-date symlink: /home/maanavjugalshah/SwarmAero/ros2_ws/install/px4_msgs/include/px4_msgs/px4_msgs/msg/detail/rate_ctrl_status__functions.h\n'}
[1.328705] (px4_msgs) StdoutLine: {'line': b'-- Up-to-date symlink: /home/maanavjugalshah/SwarmAero/ros2_ws/install/px4_msgs/include/px4_msgs/px4_msgs/msg/detail/rate_ctrl_status__struct.h\n'}
[1.328795] (px4_msgs) StdoutLine: {'line': b'-- Up-to-date symlink: /home/maanavjugalshah/SwarmAero/ros2_ws/install/px4_msgs/include/px4_msgs/px4_msgs/msg/detail/rate_ctrl_status__type_support.h\n'}
[1.328883] (px4_msgs) StdoutLine: {'line': b'-- Up-to-date symlink: /home/maanavjugalshah/SwarmAero/ros2_ws/install/px4_msgs/include/px4_msgs/px4_msgs/msg/detail/rc_channels__functions.h\n'}
[1.329378] (px4_msgs) StdoutLine: {'line': b'-- Up-to-date symlink: /home/maanavjugalshah/SwarmAero/ros2_ws/install/px4_msgs/include/px4_msgs/px4_msgs/msg/detail/rc_channels__struct.h\n'}
[1.329795] (px4_msgs) StdoutLine: {'line': b'-- Up-to-date symlink: /home/maanavjugalshah/SwarmAero/ros2_ws/install/px4_msgs/include/px4_msgs/px4_msgs/msg/detail/rc_channels__type_support.h\n'}
[1.330339] (px4_msgs) StdoutLine: {'line': b'-- Up-to-date symlink: /home/maanavjugalshah/SwarmAero/ros2_ws/install/px4_msgs/include/px4_msgs/px4_msgs/msg/detail/rc_parameter_map__functions.h\n'}
[1.330744] (px4_msgs) StdoutLine: {'line': b'-- Up-to-date symlink: /home/maanavjugalshah/SwarmAero/ros2_ws/install/px4_msgs/include/px4_msgs/px4_msgs/msg/detail/rc_parameter_map__struct.h\n'}
[1.330991] (px4_msgs) StdoutLine: {'line': b'-- Up-to-date symlink: /home/maanavjugalshah/SwarmAero/ros2_ws/install/px4_msgs/include/px4_msgs/px4_msgs/msg/detail/rc_parameter_map__type_support.h\n'}
[1.331096] (px4_msgs) StdoutLine: {'line': b'-- Up-to-date symlink: /home/maanavjugalshah/SwarmAero/ros2_ws/install/px4_msgs/include/px4_msgs/px4_msgs/msg/detail/register_ext_component_reply__functions.h\n'}
[1.331187] (px4_msgs) StdoutLine: {'line': b'-- Up-to-date symlink: /home/maanavjugalshah/SwarmAero/ros2_ws/install/px4_msgs/include/px4_msgs/px4_msgs/msg/detail/register_ext_component_reply__struct.h\n'}
[1.331275] (px4_msgs) StdoutLine: {'line': b'-- Up-to-date symlink: /home/maanavjugalshah/SwarmAero/ros2_ws/install/px4_msgs/include/px4_msgs/px4_msgs/msg/detail/register_ext_component_reply__type_support.h\n'}
[1.331505] (px4_msgs) StdoutLine: {'line': b'-- Up-to-date symlink: /home/maanavjugalshah/SwarmAero/ros2_ws/install/px4_msgs/include/px4_msgs/px4_msgs/msg/detail/register_ext_component_request__functions.h\n'}
[1.331795] (px4_msgs) StdoutLine: {'line': b'-- Up-to-date symlink: /home/maanavjugalshah/SwarmAero/ros2_ws/install/px4_msgs/include/px4_msgs/px4_msgs/msg/detail/register_ext_component_request__struct.h\n'}
[1.331919] (px4_msgs) StdoutLine: {'line': b'-- Up-to-date symlink: /home/maanavjugalshah/SwarmAero/ros2_ws/install/px4_msgs/include/px4_msgs/px4_msgs/msg/detail/register_ext_component_request__type_support.h\n'}
[1.332036] (px4_msgs) StdoutLine: {'line': b'-- Up-to-date symlink: /home/maanavjugalshah/SwarmAero/ros2_ws/install/px4_msgs/include/px4_msgs/px4_msgs/msg/detail/rover_attitude_setpoint__functions.h\n'}
[1.332274] (px4_msgs) StdoutLine: {'line': b'-- Up-to-date symlink: /home/maanavjugalshah/SwarmAero/ros2_ws/install/px4_msgs/include/px4_msgs/px4_msgs/msg/detail/rover_attitude_setpoint__struct.h\n'}
[1.332475] (px4_msgs) StdoutLine: {'line': b'-- Up-to-date symlink: /home/maanavjugalshah/SwarmAero/ros2_ws/install/px4_msgs/include/px4_msgs/px4_msgs/msg/detail/rover_attitude_setpoint__type_support.h\n'}
[1.332585] (px4_msgs) StdoutLine: {'line': b'-- Up-to-date symlink: /home/maanavjugalshah/SwarmAero/ros2_ws/install/px4_msgs/include/px4_msgs/px4_msgs/msg/detail/rover_attitude_status__functions.h\n'}
[1.332705] (px4_msgs) StdoutLine: {'line': b'-- Up-to-date symlink: /home/maanavjugalshah/SwarmAero/ros2_ws/install/px4_msgs/include/px4_msgs/px4_msgs/msg/detail/rover_attitude_status__struct.h\n'}
[1.332859] (px4_msgs) StdoutLine: {'line': b'-- Up-to-date symlink: /home/maanavjugalshah/SwarmAero/ros2_ws/install/px4_msgs/include/px4_msgs/px4_msgs/msg/detail/rover_attitude_status__type_support.h\n'}
[1.333017] (px4_msgs) StdoutLine: {'line': b'-- Up-to-date symlink: /home/maanavjugalshah/SwarmAero/ros2_ws/install/px4_msgs/include/px4_msgs/px4_msgs/msg/detail/rover_position_setpoint__functions.h\n'}
[1.333255] (px4_msgs) StdoutLine: {'line': b'-- Up-to-date symlink: /home/maanavjugalshah/SwarmAero/ros2_ws/install/px4_msgs/include/px4_msgs/px4_msgs/msg/detail/rover_position_setpoint__struct.h\n'}
[1.333347] (px4_msgs) StdoutLine: {'line': b'-- Up-to-date symlink: /home/maanavjugalshah/SwarmAero/ros2_ws/install/px4_msgs/include/px4_msgs/px4_msgs/msg/detail/rover_position_setpoint__type_support.h\n'}
[1.333439] (px4_msgs) StdoutLine: {'line': b'-- Up-to-date symlink: /home/maanavjugalshah/SwarmAero/ros2_ws/install/px4_msgs/include/px4_msgs/px4_msgs/msg/detail/rover_rate_setpoint__functions.h\n'}
[1.333999] (px4_msgs) StdoutLine: {'line': b'-- Up-to-date symlink: /home/maanavjugalshah/SwarmAero/ros2_ws/install/px4_msgs/include/px4_msgs/px4_msgs/msg/detail/rover_rate_setpoint__struct.h\n'}
[1.334080] (px4_msgs) StdoutLine: {'line': b'-- Up-to-date symlink: /home/maanavjugalshah/SwarmAero/ros2_ws/install/px4_msgs/include/px4_msgs/px4_msgs/msg/detail/rover_rate_setpoint__type_support.h\n'}
[1.334173] (px4_msgs) StdoutLine: {'line': b'-- Up-to-date symlink: /home/maanavjugalshah/SwarmAero/ros2_ws/install/px4_msgs/include/px4_msgs/px4_msgs/msg/detail/rover_rate_status__functions.h\n'}
[1.334259] (px4_msgs) StdoutLine: {'line': b'-- Up-to-date symlink: /home/maanavjugalshah/SwarmAero/ros2_ws/install/px4_msgs/include/px4_msgs/px4_msgs/msg/detail/rover_rate_status__struct.h\n'}
[1.334446] (px4_msgs) StdoutLine: {'line': b'-- Up-to-date symlink: /home/maanavjugalshah/SwarmAero/ros2_ws/install/px4_msgs/include/px4_msgs/px4_msgs/msg/detail/rover_rate_status__type_support.h\n'}
[1.334554] (px4_msgs) StdoutLine: {'line': b'-- Up-to-date symlink: /home/maanavjugalshah/SwarmAero/ros2_ws/install/px4_msgs/include/px4_msgs/px4_msgs/msg/detail/rover_speed_setpoint__functions.h\n'}
[1.334744] (px4_msgs) StdoutLine: {'line': b'-- Up-to-date symlink: /home/maanavjugalshah/SwarmAero/ros2_ws/install/px4_msgs/include/px4_msgs/px4_msgs/msg/detail/rover_speed_setpoint__struct.h\n'}
[1.334864] (px4_msgs) StdoutLine: {'line': b'-- Up-to-date symlink: /home/maanavjugalshah/SwarmAero/ros2_ws/install/px4_msgs/include/px4_msgs/px4_msgs/msg/detail/rover_speed_setpoint__type_support.h\n'}
[1.334951] (px4_msgs) StdoutLine: {'line': b'-- Up-to-date symlink: /home/maanavjugalshah/SwarmAero/ros2_ws/install/px4_msgs/include/px4_msgs/px4_msgs/msg/detail/rover_speed_status__functions.h\n'}
[1.335036] (px4_msgs) StdoutLine: {'line': b'-- Up-to-date symlink: /home/maanavjugalshah/SwarmAero/ros2_ws/install/px4_msgs/include/px4_msgs/px4_msgs/msg/detail/rover_speed_status__struct.h\n'}
[1.335218] (px4_msgs) StdoutLine: {'line': b'-- Up-to-date symlink: /home/maanavjugalshah/SwarmAero/ros2_ws/install/px4_msgs/include/px4_msgs/px4_msgs/msg/detail/rover_speed_status__type_support.h\n'}
[1.335338] (px4_msgs) StdoutLine: {'line': b'-- Up-to-date symlink: /home/maanavjugalshah/SwarmAero/ros2_ws/install/px4_msgs/include/px4_msgs/px4_msgs/msg/detail/rover_steering_setpoint__functions.h\n'}
[1.335431] (px4_msgs) StdoutLine: {'line': b'-- Up-to-date symlink: /home/maanavjugalshah/SwarmAero/ros2_ws/install/px4_msgs/include/px4_msgs/px4_msgs/msg/detail/rover_steering_setpoint__struct.h\n'}
[1.335502] (px4_msgs) StdoutLine: {'line': b'-- Up-to-date symlink: /home/maanavjugalshah/SwarmAero/ros2_ws/install/px4_msgs/include/px4_msgs/px4_msgs/msg/detail/rover_steering_setpoint__type_support.h\n'}
[1.336046] (px4_msgs) StdoutLine: {'line': b'-- Up-to-date symlink: /home/maanavjugalshah/SwarmAero/ros2_ws/install/px4_msgs/include/px4_msgs/px4_msgs/msg/detail/rover_throttle_setpoint__functions.h\n'}
[1.336174] (px4_msgs) StdoutLine: {'line': b'-- Up-to-date symlink: /home/maanavjugalshah/SwarmAero/ros2_ws/install/px4_msgs/include/px4_msgs/px4_msgs/msg/detail/rover_throttle_setpoint__struct.h\n'}
[1.336348] (px4_msgs) StdoutLine: {'line': b'-- Up-to-date symlink: /home/maanavjugalshah/SwarmAero/ros2_ws/install/px4_msgs/include/px4_msgs/px4_msgs/msg/detail/rover_throttle_setpoint__type_support.h\n'}
[1.336402] (px4_msgs) StdoutLine: {'line': b'-- Up-to-date symlink: /home/maanavjugalshah/SwarmAero/ros2_ws/install/px4_msgs/include/px4_msgs/px4_msgs/msg/detail/rpm__functions.h\n'}
[1.336503] (px4_msgs) StdoutLine: {'line': b'-- Up-to-date symlink: /home/maanavjugalshah/SwarmAero/ros2_ws/install/px4_msgs/include/px4_msgs/px4_msgs/msg/detail/rpm__struct.h\n'}
[1.336726] (px4_msgs) StdoutLine: {'line': b'-- Up-to-date symlink: /home/maanavjugalshah/SwarmAero/ros2_ws/install/px4_msgs/include/px4_msgs/px4_msgs/msg/detail/rpm__type_support.h\n'}
[1.336955] (px4_msgs) StdoutLine: {'line': b'-- Up-to-date symlink: /home/maanavjugalshah/SwarmAero/ros2_ws/install/px4_msgs/include/px4_msgs/px4_msgs/msg/detail/rtl_status__functions.h\n'}
[1.337008] (px4_msgs) StdoutLine: {'line': b'-- Up-to-date symlink: /home/maanavjugalshah/SwarmAero/ros2_ws/install/px4_msgs/include/px4_msgs/px4_msgs/msg/detail/rtl_status__struct.h\n'}
[1.337162] (px4_msgs) StdoutLine: {'line': b'-- Up-to-date symlink: /home/maanavjugalshah/SwarmAero/ros2_ws/install/px4_msgs/include/px4_msgs/px4_msgs/msg/detail/rtl_status__type_support.h\n'}
[1.337256] (px4_msgs) StdoutLine: {'line': b'-- Up-to-date symlink: /home/maanavjugalshah/SwarmAero/ros2_ws/install/px4_msgs/include/px4_msgs/px4_msgs/msg/detail/rtl_time_estimate__functions.h\n'}
[1.337604] (px4_msgs) StdoutLine: {'line': b'-- Up-to-date symlink: /home/maanavjugalshah/SwarmAero/ros2_ws/install/px4_msgs/include/px4_msgs/px4_msgs/msg/detail/rtl_time_estimate__struct.h\n'}
[1.337733] (px4_msgs) StdoutLine: {'line': b'-- Up-to-date symlink: /home/maanavjugalshah/SwarmAero/ros2_ws/install/px4_msgs/include/px4_msgs/px4_msgs/msg/detail/rtl_time_estimate__type_support.h\n'}
[1.337826] (px4_msgs) StdoutLine: {'line': b'-- Up-to-date symlink: /home/maanavjugalshah/SwarmAero/ros2_ws/install/px4_msgs/include/px4_msgs/px4_msgs/msg/detail/satellite_info__functions.h\n'}
[1.338065] (px4_msgs) StdoutLine: {'line': b'-- Up-to-date symlink: /home/maanavjugalshah/SwarmAero/ros2_ws/install/px4_msgs/include/px4_msgs/px4_msgs/msg/detail/satellite_info__struct.h\n'}
[1.338441] (px4_msgs) StdoutLine: {'line': b'-- Up-to-date symlink: /home/maanavjugalshah/SwarmAero/ros2_ws/install/px4_msgs/include/px4_msgs/px4_msgs/msg/detail/satellite_info__type_support.h\n'}
[1.338972] (px4_msgs) StdoutLine: {'line': b'-- Up-to-date symlink: /home/maanavjugalshah/SwarmAero/ros2_ws/install/px4_msgs/include/px4_msgs/px4_msgs/msg/detail/sensor_accel__functions.h\n'}
[1.339123] (px4_msgs) StdoutLine: {'line': b'-- Up-to-date symlink: /home/maanavjugalshah/SwarmAero/ros2_ws/install/px4_msgs/include/px4_msgs/px4_msgs/msg/detail/sensor_accel__struct.h\n'}
[1.339231] (px4_msgs) StdoutLine: {'line': b'-- Up-to-date symlink: /home/maanavjugalshah/SwarmAero/ros2_ws/install/px4_msgs/include/px4_msgs/px4_msgs/msg/detail/sensor_accel__type_support.h\n'}
[1.339356] (px4_msgs) StdoutLine: {'line': b'-- Up-to-date symlink: /home/maanavjugalshah/SwarmAero/ros2_ws/install/px4_msgs/include/px4_msgs/px4_msgs/msg/detail/sensor_accel_fifo__functions.h\n'}
[1.339547] (px4_msgs) StdoutLine: {'line': b'-- Up-to-date symlink: /home/maanavjugalshah/SwarmAero/ros2_ws/install/px4_msgs/include/px4_msgs/px4_msgs/msg/detail/sensor_accel_fifo__struct.h\n'}
[1.339670] (px4_msgs) StdoutLine: {'line': b'-- Up-to-date symlink: /home/maanavjugalshah/SwarmAero/ros2_ws/install/px4_msgs/include/px4_msgs/px4_msgs/msg/detail/sensor_accel_fifo__type_support.h\n'}
[1.340139] (px4_msgs) StdoutLine: {'line': b'-- Up-to-date symlink: /home/maanavjugalshah/SwarmAero/ros2_ws/install/px4_msgs/include/px4_msgs/px4_msgs/msg/detail/sensor_airflow__functions.h\n'}
[1.340412] (px4_msgs) StdoutLine: {'line': b'-- Up-to-date symlink: /home/maanavjugalshah/SwarmAero/ros2_ws/install/px4_msgs/include/px4_msgs/px4_msgs/msg/detail/sensor_airflow__struct.h\n'}
[1.340614] (px4_msgs) StdoutLine: {'line': b'-- Up-to-date symlink: /home/maanavjugalshah/SwarmAero/ros2_ws/install/px4_msgs/include/px4_msgs/px4_msgs/msg/detail/sensor_airflow__type_support.h\n'}
[1.340912] (px4_msgs) StdoutLine: {'line': b'-- Up-to-date symlink: /home/maanavjugalshah/SwarmAero/ros2_ws/install/px4_msgs/include/px4_msgs/px4_msgs/msg/detail/sensor_baro__functions.h\n'}
[1.341259] (px4_msgs) StdoutLine: {'line': b'-- Up-to-date symlink: /home/maanavjugalshah/SwarmAero/ros2_ws/install/px4_msgs/include/px4_msgs/px4_msgs/msg/detail/sensor_baro__struct.h\n'}
[1.341335] (px4_msgs) StdoutLine: {'line': b'-- Up-to-date symlink: /home/maanavjugalshah/SwarmAero/ros2_ws/install/px4_msgs/include/px4_msgs/px4_msgs/msg/detail/sensor_baro__type_support.h\n'}
[1.341515] (px4_msgs) StdoutLine: {'line': b'-- Up-to-date symlink: /home/maanavjugalshah/SwarmAero/ros2_ws/install/px4_msgs/include/px4_msgs/px4_msgs/msg/detail/sensor_combined__functions.h\n'}
[1.341589] (px4_msgs) StdoutLine: {'line': b'-- Up-to-date symlink: /home/maanavjugalshah/SwarmAero/ros2_ws/install/px4_msgs/include/px4_msgs/px4_msgs/msg/detail/sensor_combined__struct.h\n'}
[1.341629] (px4_msgs) StdoutLine: {'line': b'-- Up-to-date symlink: /home/maanavjugalshah/SwarmAero/ros2_ws/install/px4_msgs/include/px4_msgs/px4_msgs/msg/detail/sensor_combined__type_support.h\n'}
[1.341772] (px4_msgs) StdoutLine: {'line': b'-- Up-to-date symlink: /home/maanavjugalshah/SwarmAero/ros2_ws/install/px4_msgs/include/px4_msgs/px4_msgs/msg/detail/sensor_correction__functions.h\n'}
[1.342212] (px4_msgs) StdoutLine: {'line': b'-- Up-to-date symlink: /home/maanavjugalshah/SwarmAero/ros2_ws/install/px4_msgs/include/px4_msgs/px4_msgs/msg/detail/sensor_correction__struct.h\n'}
[1.342444] (px4_msgs) StdoutLine: {'line': b'-- Up-to-date symlink: /home/maanavjugalshah/SwarmAero/ros2_ws/install/px4_msgs/include/px4_msgs/px4_msgs/msg/detail/sensor_correction__type_support.h\n'}
[1.342938] (px4_msgs) StdoutLine: {'line': b'-- Up-to-date symlink: /home/maanavjugalshah/SwarmAero/ros2_ws/install/px4_msgs/include/px4_msgs/px4_msgs/msg/detail/sensor_gnss_relative__functions.h\n'}
[1.343141] (px4_msgs) StdoutLine: {'line': b'-- Up-to-date symlink: /home/maanavjugalshah/SwarmAero/ros2_ws/install/px4_msgs/include/px4_msgs/px4_msgs/msg/detail/sensor_gnss_relative__struct.h\n'}
[1.343292] (px4_msgs) StdoutLine: {'line': b'-- Up-to-date symlink: /home/maanavjugalshah/SwarmAero/ros2_ws/install/px4_msgs/include/px4_msgs/px4_msgs/msg/detail/sensor_gnss_relative__type_support.h\n'}
[1.343474] (px4_msgs) StdoutLine: {'line': b'-- Up-to-date symlink: /home/maanavjugalshah/SwarmAero/ros2_ws/install/px4_msgs/include/px4_msgs/px4_msgs/msg/detail/sensor_gnss_status__functions.h\n'}
[1.343729] (px4_msgs) StdoutLine: {'line': b'-- Up-to-date symlink: /home/maanavjugalshah/SwarmAero/ros2_ws/install/px4_msgs/include/px4_msgs/px4_msgs/msg/detail/sensor_gnss_status__struct.h\n'}
[1.344044] (px4_msgs) StdoutLine: {'line': b'-- Up-to-date symlink: /home/maanavjugalshah/SwarmAero/ros2_ws/install/px4_msgs/include/px4_msgs/px4_msgs/msg/detail/sensor_gnss_status__type_support.h\n'}
[1.344377] (px4_msgs) StdoutLine: {'line': b'-- Up-to-date symlink: /home/maanavjugalshah/SwarmAero/ros2_ws/install/px4_msgs/include/px4_msgs/px4_msgs/msg/detail/sensor_gps__functions.h\n'}
[1.344778] (px4_msgs) StdoutLine: {'line': b'-- Up-to-date symlink: /home/maanavjugalshah/SwarmAero/ros2_ws/install/px4_msgs/include/px4_msgs/px4_msgs/msg/detail/sensor_gps__struct.h\n'}
[1.344977] (px4_msgs) StdoutLine: {'line': b'-- Up-to-date symlink: /home/maanavjugalshah/SwarmAero/ros2_ws/install/px4_msgs/include/px4_msgs/px4_msgs/msg/detail/sensor_gps__type_support.h\n'}
[1.345100] (px4_msgs) StdoutLine: {'line': b'-- Up-to-date symlink: /home/maanavjugalshah/SwarmAero/ros2_ws/install/px4_msgs/include/px4_msgs/px4_msgs/msg/detail/sensor_gyro__functions.h\n'}
[1.345324] (px4_msgs) StdoutLine: {'line': b'-- Up-to-date symlink: /home/maanavjugalshah/SwarmAero/ros2_ws/install/px4_msgs/include/px4_msgs/px4_msgs/msg/detail/sensor_gyro__struct.h\n'}
[1.345438] (px4_msgs) StdoutLine: {'line': b'-- Up-to-date symlink: /home/maanavjugalshah/SwarmAero/ros2_ws/install/px4_msgs/include/px4_msgs/px4_msgs/msg/detail/sensor_gyro__type_support.h\n'}
[1.345513] (px4_msgs) StdoutLine: {'line': b'-- Up-to-date symlink: /home/maanavjugalshah/SwarmAero/ros2_ws/install/px4_msgs/include/px4_msgs/px4_msgs/msg/detail/sensor_gyro_fft__functions.h\n'}
[1.345731] (px4_msgs) StdoutLine: {'line': b'-- Up-to-date symlink: /home/maanavjugalshah/SwarmAero/ros2_ws/install/px4_msgs/include/px4_msgs/px4_msgs/msg/detail/sensor_gyro_fft__struct.h\n'}
[1.346185] (px4_msgs) StdoutLine: {'line': b'-- Up-to-date symlink: /home/maanavjugalshah/SwarmAero/ros2_ws/install/px4_msgs/include/px4_msgs/px4_msgs/msg/detail/sensor_gyro_fft__type_support.h\n'}
[1.346285] (px4_msgs) StdoutLine: {'line': b'-- Up-to-date symlink: /home/maanavjugalshah/SwarmAero/ros2_ws/install/px4_msgs/include/px4_msgs/px4_msgs/msg/detail/sensor_gyro_fifo__functions.h\n'}
[1.346393] (px4_msgs) StdoutLine: {'line': b'-- Up-to-date symlink: /home/maanavjugalshah/SwarmAero/ros2_ws/install/px4_msgs/include/px4_msgs/px4_msgs/msg/detail/sensor_gyro_fifo__struct.h\n'}
[1.346477] (px4_msgs) StdoutLine: {'line': b'-- Up-to-date symlink: /home/maanavjugalshah/SwarmAero/ros2_ws/install/px4_msgs/include/px4_msgs/px4_msgs/msg/detail/sensor_gyro_fifo__type_support.h\n'}
[1.346579] (px4_msgs) StdoutLine: {'line': b'-- Up-to-date symlink: /home/maanavjugalshah/SwarmAero/ros2_ws/install/px4_msgs/include/px4_msgs/px4_msgs/msg/detail/sensor_hygrometer__functions.h\n'}
[1.346668] (px4_msgs) StdoutLine: {'line': b'-- Up-to-date symlink: /home/maanavjugalshah/SwarmAero/ros2_ws/install/px4_msgs/include/px4_msgs/px4_msgs/msg/detail/sensor_hygrometer__struct.h\n'}
[1.346752] (px4_msgs) StdoutLine: {'line': b'-- Up-to-date symlink: /home/maanavjugalshah/SwarmAero/ros2_ws/install/px4_msgs/include/px4_msgs/px4_msgs/msg/detail/sensor_hygrometer__type_support.h\n'}
[1.346868] (px4_msgs) StdoutLine: {'line': b'-- Up-to-date symlink: /home/maanavjugalshah/SwarmAero/ros2_ws/install/px4_msgs/include/px4_msgs/px4_msgs/msg/detail/sensor_mag__functions.h\n'}
[1.347152] (px4_msgs) StdoutLine: {'line': b'-- Up-to-date symlink: /home/maanavjugalshah/SwarmAero/ros2_ws/install/px4_msgs/include/px4_msgs/px4_msgs/msg/detail/sensor_mag__struct.h\n'}
[1.347404] (px4_msgs) StdoutLine: {'line': b'-- Up-to-date symlink: /home/maanavjugalshah/SwarmAero/ros2_ws/install/px4_msgs/include/px4_msgs/px4_msgs/msg/detail/sensor_mag__type_support.h\n'}
[1.347684] (px4_msgs) StdoutLine: {'line': b'-- Up-to-date symlink: /home/maanavjugalshah/SwarmAero/ros2_ws/install/px4_msgs/include/px4_msgs/px4_msgs/msg/detail/sensor_optical_flow__functions.h\n'}
[1.347804] (px4_msgs) StdoutLine: {'line': b'-- Up-to-date symlink: /home/maanavjugalshah/SwarmAero/ros2_ws/install/px4_msgs/include/px4_msgs/px4_msgs/msg/detail/sensor_optical_flow__struct.h\n'}
[1.348010] (px4_msgs) StdoutLine: {'line': b'-- Up-to-date symlink: /home/maanavjugalshah/SwarmAero/ros2_ws/install/px4_msgs/include/px4_msgs/px4_msgs/msg/detail/sensor_optical_flow__type_support.h\n'}
[1.348212] (px4_msgs) StdoutLine: {'line': b'-- Up-to-date symlink: /home/maanavjugalshah/SwarmAero/ros2_ws/install/px4_msgs/include/px4_msgs/px4_msgs/msg/detail/sensor_preflight_mag__functions.h\n'}
[1.348509] (px4_msgs) StdoutLine: {'line': b'-- Up-to-date symlink: /home/maanavjugalshah/SwarmAero/ros2_ws/install/px4_msgs/include/px4_msgs/px4_msgs/msg/detail/sensor_preflight_mag__struct.h\n'}
[1.348571] (px4_msgs) StdoutLine: {'line': b'-- Up-to-date symlink: /home/maanavjugalshah/SwarmAero/ros2_ws/install/px4_msgs/include/px4_msgs/px4_msgs/msg/detail/sensor_preflight_mag__type_support.h\n'}
[1.348657] (px4_msgs) StdoutLine: {'line': b'-- Up-to-date symlink: /home/maanavjugalshah/SwarmAero/ros2_ws/install/px4_msgs/include/px4_msgs/px4_msgs/msg/detail/sensor_selection__functions.h\n'}
[1.348744] (px4_msgs) StdoutLine: {'line': b'-- Up-to-date symlink: /home/maanavjugalshah/SwarmAero/ros2_ws/install/px4_msgs/include/px4_msgs/px4_msgs/msg/detail/sensor_selection__struct.h\n'}
[1.349077] (px4_msgs) StdoutLine: {'line': b'-- Up-to-date symlink: /home/maanavjugalshah/SwarmAero/ros2_ws/install/px4_msgs/include/px4_msgs/px4_msgs/msg/detail/sensor_selection__type_support.h\n'}
[1.349201] (px4_msgs) StdoutLine: {'line': b'-- Up-to-date symlink: /home/maanavjugalshah/SwarmAero/ros2_ws/install/px4_msgs/include/px4_msgs/px4_msgs/msg/detail/sensor_temp__functions.h\n'}
[1.349364] (px4_msgs) StdoutLine: {'line': b'-- Up-to-date symlink: /home/maanavjugalshah/SwarmAero/ros2_ws/install/px4_msgs/include/px4_msgs/px4_msgs/msg/detail/sensor_temp__struct.h\n'}
[1.349565] (px4_msgs) StdoutLine: {'line': b'-- Up-to-date symlink: /home/maanavjugalshah/SwarmAero/ros2_ws/install/px4_msgs/include/px4_msgs/px4_msgs/msg/detail/sensor_temp__type_support.h\n'}
[1.349675] (px4_msgs) StdoutLine: {'line': b'-- Up-to-date symlink: /home/maanavjugalshah/SwarmAero/ros2_ws/install/px4_msgs/include/px4_msgs/px4_msgs/msg/detail/sensor_uwb__functions.h\n'}
[1.350026] (px4_msgs) StdoutLine: {'line': b'-- Up-to-date symlink: /home/maanavjugalshah/SwarmAero/ros2_ws/install/px4_msgs/include/px4_msgs/px4_msgs/msg/detail/sensor_uwb__struct.h\n'}
[1.350197] (px4_msgs) StdoutLine: {'line': b'-- Up-to-date symlink: /home/maanavjugalshah/SwarmAero/ros2_ws/install/px4_msgs/include/px4_msgs/px4_msgs/msg/detail/sensor_uwb__type_support.h\n'}
[1.350270] (px4_msgs) StdoutLine: {'line': b'-- Up-to-date symlink: /home/maanavjugalshah/SwarmAero/ros2_ws/install/px4_msgs/include/px4_msgs/px4_msgs/msg/detail/sensors_status__functions.h\n'}
[1.350374] (px4_msgs) StdoutLine: {'line': b'-- Up-to-date symlink: /home/maanavjugalshah/SwarmAero/ros2_ws/install/px4_msgs/include/px4_msgs/px4_msgs/msg/detail/sensors_status__struct.h\n'}
[1.350643] (px4_msgs) StdoutLine: {'line': b'-- Up-to-date symlink: /home/maanavjugalshah/SwarmAero/ros2_ws/install/px4_msgs/include/px4_msgs/px4_msgs/msg/detail/sensors_status__type_support.h\n'}
[1.350719] (px4_msgs) StdoutLine: {'line': b'-- Up-to-date symlink: /home/maanavjugalshah/SwarmAero/ros2_ws/install/px4_msgs/include/px4_msgs/px4_msgs/msg/detail/sensors_status_imu__functions.h\n'}
[1.350759] (px4_msgs) StdoutLine: {'line': b'-- Up-to-date symlink: /home/maanavjugalshah/SwarmAero/ros2_ws/install/px4_msgs/include/px4_msgs/px4_msgs/msg/detail/sensors_status_imu__struct.h\n'}
[1.350808] (px4_msgs) StdoutLine: {'line': b'-- Up-to-date symlink: /home/maanavjugalshah/SwarmAero/ros2_ws/install/px4_msgs/include/px4_msgs/px4_msgs/msg/detail/sensors_status_imu__type_support.h\n'}
[1.350873] (px4_msgs) StdoutLine: {'line': b'-- Up-to-date symlink: /home/maanavjugalshah/SwarmAero/ros2_ws/install/px4_msgs/include/px4_msgs/px4_msgs/msg/detail/system_power__functions.h\n'}
[1.350912] (px4_msgs) StdoutLine: {'line': b'-- Up-to-date symlink: /home/maanavjugalshah/SwarmAero/ros2_ws/install/px4_msgs/include/px4_msgs/px4_msgs/msg/detail/system_power__struct.h\n'}
[1.350948] (px4_msgs) StdoutLine: {'line': b'-- Up-to-date symlink: /home/maanavjugalshah/SwarmAero/ros2_ws/install/px4_msgs/include/px4_msgs/px4_msgs/msg/detail/system_power__type_support.h\n'}
[1.350983] (px4_msgs) StdoutLine: {'line': b'-- Up-to-date symlink: /home/maanavjugalshah/SwarmAero/ros2_ws/install/px4_msgs/include/px4_msgs/px4_msgs/msg/detail/takeoff_status__functions.h\n'}
[1.351017] (px4_msgs) StdoutLine: {'line': b'-- Up-to-date symlink: /home/maanavjugalshah/SwarmAero/ros2_ws/install/px4_msgs/include/px4_msgs/px4_msgs/msg/detail/takeoff_status__struct.h\n'}
[1.351052] (px4_msgs) StdoutLine: {'line': b'-- Up-to-date symlink: /home/maanavjugalshah/SwarmAero/ros2_ws/install/px4_msgs/include/px4_msgs/px4_msgs/msg/detail/takeoff_status__type_support.h\n'}
[1.351089] (px4_msgs) StdoutLine: {'line': b'-- Up-to-date symlink: /home/maanavjugalshah/SwarmAero/ros2_ws/install/px4_msgs/include/px4_msgs/px4_msgs/msg/detail/task_stack_info__functions.h\n'}
[1.351124] (px4_msgs) StdoutLine: {'line': b'-- Up-to-date symlink: /home/maanavjugalshah/SwarmAero/ros2_ws/install/px4_msgs/include/px4_msgs/px4_msgs/msg/detail/task_stack_info__struct.h\n'}
[1.351160] (px4_msgs) StdoutLine: {'line': b'-- Up-to-date symlink: /home/maanavjugalshah/SwarmAero/ros2_ws/install/px4_msgs/include/px4_msgs/px4_msgs/msg/detail/task_stack_info__type_support.h\n'}
[1.351193] (px4_msgs) StdoutLine: {'line': b'-- Up-to-date symlink: /home/maanavjugalshah/SwarmAero/ros2_ws/install/px4_msgs/include/px4_msgs/px4_msgs/msg/detail/tecs_status__functions.h\n'}
[1.351255] (px4_msgs) StdoutLine: {'line': b'-- Up-to-date symlink: /home/maanavjugalshah/SwarmAero/ros2_ws/install/px4_msgs/include/px4_msgs/px4_msgs/msg/detail/tecs_status__struct.h\n'}
[1.351299] (px4_msgs) StdoutLine: {'line': b'-- Up-to-date symlink: /home/maanavjugalshah/SwarmAero/ros2_ws/install/px4_msgs/include/px4_msgs/px4_msgs/msg/detail/tecs_status__type_support.h\n'}
[1.351339] (px4_msgs) StdoutLine: {'line': b'-- Up-to-date symlink: /home/maanavjugalshah/SwarmAero/ros2_ws/install/px4_msgs/include/px4_msgs/px4_msgs/msg/detail/telemetry_status__functions.h\n'}
[1.351403] (px4_msgs) StdoutLine: {'line': b'-- Up-to-date symlink: /home/maanavjugalshah/SwarmAero/ros2_ws/install/px4_msgs/include/px4_msgs/px4_msgs/msg/detail/telemetry_status__struct.h\n'}
[1.351445] (px4_msgs) StdoutLine: {'line': b'-- Up-to-date symlink: /home/maanavjugalshah/SwarmAero/ros2_ws/install/px4_msgs/include/px4_msgs/px4_msgs/msg/detail/telemetry_status__type_support.h\n'}
[1.351483] (px4_msgs) StdoutLine: {'line': b'-- Up-to-date symlink: /home/maanavjugalshah/SwarmAero/ros2_ws/install/px4_msgs/include/px4_msgs/px4_msgs/msg/detail/tiltrotor_extra_controls__functions.h\n'}
[1.351519] (px4_msgs) StdoutLine: {'line': b'-- Up-to-date symlink: /home/maanavjugalshah/SwarmAero/ros2_ws/install/px4_msgs/include/px4_msgs/px4_msgs/msg/detail/tiltrotor_extra_controls__struct.h\n'}
[1.351554] (px4_msgs) StdoutLine: {'line': b'-- Up-to-date symlink: /home/maanavjugalshah/SwarmAero/ros2_ws/install/px4_msgs/include/px4_msgs/px4_msgs/msg/detail/tiltrotor_extra_controls__type_support.h\n'}
[1.351734] (px4_msgs) StdoutLine: {'line': b'-- Up-to-date symlink: /home/maanavjugalshah/SwarmAero/ros2_ws/install/px4_msgs/include/px4_msgs/px4_msgs/msg/detail/timesync_status__functions.h\n'}
[1.351790] (px4_msgs) StdoutLine: {'line': b'-- Up-to-date symlink: /home/maanavjugalshah/SwarmAero/ros2_ws/install/px4_msgs/include/px4_msgs/px4_msgs/msg/detail/timesync_status__struct.h\n'}
[1.351830] (px4_msgs) StdoutLine: {'line': b'-- Up-to-date symlink: /home/maanavjugalshah/SwarmAero/ros2_ws/install/px4_msgs/include/px4_msgs/px4_msgs/msg/detail/timesync_status__type_support.h\n'}
[1.351866] (px4_msgs) StdoutLine: {'line': b'-- Up-to-date symlink: /home/maanavjugalshah/SwarmAero/ros2_ws/install/px4_msgs/include/px4_msgs/px4_msgs/msg/detail/trajectory_setpoint6dof__functions.h\n'}
[1.351902] (px4_msgs) StdoutLine: {'line': b'-- Up-to-date symlink: /home/maanavjugalshah/SwarmAero/ros2_ws/install/px4_msgs/include/px4_msgs/px4_msgs/msg/detail/trajectory_setpoint6dof__struct.h\n'}
[1.351935] (px4_msgs) StdoutLine: {'line': b'-- Up-to-date symlink: /home/maanavjugalshah/SwarmAero/ros2_ws/install/px4_msgs/include/px4_msgs/px4_msgs/msg/detail/trajectory_setpoint6dof__type_support.h\n'}
[1.351971] (px4_msgs) StdoutLine: {'line': b'-- Up-to-date symlink: /home/maanavjugalshah/SwarmAero/ros2_ws/install/px4_msgs/include/px4_msgs/px4_msgs/msg/detail/trajectory_setpoint__functions.h\n'}
[1.352006] (px4_msgs) StdoutLine: {'line': b'-- Up-to-date symlink: /home/maanavjugalshah/SwarmAero/ros2_ws/install/px4_msgs/include/px4_msgs/px4_msgs/msg/detail/trajectory_setpoint__struct.h\n'}
[1.352083] (px4_msgs) StdoutLine: {'line': b'-- Up-to-date symlink: /home/maanavjugalshah/SwarmAero/ros2_ws/install/px4_msgs/include/px4_msgs/px4_msgs/msg/detail/trajectory_setpoint__type_support.h\n'}
[1.352127] (px4_msgs) StdoutLine: {'line': b'-- Up-to-date symlink: /home/maanavjugalshah/SwarmAero/ros2_ws/install/px4_msgs/include/px4_msgs/px4_msgs/msg/detail/transponder_report__functions.h\n'}
[1.352165] (px4_msgs) StdoutLine: {'line': b'-- Up-to-date symlink: /home/maanavjugalshah/SwarmAero/ros2_ws/install/px4_msgs/include/px4_msgs/px4_msgs/msg/detail/transponder_report__struct.h\n'}
[1.352201] (px4_msgs) StdoutLine: {'line': b'-- Up-to-date symlink: /home/maanavjugalshah/SwarmAero/ros2_ws/install/px4_msgs/include/px4_msgs/px4_msgs/msg/detail/transponder_report__type_support.h\n'}
[1.352264] (px4_msgs) StdoutLine: {'line': b'-- Up-to-date symlink: /home/maanavjugalshah/SwarmAero/ros2_ws/install/px4_msgs/include/px4_msgs/px4_msgs/msg/detail/tune_control__functions.h\n'}
[1.352302] (px4_msgs) StdoutLine: {'line': b'-- Up-to-date symlink: /home/maanavjugalshah/SwarmAero/ros2_ws/install/px4_msgs/include/px4_msgs/px4_msgs/msg/detail/tune_control__struct.h\n'}
[1.352337] (px4_msgs) StdoutLine: {'line': b'-- Up-to-date symlink: /home/maanavjugalshah/SwarmAero/ros2_ws/install/px4_msgs/include/px4_msgs/px4_msgs/msg/detail/tune_control__type_support.h\n'}
[1.352374] (px4_msgs) StdoutLine: {'line': b'-- Up-to-date symlink: /home/maanavjugalshah/SwarmAero/ros2_ws/install/px4_msgs/include/px4_msgs/px4_msgs/msg/detail/uavcan_parameter_request__functions.h\n'}
[1.352410] (px4_msgs) StdoutLine: {'line': b'-- Up-to-date symlink: /home/maanavjugalshah/SwarmAero/ros2_ws/install/px4_msgs/include/px4_msgs/px4_msgs/msg/detail/uavcan_parameter_request__struct.h\n'}
[1.352444] (px4_msgs) StdoutLine: {'line': b'-- Up-to-date symlink: /home/maanavjugalshah/SwarmAero/ros2_ws/install/px4_msgs/include/px4_msgs/px4_msgs/msg/detail/uavcan_parameter_request__type_support.h\n'}
[1.352477] (px4_msgs) StdoutLine: {'line': b'-- Up-to-date symlink: /home/maanavjugalshah/SwarmAero/ros2_ws/install/px4_msgs/include/px4_msgs/px4_msgs/msg/detail/uavcan_parameter_value__functions.h\n'}
[1.352509] (px4_msgs) StdoutLine: {'line': b'-- Up-to-date symlink: /home/maanavjugalshah/SwarmAero/ros2_ws/install/px4_msgs/include/px4_msgs/px4_msgs/msg/detail/uavcan_parameter_value__struct.h\n'}
[1.352543] (px4_msgs) StdoutLine: {'line': b'-- Up-to-date symlink: /home/maanavjugalshah/SwarmAero/ros2_ws/install/px4_msgs/include/px4_msgs/px4_msgs/msg/detail/uavcan_parameter_value__type_support.h\n'}
[1.352577] (px4_msgs) StdoutLine: {'line': b'-- Up-to-date symlink: /home/maanavjugalshah/SwarmAero/ros2_ws/install/px4_msgs/include/px4_msgs/px4_msgs/msg/detail/ulog_stream__functions.h\n'}
[1.352609] (px4_msgs) StdoutLine: {'line': b'-- Up-to-date symlink: /home/maanavjugalshah/SwarmAero/ros2_ws/install/px4_msgs/include/px4_msgs/px4_msgs/msg/detail/ulog_stream__struct.h\n'}
[1.352641] (px4_msgs) StdoutLine: {'line': b'-- Up-to-date symlink: /home/maanavjugalshah/SwarmAero/ros2_ws/install/px4_msgs/include/px4_msgs/px4_msgs/msg/detail/ulog_stream__type_support.h\n'}
[1.352703] (px4_msgs) StdoutLine: {'line': b'-- Up-to-date symlink: /home/maanavjugalshah/SwarmAero/ros2_ws/install/px4_msgs/include/px4_msgs/px4_msgs/msg/detail/ulog_stream_ack__functions.h\n'}
[1.352772] (px4_msgs) StdoutLine: {'line': b'-- Up-to-date symlink: /home/maanavjugalshah/SwarmAero/ros2_ws/install/px4_msgs/include/px4_msgs/px4_msgs/msg/detail/ulog_stream_ack__struct.h\n'}
[1.352843] (px4_msgs) StdoutLine: {'line': b'-- Up-to-date symlink: /home/maanavjugalshah/SwarmAero/ros2_ws/install/px4_msgs/include/px4_msgs/px4_msgs/msg/detail/ulog_stream_ack__type_support.h\n'}
[1.352913] (px4_msgs) StdoutLine: {'line': b'-- Up-to-date symlink: /home/maanavjugalshah/SwarmAero/ros2_ws/install/px4_msgs/include/px4_msgs/px4_msgs/msg/detail/unregister_ext_component__functions.h\n'}
[1.352984] (px4_msgs) StdoutLine: {'line': b'-- Up-to-date symlink: /home/maanavjugalshah/SwarmAero/ros2_ws/install/px4_msgs/include/px4_msgs/px4_msgs/msg/detail/unregister_ext_component__struct.h\n'}
[1.353056] (px4_msgs) StdoutLine: {'line': b'-- Up-to-date symlink: /home/maanavjugalshah/SwarmAero/ros2_ws/install/px4_msgs/include/px4_msgs/px4_msgs/msg/detail/unregister_ext_component__type_support.h\n'}
[1.353128] (px4_msgs) StdoutLine: {'line': b'-- Up-to-date symlink: /home/maanavjugalshah/SwarmAero/ros2_ws/install/px4_msgs/include/px4_msgs/px4_msgs/msg/detail/vehicle_acceleration__functions.h\n'}
[1.353199] (px4_msgs) StdoutLine: {'line': b'-- Up-to-date symlink: /home/maanavjugalshah/SwarmAero/ros2_ws/install/px4_msgs/include/px4_msgs/px4_msgs/msg/detail/vehicle_acceleration__struct.h\n'}
[1.353244] (px4_msgs) StdoutLine: {'line': b'-- Up-to-date symlink: /home/maanavjugalshah/SwarmAero/ros2_ws/install/px4_msgs/include/px4_msgs/px4_msgs/msg/detail/vehicle_acceleration__type_support.h\n'}
[1.353281] (px4_msgs) StdoutLine: {'line': b'-- Up-to-date symlink: /home/maanavjugalshah/SwarmAero/ros2_ws/install/px4_msgs/include/px4_msgs/px4_msgs/msg/detail/vehicle_air_data__functions.h\n'}
[1.353358] (px4_msgs) StdoutLine: {'line': b'-- Up-to-date symlink: /home/maanavjugalshah/SwarmAero/ros2_ws/install/px4_msgs/include/px4_msgs/px4_msgs/msg/detail/vehicle_air_data__struct.h\n'}
[1.353427] (px4_msgs) StdoutLine: {'line': b'-- Up-to-date symlink: /home/maanavjugalshah/SwarmAero/ros2_ws/install/px4_msgs/include/px4_msgs/px4_msgs/msg/detail/vehicle_air_data__type_support.h\n'}
[1.353520] (px4_msgs) StdoutLine: {'line': b'-- Up-to-date symlink: /home/maanavjugalshah/SwarmAero/ros2_ws/install/px4_msgs/include/px4_msgs/px4_msgs/msg/detail/vehicle_angular_acceleration_setpoint__functions.h\n'}
[1.353589] (px4_msgs) StdoutLine: {'line': b'-- Up-to-date symlink: /home/maanavjugalshah/SwarmAero/ros2_ws/install/px4_msgs/include/px4_msgs/px4_msgs/msg/detail/vehicle_angular_acceleration_setpoint__struct.h\n'}
[1.353631] (px4_msgs) StdoutLine: {'line': b'-- Up-to-date symlink: /home/maanavjugalshah/SwarmAero/ros2_ws/install/px4_msgs/include/px4_msgs/px4_msgs/msg/detail/vehicle_angular_acceleration_setpoint__type_support.h\n'}
[1.353668] (px4_msgs) StdoutLine: {'line': b'-- Up-to-date symlink: /home/maanavjugalshah/SwarmAero/ros2_ws/install/px4_msgs/include/px4_msgs/px4_msgs/msg/detail/vehicle_angular_velocity__functions.h\n'}
[1.353707] (px4_msgs) StdoutLine: {'line': b'-- Up-to-date symlink: /home/maanavjugalshah/SwarmAero/ros2_ws/install/px4_msgs/include/px4_msgs/px4_msgs/msg/detail/vehicle_angular_velocity__struct.h\n'}
[1.353746] (px4_msgs) StdoutLine: {'line': b'-- Up-to-date symlink: /home/maanavjugalshah/SwarmAero/ros2_ws/install/px4_msgs/include/px4_msgs/px4_msgs/msg/detail/vehicle_angular_velocity__type_support.h\n'}
[1.353783] (px4_msgs) StdoutLine: {'line': b'-- Up-to-date symlink: /home/maanavjugalshah/SwarmAero/ros2_ws/install/px4_msgs/include/px4_msgs/px4_msgs/msg/detail/vehicle_attitude__functions.h\n'}
[1.353818] (px4_msgs) StdoutLine: {'line': b'-- Up-to-date symlink: /home/maanavjugalshah/SwarmAero/ros2_ws/install/px4_msgs/include/px4_msgs/px4_msgs/msg/detail/vehicle_attitude__struct.h\n'}
[1.353853] (px4_msgs) StdoutLine: {'line': b'-- Up-to-date symlink: /home/maanavjugalshah/SwarmAero/ros2_ws/install/px4_msgs/include/px4_msgs/px4_msgs/msg/detail/vehicle_attitude__type_support.h\n'}
[1.353889] (px4_msgs) StdoutLine: {'line': b'-- Up-to-date symlink: /home/maanavjugalshah/SwarmAero/ros2_ws/install/px4_msgs/include/px4_msgs/px4_msgs/msg/detail/vehicle_attitude_setpoint__functions.h\n'}
[1.353926] (px4_msgs) StdoutLine: {'line': b'-- Up-to-date symlink: /home/maanavjugalshah/SwarmAero/ros2_ws/install/px4_msgs/include/px4_msgs/px4_msgs/msg/detail/vehicle_attitude_setpoint__struct.h\n'}
[1.353961] (px4_msgs) StdoutLine: {'line': b'-- Up-to-date symlink: /home/maanavjugalshah/SwarmAero/ros2_ws/install/px4_msgs/include/px4_msgs/px4_msgs/msg/detail/vehicle_attitude_setpoint__type_support.h\n'}
[1.354015] (px4_msgs) StdoutLine: {'line': b'-- Up-to-date symlink: /home/maanavjugalshah/SwarmAero/ros2_ws/install/px4_msgs/include/px4_msgs/px4_msgs/msg/detail/vehicle_command__functions.h\n'}
[1.354075] (px4_msgs) StdoutLine: {'line': b'-- Up-to-date symlink: /home/maanavjugalshah/SwarmAero/ros2_ws/install/px4_msgs/include/px4_msgs/px4_msgs/msg/detail/vehicle_command__struct.h\n'}
[1.354355] (px4_msgs) StdoutLine: {'line': b'-- Up-to-date symlink: /home/maanavjugalshah/SwarmAero/ros2_ws/install/px4_msgs/include/px4_msgs/px4_msgs/msg/detail/vehicle_command__type_support.h\n'}
[1.354464] (px4_msgs) StdoutLine: {'line': b'-- Up-to-date symlink: /home/maanavjugalshah/SwarmAero/ros2_ws/install/px4_msgs/include/px4_msgs/px4_msgs/msg/detail/vehicle_command_ack__functions.h\n'}
[1.354562] (px4_msgs) StdoutLine: {'line': b'-- Up-to-date symlink: /home/maanavjugalshah/SwarmAero/ros2_ws/install/px4_msgs/include/px4_msgs/px4_msgs/msg/detail/vehicle_command_ack__struct.h\n'}
[1.354662] (px4_msgs) StdoutLine: {'line': b'-- Up-to-date symlink: /home/maanavjugalshah/SwarmAero/ros2_ws/install/px4_msgs/include/px4_msgs/px4_msgs/msg/detail/vehicle_command_ack__type_support.h\n'}
[1.354732] (px4_msgs) StdoutLine: {'line': b'-- Up-to-date symlink: /home/maanavjugalshah/SwarmAero/ros2_ws/install/px4_msgs/include/px4_msgs/px4_msgs/msg/detail/vehicle_constraints__functions.h\n'}
[1.354795] (px4_msgs) StdoutLine: {'line': b'-- Up-to-date symlink: /home/maanavjugalshah/SwarmAero/ros2_ws/install/px4_msgs/include/px4_msgs/px4_msgs/msg/detail/vehicle_constraints__struct.h\n'}
[1.354833] (px4_msgs) StdoutLine: {'line': b'-- Up-to-date symlink: /home/maanavjugalshah/SwarmAero/ros2_ws/install/px4_msgs/include/px4_msgs/px4_msgs/msg/detail/vehicle_constraints__type_support.h\n'}
[1.354869] (px4_msgs) StdoutLine: {'line': b'-- Up-to-date symlink: /home/maanavjugalshah/SwarmAero/ros2_ws/install/px4_msgs/include/px4_msgs/px4_msgs/msg/detail/vehicle_control_mode__functions.h\n'}
[1.354904] (px4_msgs) StdoutLine: {'line': b'-- Up-to-date symlink: /home/maanavjugalshah/SwarmAero/ros2_ws/install/px4_msgs/include/px4_msgs/px4_msgs/msg/detail/vehicle_control_mode__struct.h\n'}
[1.354939] (px4_msgs) StdoutLine: {'line': b'-- Up-to-date symlink: /home/maanavjugalshah/SwarmAero/ros2_ws/install/px4_msgs/include/px4_msgs/px4_msgs/msg/detail/vehicle_control_mode__type_support.h\n'}
[1.354975] (px4_msgs) StdoutLine: {'line': b'-- Up-to-date symlink: /home/maanavjugalshah/SwarmAero/ros2_ws/install/px4_msgs/include/px4_msgs/px4_msgs/msg/detail/vehicle_global_position__functions.h\n'}
[1.355009] (px4_msgs) StdoutLine: {'line': b'-- Up-to-date symlink: /home/maanavjugalshah/SwarmAero/ros2_ws/install/px4_msgs/include/px4_msgs/px4_msgs/msg/detail/vehicle_global_position__struct.h\n'}
[1.355042] (px4_msgs) StdoutLine: {'line': b'-- Up-to-date symlink: /home/maanavjugalshah/SwarmAero/ros2_ws/install/px4_msgs/include/px4_msgs/px4_msgs/msg/detail/vehicle_global_position__type_support.h\n'}
[1.355083] (px4_msgs) StdoutLine: {'line': b'-- Up-to-date symlink: /home/maanavjugalshah/SwarmAero/ros2_ws/install/px4_msgs/include/px4_msgs/px4_msgs/msg/detail/vehicle_imu__functions.h\n'}
[1.355152] (px4_msgs) StdoutLine: {'line': b'-- Up-to-date symlink: /home/maanavjugalshah/SwarmAero/ros2_ws/install/px4_msgs/include/px4_msgs/px4_msgs/msg/detail/vehicle_imu__struct.h\n'}
[1.355190] (px4_msgs) StdoutLine: {'line': b'-- Up-to-date symlink: /home/maanavjugalshah/SwarmAero/ros2_ws/install/px4_msgs/include/px4_msgs/px4_msgs/msg/detail/vehicle_imu__type_support.h\n'}
[1.355225] (px4_msgs) StdoutLine: {'line': b'-- Up-to-date symlink: /home/maanavjugalshah/SwarmAero/ros2_ws/install/px4_msgs/include/px4_msgs/px4_msgs/msg/detail/vehicle_imu_status__functions.h\n'}
[1.355293] (px4_msgs) StdoutLine: {'line': b'-- Up-to-date symlink: /home/maanavjugalshah/SwarmAero/ros2_ws/install/px4_msgs/include/px4_msgs/px4_msgs/msg/detail/vehicle_imu_status__struct.h\n'}
[1.355351] (px4_msgs) StdoutLine: {'line': b'-- Up-to-date symlink: /home/maanavjugalshah/SwarmAero/ros2_ws/install/px4_msgs/include/px4_msgs/px4_msgs/msg/detail/vehicle_imu_status__type_support.h\n'}
[1.355395] (px4_msgs) StdoutLine: {'line': b'-- Up-to-date symlink: /home/maanavjugalshah/SwarmAero/ros2_ws/install/px4_msgs/include/px4_msgs/px4_msgs/msg/detail/vehicle_land_detected__functions.h\n'}
[1.355431] (px4_msgs) StdoutLine: {'line': b'-- Up-to-date symlink: /home/maanavjugalshah/SwarmAero/ros2_ws/install/px4_msgs/include/px4_msgs/px4_msgs/msg/detail/vehicle_land_detected__struct.h\n'}
[1.355467] (px4_msgs) StdoutLine: {'line': b'-- Up-to-date symlink: /home/maanavjugalshah/SwarmAero/ros2_ws/install/px4_msgs/include/px4_msgs/px4_msgs/msg/detail/vehicle_land_detected__type_support.h\n'}
[1.355503] (px4_msgs) StdoutLine: {'line': b'-- Up-to-date symlink: /home/maanavjugalshah/SwarmAero/ros2_ws/install/px4_msgs/include/px4_msgs/px4_msgs/msg/detail/vehicle_local_position__functions.h\n'}
[1.355577] (px4_msgs) StdoutLine: {'line': b'-- Up-to-date symlink: /home/maanavjugalshah/SwarmAero/ros2_ws/install/px4_msgs/include/px4_msgs/px4_msgs/msg/detail/vehicle_local_position__struct.h\n'}
[1.355723] (px4_msgs) StdoutLine: {'line': b'-- Up-to-date symlink: /home/maanavjugalshah/SwarmAero/ros2_ws/install/px4_msgs/include/px4_msgs/px4_msgs/msg/detail/vehicle_local_position__type_support.h\n'}
[1.355770] (px4_msgs) StdoutLine: {'line': b'-- Up-to-date symlink: /home/maanavjugalshah/SwarmAero/ros2_ws/install/px4_msgs/include/px4_msgs/px4_msgs/msg/detail/vehicle_local_position_setpoint__functions.h\n'}
[1.355812] (px4_msgs) StdoutLine: {'line': b'-- Up-to-date symlink: /home/maanavjugalshah/SwarmAero/ros2_ws/install/px4_msgs/include/px4_msgs/px4_msgs/msg/detail/vehicle_local_position_setpoint__struct.h\n'}
[1.355847] (px4_msgs) StdoutLine: {'line': b'-- Up-to-date symlink: /home/maanavjugalshah/SwarmAero/ros2_ws/install/px4_msgs/include/px4_msgs/px4_msgs/msg/detail/vehicle_local_position_setpoint__type_support.h\n'}
[1.355910] (px4_msgs) StdoutLine: {'line': b'-- Up-to-date symlink: /home/maanavjugalshah/SwarmAero/ros2_ws/install/px4_msgs/include/px4_msgs/px4_msgs/msg/detail/vehicle_magnetometer__functions.h\n'}
[1.355951] (px4_msgs) StdoutLine: {'line': b'-- Up-to-date symlink: /home/maanavjugalshah/SwarmAero/ros2_ws/install/px4_msgs/include/px4_msgs/px4_msgs/msg/detail/vehicle_magnetometer__struct.h\n'}
[1.355989] (px4_msgs) StdoutLine: {'line': b'-- Up-to-date symlink: /home/maanavjugalshah/SwarmAero/ros2_ws/install/px4_msgs/include/px4_msgs/px4_msgs/msg/detail/vehicle_magnetometer__type_support.h\n'}
[1.356025] (px4_msgs) StdoutLine: {'line': b'-- Up-to-date symlink: /home/maanavjugalshah/SwarmAero/ros2_ws/install/px4_msgs/include/px4_msgs/px4_msgs/msg/detail/vehicle_odometry__functions.h\n'}
[1.356061] (px4_msgs) StdoutLine: {'line': b'-- Up-to-date symlink: /home/maanavjugalshah/SwarmAero/ros2_ws/install/px4_msgs/include/px4_msgs/px4_msgs/msg/detail/vehicle_odometry__struct.h\n'}
[1.356294] (px4_msgs) StdoutLine: {'line': b'-- Up-to-date symlink: /home/maanavjugalshah/SwarmAero/ros2_ws/install/px4_msgs/include/px4_msgs/px4_msgs/msg/detail/vehicle_odometry__type_support.h\n'}
[1.356347] (px4_msgs) StdoutLine: {'line': b'-- Up-to-date symlink: /home/maanavjugalshah/SwarmAero/ros2_ws/install/px4_msgs/include/px4_msgs/px4_msgs/msg/detail/vehicle_optical_flow__functions.h\n'}
[1.356387] (px4_msgs) StdoutLine: {'line': b'-- Up-to-date symlink: /home/maanavjugalshah/SwarmAero/ros2_ws/install/px4_msgs/include/px4_msgs/px4_msgs/msg/detail/vehicle_optical_flow__struct.h\n'}
[1.356629] (px4_msgs) StdoutLine: {'line': b'-- Up-to-date symlink: /home/maanavjugalshah/SwarmAero/ros2_ws/install/px4_msgs/include/px4_msgs/px4_msgs/msg/detail/vehicle_optical_flow__type_support.h\n'}
[1.356934] (px4_msgs) StdoutLine: {'line': b'-- Up-to-date symlink: /home/maanavjugalshah/SwarmAero/ros2_ws/install/px4_msgs/include/px4_msgs/px4_msgs/msg/detail/vehicle_optical_flow_vel__functions.h\n'}
[1.357017] (px4_msgs) StdoutLine: {'line': b'-- Up-to-date symlink: /home/maanavjugalshah/SwarmAero/ros2_ws/install/px4_msgs/include/px4_msgs/px4_msgs/msg/detail/vehicle_optical_flow_vel__struct.h\n'}
[1.357104] (px4_msgs) StdoutLine: {'line': b'-- Up-to-date symlink: /home/maanavjugalshah/SwarmAero/ros2_ws/install/px4_msgs/include/px4_msgs/px4_msgs/msg/detail/vehicle_optical_flow_vel__type_support.h\n'}
[1.357369] (px4_msgs) StdoutLine: {'line': b'-- Up-to-date symlink: /home/maanavjugalshah/SwarmAero/ros2_ws/install/px4_msgs/include/px4_msgs/px4_msgs/msg/detail/vehicle_rates_setpoint__functions.h\n'}
[1.357488] (px4_msgs) StdoutLine: {'line': b'-- Up-to-date symlink: /home/maanavjugalshah/SwarmAero/ros2_ws/install/px4_msgs/include/px4_msgs/px4_msgs/msg/detail/vehicle_rates_setpoint__struct.h\n'}
[1.357577] (px4_msgs) StdoutLine: {'line': b'-- Up-to-date symlink: /home/maanavjugalshah/SwarmAero/ros2_ws/install/px4_msgs/include/px4_msgs/px4_msgs/msg/detail/vehicle_rates_setpoint__type_support.h\n'}
[1.358036] (px4_msgs) StdoutLine: {'line': b'-- Up-to-date symlink: /home/maanavjugalshah/SwarmAero/ros2_ws/install/px4_msgs/include/px4_msgs/px4_msgs/msg/detail/vehicle_roi__functions.h\n'}
[1.358407] (px4_msgs) StdoutLine: {'line': b'-- Up-to-date symlink: /home/maanavjugalshah/SwarmAero/ros2_ws/install/px4_msgs/include/px4_msgs/px4_msgs/msg/detail/vehicle_roi__struct.h\n'}
[1.358644] (px4_msgs) StdoutLine: {'line': b'-- Up-to-date symlink: /home/maanavjugalshah/SwarmAero/ros2_ws/install/px4_msgs/include/px4_msgs/px4_msgs/msg/detail/vehicle_roi__type_support.h\n'}
[1.358950] (px4_msgs) StdoutLine: {'line': b'-- Up-to-date symlink: /home/maanavjugalshah/SwarmAero/ros2_ws/install/px4_msgs/include/px4_msgs/px4_msgs/msg/detail/vehicle_status__functions.h\n'}
[1.358996] (px4_msgs) StdoutLine: {'line': b'-- Up-to-date symlink: /home/maanavjugalshah/SwarmAero/ros2_ws/install/px4_msgs/include/px4_msgs/px4_msgs/msg/detail/vehicle_status__struct.h\n'}
[1.359032] (px4_msgs) StdoutLine: {'line': b'-- Up-to-date symlink: /home/maanavjugalshah/SwarmAero/ros2_ws/install/px4_msgs/include/px4_msgs/px4_msgs/msg/detail/vehicle_status__type_support.h\n'}
[1.359067] (px4_msgs) StdoutLine: {'line': b'-- Up-to-date symlink: /home/maanavjugalshah/SwarmAero/ros2_ws/install/px4_msgs/include/px4_msgs/px4_msgs/msg/detail/vehicle_thrust_setpoint__functions.h\n'}
[1.359135] (px4_msgs) StdoutLine: {'line': b'-- Up-to-date symlink: /home/maanavjugalshah/SwarmAero/ros2_ws/install/px4_msgs/include/px4_msgs/px4_msgs/msg/detail/vehicle_thrust_setpoint__struct.h\n'}
[1.359380] (px4_msgs) StdoutLine: {'line': b'-- Up-to-date symlink: /home/maanavjugalshah/SwarmAero/ros2_ws/install/px4_msgs/include/px4_msgs/px4_msgs/msg/detail/vehicle_thrust_setpoint__type_support.h\n'}
[1.359526] (px4_msgs) StdoutLine: {'line': b'-- Up-to-date symlink: /home/maanavjugalshah/SwarmAero/ros2_ws/install/px4_msgs/include/px4_msgs/px4_msgs/msg/detail/vehicle_torque_setpoint__functions.h\n'}
[1.359755] (px4_msgs) StdoutLine: {'line': b'-- Up-to-date symlink: /home/maanavjugalshah/SwarmAero/ros2_ws/install/px4_msgs/include/px4_msgs/px4_msgs/msg/detail/vehicle_torque_setpoint__struct.h\n'}
[1.360143] (px4_msgs) StdoutLine: {'line': b'-- Up-to-date symlink: /home/maanavjugalshah/SwarmAero/ros2_ws/install/px4_msgs/include/px4_msgs/px4_msgs/msg/detail/vehicle_torque_setpoint__type_support.h\n'}
[1.360378] (px4_msgs) StdoutLine: {'line': b'-- Up-to-date symlink: /home/maanavjugalshah/SwarmAero/ros2_ws/install/px4_msgs/include/px4_msgs/px4_msgs/msg/detail/velocity_limits__functions.h\n'}
[1.360461] (px4_msgs) StdoutLine: {'line': b'-- Up-to-date symlink: /home/maanavjugalshah/SwarmAero/ros2_ws/install/px4_msgs/include/px4_msgs/px4_msgs/msg/detail/velocity_limits__struct.h\n'}
[1.360501] (px4_msgs) StdoutLine: {'line': b'-- Up-to-date symlink: /home/maanavjugalshah/SwarmAero/ros2_ws/install/px4_msgs/include/px4_msgs/px4_msgs/msg/detail/velocity_limits__type_support.h\n'}
[1.360589] (px4_msgs) StdoutLine: {'line': b'-- Up-to-date symlink: /home/maanavjugalshah/SwarmAero/ros2_ws/install/px4_msgs/include/px4_msgs/px4_msgs/msg/detail/vtol_vehicle_status__functions.h\n'}
[1.360823] (px4_msgs) StdoutLine: {'line': b'-- Up-to-date symlink: /home/maanavjugalshah/SwarmAero/ros2_ws/install/px4_msgs/include/px4_msgs/px4_msgs/msg/detail/vtol_vehicle_status__struct.h\n'}
[1.360980] (px4_msgs) StdoutLine: {'line': b'-- Up-to-date symlink: /home/maanavjugalshah/SwarmAero/ros2_ws/install/px4_msgs/include/px4_msgs/px4_msgs/msg/detail/vtol_vehicle_status__type_support.h\n'}
[1.361103] (px4_msgs) StdoutLine: {'line': b'-- Up-to-date symlink: /home/maanavjugalshah/SwarmAero/ros2_ws/install/px4_msgs/include/px4_msgs/px4_msgs/msg/detail/vtx__functions.h\n'}
[1.361175] (px4_msgs) StdoutLine: {'line': b'-- Up-to-date symlink: /home/maanavjugalshah/SwarmAero/ros2_ws/install/px4_msgs/include/px4_msgs/px4_msgs/msg/detail/vtx__struct.h\n'}
[1.361274] (px4_msgs) StdoutLine: {'line': b'-- Up-to-date symlink: /home/maanavjugalshah/SwarmAero/ros2_ws/install/px4_msgs/include/px4_msgs/px4_msgs/msg/detail/vtx__type_support.h\n'}
[1.361362] (px4_msgs) StdoutLine: {'line': b'-- Up-to-date symlink: /home/maanavjugalshah/SwarmAero/ros2_ws/install/px4_msgs/include/px4_msgs/px4_msgs/msg/detail/wheel_encoders__functions.h\n'}
[1.361437] (px4_msgs) StdoutLine: {'line': b'-- Up-to-date symlink: /home/maanavjugalshah/SwarmAero/ros2_ws/install/px4_msgs/include/px4_msgs/px4_msgs/msg/detail/wheel_encoders__struct.h\n'}
[1.361525] (px4_msgs) StdoutLine: {'line': b'-- Up-to-date symlink: /home/maanavjugalshah/SwarmAero/ros2_ws/install/px4_msgs/include/px4_msgs/px4_msgs/msg/detail/wheel_encoders__type_support.h\n'}
[1.362124] (px4_msgs) StdoutLine: {'line': b'-- Up-to-date symlink: /home/maanavjugalshah/SwarmAero/ros2_ws/install/px4_msgs/include/px4_msgs/px4_msgs/msg/detail/wind__functions.h\n'}
[1.362391] (px4_msgs) StdoutLine: {'line': b'-- Up-to-date symlink: /home/maanavjugalshah/SwarmAero/ros2_ws/install/px4_msgs/include/px4_msgs/px4_msgs/msg/detail/wind__struct.h\n'}
[1.362773] (px4_msgs) StdoutLine: {'line': b'-- Up-to-date symlink: /home/maanavjugalshah/SwarmAero/ros2_ws/install/px4_msgs/include/px4_msgs/px4_msgs/msg/detail/wind__type_support.h\n'}
[1.362845] (px4_msgs) StdoutLine: {'line': b'-- Up-to-date symlink: /home/maanavjugalshah/SwarmAero/ros2_ws/install/px4_msgs/include/px4_msgs/px4_msgs/msg/detail/yaw_estimator_status__functions.h\n'}
[1.362922] (px4_msgs) StdoutLine: {'line': b'-- Up-to-date symlink: /home/maanavjugalshah/SwarmAero/ros2_ws/install/px4_msgs/include/px4_msgs/px4_msgs/msg/detail/yaw_estimator_status__struct.h\n'}
[1.362965] (px4_msgs) StdoutLine: {'line': b'-- Up-to-date symlink: /home/maanavjugalshah/SwarmAero/ros2_ws/install/px4_msgs/include/px4_msgs/px4_msgs/msg/detail/yaw_estimator_status__type_support.h\n'}
[1.363030] (px4_msgs) StdoutLine: {'line': b'-- Up-to-date symlink: /home/maanavjugalshah/SwarmAero/ros2_ws/install/px4_msgs/include/px4_msgs/px4_msgs/msg/device_information.h\n'}
[1.363103] (px4_msgs) StdoutLine: {'line': b'-- Up-to-date symlink: /home/maanavjugalshah/SwarmAero/ros2_ws/install/px4_msgs/include/px4_msgs/px4_msgs/msg/differential_pressure.h\n'}
[1.363410] (px4_msgs) StdoutLine: {'line': b'-- Up-to-date symlink: /home/maanavjugalshah/SwarmAero/ros2_ws/install/px4_msgs/include/px4_msgs/px4_msgs/msg/distance_sensor.h\n'}
[1.363750] (px4_msgs) StdoutLine: {'line': b'-- Up-to-date symlink: /home/maanavjugalshah/SwarmAero/ros2_ws/install/px4_msgs/include/px4_msgs/px4_msgs/msg/distance_sensor_mode_change_request.h\n'}
[1.363925] (px4_msgs) StdoutLine: {'line': b'-- Up-to-date symlink: /home/maanavjugalshah/SwarmAero/ros2_ws/install/px4_msgs/include/px4_msgs/px4_msgs/msg/dronecan_node_status.h\n'}
[1.364078] (px4_msgs) StdoutLine: {'line': b'-- Up-to-date symlink: /home/maanavjugalshah/SwarmAero/ros2_ws/install/px4_msgs/include/px4_msgs/px4_msgs/msg/ekf2_timestamps.h\n'}
[1.364271] (px4_msgs) StdoutLine: {'line': b'-- Up-to-date symlink: /home/maanavjugalshah/SwarmAero/ros2_ws/install/px4_msgs/include/px4_msgs/px4_msgs/msg/esc_eeprom_read.h\n'}
[1.364325] (px4_msgs) StdoutLine: {'line': b'-- Up-to-date symlink: /home/maanavjugalshah/SwarmAero/ros2_ws/install/px4_msgs/include/px4_msgs/px4_msgs/msg/esc_eeprom_write.h\n'}
[1.364364] (px4_msgs) StdoutLine: {'line': b'-- Up-to-date symlink: /home/maanavjugalshah/SwarmAero/ros2_ws/install/px4_msgs/include/px4_msgs/px4_msgs/msg/esc_report.h\n'}
[1.364582] (px4_msgs) StdoutLine: {'line': b'-- Up-to-date symlink: /home/maanavjugalshah/SwarmAero/ros2_ws/install/px4_msgs/include/px4_msgs/px4_msgs/msg/esc_status.h\n'}
[1.365167] (px4_msgs) StdoutLine: {'line': b'-- Up-to-date symlink: /home/maanavjugalshah/SwarmAero/ros2_ws/install/px4_msgs/include/px4_msgs/px4_msgs/msg/estimator_aid_source1d.h\n'}
[1.365387] (px4_msgs) StdoutLine: {'line': b'-- Up-to-date symlink: /home/maanavjugalshah/SwarmAero/ros2_ws/install/px4_msgs/include/px4_msgs/px4_msgs/msg/estimator_aid_source2d.h\n'}
[1.365478] (px4_msgs) StdoutLine: {'line': b'-- Up-to-date symlink: /home/maanavjugalshah/SwarmAero/ros2_ws/install/px4_msgs/include/px4_msgs/px4_msgs/msg/estimator_aid_source3d.h\n'}
[1.365569] (px4_msgs) StdoutLine: {'line': b'-- Up-to-date symlink: /home/maanavjugalshah/SwarmAero/ros2_ws/install/px4_msgs/include/px4_msgs/px4_msgs/msg/estimator_bias.h\n'}
[1.365655] (px4_msgs) StdoutLine: {'line': b'-- Up-to-date symlink: /home/maanavjugalshah/SwarmAero/ros2_ws/install/px4_msgs/include/px4_msgs/px4_msgs/msg/estimator_bias3d.h\n'}
[1.365743] (px4_msgs) StdoutLine: {'line': b'-- Up-to-date symlink: /home/maanavjugalshah/SwarmAero/ros2_ws/install/px4_msgs/include/px4_msgs/px4_msgs/msg/estimator_event_flags.h\n'}
[1.365830] (px4_msgs) StdoutLine: {'line': b'-- Up-to-date symlink: /home/maanavjugalshah/SwarmAero/ros2_ws/install/px4_msgs/include/px4_msgs/px4_msgs/msg/estimator_fusion_control.h\n'}
[1.366215] (px4_msgs) StdoutLine: {'line': b'-- Up-to-date symlink: /home/maanavjugalshah/SwarmAero/ros2_ws/install/px4_msgs/include/px4_msgs/px4_msgs/msg/estimator_gps_status.h\n'}
[1.366513] (px4_msgs) StdoutLine: {'line': b'-- Up-to-date symlink: /home/maanavjugalshah/SwarmAero/ros2_ws/install/px4_msgs/include/px4_msgs/px4_msgs/msg/estimator_innovations.h\n'}
[1.366888] (px4_msgs) StdoutLine: {'line': b'-- Up-to-date symlink: /home/maanavjugalshah/SwarmAero/ros2_ws/install/px4_msgs/include/px4_msgs/px4_msgs/msg/estimator_selector_status.h\n'}
[1.366984] (px4_msgs) StdoutLine: {'line': b'-- Up-to-date symlink: /home/maanavjugalshah/SwarmAero/ros2_ws/install/px4_msgs/include/px4_msgs/px4_msgs/msg/estimator_sensor_bias.h\n'}
[1.367219] (px4_msgs) StdoutLine: {'line': b'-- Up-to-date symlink: /home/maanavjugalshah/SwarmAero/ros2_ws/install/px4_msgs/include/px4_msgs/px4_msgs/msg/estimator_states.h\n'}
[1.367386] (px4_msgs) StdoutLine: {'line': b'-- Up-to-date symlink: /home/maanavjugalshah/SwarmAero/ros2_ws/install/px4_msgs/include/px4_msgs/px4_msgs/msg/estimator_status.h\n'}
[1.367670] (px4_msgs) StdoutLine: {'line': b'-- Up-to-date symlink: /home/maanavjugalshah/SwarmAero/ros2_ws/install/px4_msgs/include/px4_msgs/px4_msgs/msg/estimator_status_flags.h\n'}
[1.367916] (px4_msgs) StdoutLine: {'line': b'-- Up-to-date symlink: /home/maanavjugalshah/SwarmAero/ros2_ws/install/px4_msgs/include/px4_msgs/px4_msgs/msg/event.h\n'}
[1.368340] (px4_msgs) StdoutLine: {'line': b'-- Up-to-date symlink: /home/maanavjugalshah/SwarmAero/ros2_ws/install/px4_msgs/include/px4_msgs/px4_msgs/msg/failsafe_flags.h\n'}
[1.368580] (px4_msgs) StdoutLine: {'line': b'-- Up-to-date symlink: /home/maanavjugalshah/SwarmAero/ros2_ws/install/px4_msgs/include/px4_msgs/px4_msgs/msg/failure_detector_status.h\n'}
[1.368648] (px4_msgs) StdoutLine: {'line': b'-- Up-to-date symlink: /home/maanavjugalshah/SwarmAero/ros2_ws/install/px4_msgs/include/px4_msgs/px4_msgs/msg/figure_eight_status.h\n'}
[1.368816] (px4_msgs) StdoutLine: {'line': b'-- Up-to-date symlink: /home/maanavjugalshah/SwarmAero/ros2_ws/install/px4_msgs/include/px4_msgs/px4_msgs/msg/fixed_wing_lateral_guidance_status.h\n'}
[1.368862] (px4_msgs) StdoutLine: {'line': b'-- Up-to-date symlink: /home/maanavjugalshah/SwarmAero/ros2_ws/install/px4_msgs/include/px4_msgs/px4_msgs/msg/fixed_wing_lateral_setpoint.h\n'}
[1.368978] (px4_msgs) StdoutLine: {'line': b'-- Up-to-date symlink: /home/maanavjugalshah/SwarmAero/ros2_ws/install/px4_msgs/include/px4_msgs/px4_msgs/msg/fixed_wing_lateral_status.h\n'}
[1.369092] (px4_msgs) StdoutLine: {'line': b'-- Up-to-date symlink: /home/maanavjugalshah/SwarmAero/ros2_ws/install/px4_msgs/include/px4_msgs/px4_msgs/msg/fixed_wing_longitudinal_setpoint.h\n'}
[1.369283] (px4_msgs) StdoutLine: {'line': b'-- Up-to-date symlink: /home/maanavjugalshah/SwarmAero/ros2_ws/install/px4_msgs/include/px4_msgs/px4_msgs/msg/fixed_wing_runway_control.h\n'}
[1.369361] (px4_msgs) StdoutLine: {'line': b'-- Up-to-date symlink: /home/maanavjugalshah/SwarmAero/ros2_ws/install/px4_msgs/include/px4_msgs/px4_msgs/msg/flight_phase_estimation.h\n'}
[1.369526] (px4_msgs) StdoutLine: {'line': b'-- Up-to-date symlink: /home/maanavjugalshah/SwarmAero/ros2_ws/install/px4_msgs/include/px4_msgs/px4_msgs/msg/follow_target.h\n'}
[1.369711] (px4_msgs) StdoutLine: {'line': b'-- Up-to-date symlink: /home/maanavjugalshah/SwarmAero/ros2_ws/install/px4_msgs/include/px4_msgs/px4_msgs/msg/follow_target_estimator.h\n'}
[1.369867] (px4_msgs) StdoutLine: {'line': b'-- Up-to-date symlink: /home/maanavjugalshah/SwarmAero/ros2_ws/install/px4_msgs/include/px4_msgs/px4_msgs/msg/follow_target_status.h\n'}
[1.369911] (px4_msgs) StdoutLine: {'line': b'-- Up-to-date symlink: /home/maanavjugalshah/SwarmAero/ros2_ws/install/px4_msgs/include/px4_msgs/px4_msgs/msg/fuel_tank_status.h\n'}
[1.370000] (px4_msgs) StdoutLine: {'line': b'-- Up-to-date symlink: /home/maanavjugalshah/SwarmAero/ros2_ws/install/px4_msgs/include/px4_msgs/px4_msgs/msg/gain_compression.h\n'}
[1.370094] (px4_msgs) StdoutLine: {'line': b'-- Up-to-date symlink: /home/maanavjugalshah/SwarmAero/ros2_ws/install/px4_msgs/include/px4_msgs/px4_msgs/msg/generator_status.h\n'}
[1.370262] (px4_msgs) StdoutLine: {'line': b'-- Up-to-date symlink: /home/maanavjugalshah/SwarmAero/ros2_ws/install/px4_msgs/include/px4_msgs/px4_msgs/msg/geofence_result.h\n'}
[1.370365] (px4_msgs) StdoutLine: {'line': b'-- Up-to-date symlink: /home/maanavjugalshah/SwarmAero/ros2_ws/install/px4_msgs/include/px4_msgs/px4_msgs/msg/geofence_status.h\n'}
[1.370451] (px4_msgs) StdoutLine: {'line': b'-- Up-to-date symlink: /home/maanavjugalshah/SwarmAero/ros2_ws/install/px4_msgs/include/px4_msgs/px4_msgs/msg/gimbal_controls.h\n'}
[1.370566] (px4_msgs) StdoutLine: {'line': b'-- Up-to-date symlink: /home/maanavjugalshah/SwarmAero/ros2_ws/install/px4_msgs/include/px4_msgs/px4_msgs/msg/gimbal_device_attitude_status.h\n'}
[1.370655] (px4_msgs) StdoutLine: {'line': b'-- Up-to-date symlink: /home/maanavjugalshah/SwarmAero/ros2_ws/install/px4_msgs/include/px4_msgs/px4_msgs/msg/gimbal_device_information.h\n'}
[1.370922] (px4_msgs) StdoutLine: {'line': b'-- Up-to-date symlink: /home/maanavjugalshah/SwarmAero/ros2_ws/install/px4_msgs/include/px4_msgs/px4_msgs/msg/gimbal_device_set_attitude.h\n'}
[1.371015] (px4_msgs) StdoutLine: {'line': b'-- Up-to-date symlink: /home/maanavjugalshah/SwarmAero/ros2_ws/install/px4_msgs/include/px4_msgs/px4_msgs/msg/gimbal_manager_information.h\n'}
[1.371131] (px4_msgs) StdoutLine: {'line': b'-- Up-to-date symlink: /home/maanavjugalshah/SwarmAero/ros2_ws/install/px4_msgs/include/px4_msgs/px4_msgs/msg/gimbal_manager_set_attitude.h\n'}
[1.371202] (px4_msgs) StdoutLine: {'line': b'-- Up-to-date symlink: /home/maanavjugalshah/SwarmAero/ros2_ws/install/px4_msgs/include/px4_msgs/px4_msgs/msg/gimbal_manager_set_manual_control.h\n'}
[1.371551] (px4_msgs) StdoutLine: {'line': b'-- Up-to-date symlink: /home/maanavjugalshah/SwarmAero/ros2_ws/install/px4_msgs/include/px4_msgs/px4_msgs/msg/gimbal_manager_status.h\n'}
[1.371669] (px4_msgs) StdoutLine: {'line': b'-- Up-to-date symlink: /home/maanavjugalshah/SwarmAero/ros2_ws/install/px4_msgs/include/px4_msgs/px4_msgs/msg/goto_setpoint.h\n'}
[1.372044] (px4_msgs) StdoutLine: {'line': b'-- Up-to-date symlink: /home/maanavjugalshah/SwarmAero/ros2_ws/install/px4_msgs/include/px4_msgs/px4_msgs/msg/gpio_config.h\n'}
[1.372233] (px4_msgs) StdoutLine: {'line': b'-- Up-to-date symlink: /home/maanavjugalshah/SwarmAero/ros2_ws/install/px4_msgs/include/px4_msgs/px4_msgs/msg/gpio_in.h\n'}
[1.372737] (px4_msgs) StdoutLine: {'line': b'-- Up-to-date symlink: /home/maanavjugalshah/SwarmAero/ros2_ws/install/px4_msgs/include/px4_msgs/px4_msgs/msg/gpio_out.h\n'}
[1.372887] (px4_msgs) StdoutLine: {'line': b'-- Up-to-date symlink: /home/maanavjugalshah/SwarmAero/ros2_ws/install/px4_msgs/include/px4_msgs/px4_msgs/msg/gpio_request.h\n'}
[1.373165] (px4_msgs) StdoutLine: {'line': b'-- Up-to-date symlink: /home/maanavjugalshah/SwarmAero/ros2_ws/install/px4_msgs/include/px4_msgs/px4_msgs/msg/gps_dump.h\n'}
[1.373314] (px4_msgs) StdoutLine: {'line': b'-- Up-to-date symlink: /home/maanavjugalshah/SwarmAero/ros2_ws/install/px4_msgs/include/px4_msgs/px4_msgs/msg/gps_inject_data.h\n'}
[1.373361] (px4_msgs) StdoutLine: {'line': b'-- Up-to-date symlink: /home/maanavjugalshah/SwarmAero/ros2_ws/install/px4_msgs/include/px4_msgs/px4_msgs/msg/gripper.h\n'}
[1.373464] (px4_msgs) StdoutLine: {'line': b'-- Up-to-date symlink: /home/maanavjugalshah/SwarmAero/ros2_ws/install/px4_msgs/include/px4_msgs/px4_msgs/msg/health_report.h\n'}
[1.374013] (px4_msgs) StdoutLine: {'line': b'-- Up-to-date symlink: /home/maanavjugalshah/SwarmAero/ros2_ws/install/px4_msgs/include/px4_msgs/px4_msgs/msg/heater_status.h\n'}
[1.374163] (px4_msgs) StdoutLine: {'line': b'-- Up-to-date symlink: /home/maanavjugalshah/SwarmAero/ros2_ws/install/px4_msgs/include/px4_msgs/px4_msgs/msg/home_position.h\n'}
[1.374524] (px4_msgs) StdoutLine: {'line': b'-- Up-to-date symlink: /home/maanavjugalshah/SwarmAero/ros2_ws/install/px4_msgs/include/px4_msgs/px4_msgs/msg/hover_thrust_estimate.h\n'}
[1.374639] (px4_msgs) StdoutLine: {'line': b'-- Up-to-date symlink: /home/maanavjugalshah/SwarmAero/ros2_ws/install/px4_msgs/include/px4_msgs/px4_msgs/msg/input_rc.h\n'}
[1.374739] (px4_msgs) StdoutLine: {'line': b'-- Up-to-date symlink: /home/maanavjugalshah/SwarmAero/ros2_ws/install/px4_msgs/include/px4_msgs/px4_msgs/msg/internal_combustion_engine_control.h\n'}
[1.374941] (px4_msgs) StdoutLine: {'line': b'-- Up-to-date symlink: /home/maanavjugalshah/SwarmAero/ros2_ws/install/px4_msgs/include/px4_msgs/px4_msgs/msg/internal_combustion_engine_status.h\n'}
[1.375209] (px4_msgs) StdoutLine: {'line': b'-- Up-to-date symlink: /home/maanavjugalshah/SwarmAero/ros2_ws/install/px4_msgs/include/px4_msgs/px4_msgs/msg/iridiumsbd_status.h\n'}
[1.375283] (px4_msgs) StdoutLine: {'line': b'-- Up-to-date symlink: /home/maanavjugalshah/SwarmAero/ros2_ws/install/px4_msgs/include/px4_msgs/px4_msgs/msg/irlock_report.h\n'}
[1.375613] (px4_msgs) StdoutLine: {'line': b'-- Up-to-date symlink: /home/maanavjugalshah/SwarmAero/ros2_ws/install/px4_msgs/include/px4_msgs/px4_msgs/msg/landing_gear.h\n'}
[1.375756] (px4_msgs) StdoutLine: {'line': b'-- Up-to-date symlink: /home/maanavjugalshah/SwarmAero/ros2_ws/install/px4_msgs/include/px4_msgs/px4_msgs/msg/landing_gear_wheel.h\n'}
[1.375875] (px4_msgs) StdoutLine: {'line': b'-- Up-to-date symlink: /home/maanavjugalshah/SwarmAero/ros2_ws/install/px4_msgs/include/px4_msgs/px4_msgs/msg/landing_target_innovations.h\n'}
[1.375961] (px4_msgs) StdoutLine: {'line': b'-- Up-to-date symlink: /home/maanavjugalshah/SwarmAero/ros2_ws/install/px4_msgs/include/px4_msgs/px4_msgs/msg/landing_target_pose.h\n'}
[1.376150] (px4_msgs) StdoutLine: {'line': b'-- Up-to-date symlink: /home/maanavjugalshah/SwarmAero/ros2_ws/install/px4_msgs/include/px4_msgs/px4_msgs/msg/lateral_control_configuration.h\n'}
[1.376355] (px4_msgs) StdoutLine: {'line': b'-- Up-to-date symlink: /home/maanavjugalshah/SwarmAero/ros2_ws/install/px4_msgs/include/px4_msgs/px4_msgs/msg/launch_detection_status.h\n'}
[1.376514] (px4_msgs) StdoutLine: {'line': b'-- Up-to-date symlink: /home/maanavjugalshah/SwarmAero/ros2_ws/install/px4_msgs/include/px4_msgs/px4_msgs/msg/led_control.h\n'}
[1.376559] (px4_msgs) StdoutLine: {'line': b'-- Up-to-date symlink: /home/maanavjugalshah/SwarmAero/ros2_ws/install/px4_msgs/include/px4_msgs/px4_msgs/msg/log_message.h\n'}
[1.376625] (px4_msgs) StdoutLine: {'line': b'-- Up-to-date symlink: /home/maanavjugalshah/SwarmAero/ros2_ws/install/px4_msgs/include/px4_msgs/px4_msgs/msg/logger_status.h\n'}
[1.377038] (px4_msgs) StdoutLine: {'line': b'-- Up-to-date symlink: /home/maanavjugalshah/SwarmAero/ros2_ws/install/px4_msgs/include/px4_msgs/px4_msgs/msg/longitudinal_control_configuration.h\n'}
[1.377098] (px4_msgs) StdoutLine: {'line': b'-- Up-to-date symlink: /home/maanavjugalshah/SwarmAero/ros2_ws/install/px4_msgs/include/px4_msgs/px4_msgs/msg/mag_worker_data.h\n'}
[1.377138] (px4_msgs) StdoutLine: {'line': b'-- Up-to-date symlink: /home/maanavjugalshah/SwarmAero/ros2_ws/install/px4_msgs/include/px4_msgs/px4_msgs/msg/magnetometer_bias_estimate.h\n'}
[1.377207] (px4_msgs) StdoutLine: {'line': b'-- Up-to-date symlink: /home/maanavjugalshah/SwarmAero/ros2_ws/install/px4_msgs/include/px4_msgs/px4_msgs/msg/manual_control_setpoint.h\n'}
[1.377388] (px4_msgs) StdoutLine: {'line': b'-- Up-to-date symlink: /home/maanavjugalshah/SwarmAero/ros2_ws/install/px4_msgs/include/px4_msgs/px4_msgs/msg/manual_control_switches.h\n'}
[1.377952] (px4_msgs) StdoutLine: {'line': b'-- Up-to-date symlink: /home/maanavjugalshah/SwarmAero/ros2_ws/install/px4_msgs/include/px4_msgs/px4_msgs/msg/mavlink_log.h\n'}
[1.378213] (px4_msgs) StdoutLine: {'line': b'-- Up-to-date symlink: /home/maanavjugalshah/SwarmAero/ros2_ws/install/px4_msgs/include/px4_msgs/px4_msgs/msg/mavlink_tunnel.h\n'}
[1.378370] (px4_msgs) StdoutLine: {'line': b'-- Up-to-date symlink: /home/maanavjugalshah/SwarmAero/ros2_ws/install/px4_msgs/include/px4_msgs/px4_msgs/msg/message_format_request.h\n'}
[1.378696] (px4_msgs) StdoutLine: {'line': b'-- Up-to-date symlink: /home/maanavjugalshah/SwarmAero/ros2_ws/install/px4_msgs/include/px4_msgs/px4_msgs/msg/message_format_response.h\n'}
[1.378956] (px4_msgs) StdoutLine: {'line': b'-- Up-to-date symlink: /home/maanavjugalshah/SwarmAero/ros2_ws/install/px4_msgs/include/px4_msgs/px4_msgs/msg/mission.h\n'}
[1.379154] (px4_msgs) StdoutLine: {'line': b'-- Up-to-date symlink: /home/maanavjugalshah/SwarmAero/ros2_ws/install/px4_msgs/include/px4_msgs/px4_msgs/msg/mission_result.h\n'}
[1.379312] (px4_msgs) StdoutLine: {'line': b'-- Up-to-date symlink: /home/maanavjugalshah/SwarmAero/ros2_ws/install/px4_msgs/include/px4_msgs/px4_msgs/msg/mode_completed.h\n'}
[1.379416] (px4_msgs) StdoutLine: {'line': b'-- Up-to-date symlink: /home/maanavjugalshah/SwarmAero/ros2_ws/install/px4_msgs/include/px4_msgs/px4_msgs/msg/mount_orientation.h\n'}
[1.379602] (px4_msgs) StdoutLine: {'line': b'-- Up-to-date symlink: /home/maanavjugalshah/SwarmAero/ros2_ws/install/px4_msgs/include/px4_msgs/px4_msgs/msg/navigator_mission_item.h\n'}
[1.379685] (px4_msgs) StdoutLine: {'line': b'-- Up-to-date symlink: /home/maanavjugalshah/SwarmAero/ros2_ws/install/px4_msgs/include/px4_msgs/px4_msgs/msg/navigator_status.h\n'}
[1.379833] (px4_msgs) StdoutLine: {'line': b'-- Up-to-date symlink: /home/maanavjugalshah/SwarmAero/ros2_ws/install/px4_msgs/include/px4_msgs/px4_msgs/msg/neural_control.h\n'}
[1.379966] (px4_msgs) StdoutLine: {'line': b'-- Up-to-date symlink: /home/maanavjugalshah/SwarmAero/ros2_ws/install/px4_msgs/include/px4_msgs/px4_msgs/msg/normalized_unsigned_setpoint.h\n'}
[1.380039] (px4_msgs) StdoutLine: {'line': b'-- Up-to-date symlink: /home/maanavjugalshah/SwarmAero/ros2_ws/install/px4_msgs/include/px4_msgs/px4_msgs/msg/obstacle_distance.h\n'}
[1.380146] (px4_msgs) StdoutLine: {'line': b'-- Up-to-date symlink: /home/maanavjugalshah/SwarmAero/ros2_ws/install/px4_msgs/include/px4_msgs/px4_msgs/msg/offboard_control_mode.h\n'}
[1.380249] (px4_msgs) StdoutLine: {'line': b'-- Up-to-date symlink: /home/maanavjugalshah/SwarmAero/ros2_ws/install/px4_msgs/include/px4_msgs/px4_msgs/msg/onboard_computer_status.h\n'}
[1.380377] (px4_msgs) StdoutLine: {'line': b'-- Up-to-date symlink: /home/maanavjugalshah/SwarmAero/ros2_ws/install/px4_msgs/include/px4_msgs/px4_msgs/msg/open_drone_id_arm_status.h\n'}
[1.380600] (px4_msgs) StdoutLine: {'line': b'-- Up-to-date symlink: /home/maanavjugalshah/SwarmAero/ros2_ws/install/px4_msgs/include/px4_msgs/px4_msgs/msg/open_drone_id_operator_id.h\n'}
[1.380968] (px4_msgs) StdoutLine: {'line': b'-- Up-to-date symlink: /home/maanavjugalshah/SwarmAero/ros2_ws/install/px4_msgs/include/px4_msgs/px4_msgs/msg/open_drone_id_self_id.h\n'}
[1.381192] (px4_msgs) StdoutLine: {'line': b'-- Up-to-date symlink: /home/maanavjugalshah/SwarmAero/ros2_ws/install/px4_msgs/include/px4_msgs/px4_msgs/msg/open_drone_id_system.h\n'}
[1.381294] (px4_msgs) StdoutLine: {'line': b'-- Up-to-date symlink: /home/maanavjugalshah/SwarmAero/ros2_ws/install/px4_msgs/include/px4_msgs/px4_msgs/msg/orb_test.h\n'}
[1.381497] (px4_msgs) StdoutLine: {'line': b'-- Up-to-date symlink: /home/maanavjugalshah/SwarmAero/ros2_ws/install/px4_msgs/include/px4_msgs/px4_msgs/msg/orb_test_large.h\n'}
[1.381903] (px4_msgs) StdoutLine: {'line': b'-- Up-to-date symlink: /home/maanavjugalshah/SwarmAero/ros2_ws/install/px4_msgs/include/px4_msgs/px4_msgs/msg/orb_test_medium.h\n'}
[1.382394] (px4_msgs) StdoutLine: {'line': b'-- Up-to-date symlink: /home/maanavjugalshah/SwarmAero/ros2_ws/install/px4_msgs/include/px4_msgs/px4_msgs/msg/orbit_status.h\n'}
[1.382755] (px4_msgs) StdoutLine: {'line': b'-- Up-to-date symlink: /home/maanavjugalshah/SwarmAero/ros2_ws/install/px4_msgs/include/px4_msgs/px4_msgs/msg/parameter_reset_request.h\n'}
[1.382876] (px4_msgs) StdoutLine: {'line': b'-- Up-to-date symlink: /home/maanavjugalshah/SwarmAero/ros2_ws/install/px4_msgs/include/px4_msgs/px4_msgs/msg/parameter_set_used_request.h\n'}
[1.383089] (px4_msgs) StdoutLine: {'line': b'-- Up-to-date symlink: /home/maanavjugalshah/SwarmAero/ros2_ws/install/px4_msgs/include/px4_msgs/px4_msgs/msg/parameter_set_value_request.h\n'}
[1.383284] (px4_msgs) StdoutLine: {'line': b'-- Up-to-date symlink: /home/maanavjugalshah/SwarmAero/ros2_ws/install/px4_msgs/include/px4_msgs/px4_msgs/msg/parameter_set_value_response.h\n'}
[1.383412] (px4_msgs) StdoutLine: {'line': b'-- Up-to-date symlink: /home/maanavjugalshah/SwarmAero/ros2_ws/install/px4_msgs/include/px4_msgs/px4_msgs/msg/parameter_update.h\n'}
[1.383531] (px4_msgs) StdoutLine: {'line': b'-- Up-to-date symlink: /home/maanavjugalshah/SwarmAero/ros2_ws/install/px4_msgs/include/px4_msgs/px4_msgs/msg/ping.h\n'}
[1.383897] (px4_msgs) StdoutLine: {'line': b'-- Up-to-date symlink: /home/maanavjugalshah/SwarmAero/ros2_ws/install/px4_msgs/include/px4_msgs/px4_msgs/msg/position_controller_landing_status.h\n'}
[1.383951] (px4_msgs) StdoutLine: {'line': b'-- Up-to-date symlink: /home/maanavjugalshah/SwarmAero/ros2_ws/install/px4_msgs/include/px4_msgs/px4_msgs/msg/position_controller_status.h\n'}
[1.384078] (px4_msgs) StdoutLine: {'line': b'-- Up-to-date symlink: /home/maanavjugalshah/SwarmAero/ros2_ws/install/px4_msgs/include/px4_msgs/px4_msgs/msg/position_setpoint.h\n'}
[1.384122] (px4_msgs) StdoutLine: {'line': b'-- Up-to-date symlink: /home/maanavjugalshah/SwarmAero/ros2_ws/install/px4_msgs/include/px4_msgs/px4_msgs/msg/position_setpoint_triplet.h\n'}
[1.384159] (px4_msgs) StdoutLine: {'line': b'-- Up-to-date symlink: /home/maanavjugalshah/SwarmAero/ros2_ws/install/px4_msgs/include/px4_msgs/px4_msgs/msg/power_button_state.h\n'}
[1.384196] (px4_msgs) StdoutLine: {'line': b'-- Up-to-date symlink: /home/maanavjugalshah/SwarmAero/ros2_ws/install/px4_msgs/include/px4_msgs/px4_msgs/msg/power_monitor.h\n'}
[1.384233] (px4_msgs) StdoutLine: {'line': b'-- Up-to-date symlink: /home/maanavjugalshah/SwarmAero/ros2_ws/install/px4_msgs/include/px4_msgs/px4_msgs/msg/pps_capture.h\n'}
[1.384269] (px4_msgs) StdoutLine: {'line': b'-- Up-to-date symlink: /home/maanavjugalshah/SwarmAero/ros2_ws/install/px4_msgs/include/px4_msgs/px4_msgs/msg/pure_pursuit_status.h\n'}
[1.384311] (px4_msgs) StdoutLine: {'line': b'-- Up-to-date symlink: /home/maanavjugalshah/SwarmAero/ros2_ws/install/px4_msgs/include/px4_msgs/px4_msgs/msg/pwm_input.h\n'}
[1.384347] (px4_msgs) StdoutLine: {'line': b'-- Up-to-date symlink: /home/maanavjugalshah/SwarmAero/ros2_ws/install/px4_msgs/include/px4_msgs/px4_msgs/msg/px4io_status.h\n'}
[1.384380] (px4_msgs) StdoutLine: {'line': b'-- Up-to-date symlink: /home/maanavjugalshah/SwarmAero/ros2_ws/install/px4_msgs/include/px4_msgs/px4_msgs/msg/qshell_req.h\n'}
[1.384444] (px4_msgs) StdoutLine: {'line': b'-- Up-to-date symlink: /home/maanavjugalshah/SwarmAero/ros2_ws/install/px4_msgs/include/px4_msgs/px4_msgs/msg/qshell_retval.h\n'}
[1.384483] (px4_msgs) StdoutLine: {'line': b'-- Up-to-date symlink: /home/maanavjugalshah/SwarmAero/ros2_ws/install/px4_msgs/include/px4_msgs/px4_msgs/msg/radio_status.h\n'}
[1.384520] (px4_msgs) StdoutLine: {'line': b'-- Up-to-date symlink: /home/maanavjugalshah/SwarmAero/ros2_ws/install/px4_msgs/include/px4_msgs/px4_msgs/msg/ranging_beacon.h\n'}
[1.384554] (px4_msgs) StdoutLine: {'line': b'-- Up-to-date symlink: /home/maanavjugalshah/SwarmAero/ros2_ws/install/px4_msgs/include/px4_msgs/px4_msgs/msg/raptor_input.h\n'}
[1.384588] (px4_msgs) StdoutLine: {'line': b'-- Up-to-date symlink: /home/maanavjugalshah/SwarmAero/ros2_ws/install/px4_msgs/include/px4_msgs/px4_msgs/msg/raptor_status.h\n'}
[1.384623] (px4_msgs) StdoutLine: {'line': b'-- Up-to-date symlink: /home/maanavjugalshah/SwarmAero/ros2_ws/install/px4_msgs/include/px4_msgs/px4_msgs/msg/rate_ctrl_status.h\n'}
[1.384657] (px4_msgs) StdoutLine: {'line': b'-- Up-to-date symlink: /home/maanavjugalshah/SwarmAero/ros2_ws/install/px4_msgs/include/px4_msgs/px4_msgs/msg/rc_channels.h\n'}
[1.384690] (px4_msgs) StdoutLine: {'line': b'-- Up-to-date symlink: /home/maanavjugalshah/SwarmAero/ros2_ws/install/px4_msgs/include/px4_msgs/px4_msgs/msg/rc_parameter_map.h\n'}
[1.384722] (px4_msgs) StdoutLine: {'line': b'-- Up-to-date symlink: /home/maanavjugalshah/SwarmAero/ros2_ws/install/px4_msgs/include/px4_msgs/px4_msgs/msg/register_ext_component_reply.h\n'}
[1.384758] (px4_msgs) StdoutLine: {'line': b'-- Up-to-date symlink: /home/maanavjugalshah/SwarmAero/ros2_ws/install/px4_msgs/include/px4_msgs/px4_msgs/msg/register_ext_component_request.h\n'}
[1.384790] (px4_msgs) StdoutLine: {'line': b'-- Up-to-date symlink: /home/maanavjugalshah/SwarmAero/ros2_ws/install/px4_msgs/include/px4_msgs/px4_msgs/msg/rosidl_generator_c__visibility_control.h\n'}
[1.384822] (px4_msgs) StdoutLine: {'line': b'-- Up-to-date symlink: /home/maanavjugalshah/SwarmAero/ros2_ws/install/px4_msgs/include/px4_msgs/px4_msgs/msg/rover_attitude_setpoint.h\n'}
[1.384855] (px4_msgs) StdoutLine: {'line': b'-- Up-to-date symlink: /home/maanavjugalshah/SwarmAero/ros2_ws/install/px4_msgs/include/px4_msgs/px4_msgs/msg/rover_attitude_status.h\n'}
[1.384888] (px4_msgs) StdoutLine: {'line': b'-- Up-to-date symlink: /home/maanavjugalshah/SwarmAero/ros2_ws/install/px4_msgs/include/px4_msgs/px4_msgs/msg/rover_position_setpoint.h\n'}
[1.384920] (px4_msgs) StdoutLine: {'line': b'-- Up-to-date symlink: /home/maanavjugalshah/SwarmAero/ros2_ws/install/px4_msgs/include/px4_msgs/px4_msgs/msg/rover_rate_setpoint.h\n'}
[1.384952] (px4_msgs) StdoutLine: {'line': b'-- Up-to-date symlink: /home/maanavjugalshah/SwarmAero/ros2_ws/install/px4_msgs/include/px4_msgs/px4_msgs/msg/rover_rate_status.h\n'}
[1.384983] (px4_msgs) StdoutLine: {'line': b'-- Up-to-date symlink: /home/maanavjugalshah/SwarmAero/ros2_ws/install/px4_msgs/include/px4_msgs/px4_msgs/msg/rover_speed_setpoint.h\n'}
[1.385013] (px4_msgs) StdoutLine: {'line': b'-- Up-to-date symlink: /home/maanavjugalshah/SwarmAero/ros2_ws/install/px4_msgs/include/px4_msgs/px4_msgs/msg/rover_speed_status.h\n'}
[1.385044] (px4_msgs) StdoutLine: {'line': b'-- Up-to-date symlink: /home/maanavjugalshah/SwarmAero/ros2_ws/install/px4_msgs/include/px4_msgs/px4_msgs/msg/rover_steering_setpoint.h\n'}
[1.385075] (px4_msgs) StdoutLine: {'line': b'-- Up-to-date symlink: /home/maanavjugalshah/SwarmAero/ros2_ws/install/px4_msgs/include/px4_msgs/px4_msgs/msg/rover_throttle_setpoint.h\n'}
[1.385107] (px4_msgs) StdoutLine: {'line': b'-- Up-to-date symlink: /home/maanavjugalshah/SwarmAero/ros2_ws/install/px4_msgs/include/px4_msgs/px4_msgs/msg/rpm.h\n'}
[1.385138] (px4_msgs) StdoutLine: {'line': b'-- Up-to-date symlink: /home/maanavjugalshah/SwarmAero/ros2_ws/install/px4_msgs/include/px4_msgs/px4_msgs/msg/rtl_status.h\n'}
[1.385170] (px4_msgs) StdoutLine: {'line': b'-- Up-to-date symlink: /home/maanavjugalshah/SwarmAero/ros2_ws/install/px4_msgs/include/px4_msgs/px4_msgs/msg/rtl_time_estimate.h\n'}
[1.385201] (px4_msgs) StdoutLine: {'line': b'-- Up-to-date symlink: /home/maanavjugalshah/SwarmAero/ros2_ws/install/px4_msgs/include/px4_msgs/px4_msgs/msg/satellite_info.h\n'}
[1.385231] (px4_msgs) StdoutLine: {'line': b'-- Up-to-date symlink: /home/maanavjugalshah/SwarmAero/ros2_ws/install/px4_msgs/include/px4_msgs/px4_msgs/msg/sensor_accel.h\n'}
[1.385262] (px4_msgs) StdoutLine: {'line': b'-- Up-to-date symlink: /home/maanavjugalshah/SwarmAero/ros2_ws/install/px4_msgs/include/px4_msgs/px4_msgs/msg/sensor_accel_fifo.h\n'}
[1.385293] (px4_msgs) StdoutLine: {'line': b'-- Up-to-date symlink: /home/maanavjugalshah/SwarmAero/ros2_ws/install/px4_msgs/include/px4_msgs/px4_msgs/msg/sensor_airflow.h\n'}
[1.385324] (px4_msgs) StdoutLine: {'line': b'-- Up-to-date symlink: /home/maanavjugalshah/SwarmAero/ros2_ws/install/px4_msgs/include/px4_msgs/px4_msgs/msg/sensor_baro.h\n'}
[1.385356] (px4_msgs) StdoutLine: {'line': b'-- Up-to-date symlink: /home/maanavjugalshah/SwarmAero/ros2_ws/install/px4_msgs/include/px4_msgs/px4_msgs/msg/sensor_combined.h\n'}
[1.385390] (px4_msgs) StdoutLine: {'line': b'-- Up-to-date symlink: /home/maanavjugalshah/SwarmAero/ros2_ws/install/px4_msgs/include/px4_msgs/px4_msgs/msg/sensor_correction.h\n'}
[1.385422] (px4_msgs) StdoutLine: {'line': b'-- Up-to-date symlink: /home/maanavjugalshah/SwarmAero/ros2_ws/install/px4_msgs/include/px4_msgs/px4_msgs/msg/sensor_gnss_relative.h\n'}
[1.385454] (px4_msgs) StdoutLine: {'line': b'-- Up-to-date symlink: /home/maanavjugalshah/SwarmAero/ros2_ws/install/px4_msgs/include/px4_msgs/px4_msgs/msg/sensor_gnss_status.h\n'}
[1.385521] (px4_msgs) StdoutLine: {'line': b'-- Up-to-date symlink: /home/maanavjugalshah/SwarmAero/ros2_ws/install/px4_msgs/include/px4_msgs/px4_msgs/msg/sensor_gps.h\n'}
[1.385562] (px4_msgs) StdoutLine: {'line': b'-- Up-to-date symlink: /home/maanavjugalshah/SwarmAero/ros2_ws/install/px4_msgs/include/px4_msgs/px4_msgs/msg/sensor_gyro.h\n'}
[1.385599] (px4_msgs) StdoutLine: {'line': b'-- Up-to-date symlink: /home/maanavjugalshah/SwarmAero/ros2_ws/install/px4_msgs/include/px4_msgs/px4_msgs/msg/sensor_gyro_fft.h\n'}
[1.385637] (px4_msgs) StdoutLine: {'line': b'-- Up-to-date symlink: /home/maanavjugalshah/SwarmAero/ros2_ws/install/px4_msgs/include/px4_msgs/px4_msgs/msg/sensor_gyro_fifo.h\n'}
[1.385674] (px4_msgs) StdoutLine: {'line': b'-- Up-to-date symlink: /home/maanavjugalshah/SwarmAero/ros2_ws/install/px4_msgs/include/px4_msgs/px4_msgs/msg/sensor_hygrometer.h\n'}
[1.385709] (px4_msgs) StdoutLine: {'line': b'-- Up-to-date symlink: /home/maanavjugalshah/SwarmAero/ros2_ws/install/px4_msgs/include/px4_msgs/px4_msgs/msg/sensor_mag.h\n'}
[1.385830] (px4_msgs) StdoutLine: {'line': b'-- Up-to-date symlink: /home/maanavjugalshah/SwarmAero/ros2_ws/install/px4_msgs/include/px4_msgs/px4_msgs/msg/sensor_optical_flow.h\n'}
[1.385895] (px4_msgs) StdoutLine: {'line': b'-- Up-to-date symlink: /home/maanavjugalshah/SwarmAero/ros2_ws/install/px4_msgs/include/px4_msgs/px4_msgs/msg/sensor_preflight_mag.h\n'}
[1.385935] (px4_msgs) StdoutLine: {'line': b'-- Up-to-date symlink: /home/maanavjugalshah/SwarmAero/ros2_ws/install/px4_msgs/include/px4_msgs/px4_msgs/msg/sensor_selection.h\n'}
[1.385972] (px4_msgs) StdoutLine: {'line': b'-- Up-to-date symlink: /home/maanavjugalshah/SwarmAero/ros2_ws/install/px4_msgs/include/px4_msgs/px4_msgs/msg/sensor_temp.h\n'}
[1.386008] (px4_msgs) StdoutLine: {'line': b'-- Up-to-date symlink: /home/maanavjugalshah/SwarmAero/ros2_ws/install/px4_msgs/include/px4_msgs/px4_msgs/msg/sensor_uwb.h\n'}
[1.386042] (px4_msgs) StdoutLine: {'line': b'-- Up-to-date symlink: /home/maanavjugalshah/SwarmAero/ros2_ws/install/px4_msgs/include/px4_msgs/px4_msgs/msg/sensors_status.h\n'}
[1.386078] (px4_msgs) StdoutLine: {'line': b'-- Up-to-date symlink: /home/maanavjugalshah/SwarmAero/ros2_ws/install/px4_msgs/include/px4_msgs/px4_msgs/msg/sensors_status_imu.h\n'}
[1.386112] (px4_msgs) StdoutLine: {'line': b'-- Up-to-date symlink: /home/maanavjugalshah/SwarmAero/ros2_ws/install/px4_msgs/include/px4_msgs/px4_msgs/msg/system_power.h\n'}
[1.386145] (px4_msgs) StdoutLine: {'line': b'-- Up-to-date symlink: /home/maanavjugalshah/SwarmAero/ros2_ws/install/px4_msgs/include/px4_msgs/px4_msgs/msg/takeoff_status.h\n'}
[1.386178] (px4_msgs) StdoutLine: {'line': b'-- Up-to-date symlink: /home/maanavjugalshah/SwarmAero/ros2_ws/install/px4_msgs/include/px4_msgs/px4_msgs/msg/task_stack_info.h\n'}
[1.386211] (px4_msgs) StdoutLine: {'line': b'-- Up-to-date symlink: /home/maanavjugalshah/SwarmAero/ros2_ws/install/px4_msgs/include/px4_msgs/px4_msgs/msg/tecs_status.h\n'}
[1.386243] (px4_msgs) StdoutLine: {'line': b'-- Up-to-date symlink: /home/maanavjugalshah/SwarmAero/ros2_ws/install/px4_msgs/include/px4_msgs/px4_msgs/msg/telemetry_status.h\n'}
[1.386279] (px4_msgs) StdoutLine: {'line': b'-- Up-to-date symlink: /home/maanavjugalshah/SwarmAero/ros2_ws/install/px4_msgs/include/px4_msgs/px4_msgs/msg/tiltrotor_extra_controls.h\n'}
[1.386325] (px4_msgs) StdoutLine: {'line': b'-- Up-to-date symlink: /home/maanavjugalshah/SwarmAero/ros2_ws/install/px4_msgs/include/px4_msgs/px4_msgs/msg/timesync_status.h\n'}
[1.386360] (px4_msgs) StdoutLine: {'line': b'-- Up-to-date symlink: /home/maanavjugalshah/SwarmAero/ros2_ws/install/px4_msgs/include/px4_msgs/px4_msgs/msg/trajectory_setpoint.h\n'}
[1.386393] (px4_msgs) StdoutLine: {'line': b'-- Up-to-date symlink: /home/maanavjugalshah/SwarmAero/ros2_ws/install/px4_msgs/include/px4_msgs/px4_msgs/msg/trajectory_setpoint6dof.h\n'}
[1.386428] (px4_msgs) StdoutLine: {'line': b'-- Up-to-date symlink: /home/maanavjugalshah/SwarmAero/ros2_ws/install/px4_msgs/include/px4_msgs/px4_msgs/msg/transponder_report.h\n'}
[1.386463] (px4_msgs) StdoutLine: {'line': b'-- Up-to-date symlink: /home/maanavjugalshah/SwarmAero/ros2_ws/install/px4_msgs/include/px4_msgs/px4_msgs/msg/tune_control.h\n'}
[1.386495] (px4_msgs) StdoutLine: {'line': b'-- Up-to-date symlink: /home/maanavjugalshah/SwarmAero/ros2_ws/install/px4_msgs/include/px4_msgs/px4_msgs/msg/uavcan_parameter_request.h\n'}
[1.386530] (px4_msgs) StdoutLine: {'line': b'-- Up-to-date symlink: /home/maanavjugalshah/SwarmAero/ros2_ws/install/px4_msgs/include/px4_msgs/px4_msgs/msg/uavcan_parameter_value.h\n'}
[1.386562] (px4_msgs) StdoutLine: {'line': b'-- Up-to-date symlink: /home/maanavjugalshah/SwarmAero/ros2_ws/install/px4_msgs/include/px4_msgs/px4_msgs/msg/ulog_stream.h\n'}
[1.386595] (px4_msgs) StdoutLine: {'line': b'-- Up-to-date symlink: /home/maanavjugalshah/SwarmAero/ros2_ws/install/px4_msgs/include/px4_msgs/px4_msgs/msg/ulog_stream_ack.h\n'}
[1.386627] (px4_msgs) StdoutLine: {'line': b'-- Up-to-date symlink: /home/maanavjugalshah/SwarmAero/ros2_ws/install/px4_msgs/include/px4_msgs/px4_msgs/msg/unregister_ext_component.h\n'}
[1.386661] (px4_msgs) StdoutLine: {'line': b'-- Up-to-date symlink: /home/maanavjugalshah/SwarmAero/ros2_ws/install/px4_msgs/include/px4_msgs/px4_msgs/msg/vehicle_acceleration.h\n'}
[1.386693] (px4_msgs) StdoutLine: {'line': b'-- Up-to-date symlink: /home/maanavjugalshah/SwarmAero/ros2_ws/install/px4_msgs/include/px4_msgs/px4_msgs/msg/vehicle_air_data.h\n'}
[1.386726] (px4_msgs) StdoutLine: {'line': b'-- Up-to-date symlink: /home/maanavjugalshah/SwarmAero/ros2_ws/install/px4_msgs/include/px4_msgs/px4_msgs/msg/vehicle_angular_acceleration_setpoint.h\n'}
[1.386759] (px4_msgs) StdoutLine: {'line': b'-- Up-to-date symlink: /home/maanavjugalshah/SwarmAero/ros2_ws/install/px4_msgs/include/px4_msgs/px4_msgs/msg/vehicle_angular_velocity.h\n'}
[1.386792] (px4_msgs) StdoutLine: {'line': b'-- Up-to-date symlink: /home/maanavjugalshah/SwarmAero/ros2_ws/install/px4_msgs/include/px4_msgs/px4_msgs/msg/vehicle_attitude.h\n'}
[1.386850] (px4_msgs) StdoutLine: {'line': b'-- Up-to-date symlink: /home/maanavjugalshah/SwarmAero/ros2_ws/install/px4_msgs/include/px4_msgs/px4_msgs/msg/vehicle_attitude_setpoint.h\n'}
[1.386897] (px4_msgs) StdoutLine: {'line': b'-- Up-to-date symlink: /home/maanavjugalshah/SwarmAero/ros2_ws/install/px4_msgs/include/px4_msgs/px4_msgs/msg/vehicle_command.h\n'}
[1.386935] (px4_msgs) StdoutLine: {'line': b'-- Up-to-date symlink: /home/maanavjugalshah/SwarmAero/ros2_ws/install/px4_msgs/include/px4_msgs/px4_msgs/msg/vehicle_command_ack.h\n'}
[1.386970] (px4_msgs) StdoutLine: {'line': b'-- Up-to-date symlink: /home/maanavjugalshah/SwarmAero/ros2_ws/install/px4_msgs/include/px4_msgs/px4_msgs/msg/vehicle_constraints.h\n'}
[1.387005] (px4_msgs) StdoutLine: {'line': b'-- Up-to-date symlink: /home/maanavjugalshah/SwarmAero/ros2_ws/install/px4_msgs/include/px4_msgs/px4_msgs/msg/vehicle_control_mode.h\n'}
[1.387040] (px4_msgs) StdoutLine: {'line': b'-- Up-to-date symlink: /home/maanavjugalshah/SwarmAero/ros2_ws/install/px4_msgs/include/px4_msgs/px4_msgs/msg/vehicle_global_position.h\n'}
[1.387074] (px4_msgs) StdoutLine: {'line': b'-- Up-to-date symlink: /home/maanavjugalshah/SwarmAero/ros2_ws/install/px4_msgs/include/px4_msgs/px4_msgs/msg/vehicle_imu.h\n'}
[1.387108] (px4_msgs) StdoutLine: {'line': b'-- Up-to-date symlink: /home/maanavjugalshah/SwarmAero/ros2_ws/install/px4_msgs/include/px4_msgs/px4_msgs/msg/vehicle_imu_status.h\n'}
[1.387141] (px4_msgs) StdoutLine: {'line': b'-- Up-to-date symlink: /home/maanavjugalshah/SwarmAero/ros2_ws/install/px4_msgs/include/px4_msgs/px4_msgs/msg/vehicle_land_detected.h\n'}
[1.387174] (px4_msgs) StdoutLine: {'line': b'-- Up-to-date symlink: /home/maanavjugalshah/SwarmAero/ros2_ws/install/px4_msgs/include/px4_msgs/px4_msgs/msg/vehicle_local_position.h\n'}
[1.387206] (px4_msgs) StdoutLine: {'line': b'-- Up-to-date symlink: /home/maanavjugalshah/SwarmAero/ros2_ws/install/px4_msgs/include/px4_msgs/px4_msgs/msg/vehicle_local_position_setpoint.h\n'}
[1.387241] (px4_msgs) StdoutLine: {'line': b'-- Up-to-date symlink: /home/maanavjugalshah/SwarmAero/ros2_ws/install/px4_msgs/include/px4_msgs/px4_msgs/msg/vehicle_magnetometer.h\n'}
[1.387273] (px4_msgs) StdoutLine: {'line': b'-- Up-to-date symlink: /home/maanavjugalshah/SwarmAero/ros2_ws/install/px4_msgs/include/px4_msgs/px4_msgs/msg/vehicle_odometry.h\n'}
[1.387308] (px4_msgs) StdoutLine: {'line': b'-- Up-to-date symlink: /home/maanavjugalshah/SwarmAero/ros2_ws/install/px4_msgs/include/px4_msgs/px4_msgs/msg/vehicle_optical_flow.h\n'}
[1.387339] (px4_msgs) StdoutLine: {'line': b'-- Up-to-date symlink: /home/maanavjugalshah/SwarmAero/ros2_ws/install/px4_msgs/include/px4_msgs/px4_msgs/msg/vehicle_optical_flow_vel.h\n'}
[1.387374] (px4_msgs) StdoutLine: {'line': b'-- Up-to-date symlink: /home/maanavjugalshah/SwarmAero/ros2_ws/install/px4_msgs/include/px4_msgs/px4_msgs/msg/vehicle_rates_setpoint.h\n'}
[1.387423] (px4_msgs) StdoutLine: {'line': b'-- Up-to-date symlink: /home/maanavjugalshah/SwarmAero/ros2_ws/install/px4_msgs/include/px4_msgs/px4_msgs/msg/vehicle_roi.h\n'}
[1.387462] (px4_msgs) StdoutLine: {'line': b'-- Up-to-date symlink: /home/maanavjugalshah/SwarmAero/ros2_ws/install/px4_msgs/include/px4_msgs/px4_msgs/msg/vehicle_status.h\n'}
[1.387496] (px4_msgs) StdoutLine: {'line': b'-- Up-to-date symlink: /home/maanavjugalshah/SwarmAero/ros2_ws/install/px4_msgs/include/px4_msgs/px4_msgs/msg/vehicle_thrust_setpoint.h\n'}
[1.387531] (px4_msgs) StdoutLine: {'line': b'-- Up-to-date symlink: /home/maanavjugalshah/SwarmAero/ros2_ws/install/px4_msgs/include/px4_msgs/px4_msgs/msg/vehicle_torque_setpoint.h\n'}
[1.387598] (px4_msgs) StdoutLine: {'line': b'-- Up-to-date symlink: /home/maanavjugalshah/SwarmAero/ros2_ws/install/px4_msgs/include/px4_msgs/px4_msgs/msg/velocity_limits.h\n'}
[1.387654] (px4_msgs) StdoutLine: {'line': b'-- Up-to-date symlink: /home/maanavjugalshah/SwarmAero/ros2_ws/install/px4_msgs/include/px4_msgs/px4_msgs/msg/vtol_vehicle_status.h\n'}
[1.387690] (px4_msgs) StdoutLine: {'line': b'-- Up-to-date symlink: /home/maanavjugalshah/SwarmAero/ros2_ws/install/px4_msgs/include/px4_msgs/px4_msgs/msg/vtx.h\n'}
[1.387741] (px4_msgs) StdoutLine: {'line': b'-- Up-to-date symlink: /home/maanavjugalshah/SwarmAero/ros2_ws/install/px4_msgs/include/px4_msgs/px4_msgs/msg/wheel_encoders.h\n'}
[1.387808] (px4_msgs) StdoutLine: {'line': b'-- Up-to-date symlink: /home/maanavjugalshah/SwarmAero/ros2_ws/install/px4_msgs/include/px4_msgs/px4_msgs/msg/wind.h\n'}
[1.387845] (px4_msgs) StdoutLine: {'line': b'-- Up-to-date symlink: /home/maanavjugalshah/SwarmAero/ros2_ws/install/px4_msgs/include/px4_msgs/px4_msgs/msg/yaw_estimator_status.h\n'}
[1.387884] (px4_msgs) StdoutLine: {'line': b'-- Up-to-date symlink: /home/maanavjugalshah/SwarmAero/ros2_ws/install/px4_msgs/include/px4_msgs/px4_msgs/srv/detail/vehicle_command__functions.h\n'}
[1.387919] (px4_msgs) StdoutLine: {'line': b'-- Up-to-date symlink: /home/maanavjugalshah/SwarmAero/ros2_ws/install/px4_msgs/include/px4_msgs/px4_msgs/srv/detail/vehicle_command__struct.h\n'}
[1.387953] (px4_msgs) StdoutLine: {'line': b'-- Up-to-date symlink: /home/maanavjugalshah/SwarmAero/ros2_ws/install/px4_msgs/include/px4_msgs/px4_msgs/srv/detail/vehicle_command__type_support.h\n'}
[1.387988] (px4_msgs) StdoutLine: {'line': b'-- Up-to-date symlink: /home/maanavjugalshah/SwarmAero/ros2_ws/install/px4_msgs/include/px4_msgs/px4_msgs/srv/vehicle_command.h\n'}
[1.388023] (px4_msgs) StdoutLine: {'line': b'-- Up-to-date symlink: /home/maanavjugalshah/SwarmAero/ros2_ws/install/px4_msgs/share/px4_msgs/environment/library_path.sh\n'}
[1.388057] (px4_msgs) StdoutLine: {'line': b'-- Up-to-date symlink: /home/maanavjugalshah/SwarmAero/ros2_ws/install/px4_msgs/share/px4_msgs/environment/library_path.dsv\n'}
[1.388093] (px4_msgs) StdoutLine: {'line': b'-- Up-to-date symlink: /home/maanavjugalshah/SwarmAero/ros2_ws/install/px4_msgs/include/px4_msgs/px4_msgs/msg/detail/action_request__rosidl_typesupport_fastrtps_c.h\n'}
[1.388129] (px4_msgs) StdoutLine: {'line': b'-- Up-to-date symlink: /home/maanavjugalshah/SwarmAero/ros2_ws/install/px4_msgs/include/px4_msgs/px4_msgs/msg/detail/actuator_armed__rosidl_typesupport_fastrtps_c.h\n'}
[1.388165] (px4_msgs) StdoutLine: {'line': b'-- Up-to-date symlink: /home/maanavjugalshah/SwarmAero/ros2_ws/install/px4_msgs/include/px4_msgs/px4_msgs/msg/detail/actuator_controls_status__rosidl_typesupport_fastrtps_c.h\n'}
[1.388200] (px4_msgs) StdoutLine: {'line': b'-- Up-to-date symlink: /home/maanavjugalshah/SwarmAero/ros2_ws/install/px4_msgs/include/px4_msgs/px4_msgs/msg/detail/actuator_motors__rosidl_typesupport_fastrtps_c.h\n'}
[1.388236] (px4_msgs) StdoutLine: {'line': b'-- Up-to-date symlink: /home/maanavjugalshah/SwarmAero/ros2_ws/install/px4_msgs/include/px4_msgs/px4_msgs/msg/detail/actuator_outputs__rosidl_typesupport_fastrtps_c.h\n'}
[1.388270] (px4_msgs) StdoutLine: {'line': b'-- Up-to-date symlink: /home/maanavjugalshah/SwarmAero/ros2_ws/install/px4_msgs/include/px4_msgs/px4_msgs/msg/detail/actuator_servos__rosidl_typesupport_fastrtps_c.h\n'}
[1.388302] (px4_msgs) StdoutLine: {'line': b'-- Up-to-date symlink: /home/maanavjugalshah/SwarmAero/ros2_ws/install/px4_msgs/include/px4_msgs/px4_msgs/msg/detail/actuator_servos_trim__rosidl_typesupport_fastrtps_c.h\n'}
[1.388334] (px4_msgs) StdoutLine: {'line': b'-- Up-to-date symlink: /home/maanavjugalshah/SwarmAero/ros2_ws/install/px4_msgs/include/px4_msgs/px4_msgs/msg/detail/actuator_test__rosidl_typesupport_fastrtps_c.h\n'}
[1.388368] (px4_msgs) StdoutLine: {'line': b'-- Up-to-date symlink: /home/maanavjugalshah/SwarmAero/ros2_ws/install/px4_msgs/include/px4_msgs/px4_msgs/msg/detail/adc_report__rosidl_typesupport_fastrtps_c.h\n'}
[1.388402] (px4_msgs) StdoutLine: {'line': b'-- Up-to-date symlink: /home/maanavjugalshah/SwarmAero/ros2_ws/install/px4_msgs/include/px4_msgs/px4_msgs/msg/detail/airspeed__rosidl_typesupport_fastrtps_c.h\n'}
[1.388434] (px4_msgs) StdoutLine: {'line': b'-- Up-to-date symlink: /home/maanavjugalshah/SwarmAero/ros2_ws/install/px4_msgs/include/px4_msgs/px4_msgs/msg/detail/airspeed_validated__rosidl_typesupport_fastrtps_c.h\n'}
[1.388466] (px4_msgs) StdoutLine: {'line': b'-- Up-to-date symlink: /home/maanavjugalshah/SwarmAero/ros2_ws/install/px4_msgs/include/px4_msgs/px4_msgs/msg/detail/airspeed_wind__rosidl_typesupport_fastrtps_c.h\n'}
[1.388498] (px4_msgs) StdoutLine: {'line': b'-- Up-to-date symlink: /home/maanavjugalshah/SwarmAero/ros2_ws/install/px4_msgs/include/px4_msgs/px4_msgs/msg/detail/arming_check_reply__rosidl_typesupport_fastrtps_c.h\n'}
[1.388529] (px4_msgs) StdoutLine: {'line': b'-- Up-to-date symlink: /home/maanavjugalshah/SwarmAero/ros2_ws/install/px4_msgs/include/px4_msgs/px4_msgs/msg/detail/arming_check_request__rosidl_typesupport_fastrtps_c.h\n'}
[1.388561] (px4_msgs) StdoutLine: {'line': b'-- Up-to-date symlink: /home/maanavjugalshah/SwarmAero/ros2_ws/install/px4_msgs/include/px4_msgs/px4_msgs/msg/detail/autotune_attitude_control_status__rosidl_typesupport_fastrtps_c.h\n'}
[1.388593] (px4_msgs) StdoutLine: {'line': b'-- Up-to-date symlink: /home/maanavjugalshah/SwarmAero/ros2_ws/install/px4_msgs/include/px4_msgs/px4_msgs/msg/detail/aux_global_position__rosidl_typesupport_fastrtps_c.h\n'}
[1.388622] (px4_msgs) StdoutLine: {'line': b'-- Up-to-date symlink: /home/maanavjugalshah/SwarmAero/ros2_ws/install/px4_msgs/include/px4_msgs/px4_msgs/msg/detail/battery_info__rosidl_typesupport_fastrtps_c.h\n'}
[1.388652] (px4_msgs) StdoutLine: {'line': b'-- Up-to-date symlink: /home/maanavjugalshah/SwarmAero/ros2_ws/install/px4_msgs/include/px4_msgs/px4_msgs/msg/detail/battery_status__rosidl_typesupport_fastrtps_c.h\n'}
[1.388683] (px4_msgs) StdoutLine: {'line': b'-- Up-to-date symlink: /home/maanavjugalshah/SwarmAero/ros2_ws/install/px4_msgs/include/px4_msgs/px4_msgs/msg/detail/button_event__rosidl_typesupport_fastrtps_c.h\n'}
[1.388717] (px4_msgs) StdoutLine: {'line': b'-- Up-to-date symlink: /home/maanavjugalshah/SwarmAero/ros2_ws/install/px4_msgs/include/px4_msgs/px4_msgs/msg/detail/camera_capture__rosidl_typesupport_fastrtps_c.h\n'}
[1.388748] (px4_msgs) StdoutLine: {'line': b'-- Up-to-date symlink: /home/maanavjugalshah/SwarmAero/ros2_ws/install/px4_msgs/include/px4_msgs/px4_msgs/msg/detail/camera_status__rosidl_typesupport_fastrtps_c.h\n'}
[1.388780] (px4_msgs) StdoutLine: {'line': b'-- Up-to-date symlink: /home/maanavjugalshah/SwarmAero/ros2_ws/install/px4_msgs/include/px4_msgs/px4_msgs/msg/detail/camera_trigger__rosidl_typesupport_fastrtps_c.h\n'}
[1.388810] (px4_msgs) StdoutLine: {'line': b'-- Up-to-date symlink: /home/maanavjugalshah/SwarmAero/ros2_ws/install/px4_msgs/include/px4_msgs/px4_msgs/msg/detail/can_interface_status__rosidl_typesupport_fastrtps_c.h\n'}
[1.388840] (px4_msgs) StdoutLine: {'line': b'-- Up-to-date symlink: /home/maanavjugalshah/SwarmAero/ros2_ws/install/px4_msgs/include/px4_msgs/px4_msgs/msg/detail/cellular_status__rosidl_typesupport_fastrtps_c.h\n'}
[1.388871] (px4_msgs) StdoutLine: {'line': b'-- Up-to-date symlink: /home/maanavjugalshah/SwarmAero/ros2_ws/install/px4_msgs/include/px4_msgs/px4_msgs/msg/detail/collision_constraints__rosidl_typesupport_fastrtps_c.h\n'}
[1.388902] (px4_msgs) StdoutLine: {'line': b'-- Up-to-date symlink: /home/maanavjugalshah/SwarmAero/ros2_ws/install/px4_msgs/include/px4_msgs/px4_msgs/msg/detail/config_overrides__rosidl_typesupport_fastrtps_c.h\n'}
[1.388932] (px4_msgs) StdoutLine: {'line': b'-- Up-to-date symlink: /home/maanavjugalshah/SwarmAero/ros2_ws/install/px4_msgs/include/px4_msgs/px4_msgs/msg/detail/control_allocator_status__rosidl_typesupport_fastrtps_c.h\n'}
[1.388963] (px4_msgs) StdoutLine: {'line': b'-- Up-to-date symlink: /home/maanavjugalshah/SwarmAero/ros2_ws/install/px4_msgs/include/px4_msgs/px4_msgs/msg/detail/cpuload__rosidl_typesupport_fastrtps_c.h\n'}
[1.388994] (px4_msgs) StdoutLine: {'line': b'-- Up-to-date symlink: /home/maanavjugalshah/SwarmAero/ros2_ws/install/px4_msgs/include/px4_msgs/px4_msgs/msg/detail/dataman_request__rosidl_typesupport_fastrtps_c.h\n'}
[1.389024] (px4_msgs) StdoutLine: {'line': b'-- Up-to-date symlink: /home/maanavjugalshah/SwarmAero/ros2_ws/install/px4_msgs/include/px4_msgs/px4_msgs/msg/detail/dataman_response__rosidl_typesupport_fastrtps_c.h\n'}
[1.389055] (px4_msgs) StdoutLine: {'line': b'-- Up-to-date symlink: /home/maanavjugalshah/SwarmAero/ros2_ws/install/px4_msgs/include/px4_msgs/px4_msgs/msg/detail/debug_array__rosidl_typesupport_fastrtps_c.h\n'}
[1.389087] (px4_msgs) StdoutLine: {'line': b'-- Up-to-date symlink: /home/maanavjugalshah/SwarmAero/ros2_ws/install/px4_msgs/include/px4_msgs/px4_msgs/msg/detail/debug_key_value__rosidl_typesupport_fastrtps_c.h\n'}
[1.389116] (px4_msgs) StdoutLine: {'line': b'-- Up-to-date symlink: /home/maanavjugalshah/SwarmAero/ros2_ws/install/px4_msgs/include/px4_msgs/px4_msgs/msg/detail/debug_value__rosidl_typesupport_fastrtps_c.h\n'}
[1.389147] (px4_msgs) StdoutLine: {'line': b'-- Up-to-date symlink: /home/maanavjugalshah/SwarmAero/ros2_ws/install/px4_msgs/include/px4_msgs/px4_msgs/msg/detail/debug_vect__rosidl_typesupport_fastrtps_c.h\n'}
[1.389177] (px4_msgs) StdoutLine: {'line': b'-- Up-to-date symlink: /home/maanavjugalshah/SwarmAero/ros2_ws/install/px4_msgs/include/px4_msgs/px4_msgs/msg/detail/device_information__rosidl_typesupport_fastrtps_c.h\n'}
[1.389207] (px4_msgs) StdoutLine: {'line': b'-- Up-to-date symlink: /home/maanavjugalshah/SwarmAero/ros2_ws/install/px4_msgs/include/px4_msgs/px4_msgs/msg/detail/differential_pressure__rosidl_typesupport_fastrtps_c.h\n'}
[1.389236] (px4_msgs) StdoutLine: {'line': b'-- Up-to-date symlink: /home/maanavjugalshah/SwarmAero/ros2_ws/install/px4_msgs/include/px4_msgs/px4_msgs/msg/detail/distance_sensor__rosidl_typesupport_fastrtps_c.h\n'}
[1.389266] (px4_msgs) StdoutLine: {'line': b'-- Up-to-date symlink: /home/maanavjugalshah/SwarmAero/ros2_ws/install/px4_msgs/include/px4_msgs/px4_msgs/msg/detail/distance_sensor_mode_change_request__rosidl_typesupport_fastrtps_c.h\n'}
[1.389296] (px4_msgs) StdoutLine: {'line': b'-- Up-to-date symlink: /home/maanavjugalshah/SwarmAero/ros2_ws/install/px4_msgs/include/px4_msgs/px4_msgs/msg/detail/dronecan_node_status__rosidl_typesupport_fastrtps_c.h\n'}
[1.389356] (px4_msgs) StdoutLine: {'line': b'-- Up-to-date symlink: /home/maanavjugalshah/SwarmAero/ros2_ws/install/px4_msgs/include/px4_msgs/px4_msgs/msg/detail/ekf2_timestamps__rosidl_typesupport_fastrtps_c.h\n'}
[1.389428] (px4_msgs) StdoutLine: {'line': b'-- Up-to-date symlink: /home/maanavjugalshah/SwarmAero/ros2_ws/install/px4_msgs/include/px4_msgs/px4_msgs/msg/detail/esc_eeprom_read__rosidl_typesupport_fastrtps_c.h\n'}
[1.389471] (px4_msgs) StdoutLine: {'line': b'-- Up-to-date symlink: /home/maanavjugalshah/SwarmAero/ros2_ws/install/px4_msgs/include/px4_msgs/px4_msgs/msg/detail/esc_eeprom_write__rosidl_typesupport_fastrtps_c.h\n'}
[1.389509] (px4_msgs) StdoutLine: {'line': b'-- Up-to-date symlink: /home/maanavjugalshah/SwarmAero/ros2_ws/install/px4_msgs/include/px4_msgs/px4_msgs/msg/detail/esc_report__rosidl_typesupport_fastrtps_c.h\n'}
[1.389544] (px4_msgs) StdoutLine: {'line': b'-- Up-to-date symlink: /home/maanavjugalshah/SwarmAero/ros2_ws/install/px4_msgs/include/px4_msgs/px4_msgs/msg/detail/esc_status__rosidl_typesupport_fastrtps_c.h\n'}
[1.389586] (px4_msgs) StdoutLine: {'line': b'-- Up-to-date symlink: /home/maanavjugalshah/SwarmAero/ros2_ws/install/px4_msgs/include/px4_msgs/px4_msgs/msg/detail/estimator_aid_source1d__rosidl_typesupport_fastrtps_c.h\n'}
[1.389620] (px4_msgs) StdoutLine: {'line': b'-- Up-to-date symlink: /home/maanavjugalshah/SwarmAero/ros2_ws/install/px4_msgs/include/px4_msgs/px4_msgs/msg/detail/estimator_aid_source2d__rosidl_typesupport_fastrtps_c.h\n'}
[1.389655] (px4_msgs) StdoutLine: {'line': b'-- Up-to-date symlink: /home/maanavjugalshah/SwarmAero/ros2_ws/install/px4_msgs/include/px4_msgs/px4_msgs/msg/detail/estimator_aid_source3d__rosidl_typesupport_fastrtps_c.h\n'}
[1.389696] (px4_msgs) StdoutLine: {'line': b'-- Up-to-date symlink: /home/maanavjugalshah/SwarmAero/ros2_ws/install/px4_msgs/include/px4_msgs/px4_msgs/msg/detail/estimator_bias3d__rosidl_typesupport_fastrtps_c.h\n'}
[1.389814] (px4_msgs) StdoutLine: {'line': b'-- Up-to-date symlink: /home/maanavjugalshah/SwarmAero/ros2_ws/install/px4_msgs/include/px4_msgs/px4_msgs/msg/detail/estimator_bias__rosidl_typesupport_fastrtps_c.h\n'}
[1.389911] (px4_msgs) StdoutLine: {'line': b'-- Up-to-date symlink: /home/maanavjugalshah/SwarmAero/ros2_ws/install/px4_msgs/include/px4_msgs/px4_msgs/msg/detail/estimator_event_flags__rosidl_typesupport_fastrtps_c.h\n'}
[1.389974] (px4_msgs) StdoutLine: {'line': b'-- Up-to-date symlink: /home/maanavjugalshah/SwarmAero/ros2_ws/install/px4_msgs/include/px4_msgs/px4_msgs/msg/detail/estimator_fusion_control__rosidl_typesupport_fastrtps_c.h\n'}
[1.390013] (px4_msgs) StdoutLine: {'line': b'-- Up-to-date symlink: /home/maanavjugalshah/SwarmAero/ros2_ws/install/px4_msgs/include/px4_msgs/px4_msgs/msg/detail/estimator_gps_status__rosidl_typesupport_fastrtps_c.h\n'}
[1.390050] (px4_msgs) StdoutLine: {'line': b'-- Up-to-date symlink: /home/maanavjugalshah/SwarmAero/ros2_ws/install/px4_msgs/include/px4_msgs/px4_msgs/msg/detail/estimator_innovations__rosidl_typesupport_fastrtps_c.h\n'}
[1.390085] (px4_msgs) StdoutLine: {'line': b'-- Up-to-date symlink: /home/maanavjugalshah/SwarmAero/ros2_ws/install/px4_msgs/include/px4_msgs/px4_msgs/msg/detail/estimator_selector_status__rosidl_typesupport_fastrtps_c.h\n'}
[1.390125] (px4_msgs) StdoutLine: {'line': b'-- Up-to-date symlink: /home/maanavjugalshah/SwarmAero/ros2_ws/install/px4_msgs/include/px4_msgs/px4_msgs/msg/detail/estimator_sensor_bias__rosidl_typesupport_fastrtps_c.h\n'}
[1.390162] (px4_msgs) StdoutLine: {'line': b'-- Up-to-date symlink: /home/maanavjugalshah/SwarmAero/ros2_ws/install/px4_msgs/include/px4_msgs/px4_msgs/msg/detail/estimator_states__rosidl_typesupport_fastrtps_c.h\n'}
[1.390195] (px4_msgs) StdoutLine: {'line': b'-- Up-to-date symlink: /home/maanavjugalshah/SwarmAero/ros2_ws/install/px4_msgs/include/px4_msgs/px4_msgs/msg/detail/estimator_status__rosidl_typesupport_fastrtps_c.h\n'}
[1.390229] (px4_msgs) StdoutLine: {'line': b'-- Up-to-date symlink: /home/maanavjugalshah/SwarmAero/ros2_ws/install/px4_msgs/include/px4_msgs/px4_msgs/msg/detail/estimator_status_flags__rosidl_typesupport_fastrtps_c.h\n'}
[1.390274] (px4_msgs) StdoutLine: {'line': b'-- Up-to-date symlink: /home/maanavjugalshah/SwarmAero/ros2_ws/install/px4_msgs/include/px4_msgs/px4_msgs/msg/detail/event__rosidl_typesupport_fastrtps_c.h\n'}
[1.390307] (px4_msgs) StdoutLine: {'line': b'-- Up-to-date symlink: /home/maanavjugalshah/SwarmAero/ros2_ws/install/px4_msgs/include/px4_msgs/px4_msgs/msg/detail/failsafe_flags__rosidl_typesupport_fastrtps_c.h\n'}
[1.390340] (px4_msgs) StdoutLine: {'line': b'-- Up-to-date symlink: /home/maanavjugalshah/SwarmAero/ros2_ws/install/px4_msgs/include/px4_msgs/px4_msgs/msg/detail/failure_detector_status__rosidl_typesupport_fastrtps_c.h\n'}
[1.390372] (px4_msgs) StdoutLine: {'line': b'-- Up-to-date symlink: /home/maanavjugalshah/SwarmAero/ros2_ws/install/px4_msgs/include/px4_msgs/px4_msgs/msg/detail/figure_eight_status__rosidl_typesupport_fastrtps_c.h\n'}
[1.390405] (px4_msgs) StdoutLine: {'line': b'-- Up-to-date symlink: /home/maanavjugalshah/SwarmAero/ros2_ws/install/px4_msgs/include/px4_msgs/px4_msgs/msg/detail/fixed_wing_lateral_guidance_status__rosidl_typesupport_fastrtps_c.h\n'}
[1.390437] (px4_msgs) StdoutLine: {'line': b'-- Up-to-date symlink: /home/maanavjugalshah/SwarmAero/ros2_ws/install/px4_msgs/include/px4_msgs/px4_msgs/msg/detail/fixed_wing_lateral_setpoint__rosidl_typesupport_fastrtps_c.h\n'}
[1.390472] (px4_msgs) StdoutLine: {'line': b'-- Up-to-date symlink: /home/maanavjugalshah/SwarmAero/ros2_ws/install/px4_msgs/include/px4_msgs/px4_msgs/msg/detail/fixed_wing_lateral_status__rosidl_typesupport_fastrtps_c.h\n'}
[1.390506] (px4_msgs) StdoutLine: {'line': b'-- Up-to-date symlink: /home/maanavjugalshah/SwarmAero/ros2_ws/install/px4_msgs/include/px4_msgs/px4_msgs/msg/detail/fixed_wing_longitudinal_setpoint__rosidl_typesupport_fastrtps_c.h\n'}
[1.390540] (px4_msgs) StdoutLine: {'line': b'-- Up-to-date symlink: /home/maanavjugalshah/SwarmAero/ros2_ws/install/px4_msgs/include/px4_msgs/px4_msgs/msg/detail/fixed_wing_runway_control__rosidl_typesupport_fastrtps_c.h\n'}
[1.390574] (px4_msgs) StdoutLine: {'line': b'-- Up-to-date symlink: /home/maanavjugalshah/SwarmAero/ros2_ws/install/px4_msgs/include/px4_msgs/px4_msgs/msg/detail/flight_phase_estimation__rosidl_typesupport_fastrtps_c.h\n'}
[1.390612] (px4_msgs) StdoutLine: {'line': b'-- Up-to-date symlink: /home/maanavjugalshah/SwarmAero/ros2_ws/install/px4_msgs/include/px4_msgs/px4_msgs/msg/detail/follow_target__rosidl_typesupport_fastrtps_c.h\n'}
[1.390645] (px4_msgs) StdoutLine: {'line': b'-- Up-to-date symlink: /home/maanavjugalshah/SwarmAero/ros2_ws/install/px4_msgs/include/px4_msgs/px4_msgs/msg/detail/follow_target_estimator__rosidl_typesupport_fastrtps_c.h\n'}
[1.390715] (px4_msgs) StdoutLine: {'line': b'-- Up-to-date symlink: /home/maanavjugalshah/SwarmAero/ros2_ws/install/px4_msgs/include/px4_msgs/px4_msgs/msg/detail/follow_target_status__rosidl_typesupport_fastrtps_c.h\n'}
[1.390782] (px4_msgs) StdoutLine: {'line': b'-- Up-to-date symlink: /home/maanavjugalshah/SwarmAero/ros2_ws/install/px4_msgs/include/px4_msgs/px4_msgs/msg/detail/fuel_tank_status__rosidl_typesupport_fastrtps_c.h\n'}
[1.390853] (px4_msgs) StdoutLine: {'line': b'-- Up-to-date symlink: /home/maanavjugalshah/SwarmAero/ros2_ws/install/px4_msgs/include/px4_msgs/px4_msgs/msg/detail/gain_compression__rosidl_typesupport_fastrtps_c.h\n'}
[1.390897] (px4_msgs) StdoutLine: {'line': b'-- Up-to-date symlink: /home/maanavjugalshah/SwarmAero/ros2_ws/install/px4_msgs/include/px4_msgs/px4_msgs/msg/detail/generator_status__rosidl_typesupport_fastrtps_c.h\n'}
[1.390934] (px4_msgs) StdoutLine: {'line': b'-- Up-to-date symlink: /home/maanavjugalshah/SwarmAero/ros2_ws/install/px4_msgs/include/px4_msgs/px4_msgs/msg/detail/geofence_result__rosidl_typesupport_fastrtps_c.h\n'}
[1.390971] (px4_msgs) StdoutLine: {'line': b'-- Up-to-date symlink: /home/maanavjugalshah/SwarmAero/ros2_ws/install/px4_msgs/include/px4_msgs/px4_msgs/msg/detail/geofence_status__rosidl_typesupport_fastrtps_c.h\n'}
[1.391007] (px4_msgs) StdoutLine: {'line': b'-- Up-to-date symlink: /home/maanavjugalshah/SwarmAero/ros2_ws/install/px4_msgs/include/px4_msgs/px4_msgs/msg/detail/gimbal_controls__rosidl_typesupport_fastrtps_c.h\n'}
[1.391045] (px4_msgs) StdoutLine: {'line': b'-- Up-to-date symlink: /home/maanavjugalshah/SwarmAero/ros2_ws/install/px4_msgs/include/px4_msgs/px4_msgs/msg/detail/gimbal_device_attitude_status__rosidl_typesupport_fastrtps_c.h\n'}
[1.391110] (px4_msgs) StdoutLine: {'line': b'-- Up-to-date symlink: /home/maanavjugalshah/SwarmAero/ros2_ws/install/px4_msgs/include/px4_msgs/px4_msgs/msg/detail/gimbal_device_information__rosidl_typesupport_fastrtps_c.h\n'}
[1.391177] (px4_msgs) StdoutLine: {'line': b'-- Up-to-date symlink: /home/maanavjugalshah/SwarmAero/ros2_ws/install/px4_msgs/include/px4_msgs/px4_msgs/msg/detail/gimbal_device_set_attitude__rosidl_typesupport_fastrtps_c.h\n'}
[1.391215] (px4_msgs) StdoutLine: {'line': b'-- Up-to-date symlink: /home/maanavjugalshah/SwarmAero/ros2_ws/install/px4_msgs/include/px4_msgs/px4_msgs/msg/detail/gimbal_manager_information__rosidl_typesupport_fastrtps_c.h\n'}
[1.391249] (px4_msgs) StdoutLine: {'line': b'-- Up-to-date symlink: /home/maanavjugalshah/SwarmAero/ros2_ws/install/px4_msgs/include/px4_msgs/px4_msgs/msg/detail/gimbal_manager_set_attitude__rosidl_typesupport_fastrtps_c.h\n'}
[1.391285] (px4_msgs) StdoutLine: {'line': b'-- Up-to-date symlink: /home/maanavjugalshah/SwarmAero/ros2_ws/install/px4_msgs/include/px4_msgs/px4_msgs/msg/detail/gimbal_manager_set_manual_control__rosidl_typesupport_fastrtps_c.h\n'}
[1.391320] (px4_msgs) StdoutLine: {'line': b'-- Up-to-date symlink: /home/maanavjugalshah/SwarmAero/ros2_ws/install/px4_msgs/include/px4_msgs/px4_msgs/msg/detail/gimbal_manager_status__rosidl_typesupport_fastrtps_c.h\n'}
[1.391354] (px4_msgs) StdoutLine: {'line': b'-- Up-to-date symlink: /home/maanavjugalshah/SwarmAero/ros2_ws/install/px4_msgs/include/px4_msgs/px4_msgs/msg/detail/goto_setpoint__rosidl_typesupport_fastrtps_c.h\n'}
[1.391387] (px4_msgs) StdoutLine: {'line': b'-- Up-to-date symlink: /home/maanavjugalshah/SwarmAero/ros2_ws/install/px4_msgs/include/px4_msgs/px4_msgs/msg/detail/gpio_config__rosidl_typesupport_fastrtps_c.h\n'}
[1.391420] (px4_msgs) StdoutLine: {'line': b'-- Up-to-date symlink: /home/maanavjugalshah/SwarmAero/ros2_ws/install/px4_msgs/include/px4_msgs/px4_msgs/msg/detail/gpio_in__rosidl_typesupport_fastrtps_c.h\n'}
[1.391453] (px4_msgs) StdoutLine: {'line': b'-- Up-to-date symlink: /home/maanavjugalshah/SwarmAero/ros2_ws/install/px4_msgs/include/px4_msgs/px4_msgs/msg/detail/gpio_out__rosidl_typesupport_fastrtps_c.h\n'}
[1.391485] (px4_msgs) StdoutLine: {'line': b'-- Up-to-date symlink: /home/maanavjugalshah/SwarmAero/ros2_ws/install/px4_msgs/include/px4_msgs/px4_msgs/msg/detail/gpio_request__rosidl_typesupport_fastrtps_c.h\n'}
[1.391517] (px4_msgs) StdoutLine: {'line': b'-- Up-to-date symlink: /home/maanavjugalshah/SwarmAero/ros2_ws/install/px4_msgs/include/px4_msgs/px4_msgs/msg/detail/gps_dump__rosidl_typesupport_fastrtps_c.h\n'}
[1.391550] (px4_msgs) StdoutLine: {'line': b'-- Up-to-date symlink: /home/maanavjugalshah/SwarmAero/ros2_ws/install/px4_msgs/include/px4_msgs/px4_msgs/msg/detail/gps_inject_data__rosidl_typesupport_fastrtps_c.h\n'}
[1.391614] (px4_msgs) StdoutLine: {'line': b'-- Up-to-date symlink: /home/maanavjugalshah/SwarmAero/ros2_ws/install/px4_msgs/include/px4_msgs/px4_msgs/msg/detail/gripper__rosidl_typesupport_fastrtps_c.h\n'}
[1.391698] (px4_msgs) StdoutLine: {'line': b'-- Up-to-date symlink: /home/maanavjugalshah/SwarmAero/ros2_ws/install/px4_msgs/include/px4_msgs/px4_msgs/msg/detail/health_report__rosidl_typesupport_fastrtps_c.h\n'}
[1.391933] (px4_msgs) StdoutLine: {'line': b'-- Up-to-date symlink: /home/maanavjugalshah/SwarmAero/ros2_ws/install/px4_msgs/include/px4_msgs/px4_msgs/msg/detail/heater_status__rosidl_typesupport_fastrtps_c.h\n'}
[1.392055] (px4_msgs) StdoutLine: {'line': b'-- Up-to-date symlink: /home/maanavjugalshah/SwarmAero/ros2_ws/install/px4_msgs/include/px4_msgs/px4_msgs/msg/detail/home_position__rosidl_typesupport_fastrtps_c.h\n'}
[1.392278] (px4_msgs) StdoutLine: {'line': b'-- Up-to-date symlink: /home/maanavjugalshah/SwarmAero/ros2_ws/install/px4_msgs/include/px4_msgs/px4_msgs/msg/detail/hover_thrust_estimate__rosidl_typesupport_fastrtps_c.h\n'}
[1.392410] (px4_msgs) StdoutLine: {'line': b'-- Up-to-date symlink: /home/maanavjugalshah/SwarmAero/ros2_ws/install/px4_msgs/include/px4_msgs/px4_msgs/msg/detail/input_rc__rosidl_typesupport_fastrtps_c.h\n'}
[1.392570] (px4_msgs) StdoutLine: {'line': b'-- Up-to-date symlink: /home/maanavjugalshah/SwarmAero/ros2_ws/install/px4_msgs/include/px4_msgs/px4_msgs/msg/detail/internal_combustion_engine_control__rosidl_typesupport_fastrtps_c.h\n'}
[1.392781] (px4_msgs) StdoutLine: {'line': b'-- Up-to-date symlink: /home/maanavjugalshah/SwarmAero/ros2_ws/install/px4_msgs/include/px4_msgs/px4_msgs/msg/detail/internal_combustion_engine_status__rosidl_typesupport_fastrtps_c.h\n'}
[1.393028] (px4_msgs) StdoutLine: {'line': b'-- Up-to-date symlink: /home/maanavjugalshah/SwarmAero/ros2_ws/install/px4_msgs/include/px4_msgs/px4_msgs/msg/detail/iridiumsbd_status__rosidl_typesupport_fastrtps_c.h\n'}
[1.393478] (px4_msgs) StdoutLine: {'line': b'-- Up-to-date symlink: /home/maanavjugalshah/SwarmAero/ros2_ws/install/px4_msgs/include/px4_msgs/px4_msgs/msg/detail/irlock_report__rosidl_typesupport_fastrtps_c.h\n'}
[1.393541] (px4_msgs) StdoutLine: {'line': b'-- Up-to-date symlink: /home/maanavjugalshah/SwarmAero/ros2_ws/install/px4_msgs/include/px4_msgs/px4_msgs/msg/detail/landing_gear__rosidl_typesupport_fastrtps_c.h\n'}
[1.393616] (px4_msgs) StdoutLine: {'line': b'-- Up-to-date symlink: /home/maanavjugalshah/SwarmAero/ros2_ws/install/px4_msgs/include/px4_msgs/px4_msgs/msg/detail/landing_gear_wheel__rosidl_typesupport_fastrtps_c.h\n'}
[1.393668] (px4_msgs) StdoutLine: {'line': b'-- Up-to-date symlink: /home/maanavjugalshah/SwarmAero/ros2_ws/install/px4_msgs/include/px4_msgs/px4_msgs/msg/detail/landing_target_innovations__rosidl_typesupport_fastrtps_c.h\n'}
[1.393709] (px4_msgs) StdoutLine: {'line': b'-- Up-to-date symlink: /home/maanavjugalshah/SwarmAero/ros2_ws/install/px4_msgs/include/px4_msgs/px4_msgs/msg/detail/landing_target_pose__rosidl_typesupport_fastrtps_c.h\n'}
[1.393787] (px4_msgs) StdoutLine: {'line': b'-- Up-to-date symlink: /home/maanavjugalshah/SwarmAero/ros2_ws/install/px4_msgs/include/px4_msgs/px4_msgs/msg/detail/lateral_control_configuration__rosidl_typesupport_fastrtps_c.h\n'}
[1.393887] (px4_msgs) StdoutLine: {'line': b'-- Up-to-date symlink: /home/maanavjugalshah/SwarmAero/ros2_ws/install/px4_msgs/include/px4_msgs/px4_msgs/msg/detail/launch_detection_status__rosidl_typesupport_fastrtps_c.h\n'}
[1.394104] (px4_msgs) StdoutLine: {'line': b'-- Up-to-date symlink: /home/maanavjugalshah/SwarmAero/ros2_ws/install/px4_msgs/include/px4_msgs/px4_msgs/msg/detail/led_control__rosidl_typesupport_fastrtps_c.h\n'}
[1.394169] (px4_msgs) StdoutLine: {'line': b'-- Up-to-date symlink: /home/maanavjugalshah/SwarmAero/ros2_ws/install/px4_msgs/include/px4_msgs/px4_msgs/msg/detail/log_message__rosidl_typesupport_fastrtps_c.h\n'}
[1.394207] (px4_msgs) StdoutLine: {'line': b'-- Up-to-date symlink: /home/maanavjugalshah/SwarmAero/ros2_ws/install/px4_msgs/include/px4_msgs/px4_msgs/msg/detail/logger_status__rosidl_typesupport_fastrtps_c.h\n'}
[1.394394] (px4_msgs) StdoutLine: {'line': b'-- Up-to-date symlink: /home/maanavjugalshah/SwarmAero/ros2_ws/install/px4_msgs/include/px4_msgs/px4_msgs/msg/detail/longitudinal_control_configuration__rosidl_typesupport_fastrtps_c.h\n'}
[1.394869] (px4_msgs) StdoutLine: {'line': b'-- Up-to-date symlink: /home/maanavjugalshah/SwarmAero/ros2_ws/install/px4_msgs/include/px4_msgs/px4_msgs/msg/detail/mag_worker_data__rosidl_typesupport_fastrtps_c.h\n'}
[1.395106] (px4_msgs) StdoutLine: {'line': b'-- Up-to-date symlink: /home/maanavjugalshah/SwarmAero/ros2_ws/install/px4_msgs/include/px4_msgs/px4_msgs/msg/detail/magnetometer_bias_estimate__rosidl_typesupport_fastrtps_c.h\n'}
[1.395174] (px4_msgs) StdoutLine: {'line': b'-- Up-to-date symlink: /home/maanavjugalshah/SwarmAero/ros2_ws/install/px4_msgs/include/px4_msgs/px4_msgs/msg/detail/manual_control_setpoint__rosidl_typesupport_fastrtps_c.h\n'}
[1.395395] (px4_msgs) StdoutLine: {'line': b'-- Up-to-date symlink: /home/maanavjugalshah/SwarmAero/ros2_ws/install/px4_msgs/include/px4_msgs/px4_msgs/msg/detail/manual_control_switches__rosidl_typesupport_fastrtps_c.h\n'}
[1.395658] (px4_msgs) StdoutLine: {'line': b'-- Up-to-date symlink: /home/maanavjugalshah/SwarmAero/ros2_ws/install/px4_msgs/include/px4_msgs/px4_msgs/msg/detail/mavlink_log__rosidl_typesupport_fastrtps_c.h\n'}
[1.395845] (px4_msgs) StdoutLine: {'line': b'-- Up-to-date symlink: /home/maanavjugalshah/SwarmAero/ros2_ws/install/px4_msgs/include/px4_msgs/px4_msgs/msg/detail/mavlink_tunnel__rosidl_typesupport_fastrtps_c.h\n'}
[1.395967] (px4_msgs) StdoutLine: {'line': b'-- Up-to-date symlink: /home/maanavjugalshah/SwarmAero/ros2_ws/install/px4_msgs/include/px4_msgs/px4_msgs/msg/detail/message_format_request__rosidl_typesupport_fastrtps_c.h\n'}
[1.396126] (px4_msgs) StdoutLine: {'line': b'-- Up-to-date symlink: /home/maanavjugalshah/SwarmAero/ros2_ws/install/px4_msgs/include/px4_msgs/px4_msgs/msg/detail/message_format_response__rosidl_typesupport_fastrtps_c.h\n'}
[1.396196] (px4_msgs) StdoutLine: {'line': b'-- Up-to-date symlink: /home/maanavjugalshah/SwarmAero/ros2_ws/install/px4_msgs/include/px4_msgs/px4_msgs/msg/detail/mission__rosidl_typesupport_fastrtps_c.h\n'}
[1.396311] (px4_msgs) StdoutLine: {'line': b'-- Up-to-date symlink: /home/maanavjugalshah/SwarmAero/ros2_ws/install/px4_msgs/include/px4_msgs/px4_msgs/msg/detail/mission_result__rosidl_typesupport_fastrtps_c.h\n'}
[1.396349] (px4_msgs) StdoutLine: {'line': b'-- Up-to-date symlink: /home/maanavjugalshah/SwarmAero/ros2_ws/install/px4_msgs/include/px4_msgs/px4_msgs/msg/detail/mode_completed__rosidl_typesupport_fastrtps_c.h\n'}
[1.396423] (px4_msgs) StdoutLine: {'line': b'-- Up-to-date symlink: /home/maanavjugalshah/SwarmAero/ros2_ws/install/px4_msgs/include/px4_msgs/px4_msgs/msg/detail/mount_orientation__rosidl_typesupport_fastrtps_c.h\n'}
[1.396786] (px4_msgs) StdoutLine: {'line': b'-- Up-to-date symlink: /home/maanavjugalshah/SwarmAero/ros2_ws/install/px4_msgs/include/px4_msgs/px4_msgs/msg/detail/navigator_mission_item__rosidl_typesupport_fastrtps_c.h\n'}
[1.397194] (px4_msgs) StdoutLine: {'line': b'-- Up-to-date symlink: /home/maanavjugalshah/SwarmAero/ros2_ws/install/px4_msgs/include/px4_msgs/px4_msgs/msg/detail/navigator_status__rosidl_typesupport_fastrtps_c.h\n'}
[1.397458] (px4_msgs) StdoutLine: {'line': b'-- Up-to-date symlink: /home/maanavjugalshah/SwarmAero/ros2_ws/install/px4_msgs/include/px4_msgs/px4_msgs/msg/detail/neural_control__rosidl_typesupport_fastrtps_c.h\n'}
[1.397510] (px4_msgs) StdoutLine: {'line': b'-- Up-to-date symlink: /home/maanavjugalshah/SwarmAero/ros2_ws/install/px4_msgs/include/px4_msgs/px4_msgs/msg/detail/normalized_unsigned_setpoint__rosidl_typesupport_fastrtps_c.h\n'}
[1.397762] (px4_msgs) StdoutLine: {'line': b'-- Up-to-date symlink: /home/maanavjugalshah/SwarmAero/ros2_ws/install/px4_msgs/include/px4_msgs/px4_msgs/msg/detail/obstacle_distance__rosidl_typesupport_fastrtps_c.h\n'}
[1.397891] (px4_msgs) StdoutLine: {'line': b'-- Up-to-date symlink: /home/maanavjugalshah/SwarmAero/ros2_ws/install/px4_msgs/include/px4_msgs/px4_msgs/msg/detail/offboard_control_mode__rosidl_typesupport_fastrtps_c.h\n'}
[1.398111] (px4_msgs) StdoutLine: {'line': b'-- Up-to-date symlink: /home/maanavjugalshah/SwarmAero/ros2_ws/install/px4_msgs/include/px4_msgs/px4_msgs/msg/detail/onboard_computer_status__rosidl_typesupport_fastrtps_c.h\n'}
[1.398241] (px4_msgs) StdoutLine: {'line': b'-- Up-to-date symlink: /home/maanavjugalshah/SwarmAero/ros2_ws/install/px4_msgs/include/px4_msgs/px4_msgs/msg/detail/open_drone_id_arm_status__rosidl_typesupport_fastrtps_c.h\n'}
[1.398314] (px4_msgs) StdoutLine: {'line': b'-- Up-to-date symlink: /home/maanavjugalshah/SwarmAero/ros2_ws/install/px4_msgs/include/px4_msgs/px4_msgs/msg/detail/open_drone_id_operator_id__rosidl_typesupport_fastrtps_c.h\n'}
[1.398696] (px4_msgs) StdoutLine: {'line': b'-- Up-to-date symlink: /home/maanavjugalshah/SwarmAero/ros2_ws/install/px4_msgs/include/px4_msgs/px4_msgs/msg/detail/open_drone_id_self_id__rosidl_typesupport_fastrtps_c.h\n'}
[1.398952] (px4_msgs) StdoutLine: {'line': b'-- Up-to-date symlink: /home/maanavjugalshah/SwarmAero/ros2_ws/install/px4_msgs/include/px4_msgs/px4_msgs/msg/detail/open_drone_id_system__rosidl_typesupport_fastrtps_c.h\n'}
[1.399113] (px4_msgs) StdoutLine: {'line': b'-- Up-to-date symlink: /home/maanavjugalshah/SwarmAero/ros2_ws/install/px4_msgs/include/px4_msgs/px4_msgs/msg/detail/orb_test__rosidl_typesupport_fastrtps_c.h\n'}
[1.399411] (px4_msgs) StdoutLine: {'line': b'-- Up-to-date symlink: /home/maanavjugalshah/SwarmAero/ros2_ws/install/px4_msgs/include/px4_msgs/px4_msgs/msg/detail/orb_test_large__rosidl_typesupport_fastrtps_c.h\n'}
[1.399680] (px4_msgs) StdoutLine: {'line': b'-- Up-to-date symlink: /home/maanavjugalshah/SwarmAero/ros2_ws/install/px4_msgs/include/px4_msgs/px4_msgs/msg/detail/orb_test_medium__rosidl_typesupport_fastrtps_c.h\n'}
[1.399780] (px4_msgs) StdoutLine: {'line': b'-- Up-to-date symlink: /home/maanavjugalshah/SwarmAero/ros2_ws/install/px4_msgs/include/px4_msgs/px4_msgs/msg/detail/orbit_status__rosidl_typesupport_fastrtps_c.h\n'}
[1.399867] (px4_msgs) StdoutLine: {'line': b'-- Up-to-date symlink: /home/maanavjugalshah/SwarmAero/ros2_ws/install/px4_msgs/include/px4_msgs/px4_msgs/msg/detail/parameter_reset_request__rosidl_typesupport_fastrtps_c.h\n'}
[1.399953] (px4_msgs) StdoutLine: {'line': b'-- Up-to-date symlink: /home/maanavjugalshah/SwarmAero/ros2_ws/install/px4_msgs/include/px4_msgs/px4_msgs/msg/detail/parameter_set_used_request__rosidl_typesupport_fastrtps_c.h\n'}
[1.400269] (px4_msgs) StdoutLine: {'line': b'-- Up-to-date symlink: /home/maanavjugalshah/SwarmAero/ros2_ws/install/px4_msgs/include/px4_msgs/px4_msgs/msg/detail/parameter_set_value_request__rosidl_typesupport_fastrtps_c.h\n'}
[1.400449] (px4_msgs) StdoutLine: {'line': b'-- Up-to-date symlink: /home/maanavjugalshah/SwarmAero/ros2_ws/install/px4_msgs/include/px4_msgs/px4_msgs/msg/detail/parameter_set_value_response__rosidl_typesupport_fastrtps_c.h\n'}
[1.400561] (px4_msgs) StdoutLine: {'line': b'-- Up-to-date symlink: /home/maanavjugalshah/SwarmAero/ros2_ws/install/px4_msgs/include/px4_msgs/px4_msgs/msg/detail/parameter_update__rosidl_typesupport_fastrtps_c.h\n'}
[1.400664] (px4_msgs) StdoutLine: {'line': b'-- Up-to-date symlink: /home/maanavjugalshah/SwarmAero/ros2_ws/install/px4_msgs/include/px4_msgs/px4_msgs/msg/detail/ping__rosidl_typesupport_fastrtps_c.h\n'}
[1.400901] (px4_msgs) StdoutLine: {'line': b'-- Up-to-date symlink: /home/maanavjugalshah/SwarmAero/ros2_ws/install/px4_msgs/include/px4_msgs/px4_msgs/msg/detail/position_controller_landing_status__rosidl_typesupport_fastrtps_c.h\n'}
[1.400954] (px4_msgs) StdoutLine: {'line': b'-- Up-to-date symlink: /home/maanavjugalshah/SwarmAero/ros2_ws/install/px4_msgs/include/px4_msgs/px4_msgs/msg/detail/position_controller_status__rosidl_typesupport_fastrtps_c.h\n'}
[1.401072] (px4_msgs) StdoutLine: {'line': b'-- Up-to-date symlink: /home/maanavjugalshah/SwarmAero/ros2_ws/install/px4_msgs/include/px4_msgs/px4_msgs/msg/detail/position_setpoint__rosidl_typesupport_fastrtps_c.h\n'}
[1.401177] (px4_msgs) StdoutLine: {'line': b'-- Up-to-date symlink: /home/maanavjugalshah/SwarmAero/ros2_ws/install/px4_msgs/include/px4_msgs/px4_msgs/msg/detail/position_setpoint_triplet__rosidl_typesupport_fastrtps_c.h\n'}
[1.401493] (px4_msgs) StdoutLine: {'line': b'-- Up-to-date symlink: /home/maanavjugalshah/SwarmAero/ros2_ws/install/px4_msgs/include/px4_msgs/px4_msgs/msg/detail/power_button_state__rosidl_typesupport_fastrtps_c.h\n'}
[1.401859] (px4_msgs) StdoutLine: {'line': b'-- Up-to-date symlink: /home/maanavjugalshah/SwarmAero/ros2_ws/install/px4_msgs/include/px4_msgs/px4_msgs/msg/detail/power_monitor__rosidl_typesupport_fastrtps_c.h\n'}
[1.401926] (px4_msgs) StdoutLine: {'line': b'-- Up-to-date symlink: /home/maanavjugalshah/SwarmAero/ros2_ws/install/px4_msgs/include/px4_msgs/px4_msgs/msg/detail/pps_capture__rosidl_typesupport_fastrtps_c.h\n'}
[1.401963] (px4_msgs) StdoutLine: {'line': b'-- Up-to-date symlink: /home/maanavjugalshah/SwarmAero/ros2_ws/install/px4_msgs/include/px4_msgs/px4_msgs/msg/detail/pure_pursuit_status__rosidl_typesupport_fastrtps_c.h\n'}
[1.402011] (px4_msgs) StdoutLine: {'line': b'-- Up-to-date symlink: /home/maanavjugalshah/SwarmAero/ros2_ws/install/px4_msgs/include/px4_msgs/px4_msgs/msg/detail/pwm_input__rosidl_typesupport_fastrtps_c.h\n'}
[1.402306] (px4_msgs) StdoutLine: {'line': b'-- Up-to-date symlink: /home/maanavjugalshah/SwarmAero/ros2_ws/install/px4_msgs/include/px4_msgs/px4_msgs/msg/detail/px4io_status__rosidl_typesupport_fastrtps_c.h\n'}
[1.402359] (px4_msgs) StdoutLine: {'line': b'-- Up-to-date symlink: /home/maanavjugalshah/SwarmAero/ros2_ws/install/px4_msgs/include/px4_msgs/px4_msgs/msg/detail/qshell_req__rosidl_typesupport_fastrtps_c.h\n'}
[1.402396] (px4_msgs) StdoutLine: {'line': b'-- Up-to-date symlink: /home/maanavjugalshah/SwarmAero/ros2_ws/install/px4_msgs/include/px4_msgs/px4_msgs/msg/detail/qshell_retval__rosidl_typesupport_fastrtps_c.h\n'}
[1.402462] (px4_msgs) StdoutLine: {'line': b'-- Up-to-date symlink: /home/maanavjugalshah/SwarmAero/ros2_ws/install/px4_msgs/include/px4_msgs/px4_msgs/msg/detail/radio_status__rosidl_typesupport_fastrtps_c.h\n'}
[1.402752] (px4_msgs) StdoutLine: {'line': b'-- Up-to-date symlink: /home/maanavjugalshah/SwarmAero/ros2_ws/install/px4_msgs/include/px4_msgs/px4_msgs/msg/detail/ranging_beacon__rosidl_typesupport_fastrtps_c.h\n'}
[1.402995] (px4_msgs) StdoutLine: {'line': b'-- Up-to-date symlink: /home/maanavjugalshah/SwarmAero/ros2_ws/install/px4_msgs/include/px4_msgs/px4_msgs/msg/detail/raptor_input__rosidl_typesupport_fastrtps_c.h\n'}
[1.403234] (-) TimerEvent: {}
[1.403516] (px4_msgs) StdoutLine: {'line': b'-- Up-to-date symlink: /home/maanavjugalshah/SwarmAero/ros2_ws/install/px4_msgs/include/px4_msgs/px4_msgs/msg/detail/raptor_status__rosidl_typesupport_fastrtps_c.h\n'}
[1.403831] (px4_msgs) StdoutLine: {'line': b'-- Up-to-date symlink: /home/maanavjugalshah/SwarmAero/ros2_ws/install/px4_msgs/include/px4_msgs/px4_msgs/msg/detail/rate_ctrl_status__rosidl_typesupport_fastrtps_c.h\n'}
[1.403981] (px4_msgs) StdoutLine: {'line': b'-- Up-to-date symlink: /home/maanavjugalshah/SwarmAero/ros2_ws/install/px4_msgs/include/px4_msgs/px4_msgs/msg/detail/rc_channels__rosidl_typesupport_fastrtps_c.h\n'}
[1.404087] (px4_msgs) StdoutLine: {'line': b'-- Up-to-date symlink: /home/maanavjugalshah/SwarmAero/ros2_ws/install/px4_msgs/include/px4_msgs/px4_msgs/msg/detail/rc_parameter_map__rosidl_typesupport_fastrtps_c.h\n'}
[1.404176] (px4_msgs) StdoutLine: {'line': b'-- Up-to-date symlink: /home/maanavjugalshah/SwarmAero/ros2_ws/install/px4_msgs/include/px4_msgs/px4_msgs/msg/detail/register_ext_component_reply__rosidl_typesupport_fastrtps_c.h\n'}
[1.404268] (px4_msgs) StdoutLine: {'line': b'-- Up-to-date symlink: /home/maanavjugalshah/SwarmAero/ros2_ws/install/px4_msgs/include/px4_msgs/px4_msgs/msg/detail/register_ext_component_request__rosidl_typesupport_fastrtps_c.h\n'}
[1.404596] (px4_msgs) StdoutLine: {'line': b'-- Up-to-date symlink: /home/maanavjugalshah/SwarmAero/ros2_ws/install/px4_msgs/include/px4_msgs/px4_msgs/msg/detail/rover_attitude_setpoint__rosidl_typesupport_fastrtps_c.h\n'}
[1.404894] (px4_msgs) StdoutLine: {'line': b'-- Up-to-date symlink: /home/maanavjugalshah/SwarmAero/ros2_ws/install/px4_msgs/include/px4_msgs/px4_msgs/msg/detail/rover_attitude_status__rosidl_typesupport_fastrtps_c.h\n'}
[1.405211] (px4_msgs) StdoutLine: {'line': b'-- Up-to-date symlink: /home/maanavjugalshah/SwarmAero/ros2_ws/install/px4_msgs/include/px4_msgs/px4_msgs/msg/detail/rover_position_setpoint__rosidl_typesupport_fastrtps_c.h\n'}
[1.405318] (px4_msgs) StdoutLine: {'line': b'-- Up-to-date symlink: /home/maanavjugalshah/SwarmAero/ros2_ws/install/px4_msgs/include/px4_msgs/px4_msgs/msg/detail/rover_rate_setpoint__rosidl_typesupport_fastrtps_c.h\n'}
[1.405751] (px4_msgs) StdoutLine: {'line': b'-- Up-to-date symlink: /home/maanavjugalshah/SwarmAero/ros2_ws/install/px4_msgs/include/px4_msgs/px4_msgs/msg/detail/rover_rate_status__rosidl_typesupport_fastrtps_c.h\n'}
[1.406200] (px4_msgs) StdoutLine: {'line': b'-- Up-to-date symlink: /home/maanavjugalshah/SwarmAero/ros2_ws/install/px4_msgs/include/px4_msgs/px4_msgs/msg/detail/rover_speed_setpoint__rosidl_typesupport_fastrtps_c.h\n'}
[1.406310] (px4_msgs) StdoutLine: {'line': b'-- Up-to-date symlink: /home/maanavjugalshah/SwarmAero/ros2_ws/install/px4_msgs/include/px4_msgs/px4_msgs/msg/detail/rover_speed_status__rosidl_typesupport_fastrtps_c.h\n'}
[1.406612] (px4_msgs) StdoutLine: {'line': b'-- Up-to-date symlink: /home/maanavjugalshah/SwarmAero/ros2_ws/install/px4_msgs/include/px4_msgs/px4_msgs/msg/detail/rover_steering_setpoint__rosidl_typesupport_fastrtps_c.h\n'}
[1.406939] (px4_msgs) StdoutLine: {'line': b'-- Up-to-date symlink: /home/maanavjugalshah/SwarmAero/ros2_ws/install/px4_msgs/include/px4_msgs/px4_msgs/msg/detail/rover_throttle_setpoint__rosidl_typesupport_fastrtps_c.h\n'}
[1.407256] (px4_msgs) StdoutLine: {'line': b'-- Up-to-date symlink: /home/maanavjugalshah/SwarmAero/ros2_ws/install/px4_msgs/include/px4_msgs/px4_msgs/msg/detail/rpm__rosidl_typesupport_fastrtps_c.h\n'}
[1.407370] (px4_msgs) StdoutLine: {'line': b'-- Up-to-date symlink: /home/maanavjugalshah/SwarmAero/ros2_ws/install/px4_msgs/include/px4_msgs/px4_msgs/msg/detail/rtl_status__rosidl_typesupport_fastrtps_c.h\n'}
[1.407609] (px4_msgs) StdoutLine: {'line': b'-- Up-to-date symlink: /home/maanavjugalshah/SwarmAero/ros2_ws/install/px4_msgs/include/px4_msgs/px4_msgs/msg/detail/rtl_time_estimate__rosidl_typesupport_fastrtps_c.h\n'}
[1.407807] (px4_msgs) StdoutLine: {'line': b'-- Up-to-date symlink: /home/maanavjugalshah/SwarmAero/ros2_ws/install/px4_msgs/include/px4_msgs/px4_msgs/msg/detail/satellite_info__rosidl_typesupport_fastrtps_c.h\n'}
[1.408020] (px4_msgs) StdoutLine: {'line': b'-- Up-to-date symlink: /home/maanavjugalshah/SwarmAero/ros2_ws/install/px4_msgs/include/px4_msgs/px4_msgs/msg/detail/sensor_accel__rosidl_typesupport_fastrtps_c.h\n'}
[1.408262] (px4_msgs) StdoutLine: {'line': b'-- Up-to-date symlink: /home/maanavjugalshah/SwarmAero/ros2_ws/install/px4_msgs/include/px4_msgs/px4_msgs/msg/detail/sensor_accel_fifo__rosidl_typesupport_fastrtps_c.h\n'}
[1.408338] (px4_msgs) StdoutLine: {'line': b'-- Up-to-date symlink: /home/maanavjugalshah/SwarmAero/ros2_ws/install/px4_msgs/include/px4_msgs/px4_msgs/msg/detail/sensor_airflow__rosidl_typesupport_fastrtps_c.h\n'}
[1.408555] (px4_msgs) StdoutLine: {'line': b'-- Up-to-date symlink: /home/maanavjugalshah/SwarmAero/ros2_ws/install/px4_msgs/include/px4_msgs/px4_msgs/msg/detail/sensor_baro__rosidl_typesupport_fastrtps_c.h\n'}
[1.408652] (px4_msgs) StdoutLine: {'line': b'-- Up-to-date symlink: /home/maanavjugalshah/SwarmAero/ros2_ws/install/px4_msgs/include/px4_msgs/px4_msgs/msg/detail/sensor_combined__rosidl_typesupport_fastrtps_c.h\n'}
[1.408835] (px4_msgs) StdoutLine: {'line': b'-- Up-to-date symlink: /home/maanavjugalshah/SwarmAero/ros2_ws/install/px4_msgs/include/px4_msgs/px4_msgs/msg/detail/sensor_correction__rosidl_typesupport_fastrtps_c.h\n'}
[1.408960] (px4_msgs) StdoutLine: {'line': b'-- Up-to-date symlink: /home/maanavjugalshah/SwarmAero/ros2_ws/install/px4_msgs/include/px4_msgs/px4_msgs/msg/detail/sensor_gnss_relative__rosidl_typesupport_fastrtps_c.h\n'}
[1.409154] (px4_msgs) StdoutLine: {'line': b'-- Up-to-date symlink: /home/maanavjugalshah/SwarmAero/ros2_ws/install/px4_msgs/include/px4_msgs/px4_msgs/msg/detail/sensor_gnss_status__rosidl_typesupport_fastrtps_c.h\n'}
[1.409490] (px4_msgs) StdoutLine: {'line': b'-- Up-to-date symlink: /home/maanavjugalshah/SwarmAero/ros2_ws/install/px4_msgs/include/px4_msgs/px4_msgs/msg/detail/sensor_gps__rosidl_typesupport_fastrtps_c.h\n'}
[1.410201] (px4_msgs) StdoutLine: {'line': b'-- Up-to-date symlink: /home/maanavjugalshah/SwarmAero/ros2_ws/install/px4_msgs/include/px4_msgs/px4_msgs/msg/detail/sensor_gyro__rosidl_typesupport_fastrtps_c.h\n'}
[1.410551] (px4_msgs) StdoutLine: {'line': b'-- Up-to-date symlink: /home/maanavjugalshah/SwarmAero/ros2_ws/install/px4_msgs/include/px4_msgs/px4_msgs/msg/detail/sensor_gyro_fft__rosidl_typesupport_fastrtps_c.h\n'}
[1.411100] (px4_msgs) StdoutLine: {'line': b'-- Up-to-date symlink: /home/maanavjugalshah/SwarmAero/ros2_ws/install/px4_msgs/include/px4_msgs/px4_msgs/msg/detail/sensor_gyro_fifo__rosidl_typesupport_fastrtps_c.h\n'}
[1.411256] (px4_msgs) StdoutLine: {'line': b'-- Up-to-date symlink: /home/maanavjugalshah/SwarmAero/ros2_ws/install/px4_msgs/include/px4_msgs/px4_msgs/msg/detail/sensor_hygrometer__rosidl_typesupport_fastrtps_c.h\n'}
[1.411358] (px4_msgs) StdoutLine: {'line': b'-- Up-to-date symlink: /home/maanavjugalshah/SwarmAero/ros2_ws/install/px4_msgs/include/px4_msgs/px4_msgs/msg/detail/sensor_mag__rosidl_typesupport_fastrtps_c.h\n'}
[1.411472] (px4_msgs) StdoutLine: {'line': b'-- Up-to-date symlink: /home/maanavjugalshah/SwarmAero/ros2_ws/install/px4_msgs/include/px4_msgs/px4_msgs/msg/detail/sensor_optical_flow__rosidl_typesupport_fastrtps_c.h\n'}
[1.411962] (px4_msgs) StdoutLine: {'line': b'-- Up-to-date symlink: /home/maanavjugalshah/SwarmAero/ros2_ws/install/px4_msgs/include/px4_msgs/px4_msgs/msg/detail/sensor_preflight_mag__rosidl_typesupport_fastrtps_c.h\n'}
[1.412368] (px4_msgs) StdoutLine: {'line': b'-- Up-to-date symlink: /home/maanavjugalshah/SwarmAero/ros2_ws/install/px4_msgs/include/px4_msgs/px4_msgs/msg/detail/sensor_selection__rosidl_typesupport_fastrtps_c.h\n'}
[1.412600] (px4_msgs) StdoutLine: {'line': b'-- Up-to-date symlink: /home/maanavjugalshah/SwarmAero/ros2_ws/install/px4_msgs/include/px4_msgs/px4_msgs/msg/detail/sensor_temp__rosidl_typesupport_fastrtps_c.h\n'}
[1.412852] (px4_msgs) StdoutLine: {'line': b'-- Up-to-date symlink: /home/maanavjugalshah/SwarmAero/ros2_ws/install/px4_msgs/include/px4_msgs/px4_msgs/msg/detail/sensor_uwb__rosidl_typesupport_fastrtps_c.h\n'}
[1.413284] (px4_msgs) StdoutLine: {'line': b'-- Up-to-date symlink: /home/maanavjugalshah/SwarmAero/ros2_ws/install/px4_msgs/include/px4_msgs/px4_msgs/msg/detail/sensors_status__rosidl_typesupport_fastrtps_c.h\n'}
[1.413381] (px4_msgs) StdoutLine: {'line': b'-- Up-to-date symlink: /home/maanavjugalshah/SwarmAero/ros2_ws/install/px4_msgs/include/px4_msgs/px4_msgs/msg/detail/sensors_status_imu__rosidl_typesupport_fastrtps_c.h\n'}
[1.413640] (px4_msgs) StdoutLine: {'line': b'-- Up-to-date symlink: /home/maanavjugalshah/SwarmAero/ros2_ws/install/px4_msgs/include/px4_msgs/px4_msgs/msg/detail/system_power__rosidl_typesupport_fastrtps_c.h\n'}
[1.414071] (px4_msgs) StdoutLine: {'line': b'-- Up-to-date symlink: /home/maanavjugalshah/SwarmAero/ros2_ws/install/px4_msgs/include/px4_msgs/px4_msgs/msg/detail/takeoff_status__rosidl_typesupport_fastrtps_c.h\n'}
[1.414352] (px4_msgs) StdoutLine: {'line': b'-- Up-to-date symlink: /home/maanavjugalshah/SwarmAero/ros2_ws/install/px4_msgs/include/px4_msgs/px4_msgs/msg/detail/task_stack_info__rosidl_typesupport_fastrtps_c.h\n'}
[1.414593] (px4_msgs) StdoutLine: {'line': b'-- Up-to-date symlink: /home/maanavjugalshah/SwarmAero/ros2_ws/install/px4_msgs/include/px4_msgs/px4_msgs/msg/detail/tecs_status__rosidl_typesupport_fastrtps_c.h\n'}
[1.414781] (px4_msgs) StdoutLine: {'line': b'-- Up-to-date symlink: /home/maanavjugalshah/SwarmAero/ros2_ws/install/px4_msgs/include/px4_msgs/px4_msgs/msg/detail/telemetry_status__rosidl_typesupport_fastrtps_c.h\n'}
[1.415059] (px4_msgs) StdoutLine: {'line': b'-- Up-to-date symlink: /home/maanavjugalshah/SwarmAero/ros2_ws/install/px4_msgs/include/px4_msgs/px4_msgs/msg/detail/tiltrotor_extra_controls__rosidl_typesupport_fastrtps_c.h\n'}
[1.415223] (px4_msgs) StdoutLine: {'line': b'-- Up-to-date symlink: /home/maanavjugalshah/SwarmAero/ros2_ws/install/px4_msgs/include/px4_msgs/px4_msgs/msg/detail/timesync_status__rosidl_typesupport_fastrtps_c.h\n'}
[1.415417] (px4_msgs) StdoutLine: {'line': b'-- Up-to-date symlink: /home/maanavjugalshah/SwarmAero/ros2_ws/install/px4_msgs/include/px4_msgs/px4_msgs/msg/detail/trajectory_setpoint6dof__rosidl_typesupport_fastrtps_c.h\n'}
[1.415596] (px4_msgs) StdoutLine: {'line': b'-- Up-to-date symlink: /home/maanavjugalshah/SwarmAero/ros2_ws/install/px4_msgs/include/px4_msgs/px4_msgs/msg/detail/trajectory_setpoint__rosidl_typesupport_fastrtps_c.h\n'}
[1.415866] (px4_msgs) StdoutLine: {'line': b'-- Up-to-date symlink: /home/maanavjugalshah/SwarmAero/ros2_ws/install/px4_msgs/include/px4_msgs/px4_msgs/msg/detail/transponder_report__rosidl_typesupport_fastrtps_c.h\n'}
[1.415983] (px4_msgs) StdoutLine: {'line': b'-- Up-to-date symlink: /home/maanavjugalshah/SwarmAero/ros2_ws/install/px4_msgs/include/px4_msgs/px4_msgs/msg/detail/tune_control__rosidl_typesupport_fastrtps_c.h\n'}
[1.416078] (px4_msgs) StdoutLine: {'line': b'-- Up-to-date symlink: /home/maanavjugalshah/SwarmAero/ros2_ws/install/px4_msgs/include/px4_msgs/px4_msgs/msg/detail/uavcan_parameter_request__rosidl_typesupport_fastrtps_c.h\n'}
[1.416158] (px4_msgs) StdoutLine: {'line': b'-- Up-to-date symlink: /home/maanavjugalshah/SwarmAero/ros2_ws/install/px4_msgs/include/px4_msgs/px4_msgs/msg/detail/uavcan_parameter_value__rosidl_typesupport_fastrtps_c.h\n'}
[1.416331] (px4_msgs) StdoutLine: {'line': b'-- Up-to-date symlink: /home/maanavjugalshah/SwarmAero/ros2_ws/install/px4_msgs/include/px4_msgs/px4_msgs/msg/detail/ulog_stream__rosidl_typesupport_fastrtps_c.h\n'}
[1.416458] (px4_msgs) StdoutLine: {'line': b'-- Up-to-date symlink: /home/maanavjugalshah/SwarmAero/ros2_ws/install/px4_msgs/include/px4_msgs/px4_msgs/msg/detail/ulog_stream_ack__rosidl_typesupport_fastrtps_c.h\n'}
[1.416620] (px4_msgs) StdoutLine: {'line': b'-- Up-to-date symlink: /home/maanavjugalshah/SwarmAero/ros2_ws/install/px4_msgs/include/px4_msgs/px4_msgs/msg/detail/unregister_ext_component__rosidl_typesupport_fastrtps_c.h\n'}
[1.416779] (px4_msgs) StdoutLine: {'line': b'-- Up-to-date symlink: /home/maanavjugalshah/SwarmAero/ros2_ws/install/px4_msgs/include/px4_msgs/px4_msgs/msg/detail/vehicle_acceleration__rosidl_typesupport_fastrtps_c.h\n'}
[1.417028] (px4_msgs) StdoutLine: {'line': b'-- Up-to-date symlink: /home/maanavjugalshah/SwarmAero/ros2_ws/install/px4_msgs/include/px4_msgs/px4_msgs/msg/detail/vehicle_air_data__rosidl_typesupport_fastrtps_c.h\n'}
[1.417330] (px4_msgs) StdoutLine: {'line': b'-- Up-to-date symlink: /home/maanavjugalshah/SwarmAero/ros2_ws/install/px4_msgs/include/px4_msgs/px4_msgs/msg/detail/vehicle_angular_acceleration_setpoint__rosidl_typesupport_fastrtps_c.h\n'}
[1.417603] (px4_msgs) StdoutLine: {'line': b'-- Up-to-date symlink: /home/maanavjugalshah/SwarmAero/ros2_ws/install/px4_msgs/include/px4_msgs/px4_msgs/msg/detail/vehicle_angular_velocity__rosidl_typesupport_fastrtps_c.h\n'}
[1.417714] (px4_msgs) StdoutLine: {'line': b'-- Up-to-date symlink: /home/maanavjugalshah/SwarmAero/ros2_ws/install/px4_msgs/include/px4_msgs/px4_msgs/msg/detail/vehicle_attitude__rosidl_typesupport_fastrtps_c.h\n'}
[1.417797] (px4_msgs) StdoutLine: {'line': b'-- Up-to-date symlink: /home/maanavjugalshah/SwarmAero/ros2_ws/install/px4_msgs/include/px4_msgs/px4_msgs/msg/detail/vehicle_attitude_setpoint__rosidl_typesupport_fastrtps_c.h\n'}
[1.417869] (px4_msgs) StdoutLine: {'line': b'-- Up-to-date symlink: /home/maanavjugalshah/SwarmAero/ros2_ws/install/px4_msgs/include/px4_msgs/px4_msgs/msg/detail/vehicle_command__rosidl_typesupport_fastrtps_c.h\n'}
[1.417952] (px4_msgs) StdoutLine: {'line': b'-- Up-to-date symlink: /home/maanavjugalshah/SwarmAero/ros2_ws/install/px4_msgs/include/px4_msgs/px4_msgs/msg/detail/vehicle_command_ack__rosidl_typesupport_fastrtps_c.h\n'}
[1.418031] (px4_msgs) StdoutLine: {'line': b'-- Up-to-date symlink: /home/maanavjugalshah/SwarmAero/ros2_ws/install/px4_msgs/include/px4_msgs/px4_msgs/msg/detail/vehicle_constraints__rosidl_typesupport_fastrtps_c.h\n'}
[1.418346] (px4_msgs) StdoutLine: {'line': b'-- Up-to-date symlink: /home/maanavjugalshah/SwarmAero/ros2_ws/install/px4_msgs/include/px4_msgs/px4_msgs/msg/detail/vehicle_control_mode__rosidl_typesupport_fastrtps_c.h\n'}
[1.418569] (px4_msgs) StdoutLine: {'line': b'-- Up-to-date symlink: /home/maanavjugalshah/SwarmAero/ros2_ws/install/px4_msgs/include/px4_msgs/px4_msgs/msg/detail/vehicle_global_position__rosidl_typesupport_fastrtps_c.h\n'}
[1.418645] (px4_msgs) StdoutLine: {'line': b'-- Up-to-date symlink: /home/maanavjugalshah/SwarmAero/ros2_ws/install/px4_msgs/include/px4_msgs/px4_msgs/msg/detail/vehicle_imu__rosidl_typesupport_fastrtps_c.h\n'}
[1.419117] (px4_msgs) StdoutLine: {'line': b'-- Up-to-date symlink: /home/maanavjugalshah/SwarmAero/ros2_ws/install/px4_msgs/include/px4_msgs/px4_msgs/msg/detail/vehicle_imu_status__rosidl_typesupport_fastrtps_c.h\n'}
[1.419380] (px4_msgs) StdoutLine: {'line': b'-- Up-to-date symlink: /home/maanavjugalshah/SwarmAero/ros2_ws/install/px4_msgs/include/px4_msgs/px4_msgs/msg/detail/vehicle_land_detected__rosidl_typesupport_fastrtps_c.h\n'}
[1.419486] (px4_msgs) StdoutLine: {'line': b'-- Up-to-date symlink: /home/maanavjugalshah/SwarmAero/ros2_ws/install/px4_msgs/include/px4_msgs/px4_msgs/msg/detail/vehicle_local_position__rosidl_typesupport_fastrtps_c.h\n'}
[1.419615] (px4_msgs) StdoutLine: {'line': b'-- Up-to-date symlink: /home/maanavjugalshah/SwarmAero/ros2_ws/install/px4_msgs/include/px4_msgs/px4_msgs/msg/detail/vehicle_local_position_setpoint__rosidl_typesupport_fastrtps_c.h\n'}
[1.419859] (px4_msgs) StdoutLine: {'line': b'-- Up-to-date symlink: /home/maanavjugalshah/SwarmAero/ros2_ws/install/px4_msgs/include/px4_msgs/px4_msgs/msg/detail/vehicle_magnetometer__rosidl_typesupport_fastrtps_c.h\n'}
[1.419935] (px4_msgs) StdoutLine: {'line': b'-- Up-to-date symlink: /home/maanavjugalshah/SwarmAero/ros2_ws/install/px4_msgs/include/px4_msgs/px4_msgs/msg/detail/vehicle_odometry__rosidl_typesupport_fastrtps_c.h\n'}
[1.420430] (px4_msgs) StdoutLine: {'line': b'-- Up-to-date symlink: /home/maanavjugalshah/SwarmAero/ros2_ws/install/px4_msgs/include/px4_msgs/px4_msgs/msg/detail/vehicle_optical_flow__rosidl_typesupport_fastrtps_c.h\n'}
[1.420727] (px4_msgs) StdoutLine: {'line': b'-- Up-to-date symlink: /home/maanavjugalshah/SwarmAero/ros2_ws/install/px4_msgs/include/px4_msgs/px4_msgs/msg/detail/vehicle_optical_flow_vel__rosidl_typesupport_fastrtps_c.h\n'}
[1.420818] (px4_msgs) StdoutLine: {'line': b'-- Up-to-date symlink: /home/maanavjugalshah/SwarmAero/ros2_ws/install/px4_msgs/include/px4_msgs/px4_msgs/msg/detail/vehicle_rates_setpoint__rosidl_typesupport_fastrtps_c.h\n'}
[1.420991] (px4_msgs) StdoutLine: {'line': b'-- Up-to-date symlink: /home/maanavjugalshah/SwarmAero/ros2_ws/install/px4_msgs/include/px4_msgs/px4_msgs/msg/detail/vehicle_roi__rosidl_typesupport_fastrtps_c.h\n'}
[1.421105] (px4_msgs) StdoutLine: {'line': b'-- Up-to-date symlink: /home/maanavjugalshah/SwarmAero/ros2_ws/install/px4_msgs/include/px4_msgs/px4_msgs/msg/detail/vehicle_status__rosidl_typesupport_fastrtps_c.h\n'}
[1.421291] (px4_msgs) StdoutLine: {'line': b'-- Up-to-date symlink: /home/maanavjugalshah/SwarmAero/ros2_ws/install/px4_msgs/include/px4_msgs/px4_msgs/msg/detail/vehicle_thrust_setpoint__rosidl_typesupport_fastrtps_c.h\n'}
[1.421401] (px4_msgs) StdoutLine: {'line': b'-- Up-to-date symlink: /home/maanavjugalshah/SwarmAero/ros2_ws/install/px4_msgs/include/px4_msgs/px4_msgs/msg/detail/vehicle_torque_setpoint__rosidl_typesupport_fastrtps_c.h\n'}
[1.421638] (px4_msgs) StdoutLine: {'line': b'-- Up-to-date symlink: /home/maanavjugalshah/SwarmAero/ros2_ws/install/px4_msgs/include/px4_msgs/px4_msgs/msg/detail/velocity_limits__rosidl_typesupport_fastrtps_c.h\n'}
[1.421713] (px4_msgs) StdoutLine: {'line': b'-- Up-to-date symlink: /home/maanavjugalshah/SwarmAero/ros2_ws/install/px4_msgs/include/px4_msgs/px4_msgs/msg/detail/vtol_vehicle_status__rosidl_typesupport_fastrtps_c.h\n'}
[1.422262] (px4_msgs) StdoutLine: {'line': b'-- Up-to-date symlink: /home/maanavjugalshah/SwarmAero/ros2_ws/install/px4_msgs/include/px4_msgs/px4_msgs/msg/detail/vtx__rosidl_typesupport_fastrtps_c.h\n'}
[1.422485] (px4_msgs) StdoutLine: {'line': b'-- Up-to-date symlink: /home/maanavjugalshah/SwarmAero/ros2_ws/install/px4_msgs/include/px4_msgs/px4_msgs/msg/detail/wheel_encoders__rosidl_typesupport_fastrtps_c.h\n'}
[1.422539] (px4_msgs) StdoutLine: {'line': b'-- Up-to-date symlink: /home/maanavjugalshah/SwarmAero/ros2_ws/install/px4_msgs/include/px4_msgs/px4_msgs/msg/detail/wind__rosidl_typesupport_fastrtps_c.h\n'}
[1.422607] (px4_msgs) StdoutLine: {'line': b'-- Up-to-date symlink: /home/maanavjugalshah/SwarmAero/ros2_ws/install/px4_msgs/include/px4_msgs/px4_msgs/msg/detail/yaw_estimator_status__rosidl_typesupport_fastrtps_c.h\n'}
[1.422806] (px4_msgs) StdoutLine: {'line': b'-- Up-to-date symlink: /home/maanavjugalshah/SwarmAero/ros2_ws/install/px4_msgs/include/px4_msgs/px4_msgs/msg/rosidl_typesupport_fastrtps_c__visibility_control.h\n'}
[1.422941] (px4_msgs) StdoutLine: {'line': b'-- Up-to-date symlink: /home/maanavjugalshah/SwarmAero/ros2_ws/install/px4_msgs/include/px4_msgs/px4_msgs/srv/detail/vehicle_command__rosidl_typesupport_fastrtps_c.h\n'}
[1.423228] (px4_msgs) StdoutLine: {'line': b'-- Up-to-date symlink: /home/maanavjugalshah/SwarmAero/ros2_ws/install/px4_msgs/include/px4_msgs/px4_msgs/msg/action_request.hpp\n'}
[1.423301] (px4_msgs) StdoutLine: {'line': b'-- Up-to-date symlink: /home/maanavjugalshah/SwarmAero/ros2_ws/install/px4_msgs/include/px4_msgs/px4_msgs/msg/actuator_armed.hpp\n'}
[1.423467] (px4_msgs) StdoutLine: {'line': b'-- Up-to-date symlink: /home/maanavjugalshah/SwarmAero/ros2_ws/install/px4_msgs/include/px4_msgs/px4_msgs/msg/actuator_controls_status.hpp\n'}
[1.423546] (px4_msgs) StdoutLine: {'line': b'-- Up-to-date symlink: /home/maanavjugalshah/SwarmAero/ros2_ws/install/px4_msgs/include/px4_msgs/px4_msgs/msg/actuator_motors.hpp\n'}
[1.423724] (px4_msgs) StdoutLine: {'line': b'-- Up-to-date symlink: /home/maanavjugalshah/SwarmAero/ros2_ws/install/px4_msgs/include/px4_msgs/px4_msgs/msg/actuator_outputs.hpp\n'}
[1.423812] (px4_msgs) StdoutLine: {'line': b'-- Up-to-date symlink: /home/maanavjugalshah/SwarmAero/ros2_ws/install/px4_msgs/include/px4_msgs/px4_msgs/msg/actuator_servos.hpp\n'}
[1.423883] (px4_msgs) StdoutLine: {'line': b'-- Up-to-date symlink: /home/maanavjugalshah/SwarmAero/ros2_ws/install/px4_msgs/include/px4_msgs/px4_msgs/msg/actuator_servos_trim.hpp\n'}
[1.423959] (px4_msgs) StdoutLine: {'line': b'-- Up-to-date symlink: /home/maanavjugalshah/SwarmAero/ros2_ws/install/px4_msgs/include/px4_msgs/px4_msgs/msg/actuator_test.hpp\n'}
[1.424246] (px4_msgs) StdoutLine: {'line': b'-- Up-to-date symlink: /home/maanavjugalshah/SwarmAero/ros2_ws/install/px4_msgs/include/px4_msgs/px4_msgs/msg/adc_report.hpp\n'}
[1.424573] (px4_msgs) StdoutLine: {'line': b'-- Up-to-date symlink: /home/maanavjugalshah/SwarmAero/ros2_ws/install/px4_msgs/include/px4_msgs/px4_msgs/msg/airspeed.hpp\n'}
[1.424688] (px4_msgs) StdoutLine: {'line': b'-- Up-to-date symlink: /home/maanavjugalshah/SwarmAero/ros2_ws/install/px4_msgs/include/px4_msgs/px4_msgs/msg/airspeed_validated.hpp\n'}
[1.424820] (px4_msgs) StdoutLine: {'line': b'-- Up-to-date symlink: /home/maanavjugalshah/SwarmAero/ros2_ws/install/px4_msgs/include/px4_msgs/px4_msgs/msg/airspeed_wind.hpp\n'}
[1.424907] (px4_msgs) StdoutLine: {'line': b'-- Up-to-date symlink: /home/maanavjugalshah/SwarmAero/ros2_ws/install/px4_msgs/include/px4_msgs/px4_msgs/msg/arming_check_reply.hpp\n'}
[1.425367] (px4_msgs) StdoutLine: {'line': b'-- Up-to-date symlink: /home/maanavjugalshah/SwarmAero/ros2_ws/install/px4_msgs/include/px4_msgs/px4_msgs/msg/arming_check_request.hpp\n'}
[1.425486] (px4_msgs) StdoutLine: {'line': b'-- Up-to-date symlink: /home/maanavjugalshah/SwarmAero/ros2_ws/install/px4_msgs/include/px4_msgs/px4_msgs/msg/autotune_attitude_control_status.hpp\n'}
[1.425563] (px4_msgs) StdoutLine: {'line': b'-- Up-to-date symlink: /home/maanavjugalshah/SwarmAero/ros2_ws/install/px4_msgs/include/px4_msgs/px4_msgs/msg/aux_global_position.hpp\n'}
[1.426008] (px4_msgs) StdoutLine: {'line': b'-- Up-to-date symlink: /home/maanavjugalshah/SwarmAero/ros2_ws/install/px4_msgs/include/px4_msgs/px4_msgs/msg/battery_info.hpp\n'}
[1.426233] (px4_msgs) StdoutLine: {'line': b'-- Up-to-date symlink: /home/maanavjugalshah/SwarmAero/ros2_ws/install/px4_msgs/include/px4_msgs/px4_msgs/msg/battery_status.hpp\n'}
[1.426602] (px4_msgs) StdoutLine: {'line': b'-- Up-to-date symlink: /home/maanavjugalshah/SwarmAero/ros2_ws/install/px4_msgs/include/px4_msgs/px4_msgs/msg/button_event.hpp\n'}
[1.426717] (px4_msgs) StdoutLine: {'line': b'-- Up-to-date symlink: /home/maanavjugalshah/SwarmAero/ros2_ws/install/px4_msgs/include/px4_msgs/px4_msgs/msg/camera_capture.hpp\n'}
[1.426768] (px4_msgs) StdoutLine: {'line': b'-- Up-to-date symlink: /home/maanavjugalshah/SwarmAero/ros2_ws/install/px4_msgs/include/px4_msgs/px4_msgs/msg/camera_status.hpp\n'}
[1.426860] (px4_msgs) StdoutLine: {'line': b'-- Up-to-date symlink: /home/maanavjugalshah/SwarmAero/ros2_ws/install/px4_msgs/include/px4_msgs/px4_msgs/msg/camera_trigger.hpp\n'}
[1.427024] (px4_msgs) StdoutLine: {'line': b'-- Up-to-date symlink: /home/maanavjugalshah/SwarmAero/ros2_ws/install/px4_msgs/include/px4_msgs/px4_msgs/msg/can_interface_status.hpp\n'}
[1.427106] (px4_msgs) StdoutLine: {'line': b'-- Up-to-date symlink: /home/maanavjugalshah/SwarmAero/ros2_ws/install/px4_msgs/include/px4_msgs/px4_msgs/msg/cellular_status.hpp\n'}
[1.427362] (px4_msgs) StdoutLine: {'line': b'-- Up-to-date symlink: /home/maanavjugalshah/SwarmAero/ros2_ws/install/px4_msgs/include/px4_msgs/px4_msgs/msg/collision_constraints.hpp\n'}
[1.427599] (px4_msgs) StdoutLine: {'line': b'-- Up-to-date symlink: /home/maanavjugalshah/SwarmAero/ros2_ws/install/px4_msgs/include/px4_msgs/px4_msgs/msg/config_overrides.hpp\n'}
[1.427747] (px4_msgs) StdoutLine: {'line': b'-- Up-to-date symlink: /home/maanavjugalshah/SwarmAero/ros2_ws/install/px4_msgs/include/px4_msgs/px4_msgs/msg/control_allocator_status.hpp\n'}
[1.427928] (px4_msgs) StdoutLine: {'line': b'-- Up-to-date symlink: /home/maanavjugalshah/SwarmAero/ros2_ws/install/px4_msgs/include/px4_msgs/px4_msgs/msg/cpuload.hpp\n'}
[1.427978] (px4_msgs) StdoutLine: {'line': b'-- Up-to-date symlink: /home/maanavjugalshah/SwarmAero/ros2_ws/install/px4_msgs/include/px4_msgs/px4_msgs/msg/dataman_request.hpp\n'}
[1.428045] (px4_msgs) StdoutLine: {'line': b'-- Up-to-date symlink: /home/maanavjugalshah/SwarmAero/ros2_ws/install/px4_msgs/include/px4_msgs/px4_msgs/msg/dataman_response.hpp\n'}
[1.428233] (px4_msgs) StdoutLine: {'line': b'-- Up-to-date symlink: /home/maanavjugalshah/SwarmAero/ros2_ws/install/px4_msgs/include/px4_msgs/px4_msgs/msg/debug_array.hpp\n'}
[1.428312] (px4_msgs) StdoutLine: {'line': b'-- Up-to-date symlink: /home/maanavjugalshah/SwarmAero/ros2_ws/install/px4_msgs/include/px4_msgs/px4_msgs/msg/debug_key_value.hpp\n'}
[1.428430] (px4_msgs) StdoutLine: {'line': b'-- Up-to-date symlink: /home/maanavjugalshah/SwarmAero/ros2_ws/install/px4_msgs/include/px4_msgs/px4_msgs/msg/debug_value.hpp\n'}
[1.428471] (px4_msgs) StdoutLine: {'line': b'-- Up-to-date symlink: /home/maanavjugalshah/SwarmAero/ros2_ws/install/px4_msgs/include/px4_msgs/px4_msgs/msg/debug_vect.hpp\n'}
[1.428508] (px4_msgs) StdoutLine: {'line': b'-- Up-to-date symlink: /home/maanavjugalshah/SwarmAero/ros2_ws/install/px4_msgs/include/px4_msgs/px4_msgs/msg/detail/action_request__builder.hpp\n'}
[1.428827] (px4_msgs) StdoutLine: {'line': b'-- Up-to-date symlink: /home/maanavjugalshah/SwarmAero/ros2_ws/install/px4_msgs/include/px4_msgs/px4_msgs/msg/detail/action_request__struct.hpp\n'}
[1.428898] (px4_msgs) StdoutLine: {'line': b'-- Up-to-date symlink: /home/maanavjugalshah/SwarmAero/ros2_ws/install/px4_msgs/include/px4_msgs/px4_msgs/msg/detail/action_request__traits.hpp\n'}
[1.429026] (px4_msgs) StdoutLine: {'line': b'-- Up-to-date symlink: /home/maanavjugalshah/SwarmAero/ros2_ws/install/px4_msgs/include/px4_msgs/px4_msgs/msg/detail/action_request__type_support.hpp\n'}
[1.429160] (px4_msgs) StdoutLine: {'line': b'-- Up-to-date symlink: /home/maanavjugalshah/SwarmAero/ros2_ws/install/px4_msgs/include/px4_msgs/px4_msgs/msg/detail/actuator_armed__builder.hpp\n'}
[1.429269] (px4_msgs) StdoutLine: {'line': b'-- Up-to-date symlink: /home/maanavjugalshah/SwarmAero/ros2_ws/install/px4_msgs/include/px4_msgs/px4_msgs/msg/detail/actuator_armed__struct.hpp\n'}
[1.429372] (px4_msgs) StdoutLine: {'line': b'-- Up-to-date symlink: /home/maanavjugalshah/SwarmAero/ros2_ws/install/px4_msgs/include/px4_msgs/px4_msgs/msg/detail/actuator_armed__traits.hpp\n'}
[1.429455] (px4_msgs) StdoutLine: {'line': b'-- Up-to-date symlink: /home/maanavjugalshah/SwarmAero/ros2_ws/install/px4_msgs/include/px4_msgs/px4_msgs/msg/detail/actuator_armed__type_support.hpp\n'}
[1.429536] (px4_msgs) StdoutLine: {'line': b'-- Up-to-date symlink: /home/maanavjugalshah/SwarmAero/ros2_ws/install/px4_msgs/include/px4_msgs/px4_msgs/msg/detail/actuator_controls_status__builder.hpp\n'}
[1.429998] (px4_msgs) StdoutLine: {'line': b'-- Up-to-date symlink: /home/maanavjugalshah/SwarmAero/ros2_ws/install/px4_msgs/include/px4_msgs/px4_msgs/msg/detail/actuator_controls_status__struct.hpp\n'}
[1.430396] (px4_msgs) StdoutLine: {'line': b'-- Up-to-date symlink: /home/maanavjugalshah/SwarmAero/ros2_ws/install/px4_msgs/include/px4_msgs/px4_msgs/msg/detail/actuator_controls_status__traits.hpp\n'}
[1.430533] (px4_msgs) StdoutLine: {'line': b'-- Up-to-date symlink: /home/maanavjugalshah/SwarmAero/ros2_ws/install/px4_msgs/include/px4_msgs/px4_msgs/msg/detail/actuator_controls_status__type_support.hpp\n'}
[1.430630] (px4_msgs) StdoutLine: {'line': b'-- Up-to-date symlink: /home/maanavjugalshah/SwarmAero/ros2_ws/install/px4_msgs/include/px4_msgs/px4_msgs/msg/detail/actuator_motors__builder.hpp\n'}
[1.430779] (px4_msgs) StdoutLine: {'line': b'-- Up-to-date symlink: /home/maanavjugalshah/SwarmAero/ros2_ws/install/px4_msgs/include/px4_msgs/px4_msgs/msg/detail/actuator_motors__struct.hpp\n'}
[1.431074] (px4_msgs) StdoutLine: {'line': b'-- Up-to-date symlink: /home/maanavjugalshah/SwarmAero/ros2_ws/install/px4_msgs/include/px4_msgs/px4_msgs/msg/detail/actuator_motors__traits.hpp\n'}
[1.431237] (px4_msgs) StdoutLine: {'line': b'-- Up-to-date symlink: /home/maanavjugalshah/SwarmAero/ros2_ws/install/px4_msgs/include/px4_msgs/px4_msgs/msg/detail/actuator_motors__type_support.hpp\n'}
[1.431809] (px4_msgs) StdoutLine: {'line': b'-- Up-to-date symlink: /home/maanavjugalshah/SwarmAero/ros2_ws/install/px4_msgs/include/px4_msgs/px4_msgs/msg/detail/actuator_outputs__builder.hpp\n'}
[1.432048] (px4_msgs) StdoutLine: {'line': b'-- Up-to-date symlink: /home/maanavjugalshah/SwarmAero/ros2_ws/install/px4_msgs/include/px4_msgs/px4_msgs/msg/detail/actuator_outputs__struct.hpp\n'}
[1.432208] (px4_msgs) StdoutLine: {'line': b'-- Up-to-date symlink: /home/maanavjugalshah/SwarmAero/ros2_ws/install/px4_msgs/include/px4_msgs/px4_msgs/msg/detail/actuator_outputs__traits.hpp\n'}
[1.432310] (px4_msgs) StdoutLine: {'line': b'-- Up-to-date symlink: /home/maanavjugalshah/SwarmAero/ros2_ws/install/px4_msgs/include/px4_msgs/px4_msgs/msg/detail/actuator_outputs__type_support.hpp\n'}
[1.432408] (px4_msgs) StdoutLine: {'line': b'-- Up-to-date symlink: /home/maanavjugalshah/SwarmAero/ros2_ws/install/px4_msgs/include/px4_msgs/px4_msgs/msg/detail/actuator_servos__builder.hpp\n'}
[1.432519] (px4_msgs) StdoutLine: {'line': b'-- Up-to-date symlink: /home/maanavjugalshah/SwarmAero/ros2_ws/install/px4_msgs/include/px4_msgs/px4_msgs/msg/detail/actuator_servos__struct.hpp\n'}
[1.432723] (px4_msgs) StdoutLine: {'line': b'-- Up-to-date symlink: /home/maanavjugalshah/SwarmAero/ros2_ws/install/px4_msgs/include/px4_msgs/px4_msgs/msg/detail/actuator_servos__traits.hpp\n'}
[1.432903] (px4_msgs) StdoutLine: {'line': b'-- Up-to-date symlink: /home/maanavjugalshah/SwarmAero/ros2_ws/install/px4_msgs/include/px4_msgs/px4_msgs/msg/detail/actuator_servos__type_support.hpp\n'}
[1.433054] (px4_msgs) StdoutLine: {'line': b'-- Up-to-date symlink: /home/maanavjugalshah/SwarmAero/ros2_ws/install/px4_msgs/include/px4_msgs/px4_msgs/msg/detail/actuator_servos_trim__builder.hpp\n'}
[1.433217] (px4_msgs) StdoutLine: {'line': b'-- Up-to-date symlink: /home/maanavjugalshah/SwarmAero/ros2_ws/install/px4_msgs/include/px4_msgs/px4_msgs/msg/detail/actuator_servos_trim__struct.hpp\n'}
[1.433266] (px4_msgs) StdoutLine: {'line': b'-- Up-to-date symlink: /home/maanavjugalshah/SwarmAero/ros2_ws/install/px4_msgs/include/px4_msgs/px4_msgs/msg/detail/actuator_servos_trim__traits.hpp\n'}
[1.433303] (px4_msgs) StdoutLine: {'line': b'-- Up-to-date symlink: /home/maanavjugalshah/SwarmAero/ros2_ws/install/px4_msgs/include/px4_msgs/px4_msgs/msg/detail/actuator_servos_trim__type_support.hpp\n'}
[1.433419] (px4_msgs) StdoutLine: {'line': b'-- Up-to-date symlink: /home/maanavjugalshah/SwarmAero/ros2_ws/install/px4_msgs/include/px4_msgs/px4_msgs/msg/detail/actuator_test__builder.hpp\n'}
[1.433513] (px4_msgs) StdoutLine: {'line': b'-- Up-to-date symlink: /home/maanavjugalshah/SwarmAero/ros2_ws/install/px4_msgs/include/px4_msgs/px4_msgs/msg/detail/actuator_test__struct.hpp\n'}
[1.433582] (px4_msgs) StdoutLine: {'line': b'-- Up-to-date symlink: /home/maanavjugalshah/SwarmAero/ros2_ws/install/px4_msgs/include/px4_msgs/px4_msgs/msg/detail/actuator_test__traits.hpp\n'}
[1.433651] (px4_msgs) StdoutLine: {'line': b'-- Up-to-date symlink: /home/maanavjugalshah/SwarmAero/ros2_ws/install/px4_msgs/include/px4_msgs/px4_msgs/msg/detail/actuator_test__type_support.hpp\n'}
[1.433719] (px4_msgs) StdoutLine: {'line': b'-- Up-to-date symlink: /home/maanavjugalshah/SwarmAero/ros2_ws/install/px4_msgs/include/px4_msgs/px4_msgs/msg/detail/adc_report__builder.hpp\n'}
[1.433832] (px4_msgs) StdoutLine: {'line': b'-- Up-to-date symlink: /home/maanavjugalshah/SwarmAero/ros2_ws/install/px4_msgs/include/px4_msgs/px4_msgs/msg/detail/adc_report__struct.hpp\n'}
[1.434004] (px4_msgs) StdoutLine: {'line': b'-- Up-to-date symlink: /home/maanavjugalshah/SwarmAero/ros2_ws/install/px4_msgs/include/px4_msgs/px4_msgs/msg/detail/adc_report__traits.hpp\n'}
[1.434079] (px4_msgs) StdoutLine: {'line': b'-- Up-to-date symlink: /home/maanavjugalshah/SwarmAero/ros2_ws/install/px4_msgs/include/px4_msgs/px4_msgs/msg/detail/adc_report__type_support.hpp\n'}
[1.434501] (px4_msgs) StdoutLine: {'line': b'-- Up-to-date symlink: /home/maanavjugalshah/SwarmAero/ros2_ws/install/px4_msgs/include/px4_msgs/px4_msgs/msg/detail/airspeed__builder.hpp\n'}
[1.434800] (px4_msgs) StdoutLine: {'line': b'-- Up-to-date symlink: /home/maanavjugalshah/SwarmAero/ros2_ws/install/px4_msgs/include/px4_msgs/px4_msgs/msg/detail/airspeed__struct.hpp\n'}
[1.435049] (px4_msgs) StdoutLine: {'line': b'-- Up-to-date symlink: /home/maanavjugalshah/SwarmAero/ros2_ws/install/px4_msgs/include/px4_msgs/px4_msgs/msg/detail/airspeed__traits.hpp\n'}
[1.435134] (px4_msgs) StdoutLine: {'line': b'-- Up-to-date symlink: /home/maanavjugalshah/SwarmAero/ros2_ws/install/px4_msgs/include/px4_msgs/px4_msgs/msg/detail/airspeed__type_support.hpp\n'}
[1.435271] (px4_msgs) StdoutLine: {'line': b'-- Up-to-date symlink: /home/maanavjugalshah/SwarmAero/ros2_ws/install/px4_msgs/include/px4_msgs/px4_msgs/msg/detail/airspeed_validated__builder.hpp\n'}
[1.435338] (px4_msgs) StdoutLine: {'line': b'-- Up-to-date symlink: /home/maanavjugalshah/SwarmAero/ros2_ws/install/px4_msgs/include/px4_msgs/px4_msgs/msg/detail/airspeed_validated__struct.hpp\n'}
[1.435626] (px4_msgs) StdoutLine: {'line': b'-- Up-to-date symlink: /home/maanavjugalshah/SwarmAero/ros2_ws/install/px4_msgs/include/px4_msgs/px4_msgs/msg/detail/airspeed_validated__traits.hpp\n'}
[1.435703] (px4_msgs) StdoutLine: {'line': b'-- Up-to-date symlink: /home/maanavjugalshah/SwarmAero/ros2_ws/install/px4_msgs/include/px4_msgs/px4_msgs/msg/detail/airspeed_validated__type_support.hpp\n'}
[1.435804] (px4_msgs) StdoutLine: {'line': b'-- Up-to-date symlink: /home/maanavjugalshah/SwarmAero/ros2_ws/install/px4_msgs/include/px4_msgs/px4_msgs/msg/detail/airspeed_wind__builder.hpp\n'}
[1.435903] (px4_msgs) StdoutLine: {'line': b'-- Up-to-date symlink: /home/maanavjugalshah/SwarmAero/ros2_ws/install/px4_msgs/include/px4_msgs/px4_msgs/msg/detail/airspeed_wind__struct.hpp\n'}
[1.436004] (px4_msgs) StdoutLine: {'line': b'-- Up-to-date symlink: /home/maanavjugalshah/SwarmAero/ros2_ws/install/px4_msgs/include/px4_msgs/px4_msgs/msg/detail/airspeed_wind__traits.hpp\n'}
[1.436189] (px4_msgs) StdoutLine: {'line': b'-- Up-to-date symlink: /home/maanavjugalshah/SwarmAero/ros2_ws/install/px4_msgs/include/px4_msgs/px4_msgs/msg/detail/airspeed_wind__type_support.hpp\n'}
[1.436361] (px4_msgs) StdoutLine: {'line': b'-- Up-to-date symlink: /home/maanavjugalshah/SwarmAero/ros2_ws/install/px4_msgs/include/px4_msgs/px4_msgs/msg/detail/arming_check_reply__builder.hpp\n'}
[1.436408] (px4_msgs) StdoutLine: {'line': b'-- Up-to-date symlink: /home/maanavjugalshah/SwarmAero/ros2_ws/install/px4_msgs/include/px4_msgs/px4_msgs/msg/detail/arming_check_reply__struct.hpp\n'}
[1.436446] (px4_msgs) StdoutLine: {'line': b'-- Up-to-date symlink: /home/maanavjugalshah/SwarmAero/ros2_ws/install/px4_msgs/include/px4_msgs/px4_msgs/msg/detail/arming_check_reply__traits.hpp\n'}
[1.436580] (px4_msgs) StdoutLine: {'line': b'-- Up-to-date symlink: /home/maanavjugalshah/SwarmAero/ros2_ws/install/px4_msgs/include/px4_msgs/px4_msgs/msg/detail/arming_check_reply__type_support.hpp\n'}
[1.436621] (px4_msgs) StdoutLine: {'line': b'-- Up-to-date symlink: /home/maanavjugalshah/SwarmAero/ros2_ws/install/px4_msgs/include/px4_msgs/px4_msgs/msg/detail/arming_check_request__builder.hpp\n'}
[1.436657] (px4_msgs) StdoutLine: {'line': b'-- Up-to-date symlink: /home/maanavjugalshah/SwarmAero/ros2_ws/install/px4_msgs/include/px4_msgs/px4_msgs/msg/detail/arming_check_request__struct.hpp\n'}
[1.436697] (px4_msgs) StdoutLine: {'line': b'-- Up-to-date symlink: /home/maanavjugalshah/SwarmAero/ros2_ws/install/px4_msgs/include/px4_msgs/px4_msgs/msg/detail/arming_check_request__traits.hpp\n'}
[1.436845] (px4_msgs) StdoutLine: {'line': b'-- Up-to-date symlink: /home/maanavjugalshah/SwarmAero/ros2_ws/install/px4_msgs/include/px4_msgs/px4_msgs/msg/detail/arming_check_request__type_support.hpp\n'}
[1.436894] (px4_msgs) StdoutLine: {'line': b'-- Up-to-date symlink: /home/maanavjugalshah/SwarmAero/ros2_ws/install/px4_msgs/include/px4_msgs/px4_msgs/msg/detail/autotune_attitude_control_status__builder.hpp\n'}
[1.437200] (px4_msgs) StdoutLine: {'line': b'-- Up-to-date symlink: /home/maanavjugalshah/SwarmAero/ros2_ws/install/px4_msgs/include/px4_msgs/px4_msgs/msg/detail/autotune_attitude_control_status__struct.hpp\n'}
[1.437262] (px4_msgs) StdoutLine: {'line': b'-- Up-to-date symlink: /home/maanavjugalshah/SwarmAero/ros2_ws/install/px4_msgs/include/px4_msgs/px4_msgs/msg/detail/autotune_attitude_control_status__traits.hpp\n'}
[1.437348] (px4_msgs) StdoutLine: {'line': b'-- Up-to-date symlink: /home/maanavjugalshah/SwarmAero/ros2_ws/install/px4_msgs/include/px4_msgs/px4_msgs/msg/detail/autotune_attitude_control_status__type_support.hpp\n'}
[1.437512] (px4_msgs) StdoutLine: {'line': b'-- Up-to-date symlink: /home/maanavjugalshah/SwarmAero/ros2_ws/install/px4_msgs/include/px4_msgs/px4_msgs/msg/detail/aux_global_position__builder.hpp\n'}
[1.437840] (px4_msgs) StdoutLine: {'line': b'-- Up-to-date symlink: /home/maanavjugalshah/SwarmAero/ros2_ws/install/px4_msgs/include/px4_msgs/px4_msgs/msg/detail/aux_global_position__struct.hpp\n'}
[1.438050] (px4_msgs) StdoutLine: {'line': b'-- Up-to-date symlink: /home/maanavjugalshah/SwarmAero/ros2_ws/install/px4_msgs/include/px4_msgs/px4_msgs/msg/detail/aux_global_position__traits.hpp\n'}
[1.438152] (px4_msgs) StdoutLine: {'line': b'-- Up-to-date symlink: /home/maanavjugalshah/SwarmAero/ros2_ws/install/px4_msgs/include/px4_msgs/px4_msgs/msg/detail/aux_global_position__type_support.hpp\n'}
[1.438227] (px4_msgs) StdoutLine: {'line': b'-- Up-to-date symlink: /home/maanavjugalshah/SwarmAero/ros2_ws/install/px4_msgs/include/px4_msgs/px4_msgs/msg/detail/battery_info__builder.hpp\n'}
[1.438382] (px4_msgs) StdoutLine: {'line': b'-- Up-to-date symlink: /home/maanavjugalshah/SwarmAero/ros2_ws/install/px4_msgs/include/px4_msgs/px4_msgs/msg/detail/battery_info__struct.hpp\n'}
[1.438593] (px4_msgs) StdoutLine: {'line': b'-- Up-to-date symlink: /home/maanavjugalshah/SwarmAero/ros2_ws/install/px4_msgs/include/px4_msgs/px4_msgs/msg/detail/battery_info__traits.hpp\n'}
[1.438916] (px4_msgs) StdoutLine: {'line': b'-- Up-to-date symlink: /home/maanavjugalshah/SwarmAero/ros2_ws/install/px4_msgs/include/px4_msgs/px4_msgs/msg/detail/battery_info__type_support.hpp\n'}
[1.439086] (px4_msgs) StdoutLine: {'line': b'-- Up-to-date symlink: /home/maanavjugalshah/SwarmAero/ros2_ws/install/px4_msgs/include/px4_msgs/px4_msgs/msg/detail/battery_status__builder.hpp\n'}
[1.439186] (px4_msgs) StdoutLine: {'line': b'-- Up-to-date symlink: /home/maanavjugalshah/SwarmAero/ros2_ws/install/px4_msgs/include/px4_msgs/px4_msgs/msg/detail/battery_status__struct.hpp\n'}
[1.439249] (px4_msgs) StdoutLine: {'line': b'-- Up-to-date symlink: /home/maanavjugalshah/SwarmAero/ros2_ws/install/px4_msgs/include/px4_msgs/px4_msgs/msg/detail/battery_status__traits.hpp\n'}
[1.439477] (px4_msgs) StdoutLine: {'line': b'-- Up-to-date symlink: /home/maanavjugalshah/SwarmAero/ros2_ws/install/px4_msgs/include/px4_msgs/px4_msgs/msg/detail/battery_status__type_support.hpp\n'}
[1.439542] (px4_msgs) StdoutLine: {'line': b'-- Up-to-date symlink: /home/maanavjugalshah/SwarmAero/ros2_ws/install/px4_msgs/include/px4_msgs/px4_msgs/msg/detail/button_event__builder.hpp\n'}
[1.439665] (px4_msgs) StdoutLine: {'line': b'-- Up-to-date symlink: /home/maanavjugalshah/SwarmAero/ros2_ws/install/px4_msgs/include/px4_msgs/px4_msgs/msg/detail/button_event__struct.hpp\n'}
[1.439943] (px4_msgs) StdoutLine: {'line': b'-- Up-to-date symlink: /home/maanavjugalshah/SwarmAero/ros2_ws/install/px4_msgs/include/px4_msgs/px4_msgs/msg/detail/button_event__traits.hpp\n'}
[1.440129] (px4_msgs) StdoutLine: {'line': b'-- Up-to-date symlink: /home/maanavjugalshah/SwarmAero/ros2_ws/install/px4_msgs/include/px4_msgs/px4_msgs/msg/detail/button_event__type_support.hpp\n'}
[1.440284] (px4_msgs) StdoutLine: {'line': b'-- Up-to-date symlink: /home/maanavjugalshah/SwarmAero/ros2_ws/install/px4_msgs/include/px4_msgs/px4_msgs/msg/detail/camera_capture__builder.hpp\n'}
[1.440366] (px4_msgs) StdoutLine: {'line': b'-- Up-to-date symlink: /home/maanavjugalshah/SwarmAero/ros2_ws/install/px4_msgs/include/px4_msgs/px4_msgs/msg/detail/camera_capture__struct.hpp\n'}
[1.440779] (px4_msgs) StdoutLine: {'line': b'-- Up-to-date symlink: /home/maanavjugalshah/SwarmAero/ros2_ws/install/px4_msgs/include/px4_msgs/px4_msgs/msg/detail/camera_capture__traits.hpp\n'}
[1.440919] (px4_msgs) StdoutLine: {'line': b'-- Up-to-date symlink: /home/maanavjugalshah/SwarmAero/ros2_ws/install/px4_msgs/include/px4_msgs/px4_msgs/msg/detail/camera_capture__type_support.hpp\n'}
[1.441096] (px4_msgs) StdoutLine: {'line': b'-- Up-to-date symlink: /home/maanavjugalshah/SwarmAero/ros2_ws/install/px4_msgs/include/px4_msgs/px4_msgs/msg/detail/camera_status__builder.hpp\n'}
[1.441168] (px4_msgs) StdoutLine: {'line': b'-- Up-to-date symlink: /home/maanavjugalshah/SwarmAero/ros2_ws/install/px4_msgs/include/px4_msgs/px4_msgs/msg/detail/camera_status__struct.hpp\n'}
[1.441386] (px4_msgs) StdoutLine: {'line': b'-- Up-to-date symlink: /home/maanavjugalshah/SwarmAero/ros2_ws/install/px4_msgs/include/px4_msgs/px4_msgs/msg/detail/camera_status__traits.hpp\n'}
[1.441501] (px4_msgs) StdoutLine: {'line': b'-- Up-to-date symlink: /home/maanavjugalshah/SwarmAero/ros2_ws/install/px4_msgs/include/px4_msgs/px4_msgs/msg/detail/camera_status__type_support.hpp\n'}
[1.441589] (px4_msgs) StdoutLine: {'line': b'-- Up-to-date symlink: /home/maanavjugalshah/SwarmAero/ros2_ws/install/px4_msgs/include/px4_msgs/px4_msgs/msg/detail/camera_trigger__builder.hpp\n'}
[1.441671] (px4_msgs) StdoutLine: {'line': b'-- Up-to-date symlink: /home/maanavjugalshah/SwarmAero/ros2_ws/install/px4_msgs/include/px4_msgs/px4_msgs/msg/detail/camera_trigger__struct.hpp\n'}
[1.441778] (px4_msgs) StdoutLine: {'line': b'-- Up-to-date symlink: /home/maanavjugalshah/SwarmAero/ros2_ws/install/px4_msgs/include/px4_msgs/px4_msgs/msg/detail/camera_trigger__traits.hpp\n'}
[1.442008] (px4_msgs) StdoutLine: {'line': b'-- Up-to-date symlink: /home/maanavjugalshah/SwarmAero/ros2_ws/install/px4_msgs/include/px4_msgs/px4_msgs/msg/detail/camera_trigger__type_support.hpp\n'}
[1.442085] (px4_msgs) StdoutLine: {'line': b'-- Up-to-date symlink: /home/maanavjugalshah/SwarmAero/ros2_ws/install/px4_msgs/include/px4_msgs/px4_msgs/msg/detail/can_interface_status__builder.hpp\n'}
[1.442126] (px4_msgs) StdoutLine: {'line': b'-- Up-to-date symlink: /home/maanavjugalshah/SwarmAero/ros2_ws/install/px4_msgs/include/px4_msgs/px4_msgs/msg/detail/can_interface_status__struct.hpp\n'}
[1.442311] (px4_msgs) StdoutLine: {'line': b'-- Up-to-date symlink: /home/maanavjugalshah/SwarmAero/ros2_ws/install/px4_msgs/include/px4_msgs/px4_msgs/msg/detail/can_interface_status__traits.hpp\n'}
[1.442402] (px4_msgs) StdoutLine: {'line': b'-- Up-to-date symlink: /home/maanavjugalshah/SwarmAero/ros2_ws/install/px4_msgs/include/px4_msgs/px4_msgs/msg/detail/can_interface_status__type_support.hpp\n'}
[1.442680] (px4_msgs) StdoutLine: {'line': b'-- Up-to-date symlink: /home/maanavjugalshah/SwarmAero/ros2_ws/install/px4_msgs/include/px4_msgs/px4_msgs/msg/detail/cellular_status__builder.hpp\n'}
[1.442832] (px4_msgs) StdoutLine: {'line': b'-- Up-to-date symlink: /home/maanavjugalshah/SwarmAero/ros2_ws/install/px4_msgs/include/px4_msgs/px4_msgs/msg/detail/cellular_status__struct.hpp\n'}
[1.442931] (px4_msgs) StdoutLine: {'line': b'-- Up-to-date symlink: /home/maanavjugalshah/SwarmAero/ros2_ws/install/px4_msgs/include/px4_msgs/px4_msgs/msg/detail/cellular_status__traits.hpp\n'}
[1.443047] (px4_msgs) StdoutLine: {'line': b'-- Up-to-date symlink: /home/maanavjugalshah/SwarmAero/ros2_ws/install/px4_msgs/include/px4_msgs/px4_msgs/msg/detail/cellular_status__type_support.hpp\n'}
[1.443200] (px4_msgs) StdoutLine: {'line': b'-- Up-to-date symlink: /home/maanavjugalshah/SwarmAero/ros2_ws/install/px4_msgs/include/px4_msgs/px4_msgs/msg/detail/collision_constraints__builder.hpp\n'}
[1.443730] (px4_msgs) StdoutLine: {'line': b'-- Up-to-date symlink: /home/maanavjugalshah/SwarmAero/ros2_ws/install/px4_msgs/include/px4_msgs/px4_msgs/msg/detail/collision_constraints__struct.hpp\n'}
[1.444002] (px4_msgs) StdoutLine: {'line': b'-- Up-to-date symlink: /home/maanavjugalshah/SwarmAero/ros2_ws/install/px4_msgs/include/px4_msgs/px4_msgs/msg/detail/collision_constraints__traits.hpp\n'}
[1.444165] (px4_msgs) StdoutLine: {'line': b'-- Up-to-date symlink: /home/maanavjugalshah/SwarmAero/ros2_ws/install/px4_msgs/include/px4_msgs/px4_msgs/msg/detail/collision_constraints__type_support.hpp\n'}
[1.444213] (px4_msgs) StdoutLine: {'line': b'-- Up-to-date symlink: /home/maanavjugalshah/SwarmAero/ros2_ws/install/px4_msgs/include/px4_msgs/px4_msgs/msg/detail/config_overrides__builder.hpp\n'}
[1.444330] (px4_msgs) StdoutLine: {'line': b'-- Up-to-date symlink: /home/maanavjugalshah/SwarmAero/ros2_ws/install/px4_msgs/include/px4_msgs/px4_msgs/msg/detail/config_overrides__struct.hpp\n'}
[1.444443] (px4_msgs) StdoutLine: {'line': b'-- Up-to-date symlink: /home/maanavjugalshah/SwarmAero/ros2_ws/install/px4_msgs/include/px4_msgs/px4_msgs/msg/detail/config_overrides__traits.hpp\n'}
[1.444676] (px4_msgs) StdoutLine: {'line': b'-- Up-to-date symlink: /home/maanavjugalshah/SwarmAero/ros2_ws/install/px4_msgs/include/px4_msgs/px4_msgs/msg/detail/config_overrides__type_support.hpp\n'}
[1.444924] (px4_msgs) StdoutLine: {'line': b'-- Up-to-date symlink: /home/maanavjugalshah/SwarmAero/ros2_ws/install/px4_msgs/include/px4_msgs/px4_msgs/msg/detail/control_allocator_status__builder.hpp\n'}
[1.445260] (px4_msgs) StdoutLine: {'line': b'-- Up-to-date symlink: /home/maanavjugalshah/SwarmAero/ros2_ws/install/px4_msgs/include/px4_msgs/px4_msgs/msg/detail/control_allocator_status__struct.hpp\n'}
[1.445574] (px4_msgs) StdoutLine: {'line': b'-- Up-to-date symlink: /home/maanavjugalshah/SwarmAero/ros2_ws/install/px4_msgs/include/px4_msgs/px4_msgs/msg/detail/control_allocator_status__traits.hpp\n'}
[1.445664] (px4_msgs) StdoutLine: {'line': b'-- Up-to-date symlink: /home/maanavjugalshah/SwarmAero/ros2_ws/install/px4_msgs/include/px4_msgs/px4_msgs/msg/detail/control_allocator_status__type_support.hpp\n'}
[1.445756] (px4_msgs) StdoutLine: {'line': b'-- Up-to-date symlink: /home/maanavjugalshah/SwarmAero/ros2_ws/install/px4_msgs/include/px4_msgs/px4_msgs/msg/detail/cpuload__builder.hpp\n'}
[1.446032] (px4_msgs) StdoutLine: {'line': b'-- Up-to-date symlink: /home/maanavjugalshah/SwarmAero/ros2_ws/install/px4_msgs/include/px4_msgs/px4_msgs/msg/detail/cpuload__struct.hpp\n'}
[1.446124] (px4_msgs) StdoutLine: {'line': b'-- Up-to-date symlink: /home/maanavjugalshah/SwarmAero/ros2_ws/install/px4_msgs/include/px4_msgs/px4_msgs/msg/detail/cpuload__traits.hpp\n'}
[1.446345] (px4_msgs) StdoutLine: {'line': b'-- Up-to-date symlink: /home/maanavjugalshah/SwarmAero/ros2_ws/install/px4_msgs/include/px4_msgs/px4_msgs/msg/detail/cpuload__type_support.hpp\n'}
[1.446719] (px4_msgs) StdoutLine: {'line': b'-- Up-to-date symlink: /home/maanavjugalshah/SwarmAero/ros2_ws/install/px4_msgs/include/px4_msgs/px4_msgs/msg/detail/dataman_request__builder.hpp\n'}
[1.446913] (px4_msgs) StdoutLine: {'line': b'-- Up-to-date symlink: /home/maanavjugalshah/SwarmAero/ros2_ws/install/px4_msgs/include/px4_msgs/px4_msgs/msg/detail/dataman_request__struct.hpp\n'}
[1.446971] (px4_msgs) StdoutLine: {'line': b'-- Up-to-date symlink: /home/maanavjugalshah/SwarmAero/ros2_ws/install/px4_msgs/include/px4_msgs/px4_msgs/msg/detail/dataman_request__traits.hpp\n'}
[1.447046] (px4_msgs) StdoutLine: {'line': b'-- Up-to-date symlink: /home/maanavjugalshah/SwarmAero/ros2_ws/install/px4_msgs/include/px4_msgs/px4_msgs/msg/detail/dataman_request__type_support.hpp\n'}
[1.447296] (px4_msgs) StdoutLine: {'line': b'-- Up-to-date symlink: /home/maanavjugalshah/SwarmAero/ros2_ws/install/px4_msgs/include/px4_msgs/px4_msgs/msg/detail/dataman_response__builder.hpp\n'}
[1.447472] (px4_msgs) StdoutLine: {'line': b'-- Up-to-date symlink: /home/maanavjugalshah/SwarmAero/ros2_ws/install/px4_msgs/include/px4_msgs/px4_msgs/msg/detail/dataman_response__struct.hpp\n'}
[1.447539] (px4_msgs) StdoutLine: {'line': b'-- Up-to-date symlink: /home/maanavjugalshah/SwarmAero/ros2_ws/install/px4_msgs/include/px4_msgs/px4_msgs/msg/detail/dataman_response__traits.hpp\n'}
[1.447752] (px4_msgs) StdoutLine: {'line': b'-- Up-to-date symlink: /home/maanavjugalshah/SwarmAero/ros2_ws/install/px4_msgs/include/px4_msgs/px4_msgs/msg/detail/dataman_response__type_support.hpp\n'}
[1.448107] (px4_msgs) StdoutLine: {'line': b'-- Up-to-date symlink: /home/maanavjugalshah/SwarmAero/ros2_ws/install/px4_msgs/include/px4_msgs/px4_msgs/msg/detail/debug_array__builder.hpp\n'}
[1.448181] (px4_msgs) StdoutLine: {'line': b'-- Up-to-date symlink: /home/maanavjugalshah/SwarmAero/ros2_ws/install/px4_msgs/include/px4_msgs/px4_msgs/msg/detail/debug_array__struct.hpp\n'}
[1.448346] (px4_msgs) StdoutLine: {'line': b'-- Up-to-date symlink: /home/maanavjugalshah/SwarmAero/ros2_ws/install/px4_msgs/include/px4_msgs/px4_msgs/msg/detail/debug_array__traits.hpp\n'}
[1.448395] (px4_msgs) StdoutLine: {'line': b'-- Up-to-date symlink: /home/maanavjugalshah/SwarmAero/ros2_ws/install/px4_msgs/include/px4_msgs/px4_msgs/msg/detail/debug_array__type_support.hpp\n'}
[1.448576] (px4_msgs) StdoutLine: {'line': b'-- Up-to-date symlink: /home/maanavjugalshah/SwarmAero/ros2_ws/install/px4_msgs/include/px4_msgs/px4_msgs/msg/detail/debug_key_value__builder.hpp\n'}
[1.448879] (px4_msgs) StdoutLine: {'line': b'-- Up-to-date symlink: /home/maanavjugalshah/SwarmAero/ros2_ws/install/px4_msgs/include/px4_msgs/px4_msgs/msg/detail/debug_key_value__struct.hpp\n'}
[1.449056] (px4_msgs) StdoutLine: {'line': b'-- Up-to-date symlink: /home/maanavjugalshah/SwarmAero/ros2_ws/install/px4_msgs/include/px4_msgs/px4_msgs/msg/detail/debug_key_value__traits.hpp\n'}
[1.449185] (px4_msgs) StdoutLine: {'line': b'-- Up-to-date symlink: /home/maanavjugalshah/SwarmAero/ros2_ws/install/px4_msgs/include/px4_msgs/px4_msgs/msg/detail/debug_key_value__type_support.hpp\n'}
[1.449279] (px4_msgs) StdoutLine: {'line': b'-- Up-to-date symlink: /home/maanavjugalshah/SwarmAero/ros2_ws/install/px4_msgs/include/px4_msgs/px4_msgs/msg/detail/debug_value__builder.hpp\n'}
[1.449467] (px4_msgs) StdoutLine: {'line': b'-- Up-to-date symlink: /home/maanavjugalshah/SwarmAero/ros2_ws/install/px4_msgs/include/px4_msgs/px4_msgs/msg/detail/debug_value__struct.hpp\n'}
[1.450204] (px4_msgs) StdoutLine: {'line': b'-- Up-to-date symlink: /home/maanavjugalshah/SwarmAero/ros2_ws/install/px4_msgs/include/px4_msgs/px4_msgs/msg/detail/debug_value__traits.hpp\n'}
[1.450504] (px4_msgs) StdoutLine: {'line': b'-- Up-to-date symlink: /home/maanavjugalshah/SwarmAero/ros2_ws/install/px4_msgs/include/px4_msgs/px4_msgs/msg/detail/debug_value__type_support.hpp\n'}
[1.450679] (px4_msgs) StdoutLine: {'line': b'-- Up-to-date symlink: /home/maanavjugalshah/SwarmAero/ros2_ws/install/px4_msgs/include/px4_msgs/px4_msgs/msg/detail/debug_vect__builder.hpp\n'}
[1.450954] (px4_msgs) StdoutLine: {'line': b'-- Up-to-date symlink: /home/maanavjugalshah/SwarmAero/ros2_ws/install/px4_msgs/include/px4_msgs/px4_msgs/msg/detail/debug_vect__struct.hpp\n'}
[1.451213] (px4_msgs) StdoutLine: {'line': b'-- Up-to-date symlink: /home/maanavjugalshah/SwarmAero/ros2_ws/install/px4_msgs/include/px4_msgs/px4_msgs/msg/detail/debug_vect__traits.hpp\n'}
[1.451330] (px4_msgs) StdoutLine: {'line': b'-- Up-to-date symlink: /home/maanavjugalshah/SwarmAero/ros2_ws/install/px4_msgs/include/px4_msgs/px4_msgs/msg/detail/debug_vect__type_support.hpp\n'}
[1.451613] (px4_msgs) StdoutLine: {'line': b'-- Up-to-date symlink: /home/maanavjugalshah/SwarmAero/ros2_ws/install/px4_msgs/include/px4_msgs/px4_msgs/msg/detail/device_information__builder.hpp\n'}
[1.452040] (px4_msgs) StdoutLine: {'line': b'-- Up-to-date symlink: /home/maanavjugalshah/SwarmAero/ros2_ws/install/px4_msgs/include/px4_msgs/px4_msgs/msg/detail/device_information__struct.hpp\n'}
[1.452193] (px4_msgs) StdoutLine: {'line': b'-- Up-to-date symlink: /home/maanavjugalshah/SwarmAero/ros2_ws/install/px4_msgs/include/px4_msgs/px4_msgs/msg/detail/device_information__traits.hpp\n'}
[1.452241] (px4_msgs) StdoutLine: {'line': b'-- Up-to-date symlink: /home/maanavjugalshah/SwarmAero/ros2_ws/install/px4_msgs/include/px4_msgs/px4_msgs/msg/detail/device_information__type_support.hpp\n'}
[1.452339] (px4_msgs) StdoutLine: {'line': b'-- Up-to-date symlink: /home/maanavjugalshah/SwarmAero/ros2_ws/install/px4_msgs/include/px4_msgs/px4_msgs/msg/detail/differential_pressure__builder.hpp\n'}
[1.452483] (px4_msgs) StdoutLine: {'line': b'-- Up-to-date symlink: /home/maanavjugalshah/SwarmAero/ros2_ws/install/px4_msgs/include/px4_msgs/px4_msgs/msg/detail/differential_pressure__struct.hpp\n'}
[1.452592] (px4_msgs) StdoutLine: {'line': b'-- Up-to-date symlink: /home/maanavjugalshah/SwarmAero/ros2_ws/install/px4_msgs/include/px4_msgs/px4_msgs/msg/detail/differential_pressure__traits.hpp\n'}
[1.452678] (px4_msgs) StdoutLine: {'line': b'-- Up-to-date symlink: /home/maanavjugalshah/SwarmAero/ros2_ws/install/px4_msgs/include/px4_msgs/px4_msgs/msg/detail/differential_pressure__type_support.hpp\n'}
[1.452763] (px4_msgs) StdoutLine: {'line': b'-- Up-to-date symlink: /home/maanavjugalshah/SwarmAero/ros2_ws/install/px4_msgs/include/px4_msgs/px4_msgs/msg/detail/distance_sensor__builder.hpp\n'}
[1.452847] (px4_msgs) StdoutLine: {'line': b'-- Up-to-date symlink: /home/maanavjugalshah/SwarmAero/ros2_ws/install/px4_msgs/include/px4_msgs/px4_msgs/msg/detail/distance_sensor__struct.hpp\n'}
[1.453117] (px4_msgs) StdoutLine: {'line': b'-- Up-to-date symlink: /home/maanavjugalshah/SwarmAero/ros2_ws/install/px4_msgs/include/px4_msgs/px4_msgs/msg/detail/distance_sensor__traits.hpp\n'}
[1.453590] (px4_msgs) StdoutLine: {'line': b'-- Up-to-date symlink: /home/maanavjugalshah/SwarmAero/ros2_ws/install/px4_msgs/include/px4_msgs/px4_msgs/msg/detail/distance_sensor__type_support.hpp\n'}
[1.453712] (px4_msgs) StdoutLine: {'line': b'-- Up-to-date symlink: /home/maanavjugalshah/SwarmAero/ros2_ws/install/px4_msgs/include/px4_msgs/px4_msgs/msg/detail/distance_sensor_mode_change_request__builder.hpp\n'}
[1.454050] (px4_msgs) StdoutLine: {'line': b'-- Up-to-date symlink: /home/maanavjugalshah/SwarmAero/ros2_ws/install/px4_msgs/include/px4_msgs/px4_msgs/msg/detail/distance_sensor_mode_change_request__struct.hpp\n'}
[1.454451] (px4_msgs) StdoutLine: {'line': b'-- Up-to-date symlink: /home/maanavjugalshah/SwarmAero/ros2_ws/install/px4_msgs/include/px4_msgs/px4_msgs/msg/detail/distance_sensor_mode_change_request__traits.hpp\n'}
[1.454806] (px4_msgs) StdoutLine: {'line': b'-- Up-to-date symlink: /home/maanavjugalshah/SwarmAero/ros2_ws/install/px4_msgs/include/px4_msgs/px4_msgs/msg/detail/distance_sensor_mode_change_request__type_support.hpp\n'}
[1.454924] (px4_msgs) StdoutLine: {'line': b'-- Up-to-date symlink: /home/maanavjugalshah/SwarmAero/ros2_ws/install/px4_msgs/include/px4_msgs/px4_msgs/msg/detail/dronecan_node_status__builder.hpp\n'}
[1.455161] (px4_msgs) StdoutLine: {'line': b'-- Up-to-date symlink: /home/maanavjugalshah/SwarmAero/ros2_ws/install/px4_msgs/include/px4_msgs/px4_msgs/msg/detail/dronecan_node_status__struct.hpp\n'}
[1.455276] (px4_msgs) StdoutLine: {'line': b'-- Up-to-date symlink: /home/maanavjugalshah/SwarmAero/ros2_ws/install/px4_msgs/include/px4_msgs/px4_msgs/msg/detail/dronecan_node_status__traits.hpp\n'}
[1.455365] (px4_msgs) StdoutLine: {'line': b'-- Up-to-date symlink: /home/maanavjugalshah/SwarmAero/ros2_ws/install/px4_msgs/include/px4_msgs/px4_msgs/msg/detail/dronecan_node_status__type_support.hpp\n'}
[1.455533] (px4_msgs) StdoutLine: {'line': b'-- Up-to-date symlink: /home/maanavjugalshah/SwarmAero/ros2_ws/install/px4_msgs/include/px4_msgs/px4_msgs/msg/detail/ekf2_timestamps__builder.hpp\n'}
[1.455732] (px4_msgs) StdoutLine: {'line': b'-- Up-to-date symlink: /home/maanavjugalshah/SwarmAero/ros2_ws/install/px4_msgs/include/px4_msgs/px4_msgs/msg/detail/ekf2_timestamps__struct.hpp\n'}
[1.456082] (px4_msgs) StdoutLine: {'line': b'-- Up-to-date symlink: /home/maanavjugalshah/SwarmAero/ros2_ws/install/px4_msgs/include/px4_msgs/px4_msgs/msg/detail/ekf2_timestamps__traits.hpp\n'}
[1.456176] (px4_msgs) StdoutLine: {'line': b'-- Up-to-date symlink: /home/maanavjugalshah/SwarmAero/ros2_ws/install/px4_msgs/include/px4_msgs/px4_msgs/msg/detail/ekf2_timestamps__type_support.hpp\n'}
[1.456216] (px4_msgs) StdoutLine: {'line': b'-- Up-to-date symlink: /home/maanavjugalshah/SwarmAero/ros2_ws/install/px4_msgs/include/px4_msgs/px4_msgs/msg/detail/esc_eeprom_read__builder.hpp\n'}
[1.456252] (px4_msgs) StdoutLine: {'line': b'-- Up-to-date symlink: /home/maanavjugalshah/SwarmAero/ros2_ws/install/px4_msgs/include/px4_msgs/px4_msgs/msg/detail/esc_eeprom_read__struct.hpp\n'}
[1.456510] (px4_msgs) StdoutLine: {'line': b'-- Up-to-date symlink: /home/maanavjugalshah/SwarmAero/ros2_ws/install/px4_msgs/include/px4_msgs/px4_msgs/msg/detail/esc_eeprom_read__traits.hpp\n'}
[1.456920] (px4_msgs) StdoutLine: {'line': b'-- Up-to-date symlink: /home/maanavjugalshah/SwarmAero/ros2_ws/install/px4_msgs/include/px4_msgs/px4_msgs/msg/detail/esc_eeprom_read__type_support.hpp\n'}
[1.457043] (px4_msgs) StdoutLine: {'line': b'-- Up-to-date symlink: /home/maanavjugalshah/SwarmAero/ros2_ws/install/px4_msgs/include/px4_msgs/px4_msgs/msg/detail/esc_eeprom_write__builder.hpp\n'}
[1.457161] (px4_msgs) StdoutLine: {'line': b'-- Up-to-date symlink: /home/maanavjugalshah/SwarmAero/ros2_ws/install/px4_msgs/include/px4_msgs/px4_msgs/msg/detail/esc_eeprom_write__struct.hpp\n'}
[1.457503] (px4_msgs) StdoutLine: {'line': b'-- Up-to-date symlink: /home/maanavjugalshah/SwarmAero/ros2_ws/install/px4_msgs/include/px4_msgs/px4_msgs/msg/detail/esc_eeprom_write__traits.hpp\n'}
[1.457863] (px4_msgs) StdoutLine: {'line': b'-- Up-to-date symlink: /home/maanavjugalshah/SwarmAero/ros2_ws/install/px4_msgs/include/px4_msgs/px4_msgs/msg/detail/esc_eeprom_write__type_support.hpp\n'}
[1.458008] (px4_msgs) StdoutLine: {'line': b'-- Up-to-date symlink: /home/maanavjugalshah/SwarmAero/ros2_ws/install/px4_msgs/include/px4_msgs/px4_msgs/msg/detail/esc_report__builder.hpp\n'}
[1.458097] (px4_msgs) StdoutLine: {'line': b'-- Up-to-date symlink: /home/maanavjugalshah/SwarmAero/ros2_ws/install/px4_msgs/include/px4_msgs/px4_msgs/msg/detail/esc_report__struct.hpp\n'}
[1.458551] (px4_msgs) StdoutLine: {'line': b'-- Up-to-date symlink: /home/maanavjugalshah/SwarmAero/ros2_ws/install/px4_msgs/include/px4_msgs/px4_msgs/msg/detail/esc_report__traits.hpp\n'}
[1.458769] (px4_msgs) StdoutLine: {'line': b'-- Up-to-date symlink: /home/maanavjugalshah/SwarmAero/ros2_ws/install/px4_msgs/include/px4_msgs/px4_msgs/msg/detail/esc_report__type_support.hpp\n'}
[1.458852] (px4_msgs) StdoutLine: {'line': b'-- Up-to-date symlink: /home/maanavjugalshah/SwarmAero/ros2_ws/install/px4_msgs/include/px4_msgs/px4_msgs/msg/detail/esc_status__builder.hpp\n'}
[1.458967] (px4_msgs) StdoutLine: {'line': b'-- Up-to-date symlink: /home/maanavjugalshah/SwarmAero/ros2_ws/install/px4_msgs/include/px4_msgs/px4_msgs/msg/detail/esc_status__struct.hpp\n'}
[1.459066] (px4_msgs) StdoutLine: {'line': b'-- Up-to-date symlink: /home/maanavjugalshah/SwarmAero/ros2_ws/install/px4_msgs/include/px4_msgs/px4_msgs/msg/detail/esc_status__traits.hpp\n'}
[1.459318] (px4_msgs) StdoutLine: {'line': b'-- Up-to-date symlink: /home/maanavjugalshah/SwarmAero/ros2_ws/install/px4_msgs/include/px4_msgs/px4_msgs/msg/detail/esc_status__type_support.hpp\n'}
[1.459477] (px4_msgs) StdoutLine: {'line': b'-- Up-to-date symlink: /home/maanavjugalshah/SwarmAero/ros2_ws/install/px4_msgs/include/px4_msgs/px4_msgs/msg/detail/estimator_aid_source1d__builder.hpp\n'}
[1.459602] (px4_msgs) StdoutLine: {'line': b'-- Up-to-date symlink: /home/maanavjugalshah/SwarmAero/ros2_ws/install/px4_msgs/include/px4_msgs/px4_msgs/msg/detail/estimator_aid_source1d__struct.hpp\n'}
[1.459716] (px4_msgs) StdoutLine: {'line': b'-- Up-to-date symlink: /home/maanavjugalshah/SwarmAero/ros2_ws/install/px4_msgs/include/px4_msgs/px4_msgs/msg/detail/estimator_aid_source1d__traits.hpp\n'}
[1.459798] (px4_msgs) StdoutLine: {'line': b'-- Up-to-date symlink: /home/maanavjugalshah/SwarmAero/ros2_ws/install/px4_msgs/include/px4_msgs/px4_msgs/msg/detail/estimator_aid_source1d__type_support.hpp\n'}
[1.459995] (px4_msgs) StdoutLine: {'line': b'-- Up-to-date symlink: /home/maanavjugalshah/SwarmAero/ros2_ws/install/px4_msgs/include/px4_msgs/px4_msgs/msg/detail/estimator_aid_source2d__builder.hpp\n'}
[1.460155] (px4_msgs) StdoutLine: {'line': b'-- Up-to-date symlink: /home/maanavjugalshah/SwarmAero/ros2_ws/install/px4_msgs/include/px4_msgs/px4_msgs/msg/detail/estimator_aid_source2d__struct.hpp\n'}
[1.460196] (px4_msgs) StdoutLine: {'line': b'-- Up-to-date symlink: /home/maanavjugalshah/SwarmAero/ros2_ws/install/px4_msgs/include/px4_msgs/px4_msgs/msg/detail/estimator_aid_source2d__traits.hpp\n'}
[1.460342] (px4_msgs) StdoutLine: {'line': b'-- Up-to-date symlink: /home/maanavjugalshah/SwarmAero/ros2_ws/install/px4_msgs/include/px4_msgs/px4_msgs/msg/detail/estimator_aid_source2d__type_support.hpp\n'}
[1.460386] (px4_msgs) StdoutLine: {'line': b'-- Up-to-date symlink: /home/maanavjugalshah/SwarmAero/ros2_ws/install/px4_msgs/include/px4_msgs/px4_msgs/msg/detail/estimator_aid_source3d__builder.hpp\n'}
[1.460470] (px4_msgs) StdoutLine: {'line': b'-- Up-to-date symlink: /home/maanavjugalshah/SwarmAero/ros2_ws/install/px4_msgs/include/px4_msgs/px4_msgs/msg/detail/estimator_aid_source3d__struct.hpp\n'}
[1.460570] (px4_msgs) StdoutLine: {'line': b'-- Up-to-date symlink: /home/maanavjugalshah/SwarmAero/ros2_ws/install/px4_msgs/include/px4_msgs/px4_msgs/msg/detail/estimator_aid_source3d__traits.hpp\n'}
[1.460787] (px4_msgs) StdoutLine: {'line': b'-- Up-to-date symlink: /home/maanavjugalshah/SwarmAero/ros2_ws/install/px4_msgs/include/px4_msgs/px4_msgs/msg/detail/estimator_aid_source3d__type_support.hpp\n'}
[1.461012] (px4_msgs) StdoutLine: {'line': b'-- Up-to-date symlink: /home/maanavjugalshah/SwarmAero/ros2_ws/install/px4_msgs/include/px4_msgs/px4_msgs/msg/detail/estimator_bias3d__builder.hpp\n'}
[1.461080] (px4_msgs) StdoutLine: {'line': b'-- Up-to-date symlink: /home/maanavjugalshah/SwarmAero/ros2_ws/install/px4_msgs/include/px4_msgs/px4_msgs/msg/detail/estimator_bias3d__struct.hpp\n'}
[1.461289] (px4_msgs) StdoutLine: {'line': b'-- Up-to-date symlink: /home/maanavjugalshah/SwarmAero/ros2_ws/install/px4_msgs/include/px4_msgs/px4_msgs/msg/detail/estimator_bias3d__traits.hpp\n'}
[1.461416] (px4_msgs) StdoutLine: {'line': b'-- Up-to-date symlink: /home/maanavjugalshah/SwarmAero/ros2_ws/install/px4_msgs/include/px4_msgs/px4_msgs/msg/detail/estimator_bias3d__type_support.hpp\n'}
[1.461531] (px4_msgs) StdoutLine: {'line': b'-- Up-to-date symlink: /home/maanavjugalshah/SwarmAero/ros2_ws/install/px4_msgs/include/px4_msgs/px4_msgs/msg/detail/estimator_bias__builder.hpp\n'}
[1.461766] (px4_msgs) StdoutLine: {'line': b'-- Up-to-date symlink: /home/maanavjugalshah/SwarmAero/ros2_ws/install/px4_msgs/include/px4_msgs/px4_msgs/msg/detail/estimator_bias__struct.hpp\n'}
[1.461821] (px4_msgs) StdoutLine: {'line': b'-- Up-to-date symlink: /home/maanavjugalshah/SwarmAero/ros2_ws/install/px4_msgs/include/px4_msgs/px4_msgs/msg/detail/estimator_bias__traits.hpp\n'}
[1.461858] (px4_msgs) StdoutLine: {'line': b'-- Up-to-date symlink: /home/maanavjugalshah/SwarmAero/ros2_ws/install/px4_msgs/include/px4_msgs/px4_msgs/msg/detail/estimator_bias__type_support.hpp\n'}
[1.461897] (px4_msgs) StdoutLine: {'line': b'-- Up-to-date symlink: /home/maanavjugalshah/SwarmAero/ros2_ws/install/px4_msgs/include/px4_msgs/px4_msgs/msg/detail/estimator_event_flags__builder.hpp\n'}
[1.461931] (px4_msgs) StdoutLine: {'line': b'-- Up-to-date symlink: /home/maanavjugalshah/SwarmAero/ros2_ws/install/px4_msgs/include/px4_msgs/px4_msgs/msg/detail/estimator_event_flags__struct.hpp\n'}
[1.461964] (px4_msgs) StdoutLine: {'line': b'-- Up-to-date symlink: /home/maanavjugalshah/SwarmAero/ros2_ws/install/px4_msgs/include/px4_msgs/px4_msgs/msg/detail/estimator_event_flags__traits.hpp\n'}
[1.461996] (px4_msgs) StdoutLine: {'line': b'-- Up-to-date symlink: /home/maanavjugalshah/SwarmAero/ros2_ws/install/px4_msgs/include/px4_msgs/px4_msgs/msg/detail/estimator_event_flags__type_support.hpp\n'}
[1.462161] (px4_msgs) StdoutLine: {'line': b'-- Up-to-date symlink: /home/maanavjugalshah/SwarmAero/ros2_ws/install/px4_msgs/include/px4_msgs/px4_msgs/msg/detail/estimator_fusion_control__builder.hpp\n'}
[1.462251] (px4_msgs) StdoutLine: {'line': b'-- Up-to-date symlink: /home/maanavjugalshah/SwarmAero/ros2_ws/install/px4_msgs/include/px4_msgs/px4_msgs/msg/detail/estimator_fusion_control__struct.hpp\n'}
[1.462342] (px4_msgs) StdoutLine: {'line': b'-- Up-to-date symlink: /home/maanavjugalshah/SwarmAero/ros2_ws/install/px4_msgs/include/px4_msgs/px4_msgs/msg/detail/estimator_fusion_control__traits.hpp\n'}
[1.462871] (px4_msgs) StdoutLine: {'line': b'-- Up-to-date symlink: /home/maanavjugalshah/SwarmAero/ros2_ws/install/px4_msgs/include/px4_msgs/px4_msgs/msg/detail/estimator_fusion_control__type_support.hpp\n'}
[1.462966] (px4_msgs) StdoutLine: {'line': b'-- Up-to-date symlink: /home/maanavjugalshah/SwarmAero/ros2_ws/install/px4_msgs/include/px4_msgs/px4_msgs/msg/detail/estimator_gps_status__builder.hpp\n'}
[1.463010] (px4_msgs) StdoutLine: {'line': b'-- Up-to-date symlink: /home/maanavjugalshah/SwarmAero/ros2_ws/install/px4_msgs/include/px4_msgs/px4_msgs/msg/detail/estimator_gps_status__struct.hpp\n'}
[1.463046] (px4_msgs) StdoutLine: {'line': b'-- Up-to-date symlink: /home/maanavjugalshah/SwarmAero/ros2_ws/install/px4_msgs/include/px4_msgs/px4_msgs/msg/detail/estimator_gps_status__traits.hpp\n'}
[1.463087] (px4_msgs) StdoutLine: {'line': b'-- Up-to-date symlink: /home/maanavjugalshah/SwarmAero/ros2_ws/install/px4_msgs/include/px4_msgs/px4_msgs/msg/detail/estimator_gps_status__type_support.hpp\n'}
[1.463265] (px4_msgs) StdoutLine: {'line': b'-- Up-to-date symlink: /home/maanavjugalshah/SwarmAero/ros2_ws/install/px4_msgs/include/px4_msgs/px4_msgs/msg/detail/estimator_innovations__builder.hpp\n'}
[1.463313] (px4_msgs) StdoutLine: {'line': b'-- Up-to-date symlink: /home/maanavjugalshah/SwarmAero/ros2_ws/install/px4_msgs/include/px4_msgs/px4_msgs/msg/detail/estimator_innovations__struct.hpp\n'}
[1.463349] (px4_msgs) StdoutLine: {'line': b'-- Up-to-date symlink: /home/maanavjugalshah/SwarmAero/ros2_ws/install/px4_msgs/include/px4_msgs/px4_msgs/msg/detail/estimator_innovations__traits.hpp\n'}
[1.463418] (px4_msgs) StdoutLine: {'line': b'-- Up-to-date symlink: /home/maanavjugalshah/SwarmAero/ros2_ws/install/px4_msgs/include/px4_msgs/px4_msgs/msg/detail/estimator_innovations__type_support.hpp\n'}
[1.463762] (px4_msgs) StdoutLine: {'line': b'-- Up-to-date symlink: /home/maanavjugalshah/SwarmAero/ros2_ws/install/px4_msgs/include/px4_msgs/px4_msgs/msg/detail/estimator_selector_status__builder.hpp\n'}
[1.463813] (px4_msgs) StdoutLine: {'line': b'-- Up-to-date symlink: /home/maanavjugalshah/SwarmAero/ros2_ws/install/px4_msgs/include/px4_msgs/px4_msgs/msg/detail/estimator_selector_status__struct.hpp\n'}
[1.463850] (px4_msgs) StdoutLine: {'line': b'-- Up-to-date symlink: /home/maanavjugalshah/SwarmAero/ros2_ws/install/px4_msgs/include/px4_msgs/px4_msgs/msg/detail/estimator_selector_status__traits.hpp\n'}
[1.463884] (px4_msgs) StdoutLine: {'line': b'-- Up-to-date symlink: /home/maanavjugalshah/SwarmAero/ros2_ws/install/px4_msgs/include/px4_msgs/px4_msgs/msg/detail/estimator_selector_status__type_support.hpp\n'}
[1.464026] (px4_msgs) StdoutLine: {'line': b'-- Up-to-date symlink: /home/maanavjugalshah/SwarmAero/ros2_ws/install/px4_msgs/include/px4_msgs/px4_msgs/msg/detail/estimator_sensor_bias__builder.hpp\n'}
[1.464127] (px4_msgs) StdoutLine: {'line': b'-- Up-to-date symlink: /home/maanavjugalshah/SwarmAero/ros2_ws/install/px4_msgs/include/px4_msgs/px4_msgs/msg/detail/estimator_sensor_bias__struct.hpp\n'}
[1.464269] (px4_msgs) StdoutLine: {'line': b'-- Up-to-date symlink: /home/maanavjugalshah/SwarmAero/ros2_ws/install/px4_msgs/include/px4_msgs/px4_msgs/msg/detail/estimator_sensor_bias__traits.hpp\n'}
[1.464315] (px4_msgs) StdoutLine: {'line': b'-- Up-to-date symlink: /home/maanavjugalshah/SwarmAero/ros2_ws/install/px4_msgs/include/px4_msgs/px4_msgs/msg/detail/estimator_sensor_bias__type_support.hpp\n'}
[1.464609] (px4_msgs) StdoutLine: {'line': b'-- Up-to-date symlink: /home/maanavjugalshah/SwarmAero/ros2_ws/install/px4_msgs/include/px4_msgs/px4_msgs/msg/detail/estimator_states__builder.hpp\n'}
[1.464776] (px4_msgs) StdoutLine: {'line': b'-- Up-to-date symlink: /home/maanavjugalshah/SwarmAero/ros2_ws/install/px4_msgs/include/px4_msgs/px4_msgs/msg/detail/estimator_states__struct.hpp\n'}
[1.464824] (px4_msgs) StdoutLine: {'line': b'-- Up-to-date symlink: /home/maanavjugalshah/SwarmAero/ros2_ws/install/px4_msgs/include/px4_msgs/px4_msgs/msg/detail/estimator_states__traits.hpp\n'}
[1.464921] (px4_msgs) StdoutLine: {'line': b'-- Up-to-date symlink: /home/maanavjugalshah/SwarmAero/ros2_ws/install/px4_msgs/include/px4_msgs/px4_msgs/msg/detail/estimator_states__type_support.hpp\n'}
[1.465044] (px4_msgs) StdoutLine: {'line': b'-- Up-to-date symlink: /home/maanavjugalshah/SwarmAero/ros2_ws/install/px4_msgs/include/px4_msgs/px4_msgs/msg/detail/estimator_status__builder.hpp\n'}
[1.465127] (px4_msgs) StdoutLine: {'line': b'-- Up-to-date symlink: /home/maanavjugalshah/SwarmAero/ros2_ws/install/px4_msgs/include/px4_msgs/px4_msgs/msg/detail/estimator_status__struct.hpp\n'}
[1.465362] (px4_msgs) StdoutLine: {'line': b'-- Up-to-date symlink: /home/maanavjugalshah/SwarmAero/ros2_ws/install/px4_msgs/include/px4_msgs/px4_msgs/msg/detail/estimator_status__traits.hpp\n'}
[1.465752] (px4_msgs) StdoutLine: {'line': b'-- Up-to-date symlink: /home/maanavjugalshah/SwarmAero/ros2_ws/install/px4_msgs/include/px4_msgs/px4_msgs/msg/detail/estimator_status__type_support.hpp\n'}
[1.465856] (px4_msgs) StdoutLine: {'line': b'-- Up-to-date symlink: /home/maanavjugalshah/SwarmAero/ros2_ws/install/px4_msgs/include/px4_msgs/px4_msgs/msg/detail/estimator_status_flags__builder.hpp\n'}
[1.465959] (px4_msgs) StdoutLine: {'line': b'-- Up-to-date symlink: /home/maanavjugalshah/SwarmAero/ros2_ws/install/px4_msgs/include/px4_msgs/px4_msgs/msg/detail/estimator_status_flags__struct.hpp\n'}
[1.466043] (px4_msgs) StdoutLine: {'line': b'-- Up-to-date symlink: /home/maanavjugalshah/SwarmAero/ros2_ws/install/px4_msgs/include/px4_msgs/px4_msgs/msg/detail/estimator_status_flags__traits.hpp\n'}
[1.466258] (px4_msgs) StdoutLine: {'line': b'-- Up-to-date symlink: /home/maanavjugalshah/SwarmAero/ros2_ws/install/px4_msgs/include/px4_msgs/px4_msgs/msg/detail/estimator_status_flags__type_support.hpp\n'}
[1.466483] (px4_msgs) StdoutLine: {'line': b'-- Up-to-date symlink: /home/maanavjugalshah/SwarmAero/ros2_ws/install/px4_msgs/include/px4_msgs/px4_msgs/msg/detail/event__builder.hpp\n'}
[1.466632] (px4_msgs) StdoutLine: {'line': b'-- Up-to-date symlink: /home/maanavjugalshah/SwarmAero/ros2_ws/install/px4_msgs/include/px4_msgs/px4_msgs/msg/detail/event__struct.hpp\n'}
[1.466683] (px4_msgs) StdoutLine: {'line': b'-- Up-to-date symlink: /home/maanavjugalshah/SwarmAero/ros2_ws/install/px4_msgs/include/px4_msgs/px4_msgs/msg/detail/event__traits.hpp\n'}
[1.466780] (px4_msgs) StdoutLine: {'line': b'-- Up-to-date symlink: /home/maanavjugalshah/SwarmAero/ros2_ws/install/px4_msgs/include/px4_msgs/px4_msgs/msg/detail/event__type_support.hpp\n'}
[1.466933] (px4_msgs) StdoutLine: {'line': b'-- Up-to-date symlink: /home/maanavjugalshah/SwarmAero/ros2_ws/install/px4_msgs/include/px4_msgs/px4_msgs/msg/detail/failsafe_flags__builder.hpp\n'}
[1.466983] (px4_msgs) StdoutLine: {'line': b'-- Up-to-date symlink: /home/maanavjugalshah/SwarmAero/ros2_ws/install/px4_msgs/include/px4_msgs/px4_msgs/msg/detail/failsafe_flags__struct.hpp\n'}
[1.467022] (px4_msgs) StdoutLine: {'line': b'-- Up-to-date symlink: /home/maanavjugalshah/SwarmAero/ros2_ws/install/px4_msgs/include/px4_msgs/px4_msgs/msg/detail/failsafe_flags__traits.hpp\n'}
[1.467259] (px4_msgs) StdoutLine: {'line': b'-- Up-to-date symlink: /home/maanavjugalshah/SwarmAero/ros2_ws/install/px4_msgs/include/px4_msgs/px4_msgs/msg/detail/failsafe_flags__type_support.hpp\n'}
[1.467594] (px4_msgs) StdoutLine: {'line': b'-- Up-to-date symlink: /home/maanavjugalshah/SwarmAero/ros2_ws/install/px4_msgs/include/px4_msgs/px4_msgs/msg/detail/failure_detector_status__builder.hpp\n'}
[1.467725] (px4_msgs) StdoutLine: {'line': b'-- Up-to-date symlink: /home/maanavjugalshah/SwarmAero/ros2_ws/install/px4_msgs/include/px4_msgs/px4_msgs/msg/detail/failure_detector_status__struct.hpp\n'}
[1.467799] (px4_msgs) StdoutLine: {'line': b'-- Up-to-date symlink: /home/maanavjugalshah/SwarmAero/ros2_ws/install/px4_msgs/include/px4_msgs/px4_msgs/msg/detail/failure_detector_status__traits.hpp\n'}
[1.468202] (px4_msgs) StdoutLine: {'line': b'-- Up-to-date symlink: /home/maanavjugalshah/SwarmAero/ros2_ws/install/px4_msgs/include/px4_msgs/px4_msgs/msg/detail/failure_detector_status__type_support.hpp\n'}
[1.468357] (px4_msgs) StdoutLine: {'line': b'-- Up-to-date symlink: /home/maanavjugalshah/SwarmAero/ros2_ws/install/px4_msgs/include/px4_msgs/px4_msgs/msg/detail/figure_eight_status__builder.hpp\n'}
[1.468511] (px4_msgs) StdoutLine: {'line': b'-- Up-to-date symlink: /home/maanavjugalshah/SwarmAero/ros2_ws/install/px4_msgs/include/px4_msgs/px4_msgs/msg/detail/figure_eight_status__struct.hpp\n'}
[1.468556] (px4_msgs) StdoutLine: {'line': b'-- Up-to-date symlink: /home/maanavjugalshah/SwarmAero/ros2_ws/install/px4_msgs/include/px4_msgs/px4_msgs/msg/detail/figure_eight_status__traits.hpp\n'}
[1.468639] (px4_msgs) StdoutLine: {'line': b'-- Up-to-date symlink: /home/maanavjugalshah/SwarmAero/ros2_ws/install/px4_msgs/include/px4_msgs/px4_msgs/msg/detail/figure_eight_status__type_support.hpp\n'}
[1.468737] (px4_msgs) StdoutLine: {'line': b'-- Up-to-date symlink: /home/maanavjugalshah/SwarmAero/ros2_ws/install/px4_msgs/include/px4_msgs/px4_msgs/msg/detail/fixed_wing_lateral_guidance_status__builder.hpp\n'}
[1.468815] (px4_msgs) StdoutLine: {'line': b'-- Up-to-date symlink: /home/maanavjugalshah/SwarmAero/ros2_ws/install/px4_msgs/include/px4_msgs/px4_msgs/msg/detail/fixed_wing_lateral_guidance_status__struct.hpp\n'}
[1.468945] (px4_msgs) StdoutLine: {'line': b'-- Up-to-date symlink: /home/maanavjugalshah/SwarmAero/ros2_ws/install/px4_msgs/include/px4_msgs/px4_msgs/msg/detail/fixed_wing_lateral_guidance_status__traits.hpp\n'}
[1.469019] (px4_msgs) StdoutLine: {'line': b'-- Up-to-date symlink: /home/maanavjugalshah/SwarmAero/ros2_ws/install/px4_msgs/include/px4_msgs/px4_msgs/msg/detail/fixed_wing_lateral_guidance_status__type_support.hpp\n'}
[1.469190] (px4_msgs) StdoutLine: {'line': b'-- Up-to-date symlink: /home/maanavjugalshah/SwarmAero/ros2_ws/install/px4_msgs/include/px4_msgs/px4_msgs/msg/detail/fixed_wing_lateral_setpoint__builder.hpp\n'}
[1.469303] (px4_msgs) StdoutLine: {'line': b'-- Up-to-date symlink: /home/maanavjugalshah/SwarmAero/ros2_ws/install/px4_msgs/include/px4_msgs/px4_msgs/msg/detail/fixed_wing_lateral_setpoint__struct.hpp\n'}
[1.469402] (px4_msgs) StdoutLine: {'line': b'-- Up-to-date symlink: /home/maanavjugalshah/SwarmAero/ros2_ws/install/px4_msgs/include/px4_msgs/px4_msgs/msg/detail/fixed_wing_lateral_setpoint__traits.hpp\n'}
[1.469485] (px4_msgs) StdoutLine: {'line': b'-- Up-to-date symlink: /home/maanavjugalshah/SwarmAero/ros2_ws/install/px4_msgs/include/px4_msgs/px4_msgs/msg/detail/fixed_wing_lateral_setpoint__type_support.hpp\n'}
[1.469881] (px4_msgs) StdoutLine: {'line': b'-- Up-to-date symlink: /home/maanavjugalshah/SwarmAero/ros2_ws/install/px4_msgs/include/px4_msgs/px4_msgs/msg/detail/fixed_wing_lateral_status__builder.hpp\n'}
[1.470076] (px4_msgs) StdoutLine: {'line': b'-- Up-to-date symlink: /home/maanavjugalshah/SwarmAero/ros2_ws/install/px4_msgs/include/px4_msgs/px4_msgs/msg/detail/fixed_wing_lateral_status__struct.hpp\n'}
[1.470375] (px4_msgs) StdoutLine: {'line': b'-- Up-to-date symlink: /home/maanavjugalshah/SwarmAero/ros2_ws/install/px4_msgs/include/px4_msgs/px4_msgs/msg/detail/fixed_wing_lateral_status__traits.hpp\n'}
[1.470774] (px4_msgs) StdoutLine: {'line': b'-- Up-to-date symlink: /home/maanavjugalshah/SwarmAero/ros2_ws/install/px4_msgs/include/px4_msgs/px4_msgs/msg/detail/fixed_wing_lateral_status__type_support.hpp\n'}
[1.470932] (px4_msgs) StdoutLine: {'line': b'-- Up-to-date symlink: /home/maanavjugalshah/SwarmAero/ros2_ws/install/px4_msgs/include/px4_msgs/px4_msgs/msg/detail/fixed_wing_longitudinal_setpoint__builder.hpp\n'}
[1.471041] (px4_msgs) StdoutLine: {'line': b'-- Up-to-date symlink: /home/maanavjugalshah/SwarmAero/ros2_ws/install/px4_msgs/include/px4_msgs/px4_msgs/msg/detail/fixed_wing_longitudinal_setpoint__struct.hpp\n'}
[1.471177] (px4_msgs) StdoutLine: {'line': b'-- Up-to-date symlink: /home/maanavjugalshah/SwarmAero/ros2_ws/install/px4_msgs/include/px4_msgs/px4_msgs/msg/detail/fixed_wing_longitudinal_setpoint__traits.hpp\n'}
[1.471407] (px4_msgs) StdoutLine: {'line': b'-- Up-to-date symlink: /home/maanavjugalshah/SwarmAero/ros2_ws/install/px4_msgs/include/px4_msgs/px4_msgs/msg/detail/fixed_wing_longitudinal_setpoint__type_support.hpp\n'}
[1.471602] (px4_msgs) StdoutLine: {'line': b'-- Up-to-date symlink: /home/maanavjugalshah/SwarmAero/ros2_ws/install/px4_msgs/include/px4_msgs/px4_msgs/msg/detail/fixed_wing_runway_control__builder.hpp\n'}
[1.471756] (px4_msgs) StdoutLine: {'line': b'-- Up-to-date symlink: /home/maanavjugalshah/SwarmAero/ros2_ws/install/px4_msgs/include/px4_msgs/px4_msgs/msg/detail/fixed_wing_runway_control__struct.hpp\n'}
[1.471843] (px4_msgs) StdoutLine: {'line': b'-- Up-to-date symlink: /home/maanavjugalshah/SwarmAero/ros2_ws/install/px4_msgs/include/px4_msgs/px4_msgs/msg/detail/fixed_wing_runway_control__traits.hpp\n'}
[1.472345] (px4_msgs) StdoutLine: {'line': b'-- Up-to-date symlink: /home/maanavjugalshah/SwarmAero/ros2_ws/install/px4_msgs/include/px4_msgs/px4_msgs/msg/detail/fixed_wing_runway_control__type_support.hpp\n'}
[1.472563] (px4_msgs) StdoutLine: {'line': b'-- Up-to-date symlink: /home/maanavjugalshah/SwarmAero/ros2_ws/install/px4_msgs/include/px4_msgs/px4_msgs/msg/detail/flight_phase_estimation__builder.hpp\n'}
[1.472998] (px4_msgs) StdoutLine: {'line': b'-- Up-to-date symlink: /home/maanavjugalshah/SwarmAero/ros2_ws/install/px4_msgs/include/px4_msgs/px4_msgs/msg/detail/flight_phase_estimation__struct.hpp\n'}
[1.473056] (px4_msgs) StdoutLine: {'line': b'-- Up-to-date symlink: /home/maanavjugalshah/SwarmAero/ros2_ws/install/px4_msgs/include/px4_msgs/px4_msgs/msg/detail/flight_phase_estimation__traits.hpp\n'}
[1.473244] (px4_msgs) StdoutLine: {'line': b'-- Up-to-date symlink: /home/maanavjugalshah/SwarmAero/ros2_ws/install/px4_msgs/include/px4_msgs/px4_msgs/msg/detail/flight_phase_estimation__type_support.hpp\n'}
[1.473817] (px4_msgs) StdoutLine: {'line': b'-- Up-to-date symlink: /home/maanavjugalshah/SwarmAero/ros2_ws/install/px4_msgs/include/px4_msgs/px4_msgs/msg/detail/follow_target__builder.hpp\n'}
[1.474369] (px4_msgs) StdoutLine: {'line': b'-- Up-to-date symlink: /home/maanavjugalshah/SwarmAero/ros2_ws/install/px4_msgs/include/px4_msgs/px4_msgs/msg/detail/follow_target__struct.hpp\n'}
[1.474552] (px4_msgs) StdoutLine: {'line': b'-- Up-to-date symlink: /home/maanavjugalshah/SwarmAero/ros2_ws/install/px4_msgs/include/px4_msgs/px4_msgs/msg/detail/follow_target__traits.hpp\n'}
[1.475035] (px4_msgs) StdoutLine: {'line': b'-- Up-to-date symlink: /home/maanavjugalshah/SwarmAero/ros2_ws/install/px4_msgs/include/px4_msgs/px4_msgs/msg/detail/follow_target__type_support.hpp\n'}
[1.475526] (px4_msgs) StdoutLine: {'line': b'-- Up-to-date symlink: /home/maanavjugalshah/SwarmAero/ros2_ws/install/px4_msgs/include/px4_msgs/px4_msgs/msg/detail/follow_target_estimator__builder.hpp\n'}
[1.475747] (px4_msgs) StdoutLine: {'line': b'-- Up-to-date symlink: /home/maanavjugalshah/SwarmAero/ros2_ws/install/px4_msgs/include/px4_msgs/px4_msgs/msg/detail/follow_target_estimator__struct.hpp\n'}
[1.475800] (px4_msgs) StdoutLine: {'line': b'-- Up-to-date symlink: /home/maanavjugalshah/SwarmAero/ros2_ws/install/px4_msgs/include/px4_msgs/px4_msgs/msg/detail/follow_target_estimator__traits.hpp\n'}
[1.475840] (px4_msgs) StdoutLine: {'line': b'-- Up-to-date symlink: /home/maanavjugalshah/SwarmAero/ros2_ws/install/px4_msgs/include/px4_msgs/px4_msgs/msg/detail/follow_target_estimator__type_support.hpp\n'}
[1.475945] (px4_msgs) StdoutLine: {'line': b'-- Up-to-date symlink: /home/maanavjugalshah/SwarmAero/ros2_ws/install/px4_msgs/include/px4_msgs/px4_msgs/msg/detail/follow_target_status__builder.hpp\n'}
[1.476230] (px4_msgs) StdoutLine: {'line': b'-- Up-to-date symlink: /home/maanavjugalshah/SwarmAero/ros2_ws/install/px4_msgs/include/px4_msgs/px4_msgs/msg/detail/follow_target_status__struct.hpp\n'}
[1.476646] (px4_msgs) StdoutLine: {'line': b'-- Up-to-date symlink: /home/maanavjugalshah/SwarmAero/ros2_ws/install/px4_msgs/include/px4_msgs/px4_msgs/msg/detail/follow_target_status__traits.hpp\n'}
[1.477249] (px4_msgs) StdoutLine: {'line': b'-- Up-to-date symlink: /home/maanavjugalshah/SwarmAero/ros2_ws/install/px4_msgs/include/px4_msgs/px4_msgs/msg/detail/follow_target_status__type_support.hpp\n'}
[1.477425] (px4_msgs) StdoutLine: {'line': b'-- Up-to-date symlink: /home/maanavjugalshah/SwarmAero/ros2_ws/install/px4_msgs/include/px4_msgs/px4_msgs/msg/detail/fuel_tank_status__builder.hpp\n'}
[1.477472] (px4_msgs) StdoutLine: {'line': b'-- Up-to-date symlink: /home/maanavjugalshah/SwarmAero/ros2_ws/install/px4_msgs/include/px4_msgs/px4_msgs/msg/detail/fuel_tank_status__struct.hpp\n'}
[1.477567] (px4_msgs) StdoutLine: {'line': b'-- Up-to-date symlink: /home/maanavjugalshah/SwarmAero/ros2_ws/install/px4_msgs/include/px4_msgs/px4_msgs/msg/detail/fuel_tank_status__traits.hpp\n'}
[1.477651] (px4_msgs) StdoutLine: {'line': b'-- Up-to-date symlink: /home/maanavjugalshah/SwarmAero/ros2_ws/install/px4_msgs/include/px4_msgs/px4_msgs/msg/detail/fuel_tank_status__type_support.hpp\n'}
[1.477743] (px4_msgs) StdoutLine: {'line': b'-- Up-to-date symlink: /home/maanavjugalshah/SwarmAero/ros2_ws/install/px4_msgs/include/px4_msgs/px4_msgs/msg/detail/gain_compression__builder.hpp\n'}
[1.478145] (px4_msgs) StdoutLine: {'line': b'-- Up-to-date symlink: /home/maanavjugalshah/SwarmAero/ros2_ws/install/px4_msgs/include/px4_msgs/px4_msgs/msg/detail/gain_compression__struct.hpp\n'}
[1.478241] (px4_msgs) StdoutLine: {'line': b'-- Up-to-date symlink: /home/maanavjugalshah/SwarmAero/ros2_ws/install/px4_msgs/include/px4_msgs/px4_msgs/msg/detail/gain_compression__traits.hpp\n'}
[1.478330] (px4_msgs) StdoutLine: {'line': b'-- Up-to-date symlink: /home/maanavjugalshah/SwarmAero/ros2_ws/install/px4_msgs/include/px4_msgs/px4_msgs/msg/detail/gain_compression__type_support.hpp\n'}
[1.478422] (px4_msgs) StdoutLine: {'line': b'-- Up-to-date symlink: /home/maanavjugalshah/SwarmAero/ros2_ws/install/px4_msgs/include/px4_msgs/px4_msgs/msg/detail/generator_status__builder.hpp\n'}
[1.478517] (px4_msgs) StdoutLine: {'line': b'-- Up-to-date symlink: /home/maanavjugalshah/SwarmAero/ros2_ws/install/px4_msgs/include/px4_msgs/px4_msgs/msg/detail/generator_status__struct.hpp\n'}
[1.478589] (px4_msgs) StdoutLine: {'line': b'-- Up-to-date symlink: /home/maanavjugalshah/SwarmAero/ros2_ws/install/px4_msgs/include/px4_msgs/px4_msgs/msg/detail/generator_status__traits.hpp\n'}
[1.478792] (px4_msgs) StdoutLine: {'line': b'-- Up-to-date symlink: /home/maanavjugalshah/SwarmAero/ros2_ws/install/px4_msgs/include/px4_msgs/px4_msgs/msg/detail/generator_status__type_support.hpp\n'}
[1.478867] (px4_msgs) StdoutLine: {'line': b'-- Up-to-date symlink: /home/maanavjugalshah/SwarmAero/ros2_ws/install/px4_msgs/include/px4_msgs/px4_msgs/msg/detail/geofence_result__builder.hpp\n'}
[1.478982] (px4_msgs) StdoutLine: {'line': b'-- Up-to-date symlink: /home/maanavjugalshah/SwarmAero/ros2_ws/install/px4_msgs/include/px4_msgs/px4_msgs/msg/detail/geofence_result__struct.hpp\n'}
[1.479083] (px4_msgs) StdoutLine: {'line': b'-- Up-to-date symlink: /home/maanavjugalshah/SwarmAero/ros2_ws/install/px4_msgs/include/px4_msgs/px4_msgs/msg/detail/geofence_result__traits.hpp\n'}
[1.479325] (px4_msgs) StdoutLine: {'line': b'-- Up-to-date symlink: /home/maanavjugalshah/SwarmAero/ros2_ws/install/px4_msgs/include/px4_msgs/px4_msgs/msg/detail/geofence_result__type_support.hpp\n'}
[1.479548] (px4_msgs) StdoutLine: {'line': b'-- Up-to-date symlink: /home/maanavjugalshah/SwarmAero/ros2_ws/install/px4_msgs/include/px4_msgs/px4_msgs/msg/detail/geofence_status__builder.hpp\n'}
[1.479728] (px4_msgs) StdoutLine: {'line': b'-- Up-to-date symlink: /home/maanavjugalshah/SwarmAero/ros2_ws/install/px4_msgs/include/px4_msgs/px4_msgs/msg/detail/geofence_status__struct.hpp\n'}
[1.479835] (px4_msgs) StdoutLine: {'line': b'-- Up-to-date symlink: /home/maanavjugalshah/SwarmAero/ros2_ws/install/px4_msgs/include/px4_msgs/px4_msgs/msg/detail/geofence_status__traits.hpp\n'}
[1.480053] (px4_msgs) StdoutLine: {'line': b'-- Up-to-date symlink: /home/maanavjugalshah/SwarmAero/ros2_ws/install/px4_msgs/include/px4_msgs/px4_msgs/msg/detail/geofence_status__type_support.hpp\n'}
[1.480106] (px4_msgs) StdoutLine: {'line': b'-- Up-to-date symlink: /home/maanavjugalshah/SwarmAero/ros2_ws/install/px4_msgs/include/px4_msgs/px4_msgs/msg/detail/gimbal_controls__builder.hpp\n'}
[1.480144] (px4_msgs) StdoutLine: {'line': b'-- Up-to-date symlink: /home/maanavjugalshah/SwarmAero/ros2_ws/install/px4_msgs/include/px4_msgs/px4_msgs/msg/detail/gimbal_controls__struct.hpp\n'}
[1.480181] (px4_msgs) StdoutLine: {'line': b'-- Up-to-date symlink: /home/maanavjugalshah/SwarmAero/ros2_ws/install/px4_msgs/include/px4_msgs/px4_msgs/msg/detail/gimbal_controls__traits.hpp\n'}
[1.480217] (px4_msgs) StdoutLine: {'line': b'-- Up-to-date symlink: /home/maanavjugalshah/SwarmAero/ros2_ws/install/px4_msgs/include/px4_msgs/px4_msgs/msg/detail/gimbal_controls__type_support.hpp\n'}
[1.480252] (px4_msgs) StdoutLine: {'line': b'-- Up-to-date symlink: /home/maanavjugalshah/SwarmAero/ros2_ws/install/px4_msgs/include/px4_msgs/px4_msgs/msg/detail/gimbal_device_attitude_status__builder.hpp\n'}
[1.480288] (px4_msgs) StdoutLine: {'line': b'-- Up-to-date symlink: /home/maanavjugalshah/SwarmAero/ros2_ws/install/px4_msgs/include/px4_msgs/px4_msgs/msg/detail/gimbal_device_attitude_status__struct.hpp\n'}
[1.480322] (px4_msgs) StdoutLine: {'line': b'-- Up-to-date symlink: /home/maanavjugalshah/SwarmAero/ros2_ws/install/px4_msgs/include/px4_msgs/px4_msgs/msg/detail/gimbal_device_attitude_status__traits.hpp\n'}
[1.480383] (px4_msgs) StdoutLine: {'line': b'-- Up-to-date symlink: /home/maanavjugalshah/SwarmAero/ros2_ws/install/px4_msgs/include/px4_msgs/px4_msgs/msg/detail/gimbal_device_attitude_status__type_support.hpp\n'}
[1.480458] (px4_msgs) StdoutLine: {'line': b'-- Up-to-date symlink: /home/maanavjugalshah/SwarmAero/ros2_ws/install/px4_msgs/include/px4_msgs/px4_msgs/msg/detail/gimbal_device_information__builder.hpp\n'}
[1.480543] (px4_msgs) StdoutLine: {'line': b'-- Up-to-date symlink: /home/maanavjugalshah/SwarmAero/ros2_ws/install/px4_msgs/include/px4_msgs/px4_msgs/msg/detail/gimbal_device_information__struct.hpp\n'}
[1.480615] (px4_msgs) StdoutLine: {'line': b'-- Up-to-date symlink: /home/maanavjugalshah/SwarmAero/ros2_ws/install/px4_msgs/include/px4_msgs/px4_msgs/msg/detail/gimbal_device_information__traits.hpp\n'}
[1.480954] (px4_msgs) StdoutLine: {'line': b'-- Up-to-date symlink: /home/maanavjugalshah/SwarmAero/ros2_ws/install/px4_msgs/include/px4_msgs/px4_msgs/msg/detail/gimbal_device_information__type_support.hpp\n'}
[1.481034] (px4_msgs) StdoutLine: {'line': b'-- Up-to-date symlink: /home/maanavjugalshah/SwarmAero/ros2_ws/install/px4_msgs/include/px4_msgs/px4_msgs/msg/detail/gimbal_device_set_attitude__builder.hpp\n'}
[1.481301] (px4_msgs) StdoutLine: {'line': b'-- Up-to-date symlink: /home/maanavjugalshah/SwarmAero/ros2_ws/install/px4_msgs/include/px4_msgs/px4_msgs/msg/detail/gimbal_device_set_attitude__struct.hpp\n'}
[1.481575] (px4_msgs) StdoutLine: {'line': b'-- Up-to-date symlink: /home/maanavjugalshah/SwarmAero/ros2_ws/install/px4_msgs/include/px4_msgs/px4_msgs/msg/detail/gimbal_device_set_attitude__traits.hpp\n'}
[1.481959] (px4_msgs) StdoutLine: {'line': b'-- Up-to-date symlink: /home/maanavjugalshah/SwarmAero/ros2_ws/install/px4_msgs/include/px4_msgs/px4_msgs/msg/detail/gimbal_device_set_attitude__type_support.hpp\n'}
[1.482091] (px4_msgs) StdoutLine: {'line': b'-- Up-to-date symlink: /home/maanavjugalshah/SwarmAero/ros2_ws/install/px4_msgs/include/px4_msgs/px4_msgs/msg/detail/gimbal_manager_information__builder.hpp\n'}
[1.482215] (px4_msgs) StdoutLine: {'line': b'-- Up-to-date symlink: /home/maanavjugalshah/SwarmAero/ros2_ws/install/px4_msgs/include/px4_msgs/px4_msgs/msg/detail/gimbal_manager_information__struct.hpp\n'}
[1.482583] (px4_msgs) StdoutLine: {'line': b'-- Up-to-date symlink: /home/maanavjugalshah/SwarmAero/ros2_ws/install/px4_msgs/include/px4_msgs/px4_msgs/msg/detail/gimbal_manager_information__traits.hpp\n'}
[1.482923] (px4_msgs) StdoutLine: {'line': b'-- Up-to-date symlink: /home/maanavjugalshah/SwarmAero/ros2_ws/install/px4_msgs/include/px4_msgs/px4_msgs/msg/detail/gimbal_manager_information__type_support.hpp\n'}
[1.482974] (px4_msgs) StdoutLine: {'line': b'-- Up-to-date symlink: /home/maanavjugalshah/SwarmAero/ros2_ws/install/px4_msgs/include/px4_msgs/px4_msgs/msg/detail/gimbal_manager_set_attitude__builder.hpp\n'}
[1.483012] (px4_msgs) StdoutLine: {'line': b'-- Up-to-date symlink: /home/maanavjugalshah/SwarmAero/ros2_ws/install/px4_msgs/include/px4_msgs/px4_msgs/msg/detail/gimbal_manager_set_attitude__struct.hpp\n'}
[1.483049] (px4_msgs) StdoutLine: {'line': b'-- Up-to-date symlink: /home/maanavjugalshah/SwarmAero/ros2_ws/install/px4_msgs/include/px4_msgs/px4_msgs/msg/detail/gimbal_manager_set_attitude__traits.hpp\n'}
[1.483082] (px4_msgs) StdoutLine: {'line': b'-- Up-to-date symlink: /home/maanavjugalshah/SwarmAero/ros2_ws/install/px4_msgs/include/px4_msgs/px4_msgs/msg/detail/gimbal_manager_set_attitude__type_support.hpp\n'}
[1.483115] (px4_msgs) StdoutLine: {'line': b'-- Up-to-date symlink: /home/maanavjugalshah/SwarmAero/ros2_ws/install/px4_msgs/include/px4_msgs/px4_msgs/msg/detail/gimbal_manager_set_manual_control__builder.hpp\n'}
[1.483147] (px4_msgs) StdoutLine: {'line': b'-- Up-to-date symlink: /home/maanavjugalshah/SwarmAero/ros2_ws/install/px4_msgs/include/px4_msgs/px4_msgs/msg/detail/gimbal_manager_set_manual_control__struct.hpp\n'}
[1.483179] (px4_msgs) StdoutLine: {'line': b'-- Up-to-date symlink: /home/maanavjugalshah/SwarmAero/ros2_ws/install/px4_msgs/include/px4_msgs/px4_msgs/msg/detail/gimbal_manager_set_manual_control__traits.hpp\n'}
[1.483212] (px4_msgs) StdoutLine: {'line': b'-- Up-to-date symlink: /home/maanavjugalshah/SwarmAero/ros2_ws/install/px4_msgs/include/px4_msgs/px4_msgs/msg/detail/gimbal_manager_set_manual_control__type_support.hpp\n'}
[1.483245] (px4_msgs) StdoutLine: {'line': b'-- Up-to-date symlink: /home/maanavjugalshah/SwarmAero/ros2_ws/install/px4_msgs/include/px4_msgs/px4_msgs/msg/detail/gimbal_manager_status__builder.hpp\n'}
[1.483278] (px4_msgs) StdoutLine: {'line': b'-- Up-to-date symlink: /home/maanavjugalshah/SwarmAero/ros2_ws/install/px4_msgs/include/px4_msgs/px4_msgs/msg/detail/gimbal_manager_status__struct.hpp\n'}
[1.483325] (px4_msgs) StdoutLine: {'line': b'-- Up-to-date symlink: /home/maanavjugalshah/SwarmAero/ros2_ws/install/px4_msgs/include/px4_msgs/px4_msgs/msg/detail/gimbal_manager_status__traits.hpp\n'}
[1.483357] (px4_msgs) StdoutLine: {'line': b'-- Up-to-date symlink: /home/maanavjugalshah/SwarmAero/ros2_ws/install/px4_msgs/include/px4_msgs/px4_msgs/msg/detail/gimbal_manager_status__type_support.hpp\n'}
[1.483389] (px4_msgs) StdoutLine: {'line': b'-- Up-to-date symlink: /home/maanavjugalshah/SwarmAero/ros2_ws/install/px4_msgs/include/px4_msgs/px4_msgs/msg/detail/goto_setpoint__builder.hpp\n'}
[1.483421] (px4_msgs) StdoutLine: {'line': b'-- Up-to-date symlink: /home/maanavjugalshah/SwarmAero/ros2_ws/install/px4_msgs/include/px4_msgs/px4_msgs/msg/detail/goto_setpoint__struct.hpp\n'}
[1.483461] (px4_msgs) StdoutLine: {'line': b'-- Up-to-date symlink: /home/maanavjugalshah/SwarmAero/ros2_ws/install/px4_msgs/include/px4_msgs/px4_msgs/msg/detail/goto_setpoint__traits.hpp\n'}
[1.483493] (px4_msgs) StdoutLine: {'line': b'-- Up-to-date symlink: /home/maanavjugalshah/SwarmAero/ros2_ws/install/px4_msgs/include/px4_msgs/px4_msgs/msg/detail/goto_setpoint__type_support.hpp\n'}
[1.483525] (px4_msgs) StdoutLine: {'line': b'-- Up-to-date symlink: /home/maanavjugalshah/SwarmAero/ros2_ws/install/px4_msgs/include/px4_msgs/px4_msgs/msg/detail/gpio_config__builder.hpp\n'}
[1.483563] (px4_msgs) StdoutLine: {'line': b'-- Up-to-date symlink: /home/maanavjugalshah/SwarmAero/ros2_ws/install/px4_msgs/include/px4_msgs/px4_msgs/msg/detail/gpio_config__struct.hpp\n'}
[1.483640] (px4_msgs) StdoutLine: {'line': b'-- Up-to-date symlink: /home/maanavjugalshah/SwarmAero/ros2_ws/install/px4_msgs/include/px4_msgs/px4_msgs/msg/detail/gpio_config__traits.hpp\n'}
[1.483692] (px4_msgs) StdoutLine: {'line': b'-- Up-to-date symlink: /home/maanavjugalshah/SwarmAero/ros2_ws/install/px4_msgs/include/px4_msgs/px4_msgs/msg/detail/gpio_config__type_support.hpp\n'}
[1.483729] (px4_msgs) StdoutLine: {'line': b'-- Up-to-date symlink: /home/maanavjugalshah/SwarmAero/ros2_ws/install/px4_msgs/include/px4_msgs/px4_msgs/msg/detail/gpio_in__builder.hpp\n'}
[1.483763] (px4_msgs) StdoutLine: {'line': b'-- Up-to-date symlink: /home/maanavjugalshah/SwarmAero/ros2_ws/install/px4_msgs/include/px4_msgs/px4_msgs/msg/detail/gpio_in__struct.hpp\n'}
[1.483798] (px4_msgs) StdoutLine: {'line': b'-- Up-to-date symlink: /home/maanavjugalshah/SwarmAero/ros2_ws/install/px4_msgs/include/px4_msgs/px4_msgs/msg/detail/gpio_in__traits.hpp\n'}
[1.483830] (px4_msgs) StdoutLine: {'line': b'-- Up-to-date symlink: /home/maanavjugalshah/SwarmAero/ros2_ws/install/px4_msgs/include/px4_msgs/px4_msgs/msg/detail/gpio_in__type_support.hpp\n'}
[1.483864] (px4_msgs) StdoutLine: {'line': b'-- Up-to-date symlink: /home/maanavjugalshah/SwarmAero/ros2_ws/install/px4_msgs/include/px4_msgs/px4_msgs/msg/detail/gpio_out__builder.hpp\n'}
[1.483903] (px4_msgs) StdoutLine: {'line': b'-- Up-to-date symlink: /home/maanavjugalshah/SwarmAero/ros2_ws/install/px4_msgs/include/px4_msgs/px4_msgs/msg/detail/gpio_out__struct.hpp\n'}
[1.483937] (px4_msgs) StdoutLine: {'line': b'-- Up-to-date symlink: /home/maanavjugalshah/SwarmAero/ros2_ws/install/px4_msgs/include/px4_msgs/px4_msgs/msg/detail/gpio_out__traits.hpp\n'}
[1.484001] (px4_msgs) StdoutLine: {'line': b'-- Up-to-date symlink: /home/maanavjugalshah/SwarmAero/ros2_ws/install/px4_msgs/include/px4_msgs/px4_msgs/msg/detail/gpio_out__type_support.hpp\n'}
[1.484065] (px4_msgs) StdoutLine: {'line': b'-- Up-to-date symlink: /home/maanavjugalshah/SwarmAero/ros2_ws/install/px4_msgs/include/px4_msgs/px4_msgs/msg/detail/gpio_request__builder.hpp\n'}
[1.484133] (px4_msgs) StdoutLine: {'line': b'-- Up-to-date symlink: /home/maanavjugalshah/SwarmAero/ros2_ws/install/px4_msgs/include/px4_msgs/px4_msgs/msg/detail/gpio_request__struct.hpp\n'}
[1.484200] (px4_msgs) StdoutLine: {'line': b'-- Up-to-date symlink: /home/maanavjugalshah/SwarmAero/ros2_ws/install/px4_msgs/include/px4_msgs/px4_msgs/msg/detail/gpio_request__traits.hpp\n'}
[1.484267] (px4_msgs) StdoutLine: {'line': b'-- Up-to-date symlink: /home/maanavjugalshah/SwarmAero/ros2_ws/install/px4_msgs/include/px4_msgs/px4_msgs/msg/detail/gpio_request__type_support.hpp\n'}
[1.484587] (px4_msgs) StdoutLine: {'line': b'-- Up-to-date symlink: /home/maanavjugalshah/SwarmAero/ros2_ws/install/px4_msgs/include/px4_msgs/px4_msgs/msg/detail/gps_dump__builder.hpp\n'}
[1.484703] (px4_msgs) StdoutLine: {'line': b'-- Up-to-date symlink: /home/maanavjugalshah/SwarmAero/ros2_ws/install/px4_msgs/include/px4_msgs/px4_msgs/msg/detail/gps_dump__struct.hpp\n'}
[1.484804] (px4_msgs) StdoutLine: {'line': b'-- Up-to-date symlink: /home/maanavjugalshah/SwarmAero/ros2_ws/install/px4_msgs/include/px4_msgs/px4_msgs/msg/detail/gps_dump__traits.hpp\n'}
[1.484921] (px4_msgs) StdoutLine: {'line': b'-- Up-to-date symlink: /home/maanavjugalshah/SwarmAero/ros2_ws/install/px4_msgs/include/px4_msgs/px4_msgs/msg/detail/gps_dump__type_support.hpp\n'}
[1.485015] (px4_msgs) StdoutLine: {'line': b'-- Up-to-date symlink: /home/maanavjugalshah/SwarmAero/ros2_ws/install/px4_msgs/include/px4_msgs/px4_msgs/msg/detail/gps_inject_data__builder.hpp\n'}
[1.485107] (px4_msgs) StdoutLine: {'line': b'-- Up-to-date symlink: /home/maanavjugalshah/SwarmAero/ros2_ws/install/px4_msgs/include/px4_msgs/px4_msgs/msg/detail/gps_inject_data__struct.hpp\n'}
[1.485760] (px4_msgs) StdoutLine: {'line': b'-- Up-to-date symlink: /home/maanavjugalshah/SwarmAero/ros2_ws/install/px4_msgs/include/px4_msgs/px4_msgs/msg/detail/gps_inject_data__traits.hpp\n'}
[1.485909] (px4_msgs) StdoutLine: {'line': b'-- Up-to-date symlink: /home/maanavjugalshah/SwarmAero/ros2_ws/install/px4_msgs/include/px4_msgs/px4_msgs/msg/detail/gps_inject_data__type_support.hpp\n'}
[1.485992] (px4_msgs) StdoutLine: {'line': b'-- Up-to-date symlink: /home/maanavjugalshah/SwarmAero/ros2_ws/install/px4_msgs/include/px4_msgs/px4_msgs/msg/detail/gripper__builder.hpp\n'}
[1.486075] (px4_msgs) StdoutLine: {'line': b'-- Up-to-date symlink: /home/maanavjugalshah/SwarmAero/ros2_ws/install/px4_msgs/include/px4_msgs/px4_msgs/msg/detail/gripper__struct.hpp\n'}
[1.486161] (px4_msgs) StdoutLine: {'line': b'-- Up-to-date symlink: /home/maanavjugalshah/SwarmAero/ros2_ws/install/px4_msgs/include/px4_msgs/px4_msgs/msg/detail/gripper__traits.hpp\n'}
[1.486482] (px4_msgs) StdoutLine: {'line': b'-- Up-to-date symlink: /home/maanavjugalshah/SwarmAero/ros2_ws/install/px4_msgs/include/px4_msgs/px4_msgs/msg/detail/gripper__type_support.hpp\n'}
[1.486805] (px4_msgs) StdoutLine: {'line': b'-- Up-to-date symlink: /home/maanavjugalshah/SwarmAero/ros2_ws/install/px4_msgs/include/px4_msgs/px4_msgs/msg/detail/health_report__builder.hpp\n'}
[1.487140] (px4_msgs) StdoutLine: {'line': b'-- Up-to-date symlink: /home/maanavjugalshah/SwarmAero/ros2_ws/install/px4_msgs/include/px4_msgs/px4_msgs/msg/detail/health_report__struct.hpp\n'}
[1.487503] (px4_msgs) StdoutLine: {'line': b'-- Up-to-date symlink: /home/maanavjugalshah/SwarmAero/ros2_ws/install/px4_msgs/include/px4_msgs/px4_msgs/msg/detail/health_report__traits.hpp\n'}
[1.487892] (px4_msgs) StdoutLine: {'line': b'-- Up-to-date symlink: /home/maanavjugalshah/SwarmAero/ros2_ws/install/px4_msgs/include/px4_msgs/px4_msgs/msg/detail/health_report__type_support.hpp\n'}
[1.488103] (px4_msgs) StdoutLine: {'line': b'-- Up-to-date symlink: /home/maanavjugalshah/SwarmAero/ros2_ws/install/px4_msgs/include/px4_msgs/px4_msgs/msg/detail/heater_status__builder.hpp\n'}
[1.488210] (px4_msgs) StdoutLine: {'line': b'-- Up-to-date symlink: /home/maanavjugalshah/SwarmAero/ros2_ws/install/px4_msgs/include/px4_msgs/px4_msgs/msg/detail/heater_status__struct.hpp\n'}
[1.488298] (px4_msgs) StdoutLine: {'line': b'-- Up-to-date symlink: /home/maanavjugalshah/SwarmAero/ros2_ws/install/px4_msgs/include/px4_msgs/px4_msgs/msg/detail/heater_status__traits.hpp\n'}
[1.488497] (px4_msgs) StdoutLine: {'line': b'-- Up-to-date symlink: /home/maanavjugalshah/SwarmAero/ros2_ws/install/px4_msgs/include/px4_msgs/px4_msgs/msg/detail/heater_status__type_support.hpp\n'}
[1.488754] (px4_msgs) StdoutLine: {'line': b'-- Up-to-date symlink: /home/maanavjugalshah/SwarmAero/ros2_ws/install/px4_msgs/include/px4_msgs/px4_msgs/msg/detail/home_position__builder.hpp\n'}
[1.488813] (px4_msgs) StdoutLine: {'line': b'-- Up-to-date symlink: /home/maanavjugalshah/SwarmAero/ros2_ws/install/px4_msgs/include/px4_msgs/px4_msgs/msg/detail/home_position__struct.hpp\n'}
[1.488854] (px4_msgs) StdoutLine: {'line': b'-- Up-to-date symlink: /home/maanavjugalshah/SwarmAero/ros2_ws/install/px4_msgs/include/px4_msgs/px4_msgs/msg/detail/home_position__traits.hpp\n'}
[1.488890] (px4_msgs) StdoutLine: {'line': b'-- Up-to-date symlink: /home/maanavjugalshah/SwarmAero/ros2_ws/install/px4_msgs/include/px4_msgs/px4_msgs/msg/detail/home_position__type_support.hpp\n'}
[1.489011] (px4_msgs) StdoutLine: {'line': b'-- Up-to-date symlink: /home/maanavjugalshah/SwarmAero/ros2_ws/install/px4_msgs/include/px4_msgs/px4_msgs/msg/detail/hover_thrust_estimate__builder.hpp\n'}
[1.489113] (px4_msgs) StdoutLine: {'line': b'-- Up-to-date symlink: /home/maanavjugalshah/SwarmAero/ros2_ws/install/px4_msgs/include/px4_msgs/px4_msgs/msg/detail/hover_thrust_estimate__struct.hpp\n'}
[1.489406] (px4_msgs) StdoutLine: {'line': b'-- Up-to-date symlink: /home/maanavjugalshah/SwarmAero/ros2_ws/install/px4_msgs/include/px4_msgs/px4_msgs/msg/detail/hover_thrust_estimate__traits.hpp\n'}
[1.489568] (px4_msgs) StdoutLine: {'line': b'-- Up-to-date symlink: /home/maanavjugalshah/SwarmAero/ros2_ws/install/px4_msgs/include/px4_msgs/px4_msgs/msg/detail/hover_thrust_estimate__type_support.hpp\n'}
[1.489618] (px4_msgs) StdoutLine: {'line': b'-- Up-to-date symlink: /home/maanavjugalshah/SwarmAero/ros2_ws/install/px4_msgs/include/px4_msgs/px4_msgs/msg/detail/input_rc__builder.hpp\n'}
[1.489687] (px4_msgs) StdoutLine: {'line': b'-- Up-to-date symlink: /home/maanavjugalshah/SwarmAero/ros2_ws/install/px4_msgs/include/px4_msgs/px4_msgs/msg/detail/input_rc__struct.hpp\n'}
[1.490190] (px4_msgs) StdoutLine: {'line': b'-- Up-to-date symlink: /home/maanavjugalshah/SwarmAero/ros2_ws/install/px4_msgs/include/px4_msgs/px4_msgs/msg/detail/input_rc__traits.hpp\n'}
[1.490321] (px4_msgs) StdoutLine: {'line': b'-- Up-to-date symlink: /home/maanavjugalshah/SwarmAero/ros2_ws/install/px4_msgs/include/px4_msgs/px4_msgs/msg/detail/input_rc__type_support.hpp\n'}
[1.490414] (px4_msgs) StdoutLine: {'line': b'-- Up-to-date symlink: /home/maanavjugalshah/SwarmAero/ros2_ws/install/px4_msgs/include/px4_msgs/px4_msgs/msg/detail/internal_combustion_engine_control__builder.hpp\n'}
[1.490503] (px4_msgs) StdoutLine: {'line': b'-- Up-to-date symlink: /home/maanavjugalshah/SwarmAero/ros2_ws/install/px4_msgs/include/px4_msgs/px4_msgs/msg/detail/internal_combustion_engine_control__struct.hpp\n'}
[1.490700] (px4_msgs) StdoutLine: {'line': b'-- Up-to-date symlink: /home/maanavjugalshah/SwarmAero/ros2_ws/install/px4_msgs/include/px4_msgs/px4_msgs/msg/detail/internal_combustion_engine_control__traits.hpp\n'}
[1.490936] (px4_msgs) StdoutLine: {'line': b'-- Up-to-date symlink: /home/maanavjugalshah/SwarmAero/ros2_ws/install/px4_msgs/include/px4_msgs/px4_msgs/msg/detail/internal_combustion_engine_control__type_support.hpp\n'}
[1.491059] (px4_msgs) StdoutLine: {'line': b'-- Up-to-date symlink: /home/maanavjugalshah/SwarmAero/ros2_ws/install/px4_msgs/include/px4_msgs/px4_msgs/msg/detail/internal_combustion_engine_status__builder.hpp\n'}
[1.491176] (px4_msgs) StdoutLine: {'line': b'-- Up-to-date symlink: /home/maanavjugalshah/SwarmAero/ros2_ws/install/px4_msgs/include/px4_msgs/px4_msgs/msg/detail/internal_combustion_engine_status__struct.hpp\n'}
[1.491370] (px4_msgs) StdoutLine: {'line': b'-- Up-to-date symlink: /home/maanavjugalshah/SwarmAero/ros2_ws/install/px4_msgs/include/px4_msgs/px4_msgs/msg/detail/internal_combustion_engine_status__traits.hpp\n'}
[1.491701] (px4_msgs) StdoutLine: {'line': b'-- Up-to-date symlink: /home/maanavjugalshah/SwarmAero/ros2_ws/install/px4_msgs/include/px4_msgs/px4_msgs/msg/detail/internal_combustion_engine_status__type_support.hpp\n'}
[1.491857] (px4_msgs) StdoutLine: {'line': b'-- Up-to-date symlink: /home/maanavjugalshah/SwarmAero/ros2_ws/install/px4_msgs/include/px4_msgs/px4_msgs/msg/detail/iridiumsbd_status__builder.hpp\n'}
[1.492091] (px4_msgs) StdoutLine: {'line': b'-- Up-to-date symlink: /home/maanavjugalshah/SwarmAero/ros2_ws/install/px4_msgs/include/px4_msgs/px4_msgs/msg/detail/iridiumsbd_status__struct.hpp\n'}
[1.492208] (px4_msgs) StdoutLine: {'line': b'-- Up-to-date symlink: /home/maanavjugalshah/SwarmAero/ros2_ws/install/px4_msgs/include/px4_msgs/px4_msgs/msg/detail/iridiumsbd_status__traits.hpp\n'}
[1.492487] (px4_msgs) StdoutLine: {'line': b'-- Up-to-date symlink: /home/maanavjugalshah/SwarmAero/ros2_ws/install/px4_msgs/include/px4_msgs/px4_msgs/msg/detail/iridiumsbd_status__type_support.hpp\n'}
[1.492649] (px4_msgs) StdoutLine: {'line': b'-- Up-to-date symlink: /home/maanavjugalshah/SwarmAero/ros2_ws/install/px4_msgs/include/px4_msgs/px4_msgs/msg/detail/irlock_report__builder.hpp\n'}
[1.492709] (px4_msgs) StdoutLine: {'line': b'-- Up-to-date symlink: /home/maanavjugalshah/SwarmAero/ros2_ws/install/px4_msgs/include/px4_msgs/px4_msgs/msg/detail/irlock_report__struct.hpp\n'}
[1.492747] (px4_msgs) StdoutLine: {'line': b'-- Up-to-date symlink: /home/maanavjugalshah/SwarmAero/ros2_ws/install/px4_msgs/include/px4_msgs/px4_msgs/msg/detail/irlock_report__traits.hpp\n'}
[1.492881] (px4_msgs) StdoutLine: {'line': b'-- Up-to-date symlink: /home/maanavjugalshah/SwarmAero/ros2_ws/install/px4_msgs/include/px4_msgs/px4_msgs/msg/detail/irlock_report__type_support.hpp\n'}
[1.493032] (px4_msgs) StdoutLine: {'line': b'-- Up-to-date symlink: /home/maanavjugalshah/SwarmAero/ros2_ws/install/px4_msgs/include/px4_msgs/px4_msgs/msg/detail/landing_gear__builder.hpp\n'}
[1.493113] (px4_msgs) StdoutLine: {'line': b'-- Up-to-date symlink: /home/maanavjugalshah/SwarmAero/ros2_ws/install/px4_msgs/include/px4_msgs/px4_msgs/msg/detail/landing_gear__struct.hpp\n'}
[1.493244] (px4_msgs) StdoutLine: {'line': b'-- Up-to-date symlink: /home/maanavjugalshah/SwarmAero/ros2_ws/install/px4_msgs/include/px4_msgs/px4_msgs/msg/detail/landing_gear__traits.hpp\n'}
[1.493282] (px4_msgs) StdoutLine: {'line': b'-- Up-to-date symlink: /home/maanavjugalshah/SwarmAero/ros2_ws/install/px4_msgs/include/px4_msgs/px4_msgs/msg/detail/landing_gear__type_support.hpp\n'}
[1.493318] (px4_msgs) StdoutLine: {'line': b'-- Up-to-date symlink: /home/maanavjugalshah/SwarmAero/ros2_ws/install/px4_msgs/include/px4_msgs/px4_msgs/msg/detail/landing_gear_wheel__builder.hpp\n'}
[1.493396] (px4_msgs) StdoutLine: {'line': b'-- Up-to-date symlink: /home/maanavjugalshah/SwarmAero/ros2_ws/install/px4_msgs/include/px4_msgs/px4_msgs/msg/detail/landing_gear_wheel__struct.hpp\n'}
[1.493598] (px4_msgs) StdoutLine: {'line': b'-- Up-to-date symlink: /home/maanavjugalshah/SwarmAero/ros2_ws/install/px4_msgs/include/px4_msgs/px4_msgs/msg/detail/landing_gear_wheel__traits.hpp\n'}
[1.493810] (px4_msgs) StdoutLine: {'line': b'-- Up-to-date symlink: /home/maanavjugalshah/SwarmAero/ros2_ws/install/px4_msgs/include/px4_msgs/px4_msgs/msg/detail/landing_gear_wheel__type_support.hpp\n'}
[1.493941] (px4_msgs) StdoutLine: {'line': b'-- Up-to-date symlink: /home/maanavjugalshah/SwarmAero/ros2_ws/install/px4_msgs/include/px4_msgs/px4_msgs/msg/detail/landing_target_innovations__builder.hpp\n'}
[1.494012] (px4_msgs) StdoutLine: {'line': b'-- Up-to-date symlink: /home/maanavjugalshah/SwarmAero/ros2_ws/install/px4_msgs/include/px4_msgs/px4_msgs/msg/detail/landing_target_innovations__struct.hpp\n'}
[1.494056] (px4_msgs) StdoutLine: {'line': b'-- Up-to-date symlink: /home/maanavjugalshah/SwarmAero/ros2_ws/install/px4_msgs/include/px4_msgs/px4_msgs/msg/detail/landing_target_innovations__traits.hpp\n'}
[1.494253] (px4_msgs) StdoutLine: {'line': b'-- Up-to-date symlink: /home/maanavjugalshah/SwarmAero/ros2_ws/install/px4_msgs/include/px4_msgs/px4_msgs/msg/detail/landing_target_innovations__type_support.hpp\n'}
[1.494335] (px4_msgs) StdoutLine: {'line': b'-- Up-to-date symlink: /home/maanavjugalshah/SwarmAero/ros2_ws/install/px4_msgs/include/px4_msgs/px4_msgs/msg/detail/landing_target_pose__builder.hpp\n'}
[1.494485] (px4_msgs) StdoutLine: {'line': b'-- Up-to-date symlink: /home/maanavjugalshah/SwarmAero/ros2_ws/install/px4_msgs/include/px4_msgs/px4_msgs/msg/detail/landing_target_pose__struct.hpp\n'}
[1.494862] (px4_msgs) StdoutLine: {'line': b'-- Up-to-date symlink: /home/maanavjugalshah/SwarmAero/ros2_ws/install/px4_msgs/include/px4_msgs/px4_msgs/msg/detail/landing_target_pose__traits.hpp\n'}
[1.495000] (px4_msgs) StdoutLine: {'line': b'-- Up-to-date symlink: /home/maanavjugalshah/SwarmAero/ros2_ws/install/px4_msgs/include/px4_msgs/px4_msgs/msg/detail/landing_target_pose__type_support.hpp\n'}
[1.495250] (px4_msgs) StdoutLine: {'line': b'-- Up-to-date symlink: /home/maanavjugalshah/SwarmAero/ros2_ws/install/px4_msgs/include/px4_msgs/px4_msgs/msg/detail/lateral_control_configuration__builder.hpp\n'}
[1.495302] (px4_msgs) StdoutLine: {'line': b'-- Up-to-date symlink: /home/maanavjugalshah/SwarmAero/ros2_ws/install/px4_msgs/include/px4_msgs/px4_msgs/msg/detail/lateral_control_configuration__struct.hpp\n'}
[1.495338] (px4_msgs) StdoutLine: {'line': b'-- Up-to-date symlink: /home/maanavjugalshah/SwarmAero/ros2_ws/install/px4_msgs/include/px4_msgs/px4_msgs/msg/detail/lateral_control_configuration__traits.hpp\n'}
[1.495488] (px4_msgs) StdoutLine: {'line': b'-- Up-to-date symlink: /home/maanavjugalshah/SwarmAero/ros2_ws/install/px4_msgs/include/px4_msgs/px4_msgs/msg/detail/lateral_control_configuration__type_support.hpp\n'}
[1.495693] (px4_msgs) StdoutLine: {'line': b'-- Up-to-date symlink: /home/maanavjugalshah/SwarmAero/ros2_ws/install/px4_msgs/include/px4_msgs/px4_msgs/msg/detail/launch_detection_status__builder.hpp\n'}
[1.495809] (px4_msgs) StdoutLine: {'line': b'-- Up-to-date symlink: /home/maanavjugalshah/SwarmAero/ros2_ws/install/px4_msgs/include/px4_msgs/px4_msgs/msg/detail/launch_detection_status__struct.hpp\n'}
[1.495849] (px4_msgs) StdoutLine: {'line': b'-- Up-to-date symlink: /home/maanavjugalshah/SwarmAero/ros2_ws/install/px4_msgs/include/px4_msgs/px4_msgs/msg/detail/launch_detection_status__traits.hpp\n'}
[1.495964] (px4_msgs) StdoutLine: {'line': b'-- Up-to-date symlink: /home/maanavjugalshah/SwarmAero/ros2_ws/install/px4_msgs/include/px4_msgs/px4_msgs/msg/detail/launch_detection_status__type_support.hpp\n'}
[1.496067] (px4_msgs) StdoutLine: {'line': b'-- Up-to-date symlink: /home/maanavjugalshah/SwarmAero/ros2_ws/install/px4_msgs/include/px4_msgs/px4_msgs/msg/detail/led_control__builder.hpp\n'}
[1.496490] (px4_msgs) StdoutLine: {'line': b'-- Up-to-date symlink: /home/maanavjugalshah/SwarmAero/ros2_ws/install/px4_msgs/include/px4_msgs/px4_msgs/msg/detail/led_control__struct.hpp\n'}
[1.496663] (px4_msgs) StdoutLine: {'line': b'-- Up-to-date symlink: /home/maanavjugalshah/SwarmAero/ros2_ws/install/px4_msgs/include/px4_msgs/px4_msgs/msg/detail/led_control__traits.hpp\n'}
[1.496703] (px4_msgs) StdoutLine: {'line': b'-- Up-to-date symlink: /home/maanavjugalshah/SwarmAero/ros2_ws/install/px4_msgs/include/px4_msgs/px4_msgs/msg/detail/led_control__type_support.hpp\n'}
[1.496903] (px4_msgs) StdoutLine: {'line': b'-- Up-to-date symlink: /home/maanavjugalshah/SwarmAero/ros2_ws/install/px4_msgs/include/px4_msgs/px4_msgs/msg/detail/log_message__builder.hpp\n'}
[1.497045] (px4_msgs) StdoutLine: {'line': b'-- Up-to-date symlink: /home/maanavjugalshah/SwarmAero/ros2_ws/install/px4_msgs/include/px4_msgs/px4_msgs/msg/detail/log_message__struct.hpp\n'}
[1.497090] (px4_msgs) StdoutLine: {'line': b'-- Up-to-date symlink: /home/maanavjugalshah/SwarmAero/ros2_ws/install/px4_msgs/include/px4_msgs/px4_msgs/msg/detail/log_message__traits.hpp\n'}
[1.497183] (px4_msgs) StdoutLine: {'line': b'-- Up-to-date symlink: /home/maanavjugalshah/SwarmAero/ros2_ws/install/px4_msgs/include/px4_msgs/px4_msgs/msg/detail/log_message__type_support.hpp\n'}
[1.497307] (px4_msgs) StdoutLine: {'line': b'-- Up-to-date symlink: /home/maanavjugalshah/SwarmAero/ros2_ws/install/px4_msgs/include/px4_msgs/px4_msgs/msg/detail/logger_status__builder.hpp\n'}
[1.497495] (px4_msgs) StdoutLine: {'line': b'-- Up-to-date symlink: /home/maanavjugalshah/SwarmAero/ros2_ws/install/px4_msgs/include/px4_msgs/px4_msgs/msg/detail/logger_status__struct.hpp\n'}
[1.497627] (px4_msgs) StdoutLine: {'line': b'-- Up-to-date symlink: /home/maanavjugalshah/SwarmAero/ros2_ws/install/px4_msgs/include/px4_msgs/px4_msgs/msg/detail/logger_status__traits.hpp\n'}
[1.497832] (px4_msgs) StdoutLine: {'line': b'-- Up-to-date symlink: /home/maanavjugalshah/SwarmAero/ros2_ws/install/px4_msgs/include/px4_msgs/px4_msgs/msg/detail/logger_status__type_support.hpp\n'}
[1.497879] (px4_msgs) StdoutLine: {'line': b'-- Up-to-date symlink: /home/maanavjugalshah/SwarmAero/ros2_ws/install/px4_msgs/include/px4_msgs/px4_msgs/msg/detail/longitudinal_control_configuration__builder.hpp\n'}
[1.497918] (px4_msgs) StdoutLine: {'line': b'-- Up-to-date symlink: /home/maanavjugalshah/SwarmAero/ros2_ws/install/px4_msgs/include/px4_msgs/px4_msgs/msg/detail/longitudinal_control_configuration__struct.hpp\n'}
[1.497968] (px4_msgs) StdoutLine: {'line': b'-- Up-to-date symlink: /home/maanavjugalshah/SwarmAero/ros2_ws/install/px4_msgs/include/px4_msgs/px4_msgs/msg/detail/longitudinal_control_configuration__traits.hpp\n'}
[1.498003] (px4_msgs) StdoutLine: {'line': b'-- Up-to-date symlink: /home/maanavjugalshah/SwarmAero/ros2_ws/install/px4_msgs/include/px4_msgs/px4_msgs/msg/detail/longitudinal_control_configuration__type_support.hpp\n'}
[1.498313] (px4_msgs) StdoutLine: {'line': b'-- Up-to-date symlink: /home/maanavjugalshah/SwarmAero/ros2_ws/install/px4_msgs/include/px4_msgs/px4_msgs/msg/detail/mag_worker_data__builder.hpp\n'}
[1.498615] (px4_msgs) StdoutLine: {'line': b'-- Up-to-date symlink: /home/maanavjugalshah/SwarmAero/ros2_ws/install/px4_msgs/include/px4_msgs/px4_msgs/msg/detail/mag_worker_data__struct.hpp\n'}
[1.498776] (px4_msgs) StdoutLine: {'line': b'-- Up-to-date symlink: /home/maanavjugalshah/SwarmAero/ros2_ws/install/px4_msgs/include/px4_msgs/px4_msgs/msg/detail/mag_worker_data__traits.hpp\n'}
[1.498862] (px4_msgs) StdoutLine: {'line': b'-- Up-to-date symlink: /home/maanavjugalshah/SwarmAero/ros2_ws/install/px4_msgs/include/px4_msgs/px4_msgs/msg/detail/mag_worker_data__type_support.hpp\n'}
[1.498977] (px4_msgs) StdoutLine: {'line': b'-- Up-to-date symlink: /home/maanavjugalshah/SwarmAero/ros2_ws/install/px4_msgs/include/px4_msgs/px4_msgs/msg/detail/magnetometer_bias_estimate__builder.hpp\n'}
[1.499151] (px4_msgs) StdoutLine: {'line': b'-- Up-to-date symlink: /home/maanavjugalshah/SwarmAero/ros2_ws/install/px4_msgs/include/px4_msgs/px4_msgs/msg/detail/magnetometer_bias_estimate__struct.hpp\n'}
[1.499334] (px4_msgs) StdoutLine: {'line': b'-- Up-to-date symlink: /home/maanavjugalshah/SwarmAero/ros2_ws/install/px4_msgs/include/px4_msgs/px4_msgs/msg/detail/magnetometer_bias_estimate__traits.hpp\n'}
[1.499509] (px4_msgs) StdoutLine: {'line': b'-- Up-to-date symlink: /home/maanavjugalshah/SwarmAero/ros2_ws/install/px4_msgs/include/px4_msgs/px4_msgs/msg/detail/magnetometer_bias_estimate__type_support.hpp\n'}
[1.499553] (px4_msgs) StdoutLine: {'line': b'-- Up-to-date symlink: /home/maanavjugalshah/SwarmAero/ros2_ws/install/px4_msgs/include/px4_msgs/px4_msgs/msg/detail/manual_control_setpoint__builder.hpp\n'}
[1.499633] (px4_msgs) StdoutLine: {'line': b'-- Up-to-date symlink: /home/maanavjugalshah/SwarmAero/ros2_ws/install/px4_msgs/include/px4_msgs/px4_msgs/msg/detail/manual_control_setpoint__struct.hpp\n'}
[1.499733] (px4_msgs) StdoutLine: {'line': b'-- Up-to-date symlink: /home/maanavjugalshah/SwarmAero/ros2_ws/install/px4_msgs/include/px4_msgs/px4_msgs/msg/detail/manual_control_setpoint__traits.hpp\n'}
[1.499942] (px4_msgs) StdoutLine: {'line': b'-- Up-to-date symlink: /home/maanavjugalshah/SwarmAero/ros2_ws/install/px4_msgs/include/px4_msgs/px4_msgs/msg/detail/manual_control_setpoint__type_support.hpp\n'}
[1.500105] (px4_msgs) StdoutLine: {'line': b'-- Up-to-date symlink: /home/maanavjugalshah/SwarmAero/ros2_ws/install/px4_msgs/include/px4_msgs/px4_msgs/msg/detail/manual_control_switches__builder.hpp\n'}
[1.500151] (px4_msgs) StdoutLine: {'line': b'-- Up-to-date symlink: /home/maanavjugalshah/SwarmAero/ros2_ws/install/px4_msgs/include/px4_msgs/px4_msgs/msg/detail/manual_control_switches__struct.hpp\n'}
[1.500194] (px4_msgs) StdoutLine: {'line': b'-- Up-to-date symlink: /home/maanavjugalshah/SwarmAero/ros2_ws/install/px4_msgs/include/px4_msgs/px4_msgs/msg/detail/manual_control_switches__traits.hpp\n'}
[1.500338] (px4_msgs) StdoutLine: {'line': b'-- Up-to-date symlink: /home/maanavjugalshah/SwarmAero/ros2_ws/install/px4_msgs/include/px4_msgs/px4_msgs/msg/detail/manual_control_switches__type_support.hpp\n'}
[1.500386] (px4_msgs) StdoutLine: {'line': b'-- Up-to-date symlink: /home/maanavjugalshah/SwarmAero/ros2_ws/install/px4_msgs/include/px4_msgs/px4_msgs/msg/detail/mavlink_log__builder.hpp\n'}
[1.500422] (px4_msgs) StdoutLine: {'line': b'-- Up-to-date symlink: /home/maanavjugalshah/SwarmAero/ros2_ws/install/px4_msgs/include/px4_msgs/px4_msgs/msg/detail/mavlink_log__struct.hpp\n'}
[1.500642] (px4_msgs) StdoutLine: {'line': b'-- Up-to-date symlink: /home/maanavjugalshah/SwarmAero/ros2_ws/install/px4_msgs/include/px4_msgs/px4_msgs/msg/detail/mavlink_log__traits.hpp\n'}
[1.500779] (px4_msgs) StdoutLine: {'line': b'-- Up-to-date symlink: /home/maanavjugalshah/SwarmAero/ros2_ws/install/px4_msgs/include/px4_msgs/px4_msgs/msg/detail/mavlink_log__type_support.hpp\n'}
[1.500823] (px4_msgs) StdoutLine: {'line': b'-- Up-to-date symlink: /home/maanavjugalshah/SwarmAero/ros2_ws/install/px4_msgs/include/px4_msgs/px4_msgs/msg/detail/mavlink_tunnel__builder.hpp\n'}
[1.500862] (px4_msgs) StdoutLine: {'line': b'-- Up-to-date symlink: /home/maanavjugalshah/SwarmAero/ros2_ws/install/px4_msgs/include/px4_msgs/px4_msgs/msg/detail/mavlink_tunnel__struct.hpp\n'}
[1.501160] (px4_msgs) StdoutLine: {'line': b'-- Up-to-date symlink: /home/maanavjugalshah/SwarmAero/ros2_ws/install/px4_msgs/include/px4_msgs/px4_msgs/msg/detail/mavlink_tunnel__traits.hpp\n'}
[1.501246] (px4_msgs) StdoutLine: {'line': b'-- Up-to-date symlink: /home/maanavjugalshah/SwarmAero/ros2_ws/install/px4_msgs/include/px4_msgs/px4_msgs/msg/detail/mavlink_tunnel__type_support.hpp\n'}
[1.501481] (px4_msgs) StdoutLine: {'line': b'-- Up-to-date symlink: /home/maanavjugalshah/SwarmAero/ros2_ws/install/px4_msgs/include/px4_msgs/px4_msgs/msg/detail/message_format_request__builder.hpp\n'}
[1.501550] (px4_msgs) StdoutLine: {'line': b'-- Up-to-date symlink: /home/maanavjugalshah/SwarmAero/ros2_ws/install/px4_msgs/include/px4_msgs/px4_msgs/msg/detail/message_format_request__struct.hpp\n'}
[1.501696] (px4_msgs) StdoutLine: {'line': b'-- Up-to-date symlink: /home/maanavjugalshah/SwarmAero/ros2_ws/install/px4_msgs/include/px4_msgs/px4_msgs/msg/detail/message_format_request__traits.hpp\n'}
[1.501766] (px4_msgs) StdoutLine: {'line': b'-- Up-to-date symlink: /home/maanavjugalshah/SwarmAero/ros2_ws/install/px4_msgs/include/px4_msgs/px4_msgs/msg/detail/message_format_request__type_support.hpp\n'}
[1.502330] (px4_msgs) StdoutLine: {'line': b'-- Up-to-date symlink: /home/maanavjugalshah/SwarmAero/ros2_ws/install/px4_msgs/include/px4_msgs/px4_msgs/msg/detail/message_format_response__builder.hpp\n'}
[1.502590] (px4_msgs) StdoutLine: {'line': b'-- Up-to-date symlink: /home/maanavjugalshah/SwarmAero/ros2_ws/install/px4_msgs/include/px4_msgs/px4_msgs/msg/detail/message_format_response__struct.hpp\n'}
[1.502697] (px4_msgs) StdoutLine: {'line': b'-- Up-to-date symlink: /home/maanavjugalshah/SwarmAero/ros2_ws/install/px4_msgs/include/px4_msgs/px4_msgs/msg/detail/message_format_response__traits.hpp\n'}
[1.502791] (px4_msgs) StdoutLine: {'line': b'-- Up-to-date symlink: /home/maanavjugalshah/SwarmAero/ros2_ws/install/px4_msgs/include/px4_msgs/px4_msgs/msg/detail/message_format_response__type_support.hpp\n'}
[1.502877] (px4_msgs) StdoutLine: {'line': b'-- Up-to-date symlink: /home/maanavjugalshah/SwarmAero/ros2_ws/install/px4_msgs/include/px4_msgs/px4_msgs/msg/detail/mission__builder.hpp\n'}
[1.502971] (px4_msgs) StdoutLine: {'line': b'-- Up-to-date symlink: /home/maanavjugalshah/SwarmAero/ros2_ws/install/px4_msgs/include/px4_msgs/px4_msgs/msg/detail/mission__struct.hpp\n'}
[1.503137] (px4_msgs) StdoutLine: {'line': b'-- Up-to-date symlink: /home/maanavjugalshah/SwarmAero/ros2_ws/install/px4_msgs/include/px4_msgs/px4_msgs/msg/detail/mission__traits.hpp\n'}
[1.503234] (-) TimerEvent: {}
[1.503371] (px4_msgs) StdoutLine: {'line': b'-- Up-to-date symlink: /home/maanavjugalshah/SwarmAero/ros2_ws/install/px4_msgs/include/px4_msgs/px4_msgs/msg/detail/mission__type_support.hpp\n'}
[1.503504] (px4_msgs) StdoutLine: {'line': b'-- Up-to-date symlink: /home/maanavjugalshah/SwarmAero/ros2_ws/install/px4_msgs/include/px4_msgs/px4_msgs/msg/detail/mission_result__builder.hpp\n'}
[1.503571] (px4_msgs) StdoutLine: {'line': b'-- Up-to-date symlink: /home/maanavjugalshah/SwarmAero/ros2_ws/install/px4_msgs/include/px4_msgs/px4_msgs/msg/detail/mission_result__struct.hpp\n'}
[1.503670] (px4_msgs) StdoutLine: {'line': b'-- Up-to-date symlink: /home/maanavjugalshah/SwarmAero/ros2_ws/install/px4_msgs/include/px4_msgs/px4_msgs/msg/detail/mission_result__traits.hpp\n'}
[1.503829] (px4_msgs) StdoutLine: {'line': b'-- Up-to-date symlink: /home/maanavjugalshah/SwarmAero/ros2_ws/install/px4_msgs/include/px4_msgs/px4_msgs/msg/detail/mission_result__type_support.hpp\n'}
[1.503958] (px4_msgs) StdoutLine: {'line': b'-- Up-to-date symlink: /home/maanavjugalshah/SwarmAero/ros2_ws/install/px4_msgs/include/px4_msgs/px4_msgs/msg/detail/mode_completed__builder.hpp\n'}
[1.504150] (px4_msgs) StdoutLine: {'line': b'-- Up-to-date symlink: /home/maanavjugalshah/SwarmAero/ros2_ws/install/px4_msgs/include/px4_msgs/px4_msgs/msg/detail/mode_completed__struct.hpp\n'}
[1.504358] (px4_msgs) StdoutLine: {'line': b'-- Up-to-date symlink: /home/maanavjugalshah/SwarmAero/ros2_ws/install/px4_msgs/include/px4_msgs/px4_msgs/msg/detail/mode_completed__traits.hpp\n'}
[1.504544] (px4_msgs) StdoutLine: {'line': b'-- Up-to-date symlink: /home/maanavjugalshah/SwarmAero/ros2_ws/install/px4_msgs/include/px4_msgs/px4_msgs/msg/detail/mode_completed__type_support.hpp\n'}
[1.504591] (px4_msgs) StdoutLine: {'line': b'-- Up-to-date symlink: /home/maanavjugalshah/SwarmAero/ros2_ws/install/px4_msgs/include/px4_msgs/px4_msgs/msg/detail/mount_orientation__builder.hpp\n'}
[1.504690] (px4_msgs) StdoutLine: {'line': b'-- Up-to-date symlink: /home/maanavjugalshah/SwarmAero/ros2_ws/install/px4_msgs/include/px4_msgs/px4_msgs/msg/detail/mount_orientation__struct.hpp\n'}
[1.505050] (px4_msgs) StdoutLine: {'line': b'-- Up-to-date symlink: /home/maanavjugalshah/SwarmAero/ros2_ws/install/px4_msgs/include/px4_msgs/px4_msgs/msg/detail/mount_orientation__traits.hpp\n'}
[1.505281] (px4_msgs) StdoutLine: {'line': b'-- Up-to-date symlink: /home/maanavjugalshah/SwarmAero/ros2_ws/install/px4_msgs/include/px4_msgs/px4_msgs/msg/detail/mount_orientation__type_support.hpp\n'}
[1.505408] (px4_msgs) StdoutLine: {'line': b'-- Up-to-date symlink: /home/maanavjugalshah/SwarmAero/ros2_ws/install/px4_msgs/include/px4_msgs/px4_msgs/msg/detail/navigator_mission_item__builder.hpp\n'}
[1.505483] (px4_msgs) StdoutLine: {'line': b'-- Up-to-date symlink: /home/maanavjugalshah/SwarmAero/ros2_ws/install/px4_msgs/include/px4_msgs/px4_msgs/msg/detail/navigator_mission_item__struct.hpp\n'}
[1.505568] (px4_msgs) StdoutLine: {'line': b'-- Up-to-date symlink: /home/maanavjugalshah/SwarmAero/ros2_ws/install/px4_msgs/include/px4_msgs/px4_msgs/msg/detail/navigator_mission_item__traits.hpp\n'}
[1.505749] (px4_msgs) StdoutLine: {'line': b'-- Up-to-date symlink: /home/maanavjugalshah/SwarmAero/ros2_ws/install/px4_msgs/include/px4_msgs/px4_msgs/msg/detail/navigator_mission_item__type_support.hpp\n'}
[1.506404] (px4_msgs) StdoutLine: {'line': b'-- Up-to-date symlink: /home/maanavjugalshah/SwarmAero/ros2_ws/install/px4_msgs/include/px4_msgs/px4_msgs/msg/detail/navigator_status__builder.hpp\n'}
[1.506503] (px4_msgs) StdoutLine: {'line': b'-- Up-to-date symlink: /home/maanavjugalshah/SwarmAero/ros2_ws/install/px4_msgs/include/px4_msgs/px4_msgs/msg/detail/navigator_status__struct.hpp\n'}
[1.506592] (px4_msgs) StdoutLine: {'line': b'-- Up-to-date symlink: /home/maanavjugalshah/SwarmAero/ros2_ws/install/px4_msgs/include/px4_msgs/px4_msgs/msg/detail/navigator_status__traits.hpp\n'}
[1.506695] (px4_msgs) StdoutLine: {'line': b'-- Up-to-date symlink: /home/maanavjugalshah/SwarmAero/ros2_ws/install/px4_msgs/include/px4_msgs/px4_msgs/msg/detail/navigator_status__type_support.hpp\n'}
[1.506876] (px4_msgs) StdoutLine: {'line': b'-- Up-to-date symlink: /home/maanavjugalshah/SwarmAero/ros2_ws/install/px4_msgs/include/px4_msgs/px4_msgs/msg/detail/neural_control__builder.hpp\n'}
[1.506966] (px4_msgs) StdoutLine: {'line': b'-- Up-to-date symlink: /home/maanavjugalshah/SwarmAero/ros2_ws/install/px4_msgs/include/px4_msgs/px4_msgs/msg/detail/neural_control__struct.hpp\n'}
[1.507251] (px4_msgs) StdoutLine: {'line': b'-- Up-to-date symlink: /home/maanavjugalshah/SwarmAero/ros2_ws/install/px4_msgs/include/px4_msgs/px4_msgs/msg/detail/neural_control__traits.hpp\n'}
[1.507470] (px4_msgs) StdoutLine: {'line': b'-- Up-to-date symlink: /home/maanavjugalshah/SwarmAero/ros2_ws/install/px4_msgs/include/px4_msgs/px4_msgs/msg/detail/neural_control__type_support.hpp\n'}
[1.507773] (px4_msgs) StdoutLine: {'line': b'-- Up-to-date symlink: /home/maanavjugalshah/SwarmAero/ros2_ws/install/px4_msgs/include/px4_msgs/px4_msgs/msg/detail/normalized_unsigned_setpoint__builder.hpp\n'}
[1.507839] (px4_msgs) StdoutLine: {'line': b'-- Up-to-date symlink: /home/maanavjugalshah/SwarmAero/ros2_ws/install/px4_msgs/include/px4_msgs/px4_msgs/msg/detail/normalized_unsigned_setpoint__struct.hpp\n'}
[1.508009] (px4_msgs) StdoutLine: {'line': b'-- Up-to-date symlink: /home/maanavjugalshah/SwarmAero/ros2_ws/install/px4_msgs/include/px4_msgs/px4_msgs/msg/detail/normalized_unsigned_setpoint__traits.hpp\n'}
[1.508113] (px4_msgs) StdoutLine: {'line': b'-- Up-to-date symlink: /home/maanavjugalshah/SwarmAero/ros2_ws/install/px4_msgs/include/px4_msgs/px4_msgs/msg/detail/normalized_unsigned_setpoint__type_support.hpp\n'}
[1.508184] (px4_msgs) StdoutLine: {'line': b'-- Up-to-date symlink: /home/maanavjugalshah/SwarmAero/ros2_ws/install/px4_msgs/include/px4_msgs/px4_msgs/msg/detail/obstacle_distance__builder.hpp\n'}
[1.508397] (px4_msgs) StdoutLine: {'line': b'-- Up-to-date symlink: /home/maanavjugalshah/SwarmAero/ros2_ws/install/px4_msgs/include/px4_msgs/px4_msgs/msg/detail/obstacle_distance__struct.hpp\n'}
[1.508621] (px4_msgs) StdoutLine: {'line': b'-- Up-to-date symlink: /home/maanavjugalshah/SwarmAero/ros2_ws/install/px4_msgs/include/px4_msgs/px4_msgs/msg/detail/obstacle_distance__traits.hpp\n'}
[1.508795] (px4_msgs) StdoutLine: {'line': b'-- Up-to-date symlink: /home/maanavjugalshah/SwarmAero/ros2_ws/install/px4_msgs/include/px4_msgs/px4_msgs/msg/detail/obstacle_distance__type_support.hpp\n'}
[1.508953] (px4_msgs) StdoutLine: {'line': b'-- Up-to-date symlink: /home/maanavjugalshah/SwarmAero/ros2_ws/install/px4_msgs/include/px4_msgs/px4_msgs/msg/detail/offboard_control_mode__builder.hpp\n'}
[1.509033] (px4_msgs) StdoutLine: {'line': b'-- Up-to-date symlink: /home/maanavjugalshah/SwarmAero/ros2_ws/install/px4_msgs/include/px4_msgs/px4_msgs/msg/detail/offboard_control_mode__struct.hpp\n'}
[1.509116] (px4_msgs) StdoutLine: {'line': b'-- Up-to-date symlink: /home/maanavjugalshah/SwarmAero/ros2_ws/install/px4_msgs/include/px4_msgs/px4_msgs/msg/detail/offboard_control_mode__traits.hpp\n'}
[1.509232] (px4_msgs) StdoutLine: {'line': b'-- Up-to-date symlink: /home/maanavjugalshah/SwarmAero/ros2_ws/install/px4_msgs/include/px4_msgs/px4_msgs/msg/detail/offboard_control_mode__type_support.hpp\n'}
[1.509317] (px4_msgs) StdoutLine: {'line': b'-- Up-to-date symlink: /home/maanavjugalshah/SwarmAero/ros2_ws/install/px4_msgs/include/px4_msgs/px4_msgs/msg/detail/onboard_computer_status__builder.hpp\n'}
[1.509385] (px4_msgs) StdoutLine: {'line': b'-- Up-to-date symlink: /home/maanavjugalshah/SwarmAero/ros2_ws/install/px4_msgs/include/px4_msgs/px4_msgs/msg/detail/onboard_computer_status__struct.hpp\n'}
[1.509452] (px4_msgs) StdoutLine: {'line': b'-- Up-to-date symlink: /home/maanavjugalshah/SwarmAero/ros2_ws/install/px4_msgs/include/px4_msgs/px4_msgs/msg/detail/onboard_computer_status__traits.hpp\n'}
[1.509539] (px4_msgs) StdoutLine: {'line': b'-- Up-to-date symlink: /home/maanavjugalshah/SwarmAero/ros2_ws/install/px4_msgs/include/px4_msgs/px4_msgs/msg/detail/onboard_computer_status__type_support.hpp\n'}
[1.509649] (px4_msgs) StdoutLine: {'line': b'-- Up-to-date symlink: /home/maanavjugalshah/SwarmAero/ros2_ws/install/px4_msgs/include/px4_msgs/px4_msgs/msg/detail/open_drone_id_arm_status__builder.hpp\n'}
[1.510357] (px4_msgs) StdoutLine: {'line': b'-- Up-to-date symlink: /home/maanavjugalshah/SwarmAero/ros2_ws/install/px4_msgs/include/px4_msgs/px4_msgs/msg/detail/open_drone_id_arm_status__struct.hpp\n'}
[1.510577] (px4_msgs) StdoutLine: {'line': b'-- Up-to-date symlink: /home/maanavjugalshah/SwarmAero/ros2_ws/install/px4_msgs/include/px4_msgs/px4_msgs/msg/detail/open_drone_id_arm_status__traits.hpp\n'}
[1.510651] (px4_msgs) StdoutLine: {'line': b'-- Up-to-date symlink: /home/maanavjugalshah/SwarmAero/ros2_ws/install/px4_msgs/include/px4_msgs/px4_msgs/msg/detail/open_drone_id_arm_status__type_support.hpp\n'}
[1.510844] (px4_msgs) StdoutLine: {'line': b'-- Up-to-date symlink: /home/maanavjugalshah/SwarmAero/ros2_ws/install/px4_msgs/include/px4_msgs/px4_msgs/msg/detail/open_drone_id_operator_id__builder.hpp\n'}
[1.511080] (px4_msgs) StdoutLine: {'line': b'-- Up-to-date symlink: /home/maanavjugalshah/SwarmAero/ros2_ws/install/px4_msgs/include/px4_msgs/px4_msgs/msg/detail/open_drone_id_operator_id__struct.hpp\n'}
[1.511133] (px4_msgs) StdoutLine: {'line': b'-- Up-to-date symlink: /home/maanavjugalshah/SwarmAero/ros2_ws/install/px4_msgs/include/px4_msgs/px4_msgs/msg/detail/open_drone_id_operator_id__traits.hpp\n'}
[1.511174] (px4_msgs) StdoutLine: {'line': b'-- Up-to-date symlink: /home/maanavjugalshah/SwarmAero/ros2_ws/install/px4_msgs/include/px4_msgs/px4_msgs/msg/detail/open_drone_id_operator_id__type_support.hpp\n'}
[1.511458] (px4_msgs) StdoutLine: {'line': b'-- Up-to-date symlink: /home/maanavjugalshah/SwarmAero/ros2_ws/install/px4_msgs/include/px4_msgs/px4_msgs/msg/detail/open_drone_id_self_id__builder.hpp\n'}
[1.511678] (px4_msgs) StdoutLine: {'line': b'-- Up-to-date symlink: /home/maanavjugalshah/SwarmAero/ros2_ws/install/px4_msgs/include/px4_msgs/px4_msgs/msg/detail/open_drone_id_self_id__struct.hpp\n'}
[1.512074] (px4_msgs) StdoutLine: {'line': b'-- Up-to-date symlink: /home/maanavjugalshah/SwarmAero/ros2_ws/install/px4_msgs/include/px4_msgs/px4_msgs/msg/detail/open_drone_id_self_id__traits.hpp\n'}
[1.512194] (px4_msgs) StdoutLine: {'line': b'-- Up-to-date symlink: /home/maanavjugalshah/SwarmAero/ros2_ws/install/px4_msgs/include/px4_msgs/px4_msgs/msg/detail/open_drone_id_self_id__type_support.hpp\n'}
[1.512384] (px4_msgs) StdoutLine: {'line': b'-- Up-to-date symlink: /home/maanavjugalshah/SwarmAero/ros2_ws/install/px4_msgs/include/px4_msgs/px4_msgs/msg/detail/open_drone_id_system__builder.hpp\n'}
[1.512579] (px4_msgs) StdoutLine: {'line': b'-- Up-to-date symlink: /home/maanavjugalshah/SwarmAero/ros2_ws/install/px4_msgs/include/px4_msgs/px4_msgs/msg/detail/open_drone_id_system__struct.hpp\n'}
[1.512850] (px4_msgs) StdoutLine: {'line': b'-- Up-to-date symlink: /home/maanavjugalshah/SwarmAero/ros2_ws/install/px4_msgs/include/px4_msgs/px4_msgs/msg/detail/open_drone_id_system__traits.hpp\n'}
[1.512930] (px4_msgs) StdoutLine: {'line': b'-- Up-to-date symlink: /home/maanavjugalshah/SwarmAero/ros2_ws/install/px4_msgs/include/px4_msgs/px4_msgs/msg/detail/open_drone_id_system__type_support.hpp\n'}
[1.513114] (px4_msgs) StdoutLine: {'line': b'-- Up-to-date symlink: /home/maanavjugalshah/SwarmAero/ros2_ws/install/px4_msgs/include/px4_msgs/px4_msgs/msg/detail/orb_test__builder.hpp\n'}
[1.513269] (px4_msgs) StdoutLine: {'line': b'-- Up-to-date symlink: /home/maanavjugalshah/SwarmAero/ros2_ws/install/px4_msgs/include/px4_msgs/px4_msgs/msg/detail/orb_test__struct.hpp\n'}
[1.513357] (px4_msgs) StdoutLine: {'line': b'-- Up-to-date symlink: /home/maanavjugalshah/SwarmAero/ros2_ws/install/px4_msgs/include/px4_msgs/px4_msgs/msg/detail/orb_test__traits.hpp\n'}
[1.513442] (px4_msgs) StdoutLine: {'line': b'-- Up-to-date symlink: /home/maanavjugalshah/SwarmAero/ros2_ws/install/px4_msgs/include/px4_msgs/px4_msgs/msg/detail/orb_test__type_support.hpp\n'}
[1.513546] (px4_msgs) StdoutLine: {'line': b'-- Up-to-date symlink: /home/maanavjugalshah/SwarmAero/ros2_ws/install/px4_msgs/include/px4_msgs/px4_msgs/msg/detail/orb_test_large__builder.hpp\n'}
[1.513945] (px4_msgs) StdoutLine: {'line': b'-- Up-to-date symlink: /home/maanavjugalshah/SwarmAero/ros2_ws/install/px4_msgs/include/px4_msgs/px4_msgs/msg/detail/orb_test_large__struct.hpp\n'}
[1.514262] (px4_msgs) StdoutLine: {'line': b'-- Up-to-date symlink: /home/maanavjugalshah/SwarmAero/ros2_ws/install/px4_msgs/include/px4_msgs/px4_msgs/msg/detail/orb_test_large__traits.hpp\n'}
[1.514532] (px4_msgs) StdoutLine: {'line': b'-- Up-to-date symlink: /home/maanavjugalshah/SwarmAero/ros2_ws/install/px4_msgs/include/px4_msgs/px4_msgs/msg/detail/orb_test_large__type_support.hpp\n'}
[1.514641] (px4_msgs) StdoutLine: {'line': b'-- Up-to-date symlink: /home/maanavjugalshah/SwarmAero/ros2_ws/install/px4_msgs/include/px4_msgs/px4_msgs/msg/detail/orb_test_medium__builder.hpp\n'}
[1.514834] (px4_msgs) StdoutLine: {'line': b'-- Up-to-date symlink: /home/maanavjugalshah/SwarmAero/ros2_ws/install/px4_msgs/include/px4_msgs/px4_msgs/msg/detail/orb_test_medium__struct.hpp\n'}
[1.514943] (px4_msgs) StdoutLine: {'line': b'-- Up-to-date symlink: /home/maanavjugalshah/SwarmAero/ros2_ws/install/px4_msgs/include/px4_msgs/px4_msgs/msg/detail/orb_test_medium__traits.hpp\n'}
[1.515190] (px4_msgs) StdoutLine: {'line': b'-- Up-to-date symlink: /home/maanavjugalshah/SwarmAero/ros2_ws/install/px4_msgs/include/px4_msgs/px4_msgs/msg/detail/orb_test_medium__type_support.hpp\n'}
[1.515373] (px4_msgs) StdoutLine: {'line': b'-- Up-to-date symlink: /home/maanavjugalshah/SwarmAero/ros2_ws/install/px4_msgs/include/px4_msgs/px4_msgs/msg/detail/orbit_status__builder.hpp\n'}
[1.515505] (px4_msgs) StdoutLine: {'line': b'-- Up-to-date symlink: /home/maanavjugalshah/SwarmAero/ros2_ws/install/px4_msgs/include/px4_msgs/px4_msgs/msg/detail/orbit_status__struct.hpp\n'}
[1.515547] (px4_msgs) StdoutLine: {'line': b'-- Up-to-date symlink: /home/maanavjugalshah/SwarmAero/ros2_ws/install/px4_msgs/include/px4_msgs/px4_msgs/msg/detail/orbit_status__traits.hpp\n'}
[1.515604] (px4_msgs) StdoutLine: {'line': b'-- Up-to-date symlink: /home/maanavjugalshah/SwarmAero/ros2_ws/install/px4_msgs/include/px4_msgs/px4_msgs/msg/detail/orbit_status__type_support.hpp\n'}
[1.515796] (px4_msgs) StdoutLine: {'line': b'-- Up-to-date symlink: /home/maanavjugalshah/SwarmAero/ros2_ws/install/px4_msgs/include/px4_msgs/px4_msgs/msg/detail/parameter_reset_request__builder.hpp\n'}
[1.515984] (px4_msgs) StdoutLine: {'line': b'-- Up-to-date symlink: /home/maanavjugalshah/SwarmAero/ros2_ws/install/px4_msgs/include/px4_msgs/px4_msgs/msg/detail/parameter_reset_request__struct.hpp\n'}
[1.516140] (px4_msgs) StdoutLine: {'line': b'-- Up-to-date symlink: /home/maanavjugalshah/SwarmAero/ros2_ws/install/px4_msgs/include/px4_msgs/px4_msgs/msg/detail/parameter_reset_request__traits.hpp\n'}
[1.516228] (px4_msgs) StdoutLine: {'line': b'-- Up-to-date symlink: /home/maanavjugalshah/SwarmAero/ros2_ws/install/px4_msgs/include/px4_msgs/px4_msgs/msg/detail/parameter_reset_request__type_support.hpp\n'}
[1.516456] (px4_msgs) StdoutLine: {'line': b'-- Up-to-date symlink: /home/maanavjugalshah/SwarmAero/ros2_ws/install/px4_msgs/include/px4_msgs/px4_msgs/msg/detail/parameter_set_used_request__builder.hpp\n'}
[1.516574] (px4_msgs) StdoutLine: {'line': b'-- Up-to-date symlink: /home/maanavjugalshah/SwarmAero/ros2_ws/install/px4_msgs/include/px4_msgs/px4_msgs/msg/detail/parameter_set_used_request__struct.hpp\n'}
[1.516647] (px4_msgs) StdoutLine: {'line': b'-- Up-to-date symlink: /home/maanavjugalshah/SwarmAero/ros2_ws/install/px4_msgs/include/px4_msgs/px4_msgs/msg/detail/parameter_set_used_request__traits.hpp\n'}
[1.516762] (px4_msgs) StdoutLine: {'line': b'-- Up-to-date symlink: /home/maanavjugalshah/SwarmAero/ros2_ws/install/px4_msgs/include/px4_msgs/px4_msgs/msg/detail/parameter_set_used_request__type_support.hpp\n'}
[1.516928] (px4_msgs) StdoutLine: {'line': b'-- Up-to-date symlink: /home/maanavjugalshah/SwarmAero/ros2_ws/install/px4_msgs/include/px4_msgs/px4_msgs/msg/detail/parameter_set_value_request__builder.hpp\n'}
[1.517175] (px4_msgs) StdoutLine: {'line': b'-- Up-to-date symlink: /home/maanavjugalshah/SwarmAero/ros2_ws/install/px4_msgs/include/px4_msgs/px4_msgs/msg/detail/parameter_set_value_request__struct.hpp\n'}
[1.517400] (px4_msgs) StdoutLine: {'line': b'-- Up-to-date symlink: /home/maanavjugalshah/SwarmAero/ros2_ws/install/px4_msgs/include/px4_msgs/px4_msgs/msg/detail/parameter_set_value_request__traits.hpp\n'}
[1.517498] (px4_msgs) StdoutLine: {'line': b'-- Up-to-date symlink: /home/maanavjugalshah/SwarmAero/ros2_ws/install/px4_msgs/include/px4_msgs/px4_msgs/msg/detail/parameter_set_value_request__type_support.hpp\n'}
[1.517849] (px4_msgs) StdoutLine: {'line': b'-- Up-to-date symlink: /home/maanavjugalshah/SwarmAero/ros2_ws/install/px4_msgs/include/px4_msgs/px4_msgs/msg/detail/parameter_set_value_response__builder.hpp\n'}
[1.517942] (px4_msgs) StdoutLine: {'line': b'-- Up-to-date symlink: /home/maanavjugalshah/SwarmAero/ros2_ws/install/px4_msgs/include/px4_msgs/px4_msgs/msg/detail/parameter_set_value_response__struct.hpp\n'}
[1.518023] (px4_msgs) StdoutLine: {'line': b'-- Up-to-date symlink: /home/maanavjugalshah/SwarmAero/ros2_ws/install/px4_msgs/include/px4_msgs/px4_msgs/msg/detail/parameter_set_value_response__traits.hpp\n'}
[1.518249] (px4_msgs) StdoutLine: {'line': b'-- Up-to-date symlink: /home/maanavjugalshah/SwarmAero/ros2_ws/install/px4_msgs/include/px4_msgs/px4_msgs/msg/detail/parameter_set_value_response__type_support.hpp\n'}
[1.518446] (px4_msgs) StdoutLine: {'line': b'-- Up-to-date symlink: /home/maanavjugalshah/SwarmAero/ros2_ws/install/px4_msgs/include/px4_msgs/px4_msgs/msg/detail/parameter_update__builder.hpp\n'}
[1.518870] (px4_msgs) StdoutLine: {'line': b'-- Up-to-date symlink: /home/maanavjugalshah/SwarmAero/ros2_ws/install/px4_msgs/include/px4_msgs/px4_msgs/msg/detail/parameter_update__struct.hpp\n'}
[1.519168] (px4_msgs) StdoutLine: {'line': b'-- Up-to-date symlink: /home/maanavjugalshah/SwarmAero/ros2_ws/install/px4_msgs/include/px4_msgs/px4_msgs/msg/detail/parameter_update__traits.hpp\n'}
[1.519332] (px4_msgs) StdoutLine: {'line': b'-- Up-to-date symlink: /home/maanavjugalshah/SwarmAero/ros2_ws/install/px4_msgs/include/px4_msgs/px4_msgs/msg/detail/parameter_update__type_support.hpp\n'}
[1.519511] (px4_msgs) StdoutLine: {'line': b'-- Up-to-date symlink: /home/maanavjugalshah/SwarmAero/ros2_ws/install/px4_msgs/include/px4_msgs/px4_msgs/msg/detail/ping__builder.hpp\n'}
[1.519698] (px4_msgs) StdoutLine: {'line': b'-- Up-to-date symlink: /home/maanavjugalshah/SwarmAero/ros2_ws/install/px4_msgs/include/px4_msgs/px4_msgs/msg/detail/ping__struct.hpp\n'}
[1.519790] (px4_msgs) StdoutLine: {'line': b'-- Up-to-date symlink: /home/maanavjugalshah/SwarmAero/ros2_ws/install/px4_msgs/include/px4_msgs/px4_msgs/msg/detail/ping__traits.hpp\n'}
[1.519922] (px4_msgs) StdoutLine: {'line': b'-- Up-to-date symlink: /home/maanavjugalshah/SwarmAero/ros2_ws/install/px4_msgs/include/px4_msgs/px4_msgs/msg/detail/ping__type_support.hpp\n'}
[1.519962] (px4_msgs) StdoutLine: {'line': b'-- Up-to-date symlink: /home/maanavjugalshah/SwarmAero/ros2_ws/install/px4_msgs/include/px4_msgs/px4_msgs/msg/detail/position_controller_landing_status__builder.hpp\n'}
[1.520148] (px4_msgs) StdoutLine: {'line': b'-- Up-to-date symlink: /home/maanavjugalshah/SwarmAero/ros2_ws/install/px4_msgs/include/px4_msgs/px4_msgs/msg/detail/position_controller_landing_status__struct.hpp\n'}
[1.520329] (px4_msgs) StdoutLine: {'line': b'-- Up-to-date symlink: /home/maanavjugalshah/SwarmAero/ros2_ws/install/px4_msgs/include/px4_msgs/px4_msgs/msg/detail/position_controller_landing_status__traits.hpp\n'}
[1.520580] (px4_msgs) StdoutLine: {'line': b'-- Up-to-date symlink: /home/maanavjugalshah/SwarmAero/ros2_ws/install/px4_msgs/include/px4_msgs/px4_msgs/msg/detail/position_controller_landing_status__type_support.hpp\n'}
[1.520687] (px4_msgs) StdoutLine: {'line': b'-- Up-to-date symlink: /home/maanavjugalshah/SwarmAero/ros2_ws/install/px4_msgs/include/px4_msgs/px4_msgs/msg/detail/position_controller_status__builder.hpp\n'}
[1.520775] (px4_msgs) StdoutLine: {'line': b'-- Up-to-date symlink: /home/maanavjugalshah/SwarmAero/ros2_ws/install/px4_msgs/include/px4_msgs/px4_msgs/msg/detail/position_controller_status__struct.hpp\n'}
[1.520849] (px4_msgs) StdoutLine: {'line': b'-- Up-to-date symlink: /home/maanavjugalshah/SwarmAero/ros2_ws/install/px4_msgs/include/px4_msgs/px4_msgs/msg/detail/position_controller_status__traits.hpp\n'}
[1.520934] (px4_msgs) StdoutLine: {'line': b'-- Up-to-date symlink: /home/maanavjugalshah/SwarmAero/ros2_ws/install/px4_msgs/include/px4_msgs/px4_msgs/msg/detail/position_controller_status__type_support.hpp\n'}
[1.521021] (px4_msgs) StdoutLine: {'line': b'-- Up-to-date symlink: /home/maanavjugalshah/SwarmAero/ros2_ws/install/px4_msgs/include/px4_msgs/px4_msgs/msg/detail/position_setpoint__builder.hpp\n'}
[1.521311] (px4_msgs) StdoutLine: {'line': b'-- Up-to-date symlink: /home/maanavjugalshah/SwarmAero/ros2_ws/install/px4_msgs/include/px4_msgs/px4_msgs/msg/detail/position_setpoint__struct.hpp\n'}
[1.521363] (px4_msgs) StdoutLine: {'line': b'-- Up-to-date symlink: /home/maanavjugalshah/SwarmAero/ros2_ws/install/px4_msgs/include/px4_msgs/px4_msgs/msg/detail/position_setpoint__traits.hpp\n'}
[1.521409] (px4_msgs) StdoutLine: {'line': b'-- Up-to-date symlink: /home/maanavjugalshah/SwarmAero/ros2_ws/install/px4_msgs/include/px4_msgs/px4_msgs/msg/detail/position_setpoint__type_support.hpp\n'}
[1.521527] (px4_msgs) StdoutLine: {'line': b'-- Up-to-date symlink: /home/maanavjugalshah/SwarmAero/ros2_ws/install/px4_msgs/include/px4_msgs/px4_msgs/msg/detail/position_setpoint_triplet__builder.hpp\n'}
[1.521932] (px4_msgs) StdoutLine: {'line': b'-- Up-to-date symlink: /home/maanavjugalshah/SwarmAero/ros2_ws/install/px4_msgs/include/px4_msgs/px4_msgs/msg/detail/position_setpoint_triplet__struct.hpp\n'}
[1.522150] (px4_msgs) StdoutLine: {'line': b'-- Up-to-date symlink: /home/maanavjugalshah/SwarmAero/ros2_ws/install/px4_msgs/include/px4_msgs/px4_msgs/msg/detail/position_setpoint_triplet__traits.hpp\n'}
[1.522274] (px4_msgs) StdoutLine: {'line': b'-- Up-to-date symlink: /home/maanavjugalshah/SwarmAero/ros2_ws/install/px4_msgs/include/px4_msgs/px4_msgs/msg/detail/position_setpoint_triplet__type_support.hpp\n'}
[1.522633] (px4_msgs) StdoutLine: {'line': b'-- Up-to-date symlink: /home/maanavjugalshah/SwarmAero/ros2_ws/install/px4_msgs/include/px4_msgs/px4_msgs/msg/detail/power_button_state__builder.hpp\n'}
[1.522850] (px4_msgs) StdoutLine: {'line': b'-- Up-to-date symlink: /home/maanavjugalshah/SwarmAero/ros2_ws/install/px4_msgs/include/px4_msgs/px4_msgs/msg/detail/power_button_state__struct.hpp\n'}
[1.523194] (px4_msgs) StdoutLine: {'line': b'-- Up-to-date symlink: /home/maanavjugalshah/SwarmAero/ros2_ws/install/px4_msgs/include/px4_msgs/px4_msgs/msg/detail/power_button_state__traits.hpp\n'}
[1.523403] (px4_msgs) StdoutLine: {'line': b'-- Up-to-date symlink: /home/maanavjugalshah/SwarmAero/ros2_ws/install/px4_msgs/include/px4_msgs/px4_msgs/msg/detail/power_button_state__type_support.hpp\n'}
[1.523546] (px4_msgs) StdoutLine: {'line': b'-- Up-to-date symlink: /home/maanavjugalshah/SwarmAero/ros2_ws/install/px4_msgs/include/px4_msgs/px4_msgs/msg/detail/power_monitor__builder.hpp\n'}
[1.523697] (px4_msgs) StdoutLine: {'line': b'-- Up-to-date symlink: /home/maanavjugalshah/SwarmAero/ros2_ws/install/px4_msgs/include/px4_msgs/px4_msgs/msg/detail/power_monitor__struct.hpp\n'}
[1.523971] (px4_msgs) StdoutLine: {'line': b'-- Up-to-date symlink: /home/maanavjugalshah/SwarmAero/ros2_ws/install/px4_msgs/include/px4_msgs/px4_msgs/msg/detail/power_monitor__traits.hpp\n'}
[1.524052] (px4_msgs) StdoutLine: {'line': b'-- Up-to-date symlink: /home/maanavjugalshah/SwarmAero/ros2_ws/install/px4_msgs/include/px4_msgs/px4_msgs/msg/detail/power_monitor__type_support.hpp\n'}
[1.524125] (px4_msgs) StdoutLine: {'line': b'-- Up-to-date symlink: /home/maanavjugalshah/SwarmAero/ros2_ws/install/px4_msgs/include/px4_msgs/px4_msgs/msg/detail/pps_capture__builder.hpp\n'}
[1.524225] (px4_msgs) StdoutLine: {'line': b'-- Up-to-date symlink: /home/maanavjugalshah/SwarmAero/ros2_ws/install/px4_msgs/include/px4_msgs/px4_msgs/msg/detail/pps_capture__struct.hpp\n'}
[1.524274] (px4_msgs) StdoutLine: {'line': b'-- Up-to-date symlink: /home/maanavjugalshah/SwarmAero/ros2_ws/install/px4_msgs/include/px4_msgs/px4_msgs/msg/detail/pps_capture__traits.hpp\n'}
[1.524535] (px4_msgs) StdoutLine: {'line': b'-- Up-to-date symlink: /home/maanavjugalshah/SwarmAero/ros2_ws/install/px4_msgs/include/px4_msgs/px4_msgs/msg/detail/pps_capture__type_support.hpp\n'}
[1.524731] (px4_msgs) StdoutLine: {'line': b'-- Up-to-date symlink: /home/maanavjugalshah/SwarmAero/ros2_ws/install/px4_msgs/include/px4_msgs/px4_msgs/msg/detail/pure_pursuit_status__builder.hpp\n'}
[1.524787] (px4_msgs) StdoutLine: {'line': b'-- Up-to-date symlink: /home/maanavjugalshah/SwarmAero/ros2_ws/install/px4_msgs/include/px4_msgs/px4_msgs/msg/detail/pure_pursuit_status__struct.hpp\n'}
[1.524873] (px4_msgs) StdoutLine: {'line': b'-- Up-to-date symlink: /home/maanavjugalshah/SwarmAero/ros2_ws/install/px4_msgs/include/px4_msgs/px4_msgs/msg/detail/pure_pursuit_status__traits.hpp\n'}
[1.525132] (px4_msgs) StdoutLine: {'line': b'-- Up-to-date symlink: /home/maanavjugalshah/SwarmAero/ros2_ws/install/px4_msgs/include/px4_msgs/px4_msgs/msg/detail/pure_pursuit_status__type_support.hpp\n'}
[1.525223] (px4_msgs) StdoutLine: {'line': b'-- Up-to-date symlink: /home/maanavjugalshah/SwarmAero/ros2_ws/install/px4_msgs/include/px4_msgs/px4_msgs/msg/detail/pwm_input__builder.hpp\n'}
[1.525417] (px4_msgs) StdoutLine: {'line': b'-- Up-to-date symlink: /home/maanavjugalshah/SwarmAero/ros2_ws/install/px4_msgs/include/px4_msgs/px4_msgs/msg/detail/pwm_input__struct.hpp\n'}
[1.525495] (px4_msgs) StdoutLine: {'line': b'-- Up-to-date symlink: /home/maanavjugalshah/SwarmAero/ros2_ws/install/px4_msgs/include/px4_msgs/px4_msgs/msg/detail/pwm_input__traits.hpp\n'}
[1.525802] (px4_msgs) StdoutLine: {'line': b'-- Up-to-date symlink: /home/maanavjugalshah/SwarmAero/ros2_ws/install/px4_msgs/include/px4_msgs/px4_msgs/msg/detail/pwm_input__type_support.hpp\n'}
[1.526048] (px4_msgs) StdoutLine: {'line': b'-- Up-to-date symlink: /home/maanavjugalshah/SwarmAero/ros2_ws/install/px4_msgs/include/px4_msgs/px4_msgs/msg/detail/px4io_status__builder.hpp\n'}
[1.526336] (px4_msgs) StdoutLine: {'line': b'-- Up-to-date symlink: /home/maanavjugalshah/SwarmAero/ros2_ws/install/px4_msgs/include/px4_msgs/px4_msgs/msg/detail/px4io_status__struct.hpp\n'}
[1.526389] (px4_msgs) StdoutLine: {'line': b'-- Up-to-date symlink: /home/maanavjugalshah/SwarmAero/ros2_ws/install/px4_msgs/include/px4_msgs/px4_msgs/msg/detail/px4io_status__traits.hpp\n'}
[1.526629] (px4_msgs) StdoutLine: {'line': b'-- Up-to-date symlink: /home/maanavjugalshah/SwarmAero/ros2_ws/install/px4_msgs/include/px4_msgs/px4_msgs/msg/detail/px4io_status__type_support.hpp\n'}
[1.526992] (px4_msgs) StdoutLine: {'line': b'-- Up-to-date symlink: /home/maanavjugalshah/SwarmAero/ros2_ws/install/px4_msgs/include/px4_msgs/px4_msgs/msg/detail/qshell_req__builder.hpp\n'}
[1.527052] (px4_msgs) StdoutLine: {'line': b'-- Up-to-date symlink: /home/maanavjugalshah/SwarmAero/ros2_ws/install/px4_msgs/include/px4_msgs/px4_msgs/msg/detail/qshell_req__struct.hpp\n'}
[1.527093] (px4_msgs) StdoutLine: {'line': b'-- Up-to-date symlink: /home/maanavjugalshah/SwarmAero/ros2_ws/install/px4_msgs/include/px4_msgs/px4_msgs/msg/detail/qshell_req__traits.hpp\n'}
[1.527312] (px4_msgs) StdoutLine: {'line': b'-- Up-to-date symlink: /home/maanavjugalshah/SwarmAero/ros2_ws/install/px4_msgs/include/px4_msgs/px4_msgs/msg/detail/qshell_req__type_support.hpp\n'}
[1.527511] (px4_msgs) StdoutLine: {'line': b'-- Up-to-date symlink: /home/maanavjugalshah/SwarmAero/ros2_ws/install/px4_msgs/include/px4_msgs/px4_msgs/msg/detail/qshell_retval__builder.hpp\n'}
[1.527640] (px4_msgs) StdoutLine: {'line': b'-- Up-to-date symlink: /home/maanavjugalshah/SwarmAero/ros2_ws/install/px4_msgs/include/px4_msgs/px4_msgs/msg/detail/qshell_retval__struct.hpp\n'}
[1.527750] (px4_msgs) StdoutLine: {'line': b'-- Up-to-date symlink: /home/maanavjugalshah/SwarmAero/ros2_ws/install/px4_msgs/include/px4_msgs/px4_msgs/msg/detail/qshell_retval__traits.hpp\n'}
[1.527907] (px4_msgs) StdoutLine: {'line': b'-- Up-to-date symlink: /home/maanavjugalshah/SwarmAero/ros2_ws/install/px4_msgs/include/px4_msgs/px4_msgs/msg/detail/qshell_retval__type_support.hpp\n'}
[1.528120] (px4_msgs) StdoutLine: {'line': b'-- Up-to-date symlink: /home/maanavjugalshah/SwarmAero/ros2_ws/install/px4_msgs/include/px4_msgs/px4_msgs/msg/detail/radio_status__builder.hpp\n'}
[1.528311] (px4_msgs) StdoutLine: {'line': b'-- Up-to-date symlink: /home/maanavjugalshah/SwarmAero/ros2_ws/install/px4_msgs/include/px4_msgs/px4_msgs/msg/detail/radio_status__struct.hpp\n'}
[1.528433] (px4_msgs) StdoutLine: {'line': b'-- Up-to-date symlink: /home/maanavjugalshah/SwarmAero/ros2_ws/install/px4_msgs/include/px4_msgs/px4_msgs/msg/detail/radio_status__traits.hpp\n'}
[1.528573] (px4_msgs) StdoutLine: {'line': b'-- Up-to-date symlink: /home/maanavjugalshah/SwarmAero/ros2_ws/install/px4_msgs/include/px4_msgs/px4_msgs/msg/detail/radio_status__type_support.hpp\n'}
[1.528618] (px4_msgs) StdoutLine: {'line': b'-- Up-to-date symlink: /home/maanavjugalshah/SwarmAero/ros2_ws/install/px4_msgs/include/px4_msgs/px4_msgs/msg/detail/ranging_beacon__builder.hpp\n'}
[1.528657] (px4_msgs) StdoutLine: {'line': b'-- Up-to-date symlink: /home/maanavjugalshah/SwarmAero/ros2_ws/install/px4_msgs/include/px4_msgs/px4_msgs/msg/detail/ranging_beacon__struct.hpp\n'}
[1.528814] (px4_msgs) StdoutLine: {'line': b'-- Up-to-date symlink: /home/maanavjugalshah/SwarmAero/ros2_ws/install/px4_msgs/include/px4_msgs/px4_msgs/msg/detail/ranging_beacon__traits.hpp\n'}
[1.528858] (px4_msgs) StdoutLine: {'line': b'-- Up-to-date symlink: /home/maanavjugalshah/SwarmAero/ros2_ws/install/px4_msgs/include/px4_msgs/px4_msgs/msg/detail/ranging_beacon__type_support.hpp\n'}
[1.528897] (px4_msgs) StdoutLine: {'line': b'-- Up-to-date symlink: /home/maanavjugalshah/SwarmAero/ros2_ws/install/px4_msgs/include/px4_msgs/px4_msgs/msg/detail/raptor_input__builder.hpp\n'}
[1.528933] (px4_msgs) StdoutLine: {'line': b'-- Up-to-date symlink: /home/maanavjugalshah/SwarmAero/ros2_ws/install/px4_msgs/include/px4_msgs/px4_msgs/msg/detail/raptor_input__struct.hpp\n'}
[1.529013] (px4_msgs) StdoutLine: {'line': b'-- Up-to-date symlink: /home/maanavjugalshah/SwarmAero/ros2_ws/install/px4_msgs/include/px4_msgs/px4_msgs/msg/detail/raptor_input__traits.hpp\n'}
[1.529163] (px4_msgs) StdoutLine: {'line': b'-- Up-to-date symlink: /home/maanavjugalshah/SwarmAero/ros2_ws/install/px4_msgs/include/px4_msgs/px4_msgs/msg/detail/raptor_input__type_support.hpp\n'}
[1.529270] (px4_msgs) StdoutLine: {'line': b'-- Up-to-date symlink: /home/maanavjugalshah/SwarmAero/ros2_ws/install/px4_msgs/include/px4_msgs/px4_msgs/msg/detail/raptor_status__builder.hpp\n'}
[1.529321] (px4_msgs) StdoutLine: {'line': b'-- Up-to-date symlink: /home/maanavjugalshah/SwarmAero/ros2_ws/install/px4_msgs/include/px4_msgs/px4_msgs/msg/detail/raptor_status__struct.hpp\n'}
[1.529452] (px4_msgs) StdoutLine: {'line': b'-- Up-to-date symlink: /home/maanavjugalshah/SwarmAero/ros2_ws/install/px4_msgs/include/px4_msgs/px4_msgs/msg/detail/raptor_status__traits.hpp\n'}
[1.529654] (px4_msgs) StdoutLine: {'line': b'-- Up-to-date symlink: /home/maanavjugalshah/SwarmAero/ros2_ws/install/px4_msgs/include/px4_msgs/px4_msgs/msg/detail/raptor_status__type_support.hpp\n'}
[1.529920] (px4_msgs) StdoutLine: {'line': b'-- Up-to-date symlink: /home/maanavjugalshah/SwarmAero/ros2_ws/install/px4_msgs/include/px4_msgs/px4_msgs/msg/detail/rate_ctrl_status__builder.hpp\n'}
[1.530320] (px4_msgs) StdoutLine: {'line': b'-- Up-to-date symlink: /home/maanavjugalshah/SwarmAero/ros2_ws/install/px4_msgs/include/px4_msgs/px4_msgs/msg/detail/rate_ctrl_status__struct.hpp\n'}
[1.530370] (px4_msgs) StdoutLine: {'line': b'-- Up-to-date symlink: /home/maanavjugalshah/SwarmAero/ros2_ws/install/px4_msgs/include/px4_msgs/px4_msgs/msg/detail/rate_ctrl_status__traits.hpp\n'}
[1.530412] (px4_msgs) StdoutLine: {'line': b'-- Up-to-date symlink: /home/maanavjugalshah/SwarmAero/ros2_ws/install/px4_msgs/include/px4_msgs/px4_msgs/msg/detail/rate_ctrl_status__type_support.hpp\n'}
[1.530604] (px4_msgs) StdoutLine: {'line': b'-- Up-to-date symlink: /home/maanavjugalshah/SwarmAero/ros2_ws/install/px4_msgs/include/px4_msgs/px4_msgs/msg/detail/rc_channels__builder.hpp\n'}
[1.530680] (px4_msgs) StdoutLine: {'line': b'-- Up-to-date symlink: /home/maanavjugalshah/SwarmAero/ros2_ws/install/px4_msgs/include/px4_msgs/px4_msgs/msg/detail/rc_channels__struct.hpp\n'}
[1.530749] (px4_msgs) StdoutLine: {'line': b'-- Up-to-date symlink: /home/maanavjugalshah/SwarmAero/ros2_ws/install/px4_msgs/include/px4_msgs/px4_msgs/msg/detail/rc_channels__traits.hpp\n'}
[1.530935] (px4_msgs) StdoutLine: {'line': b'-- Up-to-date symlink: /home/maanavjugalshah/SwarmAero/ros2_ws/install/px4_msgs/include/px4_msgs/px4_msgs/msg/detail/rc_channels__type_support.hpp\n'}
[1.530984] (px4_msgs) StdoutLine: {'line': b'-- Up-to-date symlink: /home/maanavjugalshah/SwarmAero/ros2_ws/install/px4_msgs/include/px4_msgs/px4_msgs/msg/detail/rc_parameter_map__builder.hpp\n'}
[1.531082] (px4_msgs) StdoutLine: {'line': b'-- Up-to-date symlink: /home/maanavjugalshah/SwarmAero/ros2_ws/install/px4_msgs/include/px4_msgs/px4_msgs/msg/detail/rc_parameter_map__struct.hpp\n'}
[1.531181] (px4_msgs) StdoutLine: {'line': b'-- Up-to-date symlink: /home/maanavjugalshah/SwarmAero/ros2_ws/install/px4_msgs/include/px4_msgs/px4_msgs/msg/detail/rc_parameter_map__traits.hpp\n'}
[1.531359] (px4_msgs) StdoutLine: {'line': b'-- Up-to-date symlink: /home/maanavjugalshah/SwarmAero/ros2_ws/install/px4_msgs/include/px4_msgs/px4_msgs/msg/detail/rc_parameter_map__type_support.hpp\n'}
[1.531433] (px4_msgs) StdoutLine: {'line': b'-- Up-to-date symlink: /home/maanavjugalshah/SwarmAero/ros2_ws/install/px4_msgs/include/px4_msgs/px4_msgs/msg/detail/register_ext_component_reply__builder.hpp\n'}
[1.531560] (px4_msgs) StdoutLine: {'line': b'-- Up-to-date symlink: /home/maanavjugalshah/SwarmAero/ros2_ws/install/px4_msgs/include/px4_msgs/px4_msgs/msg/detail/register_ext_component_reply__struct.hpp\n'}
[1.531698] (px4_msgs) StdoutLine: {'line': b'-- Up-to-date symlink: /home/maanavjugalshah/SwarmAero/ros2_ws/install/px4_msgs/include/px4_msgs/px4_msgs/msg/detail/register_ext_component_reply__traits.hpp\n'}
[1.531785] (px4_msgs) StdoutLine: {'line': b'-- Up-to-date symlink: /home/maanavjugalshah/SwarmAero/ros2_ws/install/px4_msgs/include/px4_msgs/px4_msgs/msg/detail/register_ext_component_reply__type_support.hpp\n'}
[1.531853] (px4_msgs) StdoutLine: {'line': b'-- Up-to-date symlink: /home/maanavjugalshah/SwarmAero/ros2_ws/install/px4_msgs/include/px4_msgs/px4_msgs/msg/detail/register_ext_component_request__builder.hpp\n'}
[1.532004] (px4_msgs) StdoutLine: {'line': b'-- Up-to-date symlink: /home/maanavjugalshah/SwarmAero/ros2_ws/install/px4_msgs/include/px4_msgs/px4_msgs/msg/detail/register_ext_component_request__struct.hpp\n'}
[1.532147] (px4_msgs) StdoutLine: {'line': b'-- Up-to-date symlink: /home/maanavjugalshah/SwarmAero/ros2_ws/install/px4_msgs/include/px4_msgs/px4_msgs/msg/detail/register_ext_component_request__traits.hpp\n'}
[1.532192] (px4_msgs) StdoutLine: {'line': b'-- Up-to-date symlink: /home/maanavjugalshah/SwarmAero/ros2_ws/install/px4_msgs/include/px4_msgs/px4_msgs/msg/detail/register_ext_component_request__type_support.hpp\n'}
[1.532295] (px4_msgs) StdoutLine: {'line': b'-- Up-to-date symlink: /home/maanavjugalshah/SwarmAero/ros2_ws/install/px4_msgs/include/px4_msgs/px4_msgs/msg/detail/rover_attitude_setpoint__builder.hpp\n'}
[1.532410] (px4_msgs) StdoutLine: {'line': b'-- Up-to-date symlink: /home/maanavjugalshah/SwarmAero/ros2_ws/install/px4_msgs/include/px4_msgs/px4_msgs/msg/detail/rover_attitude_setpoint__struct.hpp\n'}
[1.532508] (px4_msgs) StdoutLine: {'line': b'-- Up-to-date symlink: /home/maanavjugalshah/SwarmAero/ros2_ws/install/px4_msgs/include/px4_msgs/px4_msgs/msg/detail/rover_attitude_setpoint__traits.hpp\n'}
[1.532713] (px4_msgs) StdoutLine: {'line': b'-- Up-to-date symlink: /home/maanavjugalshah/SwarmAero/ros2_ws/install/px4_msgs/include/px4_msgs/px4_msgs/msg/detail/rover_attitude_setpoint__type_support.hpp\n'}
[1.532827] (px4_msgs) StdoutLine: {'line': b'-- Up-to-date symlink: /home/maanavjugalshah/SwarmAero/ros2_ws/install/px4_msgs/include/px4_msgs/px4_msgs/msg/detail/rover_attitude_status__builder.hpp\n'}
[1.532940] (px4_msgs) StdoutLine: {'line': b'-- Up-to-date symlink: /home/maanavjugalshah/SwarmAero/ros2_ws/install/px4_msgs/include/px4_msgs/px4_msgs/msg/detail/rover_attitude_status__struct.hpp\n'}
[1.533117] (px4_msgs) StdoutLine: {'line': b'-- Up-to-date symlink: /home/maanavjugalshah/SwarmAero/ros2_ws/install/px4_msgs/include/px4_msgs/px4_msgs/msg/detail/rover_attitude_status__traits.hpp\n'}
[1.533254] (px4_msgs) StdoutLine: {'line': b'-- Up-to-date symlink: /home/maanavjugalshah/SwarmAero/ros2_ws/install/px4_msgs/include/px4_msgs/px4_msgs/msg/detail/rover_attitude_status__type_support.hpp\n'}
[1.533305] (px4_msgs) StdoutLine: {'line': b'-- Up-to-date symlink: /home/maanavjugalshah/SwarmAero/ros2_ws/install/px4_msgs/include/px4_msgs/px4_msgs/msg/detail/rover_position_setpoint__builder.hpp\n'}
[1.533421] (px4_msgs) StdoutLine: {'line': b'-- Up-to-date symlink: /home/maanavjugalshah/SwarmAero/ros2_ws/install/px4_msgs/include/px4_msgs/px4_msgs/msg/detail/rover_position_setpoint__struct.hpp\n'}
[1.533509] (px4_msgs) StdoutLine: {'line': b'-- Up-to-date symlink: /home/maanavjugalshah/SwarmAero/ros2_ws/install/px4_msgs/include/px4_msgs/px4_msgs/msg/detail/rover_position_setpoint__traits.hpp\n'}
[1.533923] (px4_msgs) StdoutLine: {'line': b'-- Up-to-date symlink: /home/maanavjugalshah/SwarmAero/ros2_ws/install/px4_msgs/include/px4_msgs/px4_msgs/msg/detail/rover_position_setpoint__type_support.hpp\n'}
[1.534057] (px4_msgs) StdoutLine: {'line': b'-- Up-to-date symlink: /home/maanavjugalshah/SwarmAero/ros2_ws/install/px4_msgs/include/px4_msgs/px4_msgs/msg/detail/rover_rate_setpoint__builder.hpp\n'}
[1.534122] (px4_msgs) StdoutLine: {'line': b'-- Up-to-date symlink: /home/maanavjugalshah/SwarmAero/ros2_ws/install/px4_msgs/include/px4_msgs/px4_msgs/msg/detail/rover_rate_setpoint__struct.hpp\n'}
[1.534174] (px4_msgs) StdoutLine: {'line': b'-- Up-to-date symlink: /home/maanavjugalshah/SwarmAero/ros2_ws/install/px4_msgs/include/px4_msgs/px4_msgs/msg/detail/rover_rate_setpoint__traits.hpp\n'}
[1.534239] (px4_msgs) StdoutLine: {'line': b'-- Up-to-date symlink: /home/maanavjugalshah/SwarmAero/ros2_ws/install/px4_msgs/include/px4_msgs/px4_msgs/msg/detail/rover_rate_setpoint__type_support.hpp\n'}
[1.534669] (px4_msgs) StdoutLine: {'line': b'-- Up-to-date symlink: /home/maanavjugalshah/SwarmAero/ros2_ws/install/px4_msgs/include/px4_msgs/px4_msgs/msg/detail/rover_rate_status__builder.hpp\n'}
[1.534808] (px4_msgs) StdoutLine: {'line': b'-- Up-to-date symlink: /home/maanavjugalshah/SwarmAero/ros2_ws/install/px4_msgs/include/px4_msgs/px4_msgs/msg/detail/rover_rate_status__struct.hpp\n'}
[1.534901] (px4_msgs) StdoutLine: {'line': b'-- Up-to-date symlink: /home/maanavjugalshah/SwarmAero/ros2_ws/install/px4_msgs/include/px4_msgs/px4_msgs/msg/detail/rover_rate_status__traits.hpp\n'}
[1.535170] (px4_msgs) StdoutLine: {'line': b'-- Up-to-date symlink: /home/maanavjugalshah/SwarmAero/ros2_ws/install/px4_msgs/include/px4_msgs/px4_msgs/msg/detail/rover_rate_status__type_support.hpp\n'}
[1.535297] (px4_msgs) StdoutLine: {'line': b'-- Up-to-date symlink: /home/maanavjugalshah/SwarmAero/ros2_ws/install/px4_msgs/include/px4_msgs/px4_msgs/msg/detail/rover_speed_setpoint__builder.hpp\n'}
[1.535410] (px4_msgs) StdoutLine: {'line': b'-- Up-to-date symlink: /home/maanavjugalshah/SwarmAero/ros2_ws/install/px4_msgs/include/px4_msgs/px4_msgs/msg/detail/rover_speed_setpoint__struct.hpp\n'}
[1.535578] (px4_msgs) StdoutLine: {'line': b'-- Up-to-date symlink: /home/maanavjugalshah/SwarmAero/ros2_ws/install/px4_msgs/include/px4_msgs/px4_msgs/msg/detail/rover_speed_setpoint__traits.hpp\n'}
[1.535838] (px4_msgs) StdoutLine: {'line': b'-- Up-to-date symlink: /home/maanavjugalshah/SwarmAero/ros2_ws/install/px4_msgs/include/px4_msgs/px4_msgs/msg/detail/rover_speed_setpoint__type_support.hpp\n'}
[1.535963] (px4_msgs) StdoutLine: {'line': b'-- Up-to-date symlink: /home/maanavjugalshah/SwarmAero/ros2_ws/install/px4_msgs/include/px4_msgs/px4_msgs/msg/detail/rover_speed_status__builder.hpp\n'}
[1.536099] (px4_msgs) StdoutLine: {'line': b'-- Up-to-date symlink: /home/maanavjugalshah/SwarmAero/ros2_ws/install/px4_msgs/include/px4_msgs/px4_msgs/msg/detail/rover_speed_status__struct.hpp\n'}
[1.536143] (px4_msgs) StdoutLine: {'line': b'-- Up-to-date symlink: /home/maanavjugalshah/SwarmAero/ros2_ws/install/px4_msgs/include/px4_msgs/px4_msgs/msg/detail/rover_speed_status__traits.hpp\n'}
[1.536251] (px4_msgs) StdoutLine: {'line': b'-- Up-to-date symlink: /home/maanavjugalshah/SwarmAero/ros2_ws/install/px4_msgs/include/px4_msgs/px4_msgs/msg/detail/rover_speed_status__type_support.hpp\n'}
[1.536574] (px4_msgs) StdoutLine: {'line': b'-- Up-to-date symlink: /home/maanavjugalshah/SwarmAero/ros2_ws/install/px4_msgs/include/px4_msgs/px4_msgs/msg/detail/rover_steering_setpoint__builder.hpp\n'}
[1.536754] (px4_msgs) StdoutLine: {'line': b'-- Up-to-date symlink: /home/maanavjugalshah/SwarmAero/ros2_ws/install/px4_msgs/include/px4_msgs/px4_msgs/msg/detail/rover_steering_setpoint__struct.hpp\n'}
[1.536891] (px4_msgs) StdoutLine: {'line': b'-- Up-to-date symlink: /home/maanavjugalshah/SwarmAero/ros2_ws/install/px4_msgs/include/px4_msgs/px4_msgs/msg/detail/rover_steering_setpoint__traits.hpp\n'}
[1.536998] (px4_msgs) StdoutLine: {'line': b'-- Up-to-date symlink: /home/maanavjugalshah/SwarmAero/ros2_ws/install/px4_msgs/include/px4_msgs/px4_msgs/msg/detail/rover_steering_setpoint__type_support.hpp\n'}
[1.537157] (px4_msgs) StdoutLine: {'line': b'-- Up-to-date symlink: /home/maanavjugalshah/SwarmAero/ros2_ws/install/px4_msgs/include/px4_msgs/px4_msgs/msg/detail/rover_throttle_setpoint__builder.hpp\n'}
[1.537197] (px4_msgs) StdoutLine: {'line': b'-- Up-to-date symlink: /home/maanavjugalshah/SwarmAero/ros2_ws/install/px4_msgs/include/px4_msgs/px4_msgs/msg/detail/rover_throttle_setpoint__struct.hpp\n'}
[1.537485] (px4_msgs) StdoutLine: {'line': b'-- Up-to-date symlink: /home/maanavjugalshah/SwarmAero/ros2_ws/install/px4_msgs/include/px4_msgs/px4_msgs/msg/detail/rover_throttle_setpoint__traits.hpp\n'}
[1.537642] (px4_msgs) StdoutLine: {'line': b'-- Up-to-date symlink: /home/maanavjugalshah/SwarmAero/ros2_ws/install/px4_msgs/include/px4_msgs/px4_msgs/msg/detail/rover_throttle_setpoint__type_support.hpp\n'}
[1.537711] (px4_msgs) StdoutLine: {'line': b'-- Up-to-date symlink: /home/maanavjugalshah/SwarmAero/ros2_ws/install/px4_msgs/include/px4_msgs/px4_msgs/msg/detail/rpm__builder.hpp\n'}
[1.538058] (px4_msgs) StdoutLine: {'line': b'-- Up-to-date symlink: /home/maanavjugalshah/SwarmAero/ros2_ws/install/px4_msgs/include/px4_msgs/px4_msgs/msg/detail/rpm__struct.hpp\n'}
[1.538149] (px4_msgs) StdoutLine: {'line': b'-- Up-to-date symlink: /home/maanavjugalshah/SwarmAero/ros2_ws/install/px4_msgs/include/px4_msgs/px4_msgs/msg/detail/rpm__traits.hpp\n'}
[1.538211] (px4_msgs) StdoutLine: {'line': b'-- Up-to-date symlink: /home/maanavjugalshah/SwarmAero/ros2_ws/install/px4_msgs/include/px4_msgs/px4_msgs/msg/detail/rpm__type_support.hpp\n'}
[1.538912] (px4_msgs) StdoutLine: {'line': b'-- Up-to-date symlink: /home/maanavjugalshah/SwarmAero/ros2_ws/install/px4_msgs/include/px4_msgs/px4_msgs/msg/detail/rtl_status__builder.hpp\n'}
[1.539022] (px4_msgs) StdoutLine: {'line': b'-- Up-to-date symlink: /home/maanavjugalshah/SwarmAero/ros2_ws/install/px4_msgs/include/px4_msgs/px4_msgs/msg/detail/rtl_status__struct.hpp\n'}
[1.539066] (px4_msgs) StdoutLine: {'line': b'-- Up-to-date symlink: /home/maanavjugalshah/SwarmAero/ros2_ws/install/px4_msgs/include/px4_msgs/px4_msgs/msg/detail/rtl_status__traits.hpp\n'}
[1.539124] (px4_msgs) StdoutLine: {'line': b'-- Up-to-date symlink: /home/maanavjugalshah/SwarmAero/ros2_ws/install/px4_msgs/include/px4_msgs/px4_msgs/msg/detail/rtl_status__type_support.hpp\n'}
[1.539163] (px4_msgs) StdoutLine: {'line': b'-- Up-to-date symlink: /home/maanavjugalshah/SwarmAero/ros2_ws/install/px4_msgs/include/px4_msgs/px4_msgs/msg/detail/rtl_time_estimate__builder.hpp\n'}
[1.539201] (px4_msgs) StdoutLine: {'line': b'-- Up-to-date symlink: /home/maanavjugalshah/SwarmAero/ros2_ws/install/px4_msgs/include/px4_msgs/px4_msgs/msg/detail/rtl_time_estimate__struct.hpp\n'}
[1.539235] (px4_msgs) StdoutLine: {'line': b'-- Up-to-date symlink: /home/maanavjugalshah/SwarmAero/ros2_ws/install/px4_msgs/include/px4_msgs/px4_msgs/msg/detail/rtl_time_estimate__traits.hpp\n'}
[1.539271] (px4_msgs) StdoutLine: {'line': b'-- Up-to-date symlink: /home/maanavjugalshah/SwarmAero/ros2_ws/install/px4_msgs/include/px4_msgs/px4_msgs/msg/detail/rtl_time_estimate__type_support.hpp\n'}
[1.539313] (px4_msgs) StdoutLine: {'line': b'-- Up-to-date symlink: /home/maanavjugalshah/SwarmAero/ros2_ws/install/px4_msgs/include/px4_msgs/px4_msgs/msg/detail/satellite_info__builder.hpp\n'}
[1.539347] (px4_msgs) StdoutLine: {'line': b'-- Up-to-date symlink: /home/maanavjugalshah/SwarmAero/ros2_ws/install/px4_msgs/include/px4_msgs/px4_msgs/msg/detail/satellite_info__struct.hpp\n'}
[1.539379] (px4_msgs) StdoutLine: {'line': b'-- Up-to-date symlink: /home/maanavjugalshah/SwarmAero/ros2_ws/install/px4_msgs/include/px4_msgs/px4_msgs/msg/detail/satellite_info__traits.hpp\n'}
[1.539412] (px4_msgs) StdoutLine: {'line': b'-- Up-to-date symlink: /home/maanavjugalshah/SwarmAero/ros2_ws/install/px4_msgs/include/px4_msgs/px4_msgs/msg/detail/satellite_info__type_support.hpp\n'}
[1.539444] (px4_msgs) StdoutLine: {'line': b'-- Up-to-date symlink: /home/maanavjugalshah/SwarmAero/ros2_ws/install/px4_msgs/include/px4_msgs/px4_msgs/msg/detail/sensor_accel__builder.hpp\n'}
[1.539476] (px4_msgs) StdoutLine: {'line': b'-- Up-to-date symlink: /home/maanavjugalshah/SwarmAero/ros2_ws/install/px4_msgs/include/px4_msgs/px4_msgs/msg/detail/sensor_accel__struct.hpp\n'}
[1.539509] (px4_msgs) StdoutLine: {'line': b'-- Up-to-date symlink: /home/maanavjugalshah/SwarmAero/ros2_ws/install/px4_msgs/include/px4_msgs/px4_msgs/msg/detail/sensor_accel__traits.hpp\n'}
[1.539542] (px4_msgs) StdoutLine: {'line': b'-- Up-to-date symlink: /home/maanavjugalshah/SwarmAero/ros2_ws/install/px4_msgs/include/px4_msgs/px4_msgs/msg/detail/sensor_accel__type_support.hpp\n'}
[1.539606] (px4_msgs) StdoutLine: {'line': b'-- Up-to-date symlink: /home/maanavjugalshah/SwarmAero/ros2_ws/install/px4_msgs/include/px4_msgs/px4_msgs/msg/detail/sensor_accel_fifo__builder.hpp\n'}
[1.539669] (px4_msgs) StdoutLine: {'line': b'-- Up-to-date symlink: /home/maanavjugalshah/SwarmAero/ros2_ws/install/px4_msgs/include/px4_msgs/px4_msgs/msg/detail/sensor_accel_fifo__struct.hpp\n'}
[1.539707] (px4_msgs) StdoutLine: {'line': b'-- Up-to-date symlink: /home/maanavjugalshah/SwarmAero/ros2_ws/install/px4_msgs/include/px4_msgs/px4_msgs/msg/detail/sensor_accel_fifo__traits.hpp\n'}
[1.539741] (px4_msgs) StdoutLine: {'line': b'-- Up-to-date symlink: /home/maanavjugalshah/SwarmAero/ros2_ws/install/px4_msgs/include/px4_msgs/px4_msgs/msg/detail/sensor_accel_fifo__type_support.hpp\n'}
[1.539774] (px4_msgs) StdoutLine: {'line': b'-- Up-to-date symlink: /home/maanavjugalshah/SwarmAero/ros2_ws/install/px4_msgs/include/px4_msgs/px4_msgs/msg/detail/sensor_airflow__builder.hpp\n'}
[1.539808] (px4_msgs) StdoutLine: {'line': b'-- Up-to-date symlink: /home/maanavjugalshah/SwarmAero/ros2_ws/install/px4_msgs/include/px4_msgs/px4_msgs/msg/detail/sensor_airflow__struct.hpp\n'}
[1.539841] (px4_msgs) StdoutLine: {'line': b'-- Up-to-date symlink: /home/maanavjugalshah/SwarmAero/ros2_ws/install/px4_msgs/include/px4_msgs/px4_msgs/msg/detail/sensor_airflow__traits.hpp\n'}
[1.539876] (px4_msgs) StdoutLine: {'line': b'-- Up-to-date symlink: /home/maanavjugalshah/SwarmAero/ros2_ws/install/px4_msgs/include/px4_msgs/px4_msgs/msg/detail/sensor_airflow__type_support.hpp\n'}
[1.539910] (px4_msgs) StdoutLine: {'line': b'-- Up-to-date symlink: /home/maanavjugalshah/SwarmAero/ros2_ws/install/px4_msgs/include/px4_msgs/px4_msgs/msg/detail/sensor_baro__builder.hpp\n'}
[1.539949] (px4_msgs) StdoutLine: {'line': b'-- Up-to-date symlink: /home/maanavjugalshah/SwarmAero/ros2_ws/install/px4_msgs/include/px4_msgs/px4_msgs/msg/detail/sensor_baro__struct.hpp\n'}
[1.539982] (px4_msgs) StdoutLine: {'line': b'-- Up-to-date symlink: /home/maanavjugalshah/SwarmAero/ros2_ws/install/px4_msgs/include/px4_msgs/px4_msgs/msg/detail/sensor_baro__traits.hpp\n'}
[1.540013] (px4_msgs) StdoutLine: {'line': b'-- Up-to-date symlink: /home/maanavjugalshah/SwarmAero/ros2_ws/install/px4_msgs/include/px4_msgs/px4_msgs/msg/detail/sensor_baro__type_support.hpp\n'}
[1.540045] (px4_msgs) StdoutLine: {'line': b'-- Up-to-date symlink: /home/maanavjugalshah/SwarmAero/ros2_ws/install/px4_msgs/include/px4_msgs/px4_msgs/msg/detail/sensor_combined__builder.hpp\n'}
[1.540078] (px4_msgs) StdoutLine: {'line': b'-- Up-to-date symlink: /home/maanavjugalshah/SwarmAero/ros2_ws/install/px4_msgs/include/px4_msgs/px4_msgs/msg/detail/sensor_combined__struct.hpp\n'}
[1.540111] (px4_msgs) StdoutLine: {'line': b'-- Up-to-date symlink: /home/maanavjugalshah/SwarmAero/ros2_ws/install/px4_msgs/include/px4_msgs/px4_msgs/msg/detail/sensor_combined__traits.hpp\n'}
[1.540143] (px4_msgs) StdoutLine: {'line': b'-- Up-to-date symlink: /home/maanavjugalshah/SwarmAero/ros2_ws/install/px4_msgs/include/px4_msgs/px4_msgs/msg/detail/sensor_combined__type_support.hpp\n'}
[1.540174] (px4_msgs) StdoutLine: {'line': b'-- Up-to-date symlink: /home/maanavjugalshah/SwarmAero/ros2_ws/install/px4_msgs/include/px4_msgs/px4_msgs/msg/detail/sensor_correction__builder.hpp\n'}
[1.540205] (px4_msgs) StdoutLine: {'line': b'-- Up-to-date symlink: /home/maanavjugalshah/SwarmAero/ros2_ws/install/px4_msgs/include/px4_msgs/px4_msgs/msg/detail/sensor_correction__struct.hpp\n'}
[1.540236] (px4_msgs) StdoutLine: {'line': b'-- Up-to-date symlink: /home/maanavjugalshah/SwarmAero/ros2_ws/install/px4_msgs/include/px4_msgs/px4_msgs/msg/detail/sensor_correction__traits.hpp\n'}
[1.540267] (px4_msgs) StdoutLine: {'line': b'-- Up-to-date symlink: /home/maanavjugalshah/SwarmAero/ros2_ws/install/px4_msgs/include/px4_msgs/px4_msgs/msg/detail/sensor_correction__type_support.hpp\n'}
[1.540297] (px4_msgs) StdoutLine: {'line': b'-- Up-to-date symlink: /home/maanavjugalshah/SwarmAero/ros2_ws/install/px4_msgs/include/px4_msgs/px4_msgs/msg/detail/sensor_gnss_relative__builder.hpp\n'}
[1.540328] (px4_msgs) StdoutLine: {'line': b'-- Up-to-date symlink: /home/maanavjugalshah/SwarmAero/ros2_ws/install/px4_msgs/include/px4_msgs/px4_msgs/msg/detail/sensor_gnss_relative__struct.hpp\n'}
[1.540358] (px4_msgs) StdoutLine: {'line': b'-- Up-to-date symlink: /home/maanavjugalshah/SwarmAero/ros2_ws/install/px4_msgs/include/px4_msgs/px4_msgs/msg/detail/sensor_gnss_relative__traits.hpp\n'}
[1.540389] (px4_msgs) StdoutLine: {'line': b'-- Up-to-date symlink: /home/maanavjugalshah/SwarmAero/ros2_ws/install/px4_msgs/include/px4_msgs/px4_msgs/msg/detail/sensor_gnss_relative__type_support.hpp\n'}
[1.540424] (px4_msgs) StdoutLine: {'line': b'-- Up-to-date symlink: /home/maanavjugalshah/SwarmAero/ros2_ws/install/px4_msgs/include/px4_msgs/px4_msgs/msg/detail/sensor_gnss_status__builder.hpp\n'}
[1.540459] (px4_msgs) StdoutLine: {'line': b'-- Up-to-date symlink: /home/maanavjugalshah/SwarmAero/ros2_ws/install/px4_msgs/include/px4_msgs/px4_msgs/msg/detail/sensor_gnss_status__struct.hpp\n'}
[1.540491] (px4_msgs) StdoutLine: {'line': b'-- Up-to-date symlink: /home/maanavjugalshah/SwarmAero/ros2_ws/install/px4_msgs/include/px4_msgs/px4_msgs/msg/detail/sensor_gnss_status__traits.hpp\n'}
[1.540523] (px4_msgs) StdoutLine: {'line': b'-- Up-to-date symlink: /home/maanavjugalshah/SwarmAero/ros2_ws/install/px4_msgs/include/px4_msgs/px4_msgs/msg/detail/sensor_gnss_status__type_support.hpp\n'}
[1.540555] (px4_msgs) StdoutLine: {'line': b'-- Up-to-date symlink: /home/maanavjugalshah/SwarmAero/ros2_ws/install/px4_msgs/include/px4_msgs/px4_msgs/msg/detail/sensor_gps__builder.hpp\n'}
[1.540587] (px4_msgs) StdoutLine: {'line': b'-- Up-to-date symlink: /home/maanavjugalshah/SwarmAero/ros2_ws/install/px4_msgs/include/px4_msgs/px4_msgs/msg/detail/sensor_gps__struct.hpp\n'}
[1.540673] (px4_msgs) StdoutLine: {'line': b'-- Up-to-date symlink: /home/maanavjugalshah/SwarmAero/ros2_ws/install/px4_msgs/include/px4_msgs/px4_msgs/msg/detail/sensor_gps__traits.hpp\n'}
[1.540715] (px4_msgs) StdoutLine: {'line': b'-- Up-to-date symlink: /home/maanavjugalshah/SwarmAero/ros2_ws/install/px4_msgs/include/px4_msgs/px4_msgs/msg/detail/sensor_gps__type_support.hpp\n'}
[1.540750] (px4_msgs) StdoutLine: {'line': b'-- Up-to-date symlink: /home/maanavjugalshah/SwarmAero/ros2_ws/install/px4_msgs/include/px4_msgs/px4_msgs/msg/detail/sensor_gyro__builder.hpp\n'}
[1.540784] (px4_msgs) StdoutLine: {'line': b'-- Up-to-date symlink: /home/maanavjugalshah/SwarmAero/ros2_ws/install/px4_msgs/include/px4_msgs/px4_msgs/msg/detail/sensor_gyro__struct.hpp\n'}
[1.540816] (px4_msgs) StdoutLine: {'line': b'-- Up-to-date symlink: /home/maanavjugalshah/SwarmAero/ros2_ws/install/px4_msgs/include/px4_msgs/px4_msgs/msg/detail/sensor_gyro__traits.hpp\n'}
[1.540852] (px4_msgs) StdoutLine: {'line': b'-- Up-to-date symlink: /home/maanavjugalshah/SwarmAero/ros2_ws/install/px4_msgs/include/px4_msgs/px4_msgs/msg/detail/sensor_gyro__type_support.hpp\n'}
[1.540884] (px4_msgs) StdoutLine: {'line': b'-- Up-to-date symlink: /home/maanavjugalshah/SwarmAero/ros2_ws/install/px4_msgs/include/px4_msgs/px4_msgs/msg/detail/sensor_gyro_fft__builder.hpp\n'}
[1.540923] (px4_msgs) StdoutLine: {'line': b'-- Up-to-date symlink: /home/maanavjugalshah/SwarmAero/ros2_ws/install/px4_msgs/include/px4_msgs/px4_msgs/msg/detail/sensor_gyro_fft__struct.hpp\n'}
[1.540955] (px4_msgs) StdoutLine: {'line': b'-- Up-to-date symlink: /home/maanavjugalshah/SwarmAero/ros2_ws/install/px4_msgs/include/px4_msgs/px4_msgs/msg/detail/sensor_gyro_fft__traits.hpp\n'}
[1.540986] (px4_msgs) StdoutLine: {'line': b'-- Up-to-date symlink: /home/maanavjugalshah/SwarmAero/ros2_ws/install/px4_msgs/include/px4_msgs/px4_msgs/msg/detail/sensor_gyro_fft__type_support.hpp\n'}
[1.541017] (px4_msgs) StdoutLine: {'line': b'-- Up-to-date symlink: /home/maanavjugalshah/SwarmAero/ros2_ws/install/px4_msgs/include/px4_msgs/px4_msgs/msg/detail/sensor_gyro_fifo__builder.hpp\n'}
[1.541048] (px4_msgs) StdoutLine: {'line': b'-- Up-to-date symlink: /home/maanavjugalshah/SwarmAero/ros2_ws/install/px4_msgs/include/px4_msgs/px4_msgs/msg/detail/sensor_gyro_fifo__struct.hpp\n'}
[1.541079] (px4_msgs) StdoutLine: {'line': b'-- Up-to-date symlink: /home/maanavjugalshah/SwarmAero/ros2_ws/install/px4_msgs/include/px4_msgs/px4_msgs/msg/detail/sensor_gyro_fifo__traits.hpp\n'}
[1.541110] (px4_msgs) StdoutLine: {'line': b'-- Up-to-date symlink: /home/maanavjugalshah/SwarmAero/ros2_ws/install/px4_msgs/include/px4_msgs/px4_msgs/msg/detail/sensor_gyro_fifo__type_support.hpp\n'}
[1.541141] (px4_msgs) StdoutLine: {'line': b'-- Up-to-date symlink: /home/maanavjugalshah/SwarmAero/ros2_ws/install/px4_msgs/include/px4_msgs/px4_msgs/msg/detail/sensor_hygrometer__builder.hpp\n'}
[1.541173] (px4_msgs) StdoutLine: {'line': b'-- Up-to-date symlink: /home/maanavjugalshah/SwarmAero/ros2_ws/install/px4_msgs/include/px4_msgs/px4_msgs/msg/detail/sensor_hygrometer__struct.hpp\n'}
[1.541205] (px4_msgs) StdoutLine: {'line': b'-- Up-to-date symlink: /home/maanavjugalshah/SwarmAero/ros2_ws/install/px4_msgs/include/px4_msgs/px4_msgs/msg/detail/sensor_hygrometer__traits.hpp\n'}
[1.541237] (px4_msgs) StdoutLine: {'line': b'-- Up-to-date symlink: /home/maanavjugalshah/SwarmAero/ros2_ws/install/px4_msgs/include/px4_msgs/px4_msgs/msg/detail/sensor_hygrometer__type_support.hpp\n'}
[1.541268] (px4_msgs) StdoutLine: {'line': b'-- Up-to-date symlink: /home/maanavjugalshah/SwarmAero/ros2_ws/install/px4_msgs/include/px4_msgs/px4_msgs/msg/detail/sensor_mag__builder.hpp\n'}
[1.541330] (px4_msgs) StdoutLine: {'line': b'-- Up-to-date symlink: /home/maanavjugalshah/SwarmAero/ros2_ws/install/px4_msgs/include/px4_msgs/px4_msgs/msg/detail/sensor_mag__struct.hpp\n'}
[1.541395] (px4_msgs) StdoutLine: {'line': b'-- Up-to-date symlink: /home/maanavjugalshah/SwarmAero/ros2_ws/install/px4_msgs/include/px4_msgs/px4_msgs/msg/detail/sensor_mag__traits.hpp\n'}
[1.541463] (px4_msgs) StdoutLine: {'line': b'-- Up-to-date symlink: /home/maanavjugalshah/SwarmAero/ros2_ws/install/px4_msgs/include/px4_msgs/px4_msgs/msg/detail/sensor_mag__type_support.hpp\n'}
[1.541501] (px4_msgs) StdoutLine: {'line': b'-- Up-to-date symlink: /home/maanavjugalshah/SwarmAero/ros2_ws/install/px4_msgs/include/px4_msgs/px4_msgs/msg/detail/sensor_optical_flow__builder.hpp\n'}
[1.541539] (px4_msgs) StdoutLine: {'line': b'-- Up-to-date symlink: /home/maanavjugalshah/SwarmAero/ros2_ws/install/px4_msgs/include/px4_msgs/px4_msgs/msg/detail/sensor_optical_flow__struct.hpp\n'}
[1.541574] (px4_msgs) StdoutLine: {'line': b'-- Up-to-date symlink: /home/maanavjugalshah/SwarmAero/ros2_ws/install/px4_msgs/include/px4_msgs/px4_msgs/msg/detail/sensor_optical_flow__traits.hpp\n'}
[1.541609] (px4_msgs) StdoutLine: {'line': b'-- Up-to-date symlink: /home/maanavjugalshah/SwarmAero/ros2_ws/install/px4_msgs/include/px4_msgs/px4_msgs/msg/detail/sensor_optical_flow__type_support.hpp\n'}
[1.541674] (px4_msgs) StdoutLine: {'line': b'-- Up-to-date symlink: /home/maanavjugalshah/SwarmAero/ros2_ws/install/px4_msgs/include/px4_msgs/px4_msgs/msg/detail/sensor_preflight_mag__builder.hpp\n'}
[1.541757] (px4_msgs) StdoutLine: {'line': b'-- Up-to-date symlink: /home/maanavjugalshah/SwarmAero/ros2_ws/install/px4_msgs/include/px4_msgs/px4_msgs/msg/detail/sensor_preflight_mag__struct.hpp\n'}
[1.541801] (px4_msgs) StdoutLine: {'line': b'-- Up-to-date symlink: /home/maanavjugalshah/SwarmAero/ros2_ws/install/px4_msgs/include/px4_msgs/px4_msgs/msg/detail/sensor_preflight_mag__traits.hpp\n'}
[1.541838] (px4_msgs) StdoutLine: {'line': b'-- Up-to-date symlink: /home/maanavjugalshah/SwarmAero/ros2_ws/install/px4_msgs/include/px4_msgs/px4_msgs/msg/detail/sensor_preflight_mag__type_support.hpp\n'}
[1.541875] (px4_msgs) StdoutLine: {'line': b'-- Up-to-date symlink: /home/maanavjugalshah/SwarmAero/ros2_ws/install/px4_msgs/include/px4_msgs/px4_msgs/msg/detail/sensor_selection__builder.hpp\n'}
[1.541913] (px4_msgs) StdoutLine: {'line': b'-- Up-to-date symlink: /home/maanavjugalshah/SwarmAero/ros2_ws/install/px4_msgs/include/px4_msgs/px4_msgs/msg/detail/sensor_selection__struct.hpp\n'}
[1.541950] (px4_msgs) StdoutLine: {'line': b'-- Up-to-date symlink: /home/maanavjugalshah/SwarmAero/ros2_ws/install/px4_msgs/include/px4_msgs/px4_msgs/msg/detail/sensor_selection__traits.hpp\n'}
[1.541985] (px4_msgs) StdoutLine: {'line': b'-- Up-to-date symlink: /home/maanavjugalshah/SwarmAero/ros2_ws/install/px4_msgs/include/px4_msgs/px4_msgs/msg/detail/sensor_selection__type_support.hpp\n'}
[1.542021] (px4_msgs) StdoutLine: {'line': b'-- Up-to-date symlink: /home/maanavjugalshah/SwarmAero/ros2_ws/install/px4_msgs/include/px4_msgs/px4_msgs/msg/detail/sensor_temp__builder.hpp\n'}
[1.542061] (px4_msgs) StdoutLine: {'line': b'-- Up-to-date symlink: /home/maanavjugalshah/SwarmAero/ros2_ws/install/px4_msgs/include/px4_msgs/px4_msgs/msg/detail/sensor_temp__struct.hpp\n'}
[1.542095] (px4_msgs) StdoutLine: {'line': b'-- Up-to-date symlink: /home/maanavjugalshah/SwarmAero/ros2_ws/install/px4_msgs/include/px4_msgs/px4_msgs/msg/detail/sensor_temp__traits.hpp\n'}
[1.542128] (px4_msgs) StdoutLine: {'line': b'-- Up-to-date symlink: /home/maanavjugalshah/SwarmAero/ros2_ws/install/px4_msgs/include/px4_msgs/px4_msgs/msg/detail/sensor_temp__type_support.hpp\n'}
[1.542160] (px4_msgs) StdoutLine: {'line': b'-- Up-to-date symlink: /home/maanavjugalshah/SwarmAero/ros2_ws/install/px4_msgs/include/px4_msgs/px4_msgs/msg/detail/sensor_uwb__builder.hpp\n'}
[1.542203] (px4_msgs) StdoutLine: {'line': b'-- Up-to-date symlink: /home/maanavjugalshah/SwarmAero/ros2_ws/install/px4_msgs/include/px4_msgs/px4_msgs/msg/detail/sensor_uwb__struct.hpp\n'}
[1.542236] (px4_msgs) StdoutLine: {'line': b'-- Up-to-date symlink: /home/maanavjugalshah/SwarmAero/ros2_ws/install/px4_msgs/include/px4_msgs/px4_msgs/msg/detail/sensor_uwb__traits.hpp\n'}
[1.542270] (px4_msgs) StdoutLine: {'line': b'-- Up-to-date symlink: /home/maanavjugalshah/SwarmAero/ros2_ws/install/px4_msgs/include/px4_msgs/px4_msgs/msg/detail/sensor_uwb__type_support.hpp\n'}
[1.542305] (px4_msgs) StdoutLine: {'line': b'-- Up-to-date symlink: /home/maanavjugalshah/SwarmAero/ros2_ws/install/px4_msgs/include/px4_msgs/px4_msgs/msg/detail/sensors_status__builder.hpp\n'}
[1.542339] (px4_msgs) StdoutLine: {'line': b'-- Up-to-date symlink: /home/maanavjugalshah/SwarmAero/ros2_ws/install/px4_msgs/include/px4_msgs/px4_msgs/msg/detail/sensors_status__struct.hpp\n'}
[1.542373] (px4_msgs) StdoutLine: {'line': b'-- Up-to-date symlink: /home/maanavjugalshah/SwarmAero/ros2_ws/install/px4_msgs/include/px4_msgs/px4_msgs/msg/detail/sensors_status__traits.hpp\n'}
[1.542405] (px4_msgs) StdoutLine: {'line': b'-- Up-to-date symlink: /home/maanavjugalshah/SwarmAero/ros2_ws/install/px4_msgs/include/px4_msgs/px4_msgs/msg/detail/sensors_status__type_support.hpp\n'}
[1.542437] (px4_msgs) StdoutLine: {'line': b'-- Up-to-date symlink: /home/maanavjugalshah/SwarmAero/ros2_ws/install/px4_msgs/include/px4_msgs/px4_msgs/msg/detail/sensors_status_imu__builder.hpp\n'}
[1.542502] (px4_msgs) StdoutLine: {'line': b'-- Up-to-date symlink: /home/maanavjugalshah/SwarmAero/ros2_ws/install/px4_msgs/include/px4_msgs/px4_msgs/msg/detail/sensors_status_imu__struct.hpp\n'}
[1.542539] (px4_msgs) StdoutLine: {'line': b'-- Up-to-date symlink: /home/maanavjugalshah/SwarmAero/ros2_ws/install/px4_msgs/include/px4_msgs/px4_msgs/msg/detail/sensors_status_imu__traits.hpp\n'}
[1.542574] (px4_msgs) StdoutLine: {'line': b'-- Up-to-date symlink: /home/maanavjugalshah/SwarmAero/ros2_ws/install/px4_msgs/include/px4_msgs/px4_msgs/msg/detail/sensors_status_imu__type_support.hpp\n'}
[1.542669] (px4_msgs) StdoutLine: {'line': b'-- Up-to-date symlink: /home/maanavjugalshah/SwarmAero/ros2_ws/install/px4_msgs/include/px4_msgs/px4_msgs/msg/detail/system_power__builder.hpp\n'}
[1.542712] (px4_msgs) StdoutLine: {'line': b'-- Up-to-date symlink: /home/maanavjugalshah/SwarmAero/ros2_ws/install/px4_msgs/include/px4_msgs/px4_msgs/msg/detail/system_power__struct.hpp\n'}
[1.542748] (px4_msgs) StdoutLine: {'line': b'-- Up-to-date symlink: /home/maanavjugalshah/SwarmAero/ros2_ws/install/px4_msgs/include/px4_msgs/px4_msgs/msg/detail/system_power__traits.hpp\n'}
[1.542782] (px4_msgs) StdoutLine: {'line': b'-- Up-to-date symlink: /home/maanavjugalshah/SwarmAero/ros2_ws/install/px4_msgs/include/px4_msgs/px4_msgs/msg/detail/system_power__type_support.hpp\n'}
[1.542818] (px4_msgs) StdoutLine: {'line': b'-- Up-to-date symlink: /home/maanavjugalshah/SwarmAero/ros2_ws/install/px4_msgs/include/px4_msgs/px4_msgs/msg/detail/takeoff_status__builder.hpp\n'}
[1.542881] (px4_msgs) StdoutLine: {'line': b'-- Up-to-date symlink: /home/maanavjugalshah/SwarmAero/ros2_ws/install/px4_msgs/include/px4_msgs/px4_msgs/msg/detail/takeoff_status__struct.hpp\n'}
[1.542952] (px4_msgs) StdoutLine: {'line': b'-- Up-to-date symlink: /home/maanavjugalshah/SwarmAero/ros2_ws/install/px4_msgs/include/px4_msgs/px4_msgs/msg/detail/takeoff_status__traits.hpp\n'}
[1.542997] (px4_msgs) StdoutLine: {'line': b'-- Up-to-date symlink: /home/maanavjugalshah/SwarmAero/ros2_ws/install/px4_msgs/include/px4_msgs/px4_msgs/msg/detail/takeoff_status__type_support.hpp\n'}
[1.543035] (px4_msgs) StdoutLine: {'line': b'-- Up-to-date symlink: /home/maanavjugalshah/SwarmAero/ros2_ws/install/px4_msgs/include/px4_msgs/px4_msgs/msg/detail/task_stack_info__builder.hpp\n'}
[1.543071] (px4_msgs) StdoutLine: {'line': b'-- Up-to-date symlink: /home/maanavjugalshah/SwarmAero/ros2_ws/install/px4_msgs/include/px4_msgs/px4_msgs/msg/detail/task_stack_info__struct.hpp\n'}
[1.543105] (px4_msgs) StdoutLine: {'line': b'-- Up-to-date symlink: /home/maanavjugalshah/SwarmAero/ros2_ws/install/px4_msgs/include/px4_msgs/px4_msgs/msg/detail/task_stack_info__traits.hpp\n'}
[1.543138] (px4_msgs) StdoutLine: {'line': b'-- Up-to-date symlink: /home/maanavjugalshah/SwarmAero/ros2_ws/install/px4_msgs/include/px4_msgs/px4_msgs/msg/detail/task_stack_info__type_support.hpp\n'}
[1.543170] (px4_msgs) StdoutLine: {'line': b'-- Up-to-date symlink: /home/maanavjugalshah/SwarmAero/ros2_ws/install/px4_msgs/include/px4_msgs/px4_msgs/msg/detail/tecs_status__builder.hpp\n'}
[1.543206] (px4_msgs) StdoutLine: {'line': b'-- Up-to-date symlink: /home/maanavjugalshah/SwarmAero/ros2_ws/install/px4_msgs/include/px4_msgs/px4_msgs/msg/detail/tecs_status__struct.hpp\n'}
[1.543237] (px4_msgs) StdoutLine: {'line': b'-- Up-to-date symlink: /home/maanavjugalshah/SwarmAero/ros2_ws/install/px4_msgs/include/px4_msgs/px4_msgs/msg/detail/tecs_status__traits.hpp\n'}
[1.543270] (px4_msgs) StdoutLine: {'line': b'-- Up-to-date symlink: /home/maanavjugalshah/SwarmAero/ros2_ws/install/px4_msgs/include/px4_msgs/px4_msgs/msg/detail/tecs_status__type_support.hpp\n'}
[1.543302] (px4_msgs) StdoutLine: {'line': b'-- Up-to-date symlink: /home/maanavjugalshah/SwarmAero/ros2_ws/install/px4_msgs/include/px4_msgs/px4_msgs/msg/detail/telemetry_status__builder.hpp\n'}
[1.543335] (px4_msgs) StdoutLine: {'line': b'-- Up-to-date symlink: /home/maanavjugalshah/SwarmAero/ros2_ws/install/px4_msgs/include/px4_msgs/px4_msgs/msg/detail/telemetry_status__struct.hpp\n'}
[1.543370] (px4_msgs) StdoutLine: {'line': b'-- Up-to-date symlink: /home/maanavjugalshah/SwarmAero/ros2_ws/install/px4_msgs/include/px4_msgs/px4_msgs/msg/detail/telemetry_status__traits.hpp\n'}
[1.543402] (px4_msgs) StdoutLine: {'line': b'-- Up-to-date symlink: /home/maanavjugalshah/SwarmAero/ros2_ws/install/px4_msgs/include/px4_msgs/px4_msgs/msg/detail/telemetry_status__type_support.hpp\n'}
[1.543436] (px4_msgs) StdoutLine: {'line': b'-- Up-to-date symlink: /home/maanavjugalshah/SwarmAero/ros2_ws/install/px4_msgs/include/px4_msgs/px4_msgs/msg/detail/tiltrotor_extra_controls__builder.hpp\n'}
[1.543468] (px4_msgs) StdoutLine: {'line': b'-- Up-to-date symlink: /home/maanavjugalshah/SwarmAero/ros2_ws/install/px4_msgs/include/px4_msgs/px4_msgs/msg/detail/tiltrotor_extra_controls__struct.hpp\n'}
[1.543500] (px4_msgs) StdoutLine: {'line': b'-- Up-to-date symlink: /home/maanavjugalshah/SwarmAero/ros2_ws/install/px4_msgs/include/px4_msgs/px4_msgs/msg/detail/tiltrotor_extra_controls__traits.hpp\n'}
[1.543531] (px4_msgs) StdoutLine: {'line': b'-- Up-to-date symlink: /home/maanavjugalshah/SwarmAero/ros2_ws/install/px4_msgs/include/px4_msgs/px4_msgs/msg/detail/tiltrotor_extra_controls__type_support.hpp\n'}
[1.543564] (px4_msgs) StdoutLine: {'line': b'-- Up-to-date symlink: /home/maanavjugalshah/SwarmAero/ros2_ws/install/px4_msgs/include/px4_msgs/px4_msgs/msg/detail/timesync_status__builder.hpp\n'}
[1.543669] (px4_msgs) StdoutLine: {'line': b'-- Up-to-date symlink: /home/maanavjugalshah/SwarmAero/ros2_ws/install/px4_msgs/include/px4_msgs/px4_msgs/msg/detail/timesync_status__struct.hpp\n'}
[1.543711] (px4_msgs) StdoutLine: {'line': b'-- Up-to-date symlink: /home/maanavjugalshah/SwarmAero/ros2_ws/install/px4_msgs/include/px4_msgs/px4_msgs/msg/detail/timesync_status__traits.hpp\n'}
[1.543745] (px4_msgs) StdoutLine: {'line': b'-- Up-to-date symlink: /home/maanavjugalshah/SwarmAero/ros2_ws/install/px4_msgs/include/px4_msgs/px4_msgs/msg/detail/timesync_status__type_support.hpp\n'}
[1.543779] (px4_msgs) StdoutLine: {'line': b'-- Up-to-date symlink: /home/maanavjugalshah/SwarmAero/ros2_ws/install/px4_msgs/include/px4_msgs/px4_msgs/msg/detail/trajectory_setpoint6dof__builder.hpp\n'}
[1.543812] (px4_msgs) StdoutLine: {'line': b'-- Up-to-date symlink: /home/maanavjugalshah/SwarmAero/ros2_ws/install/px4_msgs/include/px4_msgs/px4_msgs/msg/detail/trajectory_setpoint6dof__struct.hpp\n'}
[1.543845] (px4_msgs) StdoutLine: {'line': b'-- Up-to-date symlink: /home/maanavjugalshah/SwarmAero/ros2_ws/install/px4_msgs/include/px4_msgs/px4_msgs/msg/detail/trajectory_setpoint6dof__traits.hpp\n'}
[1.543879] (px4_msgs) StdoutLine: {'line': b'-- Up-to-date symlink: /home/maanavjugalshah/SwarmAero/ros2_ws/install/px4_msgs/include/px4_msgs/px4_msgs/msg/detail/trajectory_setpoint6dof__type_support.hpp\n'}
[1.543913] (px4_msgs) StdoutLine: {'line': b'-- Up-to-date symlink: /home/maanavjugalshah/SwarmAero/ros2_ws/install/px4_msgs/include/px4_msgs/px4_msgs/msg/detail/trajectory_setpoint__builder.hpp\n'}
[1.543945] (px4_msgs) StdoutLine: {'line': b'-- Up-to-date symlink: /home/maanavjugalshah/SwarmAero/ros2_ws/install/px4_msgs/include/px4_msgs/px4_msgs/msg/detail/trajectory_setpoint__struct.hpp\n'}
[1.543979] (px4_msgs) StdoutLine: {'line': b'-- Up-to-date symlink: /home/maanavjugalshah/SwarmAero/ros2_ws/install/px4_msgs/include/px4_msgs/px4_msgs/msg/detail/trajectory_setpoint__traits.hpp\n'}
[1.544012] (px4_msgs) StdoutLine: {'line': b'-- Up-to-date symlink: /home/maanavjugalshah/SwarmAero/ros2_ws/install/px4_msgs/include/px4_msgs/px4_msgs/msg/detail/trajectory_setpoint__type_support.hpp\n'}
[1.544044] (px4_msgs) StdoutLine: {'line': b'-- Up-to-date symlink: /home/maanavjugalshah/SwarmAero/ros2_ws/install/px4_msgs/include/px4_msgs/px4_msgs/msg/detail/transponder_report__builder.hpp\n'}
[1.544077] (px4_msgs) StdoutLine: {'line': b'-- Up-to-date symlink: /home/maanavjugalshah/SwarmAero/ros2_ws/install/px4_msgs/include/px4_msgs/px4_msgs/msg/detail/transponder_report__struct.hpp\n'}
[1.544109] (px4_msgs) StdoutLine: {'line': b'-- Up-to-date symlink: /home/maanavjugalshah/SwarmAero/ros2_ws/install/px4_msgs/include/px4_msgs/px4_msgs/msg/detail/transponder_report__traits.hpp\n'}
[1.544142] (px4_msgs) StdoutLine: {'line': b'-- Up-to-date symlink: /home/maanavjugalshah/SwarmAero/ros2_ws/install/px4_msgs/include/px4_msgs/px4_msgs/msg/detail/transponder_report__type_support.hpp\n'}
[1.544176] (px4_msgs) StdoutLine: {'line': b'-- Up-to-date symlink: /home/maanavjugalshah/SwarmAero/ros2_ws/install/px4_msgs/include/px4_msgs/px4_msgs/msg/detail/tune_control__builder.hpp\n'}
[1.544206] (px4_msgs) StdoutLine: {'line': b'-- Up-to-date symlink: /home/maanavjugalshah/SwarmAero/ros2_ws/install/px4_msgs/include/px4_msgs/px4_msgs/msg/detail/tune_control__struct.hpp\n'}
[1.544237] (px4_msgs) StdoutLine: {'line': b'-- Up-to-date symlink: /home/maanavjugalshah/SwarmAero/ros2_ws/install/px4_msgs/include/px4_msgs/px4_msgs/msg/detail/tune_control__traits.hpp\n'}
[1.544271] (px4_msgs) StdoutLine: {'line': b'-- Up-to-date symlink: /home/maanavjugalshah/SwarmAero/ros2_ws/install/px4_msgs/include/px4_msgs/px4_msgs/msg/detail/tune_control__type_support.hpp\n'}
[1.544302] (px4_msgs) StdoutLine: {'line': b'-- Up-to-date symlink: /home/maanavjugalshah/SwarmAero/ros2_ws/install/px4_msgs/include/px4_msgs/px4_msgs/msg/detail/uavcan_parameter_request__builder.hpp\n'}
[1.544333] (px4_msgs) StdoutLine: {'line': b'-- Up-to-date symlink: /home/maanavjugalshah/SwarmAero/ros2_ws/install/px4_msgs/include/px4_msgs/px4_msgs/msg/detail/uavcan_parameter_request__struct.hpp\n'}
[1.544364] (px4_msgs) StdoutLine: {'line': b'-- Up-to-date symlink: /home/maanavjugalshah/SwarmAero/ros2_ws/install/px4_msgs/include/px4_msgs/px4_msgs/msg/detail/uavcan_parameter_request__traits.hpp\n'}
[1.544395] (px4_msgs) StdoutLine: {'line': b'-- Up-to-date symlink: /home/maanavjugalshah/SwarmAero/ros2_ws/install/px4_msgs/include/px4_msgs/px4_msgs/msg/detail/uavcan_parameter_request__type_support.hpp\n'}
[1.544426] (px4_msgs) StdoutLine: {'line': b'-- Up-to-date symlink: /home/maanavjugalshah/SwarmAero/ros2_ws/install/px4_msgs/include/px4_msgs/px4_msgs/msg/detail/uavcan_parameter_value__builder.hpp\n'}
[1.544456] (px4_msgs) StdoutLine: {'line': b'-- Up-to-date symlink: /home/maanavjugalshah/SwarmAero/ros2_ws/install/px4_msgs/include/px4_msgs/px4_msgs/msg/detail/uavcan_parameter_value__struct.hpp\n'}
[1.544486] (px4_msgs) StdoutLine: {'line': b'-- Up-to-date symlink: /home/maanavjugalshah/SwarmAero/ros2_ws/install/px4_msgs/include/px4_msgs/px4_msgs/msg/detail/uavcan_parameter_value__traits.hpp\n'}
[1.544517] (px4_msgs) StdoutLine: {'line': b'-- Up-to-date symlink: /home/maanavjugalshah/SwarmAero/ros2_ws/install/px4_msgs/include/px4_msgs/px4_msgs/msg/detail/uavcan_parameter_value__type_support.hpp\n'}
[1.544548] (px4_msgs) StdoutLine: {'line': b'-- Up-to-date symlink: /home/maanavjugalshah/SwarmAero/ros2_ws/install/px4_msgs/include/px4_msgs/px4_msgs/msg/detail/ulog_stream__builder.hpp\n'}
[1.544579] (px4_msgs) StdoutLine: {'line': b'-- Up-to-date symlink: /home/maanavjugalshah/SwarmAero/ros2_ws/install/px4_msgs/include/px4_msgs/px4_msgs/msg/detail/ulog_stream__struct.hpp\n'}
[1.544636] (px4_msgs) StdoutLine: {'line': b'-- Up-to-date symlink: /home/maanavjugalshah/SwarmAero/ros2_ws/install/px4_msgs/include/px4_msgs/px4_msgs/msg/detail/ulog_stream__traits.hpp\n'}
[1.544677] (px4_msgs) StdoutLine: {'line': b'-- Up-to-date symlink: /home/maanavjugalshah/SwarmAero/ros2_ws/install/px4_msgs/include/px4_msgs/px4_msgs/msg/detail/ulog_stream__type_support.hpp\n'}
[1.544713] (px4_msgs) StdoutLine: {'line': b'-- Up-to-date symlink: /home/maanavjugalshah/SwarmAero/ros2_ws/install/px4_msgs/include/px4_msgs/px4_msgs/msg/detail/ulog_stream_ack__builder.hpp\n'}
[1.544747] (px4_msgs) StdoutLine: {'line': b'-- Up-to-date symlink: /home/maanavjugalshah/SwarmAero/ros2_ws/install/px4_msgs/include/px4_msgs/px4_msgs/msg/detail/ulog_stream_ack__struct.hpp\n'}
[1.544780] (px4_msgs) StdoutLine: {'line': b'-- Up-to-date symlink: /home/maanavjugalshah/SwarmAero/ros2_ws/install/px4_msgs/include/px4_msgs/px4_msgs/msg/detail/ulog_stream_ack__traits.hpp\n'}
[1.544815] (px4_msgs) StdoutLine: {'line': b'-- Up-to-date symlink: /home/maanavjugalshah/SwarmAero/ros2_ws/install/px4_msgs/include/px4_msgs/px4_msgs/msg/detail/ulog_stream_ack__type_support.hpp\n'}
[1.544941] (px4_msgs) StdoutLine: {'line': b'-- Up-to-date symlink: /home/maanavjugalshah/SwarmAero/ros2_ws/install/px4_msgs/include/px4_msgs/px4_msgs/msg/detail/unregister_ext_component__builder.hpp\n'}
[1.545013] (px4_msgs) StdoutLine: {'line': b'-- Up-to-date symlink: /home/maanavjugalshah/SwarmAero/ros2_ws/install/px4_msgs/include/px4_msgs/px4_msgs/msg/detail/unregister_ext_component__struct.hpp\n'}
[1.545274] (px4_msgs) StdoutLine: {'line': b'-- Up-to-date symlink: /home/maanavjugalshah/SwarmAero/ros2_ws/install/px4_msgs/include/px4_msgs/px4_msgs/msg/detail/unregister_ext_component__traits.hpp\n'}
[1.545385] (px4_msgs) StdoutLine: {'line': b'-- Up-to-date symlink: /home/maanavjugalshah/SwarmAero/ros2_ws/install/px4_msgs/include/px4_msgs/px4_msgs/msg/detail/unregister_ext_component__type_support.hpp\n'}
[1.545451] (px4_msgs) StdoutLine: {'line': b'-- Up-to-date symlink: /home/maanavjugalshah/SwarmAero/ros2_ws/install/px4_msgs/include/px4_msgs/px4_msgs/msg/detail/vehicle_acceleration__builder.hpp\n'}
[1.545518] (px4_msgs) StdoutLine: {'line': b'-- Up-to-date symlink: /home/maanavjugalshah/SwarmAero/ros2_ws/install/px4_msgs/include/px4_msgs/px4_msgs/msg/detail/vehicle_acceleration__struct.hpp\n'}
[1.545592] (px4_msgs) StdoutLine: {'line': b'-- Up-to-date symlink: /home/maanavjugalshah/SwarmAero/ros2_ws/install/px4_msgs/include/px4_msgs/px4_msgs/msg/detail/vehicle_acceleration__traits.hpp\n'}
[1.545868] (px4_msgs) StdoutLine: {'line': b'-- Up-to-date symlink: /home/maanavjugalshah/SwarmAero/ros2_ws/install/px4_msgs/include/px4_msgs/px4_msgs/msg/detail/vehicle_acceleration__type_support.hpp\n'}
[1.546302] (px4_msgs) StdoutLine: {'line': b'-- Up-to-date symlink: /home/maanavjugalshah/SwarmAero/ros2_ws/install/px4_msgs/include/px4_msgs/px4_msgs/msg/detail/vehicle_air_data__builder.hpp\n'}
[1.546595] (px4_msgs) StdoutLine: {'line': b'-- Up-to-date symlink: /home/maanavjugalshah/SwarmAero/ros2_ws/install/px4_msgs/include/px4_msgs/px4_msgs/msg/detail/vehicle_air_data__struct.hpp\n'}
[1.546835] (px4_msgs) StdoutLine: {'line': b'-- Up-to-date symlink: /home/maanavjugalshah/SwarmAero/ros2_ws/install/px4_msgs/include/px4_msgs/px4_msgs/msg/detail/vehicle_air_data__traits.hpp\n'}
[1.546953] (px4_msgs) StdoutLine: {'line': b'-- Up-to-date symlink: /home/maanavjugalshah/SwarmAero/ros2_ws/install/px4_msgs/include/px4_msgs/px4_msgs/msg/detail/vehicle_air_data__type_support.hpp\n'}
[1.547129] (px4_msgs) StdoutLine: {'line': b'-- Up-to-date symlink: /home/maanavjugalshah/SwarmAero/ros2_ws/install/px4_msgs/include/px4_msgs/px4_msgs/msg/detail/vehicle_angular_acceleration_setpoint__builder.hpp\n'}
[1.547299] (px4_msgs) StdoutLine: {'line': b'-- Up-to-date symlink: /home/maanavjugalshah/SwarmAero/ros2_ws/install/px4_msgs/include/px4_msgs/px4_msgs/msg/detail/vehicle_angular_acceleration_setpoint__struct.hpp\n'}
[1.547369] (px4_msgs) StdoutLine: {'line': b'-- Up-to-date symlink: /home/maanavjugalshah/SwarmAero/ros2_ws/install/px4_msgs/include/px4_msgs/px4_msgs/msg/detail/vehicle_angular_acceleration_setpoint__traits.hpp\n'}
[1.547533] (px4_msgs) StdoutLine: {'line': b'-- Up-to-date symlink: /home/maanavjugalshah/SwarmAero/ros2_ws/install/px4_msgs/include/px4_msgs/px4_msgs/msg/detail/vehicle_angular_acceleration_setpoint__type_support.hpp\n'}
[1.547811] (px4_msgs) StdoutLine: {'line': b'-- Up-to-date symlink: /home/maanavjugalshah/SwarmAero/ros2_ws/install/px4_msgs/include/px4_msgs/px4_msgs/msg/detail/vehicle_angular_velocity__builder.hpp\n'}
[1.548017] (px4_msgs) StdoutLine: {'line': b'-- Up-to-date symlink: /home/maanavjugalshah/SwarmAero/ros2_ws/install/px4_msgs/include/px4_msgs/px4_msgs/msg/detail/vehicle_angular_velocity__struct.hpp\n'}
[1.548236] (px4_msgs) StdoutLine: {'line': b'-- Up-to-date symlink: /home/maanavjugalshah/SwarmAero/ros2_ws/install/px4_msgs/include/px4_msgs/px4_msgs/msg/detail/vehicle_angular_velocity__traits.hpp\n'}
[1.548328] (px4_msgs) StdoutLine: {'line': b'-- Up-to-date symlink: /home/maanavjugalshah/SwarmAero/ros2_ws/install/px4_msgs/include/px4_msgs/px4_msgs/msg/detail/vehicle_angular_velocity__type_support.hpp\n'}
[1.548454] (px4_msgs) StdoutLine: {'line': b'-- Up-to-date symlink: /home/maanavjugalshah/SwarmAero/ros2_ws/install/px4_msgs/include/px4_msgs/px4_msgs/msg/detail/vehicle_attitude__builder.hpp\n'}
[1.548549] (px4_msgs) StdoutLine: {'line': b'-- Up-to-date symlink: /home/maanavjugalshah/SwarmAero/ros2_ws/install/px4_msgs/include/px4_msgs/px4_msgs/msg/detail/vehicle_attitude__struct.hpp\n'}
[1.548662] (px4_msgs) StdoutLine: {'line': b'-- Up-to-date symlink: /home/maanavjugalshah/SwarmAero/ros2_ws/install/px4_msgs/include/px4_msgs/px4_msgs/msg/detail/vehicle_attitude__traits.hpp\n'}
[1.548850] (px4_msgs) StdoutLine: {'line': b'-- Up-to-date symlink: /home/maanavjugalshah/SwarmAero/ros2_ws/install/px4_msgs/include/px4_msgs/px4_msgs/msg/detail/vehicle_attitude__type_support.hpp\n'}
[1.549048] (px4_msgs) StdoutLine: {'line': b'-- Up-to-date symlink: /home/maanavjugalshah/SwarmAero/ros2_ws/install/px4_msgs/include/px4_msgs/px4_msgs/msg/detail/vehicle_attitude_setpoint__builder.hpp\n'}
[1.549125] (px4_msgs) StdoutLine: {'line': b'-- Up-to-date symlink: /home/maanavjugalshah/SwarmAero/ros2_ws/install/px4_msgs/include/px4_msgs/px4_msgs/msg/detail/vehicle_attitude_setpoint__struct.hpp\n'}
[1.549293] (px4_msgs) StdoutLine: {'line': b'-- Up-to-date symlink: /home/maanavjugalshah/SwarmAero/ros2_ws/install/px4_msgs/include/px4_msgs/px4_msgs/msg/detail/vehicle_attitude_setpoint__traits.hpp\n'}
[1.549392] (px4_msgs) StdoutLine: {'line': b'-- Up-to-date symlink: /home/maanavjugalshah/SwarmAero/ros2_ws/install/px4_msgs/include/px4_msgs/px4_msgs/msg/detail/vehicle_attitude_setpoint__type_support.hpp\n'}
[1.549602] (px4_msgs) StdoutLine: {'line': b'-- Up-to-date symlink: /home/maanavjugalshah/SwarmAero/ros2_ws/install/px4_msgs/include/px4_msgs/px4_msgs/msg/detail/vehicle_command__builder.hpp\n'}
[1.549801] (px4_msgs) StdoutLine: {'line': b'-- Up-to-date symlink: /home/maanavjugalshah/SwarmAero/ros2_ws/install/px4_msgs/include/px4_msgs/px4_msgs/msg/detail/vehicle_command__struct.hpp\n'}
[1.550025] (px4_msgs) StdoutLine: {'line': b'-- Up-to-date symlink: /home/maanavjugalshah/SwarmAero/ros2_ws/install/px4_msgs/include/px4_msgs/px4_msgs/msg/detail/vehicle_command__traits.hpp\n'}
[1.550337] (px4_msgs) StdoutLine: {'line': b'-- Up-to-date symlink: /home/maanavjugalshah/SwarmAero/ros2_ws/install/px4_msgs/include/px4_msgs/px4_msgs/msg/detail/vehicle_command__type_support.hpp\n'}
[1.550669] (px4_msgs) StdoutLine: {'line': b'-- Up-to-date symlink: /home/maanavjugalshah/SwarmAero/ros2_ws/install/px4_msgs/include/px4_msgs/px4_msgs/msg/detail/vehicle_command_ack__builder.hpp\n'}
[1.550852] (px4_msgs) StdoutLine: {'line': b'-- Up-to-date symlink: /home/maanavjugalshah/SwarmAero/ros2_ws/install/px4_msgs/include/px4_msgs/px4_msgs/msg/detail/vehicle_command_ack__struct.hpp\n'}
[1.551155] (px4_msgs) StdoutLine: {'line': b'-- Up-to-date symlink: /home/maanavjugalshah/SwarmAero/ros2_ws/install/px4_msgs/include/px4_msgs/px4_msgs/msg/detail/vehicle_command_ack__traits.hpp\n'}
[1.551399] (px4_msgs) StdoutLine: {'line': b'-- Up-to-date symlink: /home/maanavjugalshah/SwarmAero/ros2_ws/install/px4_msgs/include/px4_msgs/px4_msgs/msg/detail/vehicle_command_ack__type_support.hpp\n'}
[1.551787] (px4_msgs) StdoutLine: {'line': b'-- Up-to-date symlink: /home/maanavjugalshah/SwarmAero/ros2_ws/install/px4_msgs/include/px4_msgs/px4_msgs/msg/detail/vehicle_constraints__builder.hpp\n'}
[1.551876] (px4_msgs) StdoutLine: {'line': b'-- Up-to-date symlink: /home/maanavjugalshah/SwarmAero/ros2_ws/install/px4_msgs/include/px4_msgs/px4_msgs/msg/detail/vehicle_constraints__struct.hpp\n'}
[1.552119] (px4_msgs) StdoutLine: {'line': b'-- Up-to-date symlink: /home/maanavjugalshah/SwarmAero/ros2_ws/install/px4_msgs/include/px4_msgs/px4_msgs/msg/detail/vehicle_constraints__traits.hpp\n'}
[1.552204] (px4_msgs) StdoutLine: {'line': b'-- Up-to-date symlink: /home/maanavjugalshah/SwarmAero/ros2_ws/install/px4_msgs/include/px4_msgs/px4_msgs/msg/detail/vehicle_constraints__type_support.hpp\n'}
[1.552608] (px4_msgs) StdoutLine: {'line': b'-- Up-to-date symlink: /home/maanavjugalshah/SwarmAero/ros2_ws/install/px4_msgs/include/px4_msgs/px4_msgs/msg/detail/vehicle_control_mode__builder.hpp\n'}
[1.552742] (px4_msgs) StdoutLine: {'line': b'-- Up-to-date symlink: /home/maanavjugalshah/SwarmAero/ros2_ws/install/px4_msgs/include/px4_msgs/px4_msgs/msg/detail/vehicle_control_mode__struct.hpp\n'}
[1.552904] (px4_msgs) StdoutLine: {'line': b'-- Up-to-date symlink: /home/maanavjugalshah/SwarmAero/ros2_ws/install/px4_msgs/include/px4_msgs/px4_msgs/msg/detail/vehicle_control_mode__traits.hpp\n'}
[1.552945] (px4_msgs) StdoutLine: {'line': b'-- Up-to-date symlink: /home/maanavjugalshah/SwarmAero/ros2_ws/install/px4_msgs/include/px4_msgs/px4_msgs/msg/detail/vehicle_control_mode__type_support.hpp\n'}
[1.552980] (px4_msgs) StdoutLine: {'line': b'-- Up-to-date symlink: /home/maanavjugalshah/SwarmAero/ros2_ws/install/px4_msgs/include/px4_msgs/px4_msgs/msg/detail/vehicle_global_position__builder.hpp\n'}
[1.553114] (px4_msgs) StdoutLine: {'line': b'-- Up-to-date symlink: /home/maanavjugalshah/SwarmAero/ros2_ws/install/px4_msgs/include/px4_msgs/px4_msgs/msg/detail/vehicle_global_position__struct.hpp\n'}
[1.553228] (px4_msgs) StdoutLine: {'line': b'-- Up-to-date symlink: /home/maanavjugalshah/SwarmAero/ros2_ws/install/px4_msgs/include/px4_msgs/px4_msgs/msg/detail/vehicle_global_position__traits.hpp\n'}
[1.553329] (px4_msgs) StdoutLine: {'line': b'-- Up-to-date symlink: /home/maanavjugalshah/SwarmAero/ros2_ws/install/px4_msgs/include/px4_msgs/px4_msgs/msg/detail/vehicle_global_position__type_support.hpp\n'}
[1.553423] (px4_msgs) StdoutLine: {'line': b'-- Up-to-date symlink: /home/maanavjugalshah/SwarmAero/ros2_ws/install/px4_msgs/include/px4_msgs/px4_msgs/msg/detail/vehicle_imu__builder.hpp\n'}
[1.553513] (px4_msgs) StdoutLine: {'line': b'-- Up-to-date symlink: /home/maanavjugalshah/SwarmAero/ros2_ws/install/px4_msgs/include/px4_msgs/px4_msgs/msg/detail/vehicle_imu__struct.hpp\n'}
[1.553648] (px4_msgs) StdoutLine: {'line': b'-- Up-to-date symlink: /home/maanavjugalshah/SwarmAero/ros2_ws/install/px4_msgs/include/px4_msgs/px4_msgs/msg/detail/vehicle_imu__traits.hpp\n'}
[1.553963] (px4_msgs) StdoutLine: {'line': b'-- Up-to-date symlink: /home/maanavjugalshah/SwarmAero/ros2_ws/install/px4_msgs/include/px4_msgs/px4_msgs/msg/detail/vehicle_imu__type_support.hpp\n'}
[1.554034] (px4_msgs) StdoutLine: {'line': b'-- Up-to-date symlink: /home/maanavjugalshah/SwarmAero/ros2_ws/install/px4_msgs/include/px4_msgs/px4_msgs/msg/detail/vehicle_imu_status__builder.hpp\n'}
[1.554103] (px4_msgs) StdoutLine: {'line': b'-- Up-to-date symlink: /home/maanavjugalshah/SwarmAero/ros2_ws/install/px4_msgs/include/px4_msgs/px4_msgs/msg/detail/vehicle_imu_status__struct.hpp\n'}
[1.554446] (px4_msgs) StdoutLine: {'line': b'-- Up-to-date symlink: /home/maanavjugalshah/SwarmAero/ros2_ws/install/px4_msgs/include/px4_msgs/px4_msgs/msg/detail/vehicle_imu_status__traits.hpp\n'}
[1.554599] (px4_msgs) StdoutLine: {'line': b'-- Up-to-date symlink: /home/maanavjugalshah/SwarmAero/ros2_ws/install/px4_msgs/include/px4_msgs/px4_msgs/msg/detail/vehicle_imu_status__type_support.hpp\n'}
[1.554644] (px4_msgs) StdoutLine: {'line': b'-- Up-to-date symlink: /home/maanavjugalshah/SwarmAero/ros2_ws/install/px4_msgs/include/px4_msgs/px4_msgs/msg/detail/vehicle_land_detected__builder.hpp\n'}
[1.554789] (px4_msgs) StdoutLine: {'line': b'-- Up-to-date symlink: /home/maanavjugalshah/SwarmAero/ros2_ws/install/px4_msgs/include/px4_msgs/px4_msgs/msg/detail/vehicle_land_detected__struct.hpp\n'}
[1.554880] (px4_msgs) StdoutLine: {'line': b'-- Up-to-date symlink: /home/maanavjugalshah/SwarmAero/ros2_ws/install/px4_msgs/include/px4_msgs/px4_msgs/msg/detail/vehicle_land_detected__traits.hpp\n'}
[1.555056] (px4_msgs) StdoutLine: {'line': b'-- Up-to-date symlink: /home/maanavjugalshah/SwarmAero/ros2_ws/install/px4_msgs/include/px4_msgs/px4_msgs/msg/detail/vehicle_land_detected__type_support.hpp\n'}
[1.555149] (px4_msgs) StdoutLine: {'line': b'-- Up-to-date symlink: /home/maanavjugalshah/SwarmAero/ros2_ws/install/px4_msgs/include/px4_msgs/px4_msgs/msg/detail/vehicle_local_position__builder.hpp\n'}
[1.555259] (px4_msgs) StdoutLine: {'line': b'-- Up-to-date symlink: /home/maanavjugalshah/SwarmAero/ros2_ws/install/px4_msgs/include/px4_msgs/px4_msgs/msg/detail/vehicle_local_position__struct.hpp\n'}
[1.555375] (px4_msgs) StdoutLine: {'line': b'-- Up-to-date symlink: /home/maanavjugalshah/SwarmAero/ros2_ws/install/px4_msgs/include/px4_msgs/px4_msgs/msg/detail/vehicle_local_position__traits.hpp\n'}
[1.555533] (px4_msgs) StdoutLine: {'line': b'-- Up-to-date symlink: /home/maanavjugalshah/SwarmAero/ros2_ws/install/px4_msgs/include/px4_msgs/px4_msgs/msg/detail/vehicle_local_position__type_support.hpp\n'}
[1.555855] (px4_msgs) StdoutLine: {'line': b'-- Up-to-date symlink: /home/maanavjugalshah/SwarmAero/ros2_ws/install/px4_msgs/include/px4_msgs/px4_msgs/msg/detail/vehicle_local_position_setpoint__builder.hpp\n'}
[1.555958] (px4_msgs) StdoutLine: {'line': b'-- Up-to-date symlink: /home/maanavjugalshah/SwarmAero/ros2_ws/install/px4_msgs/include/px4_msgs/px4_msgs/msg/detail/vehicle_local_position_setpoint__struct.hpp\n'}
[1.556048] (px4_msgs) StdoutLine: {'line': b'-- Up-to-date symlink: /home/maanavjugalshah/SwarmAero/ros2_ws/install/px4_msgs/include/px4_msgs/px4_msgs/msg/detail/vehicle_local_position_setpoint__traits.hpp\n'}
[1.556146] (px4_msgs) StdoutLine: {'line': b'-- Up-to-date symlink: /home/maanavjugalshah/SwarmAero/ros2_ws/install/px4_msgs/include/px4_msgs/px4_msgs/msg/detail/vehicle_local_position_setpoint__type_support.hpp\n'}
[1.556223] (px4_msgs) StdoutLine: {'line': b'-- Up-to-date symlink: /home/maanavjugalshah/SwarmAero/ros2_ws/install/px4_msgs/include/px4_msgs/px4_msgs/msg/detail/vehicle_magnetometer__builder.hpp\n'}
[1.556452] (px4_msgs) StdoutLine: {'line': b'-- Up-to-date symlink: /home/maanavjugalshah/SwarmAero/ros2_ws/install/px4_msgs/include/px4_msgs/px4_msgs/msg/detail/vehicle_magnetometer__struct.hpp\n'}
[1.556645] (px4_msgs) StdoutLine: {'line': b'-- Up-to-date symlink: /home/maanavjugalshah/SwarmAero/ros2_ws/install/px4_msgs/include/px4_msgs/px4_msgs/msg/detail/vehicle_magnetometer__traits.hpp\n'}
[1.556786] (px4_msgs) StdoutLine: {'line': b'-- Up-to-date symlink: /home/maanavjugalshah/SwarmAero/ros2_ws/install/px4_msgs/include/px4_msgs/px4_msgs/msg/detail/vehicle_magnetometer__type_support.hpp\n'}
[1.557000] (px4_msgs) StdoutLine: {'line': b'-- Up-to-date symlink: /home/maanavjugalshah/SwarmAero/ros2_ws/install/px4_msgs/include/px4_msgs/px4_msgs/msg/detail/vehicle_odometry__builder.hpp\n'}
[1.557055] (px4_msgs) StdoutLine: {'line': b'-- Up-to-date symlink: /home/maanavjugalshah/SwarmAero/ros2_ws/install/px4_msgs/include/px4_msgs/px4_msgs/msg/detail/vehicle_odometry__struct.hpp\n'}
[1.557206] (px4_msgs) StdoutLine: {'line': b'-- Up-to-date symlink: /home/maanavjugalshah/SwarmAero/ros2_ws/install/px4_msgs/include/px4_msgs/px4_msgs/msg/detail/vehicle_odometry__traits.hpp\n'}
[1.557253] (px4_msgs) StdoutLine: {'line': b'-- Up-to-date symlink: /home/maanavjugalshah/SwarmAero/ros2_ws/install/px4_msgs/include/px4_msgs/px4_msgs/msg/detail/vehicle_odometry__type_support.hpp\n'}
[1.557475] (px4_msgs) StdoutLine: {'line': b'-- Up-to-date symlink: /home/maanavjugalshah/SwarmAero/ros2_ws/install/px4_msgs/include/px4_msgs/px4_msgs/msg/detail/vehicle_optical_flow__builder.hpp\n'}
[1.557597] (px4_msgs) StdoutLine: {'line': b'-- Up-to-date symlink: /home/maanavjugalshah/SwarmAero/ros2_ws/install/px4_msgs/include/px4_msgs/px4_msgs/msg/detail/vehicle_optical_flow__struct.hpp\n'}
[1.557697] (px4_msgs) StdoutLine: {'line': b'-- Up-to-date symlink: /home/maanavjugalshah/SwarmAero/ros2_ws/install/px4_msgs/include/px4_msgs/px4_msgs/msg/detail/vehicle_optical_flow__traits.hpp\n'}
[1.557838] (px4_msgs) StdoutLine: {'line': b'-- Up-to-date symlink: /home/maanavjugalshah/SwarmAero/ros2_ws/install/px4_msgs/include/px4_msgs/px4_msgs/msg/detail/vehicle_optical_flow__type_support.hpp\n'}
[1.558297] (px4_msgs) StdoutLine: {'line': b'-- Up-to-date symlink: /home/maanavjugalshah/SwarmAero/ros2_ws/install/px4_msgs/include/px4_msgs/px4_msgs/msg/detail/vehicle_optical_flow_vel__builder.hpp\n'}
[1.558579] (px4_msgs) StdoutLine: {'line': b'-- Up-to-date symlink: /home/maanavjugalshah/SwarmAero/ros2_ws/install/px4_msgs/include/px4_msgs/px4_msgs/msg/detail/vehicle_optical_flow_vel__struct.hpp\n'}
[1.558643] (px4_msgs) StdoutLine: {'line': b'-- Up-to-date symlink: /home/maanavjugalshah/SwarmAero/ros2_ws/install/px4_msgs/include/px4_msgs/px4_msgs/msg/detail/vehicle_optical_flow_vel__traits.hpp\n'}
[1.558741] (px4_msgs) StdoutLine: {'line': b'-- Up-to-date symlink: /home/maanavjugalshah/SwarmAero/ros2_ws/install/px4_msgs/include/px4_msgs/px4_msgs/msg/detail/vehicle_optical_flow_vel__type_support.hpp\n'}
[1.558923] (px4_msgs) StdoutLine: {'line': b'-- Up-to-date symlink: /home/maanavjugalshah/SwarmAero/ros2_ws/install/px4_msgs/include/px4_msgs/px4_msgs/msg/detail/vehicle_rates_setpoint__builder.hpp\n'}
[1.559114] (px4_msgs) StdoutLine: {'line': b'-- Up-to-date symlink: /home/maanavjugalshah/SwarmAero/ros2_ws/install/px4_msgs/include/px4_msgs/px4_msgs/msg/detail/vehicle_rates_setpoint__struct.hpp\n'}
[1.559245] (px4_msgs) StdoutLine: {'line': b'-- Up-to-date symlink: /home/maanavjugalshah/SwarmAero/ros2_ws/install/px4_msgs/include/px4_msgs/px4_msgs/msg/detail/vehicle_rates_setpoint__traits.hpp\n'}
[1.559307] (px4_msgs) StdoutLine: {'line': b'-- Up-to-date symlink: /home/maanavjugalshah/SwarmAero/ros2_ws/install/px4_msgs/include/px4_msgs/px4_msgs/msg/detail/vehicle_rates_setpoint__type_support.hpp\n'}
[1.559428] (px4_msgs) StdoutLine: {'line': b'-- Up-to-date symlink: /home/maanavjugalshah/SwarmAero/ros2_ws/install/px4_msgs/include/px4_msgs/px4_msgs/msg/detail/vehicle_roi__builder.hpp\n'}
[1.559693] (px4_msgs) StdoutLine: {'line': b'-- Up-to-date symlink: /home/maanavjugalshah/SwarmAero/ros2_ws/install/px4_msgs/include/px4_msgs/px4_msgs/msg/detail/vehicle_roi__struct.hpp\n'}
[1.559785] (px4_msgs) StdoutLine: {'line': b'-- Up-to-date symlink: /home/maanavjugalshah/SwarmAero/ros2_ws/install/px4_msgs/include/px4_msgs/px4_msgs/msg/detail/vehicle_roi__traits.hpp\n'}
[1.559825] (px4_msgs) StdoutLine: {'line': b'-- Up-to-date symlink: /home/maanavjugalshah/SwarmAero/ros2_ws/install/px4_msgs/include/px4_msgs/px4_msgs/msg/detail/vehicle_roi__type_support.hpp\n'}
[1.560010] (px4_msgs) StdoutLine: {'line': b'-- Up-to-date symlink: /home/maanavjugalshah/SwarmAero/ros2_ws/install/px4_msgs/include/px4_msgs/px4_msgs/msg/detail/vehicle_status__builder.hpp\n'}
[1.560082] (px4_msgs) StdoutLine: {'line': b'-- Up-to-date symlink: /home/maanavjugalshah/SwarmAero/ros2_ws/install/px4_msgs/include/px4_msgs/px4_msgs/msg/detail/vehicle_status__struct.hpp\n'}
[1.560215] (px4_msgs) StdoutLine: {'line': b'-- Up-to-date symlink: /home/maanavjugalshah/SwarmAero/ros2_ws/install/px4_msgs/include/px4_msgs/px4_msgs/msg/detail/vehicle_status__traits.hpp\n'}
[1.560292] (px4_msgs) StdoutLine: {'line': b'-- Up-to-date symlink: /home/maanavjugalshah/SwarmAero/ros2_ws/install/px4_msgs/include/px4_msgs/px4_msgs/msg/detail/vehicle_status__type_support.hpp\n'}
[1.560406] (px4_msgs) StdoutLine: {'line': b'-- Up-to-date symlink: /home/maanavjugalshah/SwarmAero/ros2_ws/install/px4_msgs/include/px4_msgs/px4_msgs/msg/detail/vehicle_thrust_setpoint__builder.hpp\n'}
[1.560595] (px4_msgs) StdoutLine: {'line': b'-- Up-to-date symlink: /home/maanavjugalshah/SwarmAero/ros2_ws/install/px4_msgs/include/px4_msgs/px4_msgs/msg/detail/vehicle_thrust_setpoint__struct.hpp\n'}
[1.560643] (px4_msgs) StdoutLine: {'line': b'-- Up-to-date symlink: /home/maanavjugalshah/SwarmAero/ros2_ws/install/px4_msgs/include/px4_msgs/px4_msgs/msg/detail/vehicle_thrust_setpoint__traits.hpp\n'}
[1.560683] (px4_msgs) StdoutLine: {'line': b'-- Up-to-date symlink: /home/maanavjugalshah/SwarmAero/ros2_ws/install/px4_msgs/include/px4_msgs/px4_msgs/msg/detail/vehicle_thrust_setpoint__type_support.hpp\n'}
[1.560795] (px4_msgs) StdoutLine: {'line': b'-- Up-to-date symlink: /home/maanavjugalshah/SwarmAero/ros2_ws/install/px4_msgs/include/px4_msgs/px4_msgs/msg/detail/vehicle_torque_setpoint__builder.hpp\n'}
[1.560942] (px4_msgs) StdoutLine: {'line': b'-- Up-to-date symlink: /home/maanavjugalshah/SwarmAero/ros2_ws/install/px4_msgs/include/px4_msgs/px4_msgs/msg/detail/vehicle_torque_setpoint__struct.hpp\n'}
[1.561057] (px4_msgs) StdoutLine: {'line': b'-- Up-to-date symlink: /home/maanavjugalshah/SwarmAero/ros2_ws/install/px4_msgs/include/px4_msgs/px4_msgs/msg/detail/vehicle_torque_setpoint__traits.hpp\n'}
[1.561241] (px4_msgs) StdoutLine: {'line': b'-- Up-to-date symlink: /home/maanavjugalshah/SwarmAero/ros2_ws/install/px4_msgs/include/px4_msgs/px4_msgs/msg/detail/vehicle_torque_setpoint__type_support.hpp\n'}
[1.561368] (px4_msgs) StdoutLine: {'line': b'-- Up-to-date symlink: /home/maanavjugalshah/SwarmAero/ros2_ws/install/px4_msgs/include/px4_msgs/px4_msgs/msg/detail/velocity_limits__builder.hpp\n'}
[1.561455] (px4_msgs) StdoutLine: {'line': b'-- Up-to-date symlink: /home/maanavjugalshah/SwarmAero/ros2_ws/install/px4_msgs/include/px4_msgs/px4_msgs/msg/detail/velocity_limits__struct.hpp\n'}
[1.561542] (px4_msgs) StdoutLine: {'line': b'-- Up-to-date symlink: /home/maanavjugalshah/SwarmAero/ros2_ws/install/px4_msgs/include/px4_msgs/px4_msgs/msg/detail/velocity_limits__traits.hpp\n'}
[1.561615] (px4_msgs) StdoutLine: {'line': b'-- Up-to-date symlink: /home/maanavjugalshah/SwarmAero/ros2_ws/install/px4_msgs/include/px4_msgs/px4_msgs/msg/detail/velocity_limits__type_support.hpp\n'}
[1.561686] (px4_msgs) StdoutLine: {'line': b'-- Up-to-date symlink: /home/maanavjugalshah/SwarmAero/ros2_ws/install/px4_msgs/include/px4_msgs/px4_msgs/msg/detail/vtol_vehicle_status__builder.hpp\n'}
[1.561792] (px4_msgs) StdoutLine: {'line': b'-- Up-to-date symlink: /home/maanavjugalshah/SwarmAero/ros2_ws/install/px4_msgs/include/px4_msgs/px4_msgs/msg/detail/vtol_vehicle_status__struct.hpp\n'}
[1.561865] (px4_msgs) StdoutLine: {'line': b'-- Up-to-date symlink: /home/maanavjugalshah/SwarmAero/ros2_ws/install/px4_msgs/include/px4_msgs/px4_msgs/msg/detail/vtol_vehicle_status__traits.hpp\n'}
[1.562094] (px4_msgs) StdoutLine: {'line': b'-- Up-to-date symlink: /home/maanavjugalshah/SwarmAero/ros2_ws/install/px4_msgs/include/px4_msgs/px4_msgs/msg/detail/vtol_vehicle_status__type_support.hpp\n'}
[1.562203] (px4_msgs) StdoutLine: {'line': b'-- Up-to-date symlink: /home/maanavjugalshah/SwarmAero/ros2_ws/install/px4_msgs/include/px4_msgs/px4_msgs/msg/detail/vtx__builder.hpp\n'}
[1.562273] (px4_msgs) StdoutLine: {'line': b'-- Up-to-date symlink: /home/maanavjugalshah/SwarmAero/ros2_ws/install/px4_msgs/include/px4_msgs/px4_msgs/msg/detail/vtx__struct.hpp\n'}
[1.562485] (px4_msgs) StdoutLine: {'line': b'-- Up-to-date symlink: /home/maanavjugalshah/SwarmAero/ros2_ws/install/px4_msgs/include/px4_msgs/px4_msgs/msg/detail/vtx__traits.hpp\n'}
[1.562568] (px4_msgs) StdoutLine: {'line': b'-- Up-to-date symlink: /home/maanavjugalshah/SwarmAero/ros2_ws/install/px4_msgs/include/px4_msgs/px4_msgs/msg/detail/vtx__type_support.hpp\n'}
[1.562647] (px4_msgs) StdoutLine: {'line': b'-- Up-to-date symlink: /home/maanavjugalshah/SwarmAero/ros2_ws/install/px4_msgs/include/px4_msgs/px4_msgs/msg/detail/wheel_encoders__builder.hpp\n'}
[1.562860] (px4_msgs) StdoutLine: {'line': b'-- Up-to-date symlink: /home/maanavjugalshah/SwarmAero/ros2_ws/install/px4_msgs/include/px4_msgs/px4_msgs/msg/detail/wheel_encoders__struct.hpp\n'}
[1.563012] (px4_msgs) StdoutLine: {'line': b'-- Up-to-date symlink: /home/maanavjugalshah/SwarmAero/ros2_ws/install/px4_msgs/include/px4_msgs/px4_msgs/msg/detail/wheel_encoders__traits.hpp\n'}
[1.563113] (px4_msgs) StdoutLine: {'line': b'-- Up-to-date symlink: /home/maanavjugalshah/SwarmAero/ros2_ws/install/px4_msgs/include/px4_msgs/px4_msgs/msg/detail/wheel_encoders__type_support.hpp\n'}
[1.563254] (px4_msgs) StdoutLine: {'line': b'-- Up-to-date symlink: /home/maanavjugalshah/SwarmAero/ros2_ws/install/px4_msgs/include/px4_msgs/px4_msgs/msg/detail/wind__builder.hpp\n'}
[1.563377] (px4_msgs) StdoutLine: {'line': b'-- Up-to-date symlink: /home/maanavjugalshah/SwarmAero/ros2_ws/install/px4_msgs/include/px4_msgs/px4_msgs/msg/detail/wind__struct.hpp\n'}
[1.563704] (px4_msgs) StdoutLine: {'line': b'-- Up-to-date symlink: /home/maanavjugalshah/SwarmAero/ros2_ws/install/px4_msgs/include/px4_msgs/px4_msgs/msg/detail/wind__traits.hpp\n'}
[1.563884] (px4_msgs) StdoutLine: {'line': b'-- Up-to-date symlink: /home/maanavjugalshah/SwarmAero/ros2_ws/install/px4_msgs/include/px4_msgs/px4_msgs/msg/detail/wind__type_support.hpp\n'}
[1.563953] (px4_msgs) StdoutLine: {'line': b'-- Up-to-date symlink: /home/maanavjugalshah/SwarmAero/ros2_ws/install/px4_msgs/include/px4_msgs/px4_msgs/msg/detail/yaw_estimator_status__builder.hpp\n'}
[1.564141] (px4_msgs) StdoutLine: {'line': b'-- Up-to-date symlink: /home/maanavjugalshah/SwarmAero/ros2_ws/install/px4_msgs/include/px4_msgs/px4_msgs/msg/detail/yaw_estimator_status__struct.hpp\n'}
[1.564237] (px4_msgs) StdoutLine: {'line': b'-- Up-to-date symlink: /home/maanavjugalshah/SwarmAero/ros2_ws/install/px4_msgs/include/px4_msgs/px4_msgs/msg/detail/yaw_estimator_status__traits.hpp\n'}
[1.564368] (px4_msgs) StdoutLine: {'line': b'-- Up-to-date symlink: /home/maanavjugalshah/SwarmAero/ros2_ws/install/px4_msgs/include/px4_msgs/px4_msgs/msg/detail/yaw_estimator_status__type_support.hpp\n'}
[1.564445] (px4_msgs) StdoutLine: {'line': b'-- Up-to-date symlink: /home/maanavjugalshah/SwarmAero/ros2_ws/install/px4_msgs/include/px4_msgs/px4_msgs/msg/device_information.hpp\n'}
[1.564541] (px4_msgs) StdoutLine: {'line': b'-- Up-to-date symlink: /home/maanavjugalshah/SwarmAero/ros2_ws/install/px4_msgs/include/px4_msgs/px4_msgs/msg/differential_pressure.hpp\n'}
[1.564946] (px4_msgs) StdoutLine: {'line': b'-- Up-to-date symlink: /home/maanavjugalshah/SwarmAero/ros2_ws/install/px4_msgs/include/px4_msgs/px4_msgs/msg/distance_sensor.hpp\n'}
[1.565031] (px4_msgs) StdoutLine: {'line': b'-- Up-to-date symlink: /home/maanavjugalshah/SwarmAero/ros2_ws/install/px4_msgs/include/px4_msgs/px4_msgs/msg/distance_sensor_mode_change_request.hpp\n'}
[1.565188] (px4_msgs) StdoutLine: {'line': b'-- Up-to-date symlink: /home/maanavjugalshah/SwarmAero/ros2_ws/install/px4_msgs/include/px4_msgs/px4_msgs/msg/dronecan_node_status.hpp\n'}
[1.565285] (px4_msgs) StdoutLine: {'line': b'-- Up-to-date symlink: /home/maanavjugalshah/SwarmAero/ros2_ws/install/px4_msgs/include/px4_msgs/px4_msgs/msg/ekf2_timestamps.hpp\n'}
[1.565414] (px4_msgs) StdoutLine: {'line': b'-- Up-to-date symlink: /home/maanavjugalshah/SwarmAero/ros2_ws/install/px4_msgs/include/px4_msgs/px4_msgs/msg/esc_eeprom_read.hpp\n'}
[1.565459] (px4_msgs) StdoutLine: {'line': b'-- Up-to-date symlink: /home/maanavjugalshah/SwarmAero/ros2_ws/install/px4_msgs/include/px4_msgs/px4_msgs/msg/esc_eeprom_write.hpp\n'}
[1.565538] (px4_msgs) StdoutLine: {'line': b'-- Up-to-date symlink: /home/maanavjugalshah/SwarmAero/ros2_ws/install/px4_msgs/include/px4_msgs/px4_msgs/msg/esc_report.hpp\n'}
[1.565625] (px4_msgs) StdoutLine: {'line': b'-- Up-to-date symlink: /home/maanavjugalshah/SwarmAero/ros2_ws/install/px4_msgs/include/px4_msgs/px4_msgs/msg/esc_status.hpp\n'}
[1.565819] (px4_msgs) StdoutLine: {'line': b'-- Up-to-date symlink: /home/maanavjugalshah/SwarmAero/ros2_ws/install/px4_msgs/include/px4_msgs/px4_msgs/msg/estimator_aid_source1d.hpp\n'}
[1.565994] (px4_msgs) StdoutLine: {'line': b'-- Up-to-date symlink: /home/maanavjugalshah/SwarmAero/ros2_ws/install/px4_msgs/include/px4_msgs/px4_msgs/msg/estimator_aid_source2d.hpp\n'}
[1.566249] (px4_msgs) StdoutLine: {'line': b'-- Up-to-date symlink: /home/maanavjugalshah/SwarmAero/ros2_ws/install/px4_msgs/include/px4_msgs/px4_msgs/msg/estimator_aid_source3d.hpp\n'}
[1.566846] (px4_msgs) StdoutLine: {'line': b'-- Up-to-date symlink: /home/maanavjugalshah/SwarmAero/ros2_ws/install/px4_msgs/include/px4_msgs/px4_msgs/msg/estimator_bias.hpp\n'}
[1.566963] (px4_msgs) StdoutLine: {'line': b'-- Up-to-date symlink: /home/maanavjugalshah/SwarmAero/ros2_ws/install/px4_msgs/include/px4_msgs/px4_msgs/msg/estimator_bias3d.hpp\n'}
[1.567079] (px4_msgs) StdoutLine: {'line': b'-- Up-to-date symlink: /home/maanavjugalshah/SwarmAero/ros2_ws/install/px4_msgs/include/px4_msgs/px4_msgs/msg/estimator_event_flags.hpp\n'}
[1.567239] (px4_msgs) StdoutLine: {'line': b'-- Up-to-date symlink: /home/maanavjugalshah/SwarmAero/ros2_ws/install/px4_msgs/include/px4_msgs/px4_msgs/msg/estimator_fusion_control.hpp\n'}
[1.567310] (px4_msgs) StdoutLine: {'line': b'-- Up-to-date symlink: /home/maanavjugalshah/SwarmAero/ros2_ws/install/px4_msgs/include/px4_msgs/px4_msgs/msg/estimator_gps_status.hpp\n'}
[1.567544] (px4_msgs) StdoutLine: {'line': b'-- Up-to-date symlink: /home/maanavjugalshah/SwarmAero/ros2_ws/install/px4_msgs/include/px4_msgs/px4_msgs/msg/estimator_innovations.hpp\n'}
[1.567705] (px4_msgs) StdoutLine: {'line': b'-- Up-to-date symlink: /home/maanavjugalshah/SwarmAero/ros2_ws/install/px4_msgs/include/px4_msgs/px4_msgs/msg/estimator_selector_status.hpp\n'}
[1.567822] (px4_msgs) StdoutLine: {'line': b'-- Up-to-date symlink: /home/maanavjugalshah/SwarmAero/ros2_ws/install/px4_msgs/include/px4_msgs/px4_msgs/msg/estimator_sensor_bias.hpp\n'}
[1.567922] (px4_msgs) StdoutLine: {'line': b'-- Up-to-date symlink: /home/maanavjugalshah/SwarmAero/ros2_ws/install/px4_msgs/include/px4_msgs/px4_msgs/msg/estimator_states.hpp\n'}
[1.568095] (px4_msgs) StdoutLine: {'line': b'-- Up-to-date symlink: /home/maanavjugalshah/SwarmAero/ros2_ws/install/px4_msgs/include/px4_msgs/px4_msgs/msg/estimator_status.hpp\n'}
[1.568380] (px4_msgs) StdoutLine: {'line': b'-- Up-to-date symlink: /home/maanavjugalshah/SwarmAero/ros2_ws/install/px4_msgs/include/px4_msgs/px4_msgs/msg/estimator_status_flags.hpp\n'}
[1.568563] (px4_msgs) StdoutLine: {'line': b'-- Up-to-date symlink: /home/maanavjugalshah/SwarmAero/ros2_ws/install/px4_msgs/include/px4_msgs/px4_msgs/msg/event.hpp\n'}
[1.568675] (px4_msgs) StdoutLine: {'line': b'-- Up-to-date symlink: /home/maanavjugalshah/SwarmAero/ros2_ws/install/px4_msgs/include/px4_msgs/px4_msgs/msg/failsafe_flags.hpp\n'}
[1.568749] (px4_msgs) StdoutLine: {'line': b'-- Up-to-date symlink: /home/maanavjugalshah/SwarmAero/ros2_ws/install/px4_msgs/include/px4_msgs/px4_msgs/msg/failure_detector_status.hpp\n'}
[1.568919] (px4_msgs) StdoutLine: {'line': b'-- Up-to-date symlink: /home/maanavjugalshah/SwarmAero/ros2_ws/install/px4_msgs/include/px4_msgs/px4_msgs/msg/figure_eight_status.hpp\n'}
[1.569308] (px4_msgs) StdoutLine: {'line': b'-- Up-to-date symlink: /home/maanavjugalshah/SwarmAero/ros2_ws/install/px4_msgs/include/px4_msgs/px4_msgs/msg/fixed_wing_lateral_guidance_status.hpp\n'}
[1.569371] (px4_msgs) StdoutLine: {'line': b'-- Up-to-date symlink: /home/maanavjugalshah/SwarmAero/ros2_ws/install/px4_msgs/include/px4_msgs/px4_msgs/msg/fixed_wing_lateral_setpoint.hpp\n'}
[1.569432] (px4_msgs) StdoutLine: {'line': b'-- Up-to-date symlink: /home/maanavjugalshah/SwarmAero/ros2_ws/install/px4_msgs/include/px4_msgs/px4_msgs/msg/fixed_wing_lateral_status.hpp\n'}
[1.569667] (px4_msgs) StdoutLine: {'line': b'-- Up-to-date symlink: /home/maanavjugalshah/SwarmAero/ros2_ws/install/px4_msgs/include/px4_msgs/px4_msgs/msg/fixed_wing_longitudinal_setpoint.hpp\n'}
[1.569729] (px4_msgs) StdoutLine: {'line': b'-- Up-to-date symlink: /home/maanavjugalshah/SwarmAero/ros2_ws/install/px4_msgs/include/px4_msgs/px4_msgs/msg/fixed_wing_runway_control.hpp\n'}
[1.569836] (px4_msgs) StdoutLine: {'line': b'-- Up-to-date symlink: /home/maanavjugalshah/SwarmAero/ros2_ws/install/px4_msgs/include/px4_msgs/px4_msgs/msg/flight_phase_estimation.hpp\n'}
[1.570111] (px4_msgs) StdoutLine: {'line': b'-- Up-to-date symlink: /home/maanavjugalshah/SwarmAero/ros2_ws/install/px4_msgs/include/px4_msgs/px4_msgs/msg/follow_target.hpp\n'}
[1.570356] (px4_msgs) StdoutLine: {'line': b'-- Up-to-date symlink: /home/maanavjugalshah/SwarmAero/ros2_ws/install/px4_msgs/include/px4_msgs/px4_msgs/msg/follow_target_estimator.hpp\n'}
[1.570623] (px4_msgs) StdoutLine: {'line': b'-- Up-to-date symlink: /home/maanavjugalshah/SwarmAero/ros2_ws/install/px4_msgs/include/px4_msgs/px4_msgs/msg/follow_target_status.hpp\n'}
[1.570710] (px4_msgs) StdoutLine: {'line': b'-- Up-to-date symlink: /home/maanavjugalshah/SwarmAero/ros2_ws/install/px4_msgs/include/px4_msgs/px4_msgs/msg/fuel_tank_status.hpp\n'}
[1.570946] (px4_msgs) StdoutLine: {'line': b'-- Up-to-date symlink: /home/maanavjugalshah/SwarmAero/ros2_ws/install/px4_msgs/include/px4_msgs/px4_msgs/msg/gain_compression.hpp\n'}
[1.571230] (px4_msgs) StdoutLine: {'line': b'-- Up-to-date symlink: /home/maanavjugalshah/SwarmAero/ros2_ws/install/px4_msgs/include/px4_msgs/px4_msgs/msg/generator_status.hpp\n'}
[1.571295] (px4_msgs) StdoutLine: {'line': b'-- Up-to-date symlink: /home/maanavjugalshah/SwarmAero/ros2_ws/install/px4_msgs/include/px4_msgs/px4_msgs/msg/geofence_result.hpp\n'}
[1.571411] (px4_msgs) StdoutLine: {'line': b'-- Up-to-date symlink: /home/maanavjugalshah/SwarmAero/ros2_ws/install/px4_msgs/include/px4_msgs/px4_msgs/msg/geofence_status.hpp\n'}
[1.571496] (px4_msgs) StdoutLine: {'line': b'-- Up-to-date symlink: /home/maanavjugalshah/SwarmAero/ros2_ws/install/px4_msgs/include/px4_msgs/px4_msgs/msg/gimbal_controls.hpp\n'}
[1.571738] (px4_msgs) StdoutLine: {'line': b'-- Up-to-date symlink: /home/maanavjugalshah/SwarmAero/ros2_ws/install/px4_msgs/include/px4_msgs/px4_msgs/msg/gimbal_device_attitude_status.hpp\n'}
[1.572006] (px4_msgs) StdoutLine: {'line': b'-- Up-to-date symlink: /home/maanavjugalshah/SwarmAero/ros2_ws/install/px4_msgs/include/px4_msgs/px4_msgs/msg/gimbal_device_information.hpp\n'}
[1.572351] (px4_msgs) StdoutLine: {'line': b'-- Up-to-date symlink: /home/maanavjugalshah/SwarmAero/ros2_ws/install/px4_msgs/include/px4_msgs/px4_msgs/msg/gimbal_device_set_attitude.hpp\n'}
[1.572474] (px4_msgs) StdoutLine: {'line': b'-- Up-to-date symlink: /home/maanavjugalshah/SwarmAero/ros2_ws/install/px4_msgs/include/px4_msgs/px4_msgs/msg/gimbal_manager_information.hpp\n'}
[1.572606] (px4_msgs) StdoutLine: {'line': b'-- Up-to-date symlink: /home/maanavjugalshah/SwarmAero/ros2_ws/install/px4_msgs/include/px4_msgs/px4_msgs/msg/gimbal_manager_set_attitude.hpp\n'}
[1.572854] (px4_msgs) StdoutLine: {'line': b'-- Up-to-date symlink: /home/maanavjugalshah/SwarmAero/ros2_ws/install/px4_msgs/include/px4_msgs/px4_msgs/msg/gimbal_manager_set_manual_control.hpp\n'}
[1.573004] (px4_msgs) StdoutLine: {'line': b'-- Up-to-date symlink: /home/maanavjugalshah/SwarmAero/ros2_ws/install/px4_msgs/include/px4_msgs/px4_msgs/msg/gimbal_manager_status.hpp\n'}
[1.573197] (px4_msgs) StdoutLine: {'line': b'-- Up-to-date symlink: /home/maanavjugalshah/SwarmAero/ros2_ws/install/px4_msgs/include/px4_msgs/px4_msgs/msg/goto_setpoint.hpp\n'}
[1.573251] (px4_msgs) StdoutLine: {'line': b'-- Up-to-date symlink: /home/maanavjugalshah/SwarmAero/ros2_ws/install/px4_msgs/include/px4_msgs/px4_msgs/msg/gpio_config.hpp\n'}
[1.573288] (px4_msgs) StdoutLine: {'line': b'-- Up-to-date symlink: /home/maanavjugalshah/SwarmAero/ros2_ws/install/px4_msgs/include/px4_msgs/px4_msgs/msg/gpio_in.hpp\n'}
[1.573325] (px4_msgs) StdoutLine: {'line': b'-- Up-to-date symlink: /home/maanavjugalshah/SwarmAero/ros2_ws/install/px4_msgs/include/px4_msgs/px4_msgs/msg/gpio_out.hpp\n'}
[1.573359] (px4_msgs) StdoutLine: {'line': b'-- Up-to-date symlink: /home/maanavjugalshah/SwarmAero/ros2_ws/install/px4_msgs/include/px4_msgs/px4_msgs/msg/gpio_request.hpp\n'}
[1.573422] (px4_msgs) StdoutLine: {'line': b'-- Up-to-date symlink: /home/maanavjugalshah/SwarmAero/ros2_ws/install/px4_msgs/include/px4_msgs/px4_msgs/msg/gps_dump.hpp\n'}
[1.573491] (px4_msgs) StdoutLine: {'line': b'-- Up-to-date symlink: /home/maanavjugalshah/SwarmAero/ros2_ws/install/px4_msgs/include/px4_msgs/px4_msgs/msg/gps_inject_data.hpp\n'}
[1.573534] (px4_msgs) StdoutLine: {'line': b'-- Up-to-date symlink: /home/maanavjugalshah/SwarmAero/ros2_ws/install/px4_msgs/include/px4_msgs/px4_msgs/msg/gripper.hpp\n'}
[1.573572] (px4_msgs) StdoutLine: {'line': b'-- Up-to-date symlink: /home/maanavjugalshah/SwarmAero/ros2_ws/install/px4_msgs/include/px4_msgs/px4_msgs/msg/health_report.hpp\n'}
[1.573634] (px4_msgs) StdoutLine: {'line': b'-- Up-to-date symlink: /home/maanavjugalshah/SwarmAero/ros2_ws/install/px4_msgs/include/px4_msgs/px4_msgs/msg/heater_status.hpp\n'}
[1.573697] (px4_msgs) StdoutLine: {'line': b'-- Up-to-date symlink: /home/maanavjugalshah/SwarmAero/ros2_ws/install/px4_msgs/include/px4_msgs/px4_msgs/msg/home_position.hpp\n'}
[1.573769] (px4_msgs) StdoutLine: {'line': b'-- Up-to-date symlink: /home/maanavjugalshah/SwarmAero/ros2_ws/install/px4_msgs/include/px4_msgs/px4_msgs/msg/hover_thrust_estimate.hpp\n'}
[1.573808] (px4_msgs) StdoutLine: {'line': b'-- Up-to-date symlink: /home/maanavjugalshah/SwarmAero/ros2_ws/install/px4_msgs/include/px4_msgs/px4_msgs/msg/input_rc.hpp\n'}
[1.573843] (px4_msgs) StdoutLine: {'line': b'-- Up-to-date symlink: /home/maanavjugalshah/SwarmAero/ros2_ws/install/px4_msgs/include/px4_msgs/px4_msgs/msg/internal_combustion_engine_control.hpp\n'}
[1.573877] (px4_msgs) StdoutLine: {'line': b'-- Up-to-date symlink: /home/maanavjugalshah/SwarmAero/ros2_ws/install/px4_msgs/include/px4_msgs/px4_msgs/msg/internal_combustion_engine_status.hpp\n'}
[1.573911] (px4_msgs) StdoutLine: {'line': b'-- Up-to-date symlink: /home/maanavjugalshah/SwarmAero/ros2_ws/install/px4_msgs/include/px4_msgs/px4_msgs/msg/iridiumsbd_status.hpp\n'}
[1.573945] (px4_msgs) StdoutLine: {'line': b'-- Up-to-date symlink: /home/maanavjugalshah/SwarmAero/ros2_ws/install/px4_msgs/include/px4_msgs/px4_msgs/msg/irlock_report.hpp\n'}
[1.573982] (px4_msgs) StdoutLine: {'line': b'-- Up-to-date symlink: /home/maanavjugalshah/SwarmAero/ros2_ws/install/px4_msgs/include/px4_msgs/px4_msgs/msg/landing_gear.hpp\n'}
[1.574016] (px4_msgs) StdoutLine: {'line': b'-- Up-to-date symlink: /home/maanavjugalshah/SwarmAero/ros2_ws/install/px4_msgs/include/px4_msgs/px4_msgs/msg/landing_gear_wheel.hpp\n'}
[1.574051] (px4_msgs) StdoutLine: {'line': b'-- Up-to-date symlink: /home/maanavjugalshah/SwarmAero/ros2_ws/install/px4_msgs/include/px4_msgs/px4_msgs/msg/landing_target_innovations.hpp\n'}
[1.574085] (px4_msgs) StdoutLine: {'line': b'-- Up-to-date symlink: /home/maanavjugalshah/SwarmAero/ros2_ws/install/px4_msgs/include/px4_msgs/px4_msgs/msg/landing_target_pose.hpp\n'}
[1.574120] (px4_msgs) StdoutLine: {'line': b'-- Up-to-date symlink: /home/maanavjugalshah/SwarmAero/ros2_ws/install/px4_msgs/include/px4_msgs/px4_msgs/msg/lateral_control_configuration.hpp\n'}
[1.574154] (px4_msgs) StdoutLine: {'line': b'-- Up-to-date symlink: /home/maanavjugalshah/SwarmAero/ros2_ws/install/px4_msgs/include/px4_msgs/px4_msgs/msg/launch_detection_status.hpp\n'}
[1.574187] (px4_msgs) StdoutLine: {'line': b'-- Up-to-date symlink: /home/maanavjugalshah/SwarmAero/ros2_ws/install/px4_msgs/include/px4_msgs/px4_msgs/msg/led_control.hpp\n'}
[1.574219] (px4_msgs) StdoutLine: {'line': b'-- Up-to-date symlink: /home/maanavjugalshah/SwarmAero/ros2_ws/install/px4_msgs/include/px4_msgs/px4_msgs/msg/log_message.hpp\n'}
[1.574253] (px4_msgs) StdoutLine: {'line': b'-- Up-to-date symlink: /home/maanavjugalshah/SwarmAero/ros2_ws/install/px4_msgs/include/px4_msgs/px4_msgs/msg/logger_status.hpp\n'}
[1.574289] (px4_msgs) StdoutLine: {'line': b'-- Up-to-date symlink: /home/maanavjugalshah/SwarmAero/ros2_ws/install/px4_msgs/include/px4_msgs/px4_msgs/msg/longitudinal_control_configuration.hpp\n'}
[1.574320] (px4_msgs) StdoutLine: {'line': b'-- Up-to-date symlink: /home/maanavjugalshah/SwarmAero/ros2_ws/install/px4_msgs/include/px4_msgs/px4_msgs/msg/mag_worker_data.hpp\n'}
[1.574353] (px4_msgs) StdoutLine: {'line': b'-- Up-to-date symlink: /home/maanavjugalshah/SwarmAero/ros2_ws/install/px4_msgs/include/px4_msgs/px4_msgs/msg/magnetometer_bias_estimate.hpp\n'}
[1.574390] (px4_msgs) StdoutLine: {'line': b'-- Up-to-date symlink: /home/maanavjugalshah/SwarmAero/ros2_ws/install/px4_msgs/include/px4_msgs/px4_msgs/msg/manual_control_setpoint.hpp\n'}
[1.574425] (px4_msgs) StdoutLine: {'line': b'-- Up-to-date symlink: /home/maanavjugalshah/SwarmAero/ros2_ws/install/px4_msgs/include/px4_msgs/px4_msgs/msg/manual_control_switches.hpp\n'}
[1.574457] (px4_msgs) StdoutLine: {'line': b'-- Up-to-date symlink: /home/maanavjugalshah/SwarmAero/ros2_ws/install/px4_msgs/include/px4_msgs/px4_msgs/msg/mavlink_log.hpp\n'}
[1.574491] (px4_msgs) StdoutLine: {'line': b'-- Up-to-date symlink: /home/maanavjugalshah/SwarmAero/ros2_ws/install/px4_msgs/include/px4_msgs/px4_msgs/msg/mavlink_tunnel.hpp\n'}
[1.574525] (px4_msgs) StdoutLine: {'line': b'-- Up-to-date symlink: /home/maanavjugalshah/SwarmAero/ros2_ws/install/px4_msgs/include/px4_msgs/px4_msgs/msg/message_format_request.hpp\n'}
[1.574558] (px4_msgs) StdoutLine: {'line': b'-- Up-to-date symlink: /home/maanavjugalshah/SwarmAero/ros2_ws/install/px4_msgs/include/px4_msgs/px4_msgs/msg/message_format_response.hpp\n'}
[1.574619] (px4_msgs) StdoutLine: {'line': b'-- Up-to-date symlink: /home/maanavjugalshah/SwarmAero/ros2_ws/install/px4_msgs/include/px4_msgs/px4_msgs/msg/mission.hpp\n'}
[1.574659] (px4_msgs) StdoutLine: {'line': b'-- Up-to-date symlink: /home/maanavjugalshah/SwarmAero/ros2_ws/install/px4_msgs/include/px4_msgs/px4_msgs/msg/mission_result.hpp\n'}
[1.574694] (px4_msgs) StdoutLine: {'line': b'-- Up-to-date symlink: /home/maanavjugalshah/SwarmAero/ros2_ws/install/px4_msgs/include/px4_msgs/px4_msgs/msg/mode_completed.hpp\n'}
[1.574754] (px4_msgs) StdoutLine: {'line': b'-- Up-to-date symlink: /home/maanavjugalshah/SwarmAero/ros2_ws/install/px4_msgs/include/px4_msgs/px4_msgs/msg/mount_orientation.hpp\n'}
[1.574808] (px4_msgs) StdoutLine: {'line': b'-- Up-to-date symlink: /home/maanavjugalshah/SwarmAero/ros2_ws/install/px4_msgs/include/px4_msgs/px4_msgs/msg/navigator_mission_item.hpp\n'}
[1.574849] (px4_msgs) StdoutLine: {'line': b'-- Up-to-date symlink: /home/maanavjugalshah/SwarmAero/ros2_ws/install/px4_msgs/include/px4_msgs/px4_msgs/msg/navigator_status.hpp\n'}
[1.574888] (px4_msgs) StdoutLine: {'line': b'-- Up-to-date symlink: /home/maanavjugalshah/SwarmAero/ros2_ws/install/px4_msgs/include/px4_msgs/px4_msgs/msg/neural_control.hpp\n'}
[1.574955] (px4_msgs) StdoutLine: {'line': b'-- Up-to-date symlink: /home/maanavjugalshah/SwarmAero/ros2_ws/install/px4_msgs/include/px4_msgs/px4_msgs/msg/normalized_unsigned_setpoint.hpp\n'}
[1.575000] (px4_msgs) StdoutLine: {'line': b'-- Up-to-date symlink: /home/maanavjugalshah/SwarmAero/ros2_ws/install/px4_msgs/include/px4_msgs/px4_msgs/msg/obstacle_distance.hpp\n'}
[1.575039] (px4_msgs) StdoutLine: {'line': b'-- Up-to-date symlink: /home/maanavjugalshah/SwarmAero/ros2_ws/install/px4_msgs/include/px4_msgs/px4_msgs/msg/offboard_control_mode.hpp\n'}
[1.575077] (px4_msgs) StdoutLine: {'line': b'-- Up-to-date symlink: /home/maanavjugalshah/SwarmAero/ros2_ws/install/px4_msgs/include/px4_msgs/px4_msgs/msg/onboard_computer_status.hpp\n'}
[1.575120] (px4_msgs) StdoutLine: {'line': b'-- Up-to-date symlink: /home/maanavjugalshah/SwarmAero/ros2_ws/install/px4_msgs/include/px4_msgs/px4_msgs/msg/open_drone_id_arm_status.hpp\n'}
[1.575157] (px4_msgs) StdoutLine: {'line': b'-- Up-to-date symlink: /home/maanavjugalshah/SwarmAero/ros2_ws/install/px4_msgs/include/px4_msgs/px4_msgs/msg/open_drone_id_operator_id.hpp\n'}
[1.575225] (px4_msgs) StdoutLine: {'line': b'-- Up-to-date symlink: /home/maanavjugalshah/SwarmAero/ros2_ws/install/px4_msgs/include/px4_msgs/px4_msgs/msg/open_drone_id_self_id.hpp\n'}
[1.575274] (px4_msgs) StdoutLine: {'line': b'-- Up-to-date symlink: /home/maanavjugalshah/SwarmAero/ros2_ws/install/px4_msgs/include/px4_msgs/px4_msgs/msg/open_drone_id_system.hpp\n'}
[1.575312] (px4_msgs) StdoutLine: {'line': b'-- Up-to-date symlink: /home/maanavjugalshah/SwarmAero/ros2_ws/install/px4_msgs/include/px4_msgs/px4_msgs/msg/orb_test.hpp\n'}
[1.575349] (px4_msgs) StdoutLine: {'line': b'-- Up-to-date symlink: /home/maanavjugalshah/SwarmAero/ros2_ws/install/px4_msgs/include/px4_msgs/px4_msgs/msg/orb_test_large.hpp\n'}
[1.575385] (px4_msgs) StdoutLine: {'line': b'-- Up-to-date symlink: /home/maanavjugalshah/SwarmAero/ros2_ws/install/px4_msgs/include/px4_msgs/px4_msgs/msg/orb_test_medium.hpp\n'}
[1.575420] (px4_msgs) StdoutLine: {'line': b'-- Up-to-date symlink: /home/maanavjugalshah/SwarmAero/ros2_ws/install/px4_msgs/include/px4_msgs/px4_msgs/msg/orbit_status.hpp\n'}
[1.575455] (px4_msgs) StdoutLine: {'line': b'-- Up-to-date symlink: /home/maanavjugalshah/SwarmAero/ros2_ws/install/px4_msgs/include/px4_msgs/px4_msgs/msg/parameter_reset_request.hpp\n'}
[1.575490] (px4_msgs) StdoutLine: {'line': b'-- Up-to-date symlink: /home/maanavjugalshah/SwarmAero/ros2_ws/install/px4_msgs/include/px4_msgs/px4_msgs/msg/parameter_set_used_request.hpp\n'}
[1.575528] (px4_msgs) StdoutLine: {'line': b'-- Up-to-date symlink: /home/maanavjugalshah/SwarmAero/ros2_ws/install/px4_msgs/include/px4_msgs/px4_msgs/msg/parameter_set_value_request.hpp\n'}
[1.575561] (px4_msgs) StdoutLine: {'line': b'-- Up-to-date symlink: /home/maanavjugalshah/SwarmAero/ros2_ws/install/px4_msgs/include/px4_msgs/px4_msgs/msg/parameter_set_value_response.hpp\n'}
[1.575615] (px4_msgs) StdoutLine: {'line': b'-- Up-to-date symlink: /home/maanavjugalshah/SwarmAero/ros2_ws/install/px4_msgs/include/px4_msgs/px4_msgs/msg/parameter_update.hpp\n'}
[1.575661] (px4_msgs) StdoutLine: {'line': b'-- Up-to-date symlink: /home/maanavjugalshah/SwarmAero/ros2_ws/install/px4_msgs/include/px4_msgs/px4_msgs/msg/ping.hpp\n'}
[1.575727] (px4_msgs) StdoutLine: {'line': b'-- Up-to-date symlink: /home/maanavjugalshah/SwarmAero/ros2_ws/install/px4_msgs/include/px4_msgs/px4_msgs/msg/position_controller_landing_status.hpp\n'}
[1.575763] (px4_msgs) StdoutLine: {'line': b'-- Up-to-date symlink: /home/maanavjugalshah/SwarmAero/ros2_ws/install/px4_msgs/include/px4_msgs/px4_msgs/msg/position_controller_status.hpp\n'}
[1.575799] (px4_msgs) StdoutLine: {'line': b'-- Up-to-date symlink: /home/maanavjugalshah/SwarmAero/ros2_ws/install/px4_msgs/include/px4_msgs/px4_msgs/msg/position_setpoint.hpp\n'}
[1.575834] (px4_msgs) StdoutLine: {'line': b'-- Up-to-date symlink: /home/maanavjugalshah/SwarmAero/ros2_ws/install/px4_msgs/include/px4_msgs/px4_msgs/msg/position_setpoint_triplet.hpp\n'}
[1.575867] (px4_msgs) StdoutLine: {'line': b'-- Up-to-date symlink: /home/maanavjugalshah/SwarmAero/ros2_ws/install/px4_msgs/include/px4_msgs/px4_msgs/msg/power_button_state.hpp\n'}
[1.575900] (px4_msgs) StdoutLine: {'line': b'-- Up-to-date symlink: /home/maanavjugalshah/SwarmAero/ros2_ws/install/px4_msgs/include/px4_msgs/px4_msgs/msg/power_monitor.hpp\n'}
[1.575932] (px4_msgs) StdoutLine: {'line': b'-- Up-to-date symlink: /home/maanavjugalshah/SwarmAero/ros2_ws/install/px4_msgs/include/px4_msgs/px4_msgs/msg/pps_capture.hpp\n'}
[1.575964] (px4_msgs) StdoutLine: {'line': b'-- Up-to-date symlink: /home/maanavjugalshah/SwarmAero/ros2_ws/install/px4_msgs/include/px4_msgs/px4_msgs/msg/pure_pursuit_status.hpp\n'}
[1.576031] (px4_msgs) StdoutLine: {'line': b'-- Up-to-date symlink: /home/maanavjugalshah/SwarmAero/ros2_ws/install/px4_msgs/include/px4_msgs/px4_msgs/msg/pwm_input.hpp\n'}
[1.576068] (px4_msgs) StdoutLine: {'line': b'-- Up-to-date symlink: /home/maanavjugalshah/SwarmAero/ros2_ws/install/px4_msgs/include/px4_msgs/px4_msgs/msg/px4io_status.hpp\n'}
[1.576105] (px4_msgs) StdoutLine: {'line': b'-- Up-to-date symlink: /home/maanavjugalshah/SwarmAero/ros2_ws/install/px4_msgs/include/px4_msgs/px4_msgs/msg/qshell_req.hpp\n'}
[1.576140] (px4_msgs) StdoutLine: {'line': b'-- Up-to-date symlink: /home/maanavjugalshah/SwarmAero/ros2_ws/install/px4_msgs/include/px4_msgs/px4_msgs/msg/qshell_retval.hpp\n'}
[1.576309] (px4_msgs) StdoutLine: {'line': b'-- Up-to-date symlink: /home/maanavjugalshah/SwarmAero/ros2_ws/install/px4_msgs/include/px4_msgs/px4_msgs/msg/radio_status.hpp\n'}
[1.576377] (px4_msgs) StdoutLine: {'line': b'-- Up-to-date symlink: /home/maanavjugalshah/SwarmAero/ros2_ws/install/px4_msgs/include/px4_msgs/px4_msgs/msg/ranging_beacon.hpp\n'}
[1.576620] (px4_msgs) StdoutLine: {'line': b'-- Up-to-date symlink: /home/maanavjugalshah/SwarmAero/ros2_ws/install/px4_msgs/include/px4_msgs/px4_msgs/msg/raptor_input.hpp\n'}
[1.576751] (px4_msgs) StdoutLine: {'line': b'-- Up-to-date symlink: /home/maanavjugalshah/SwarmAero/ros2_ws/install/px4_msgs/include/px4_msgs/px4_msgs/msg/raptor_status.hpp\n'}
[1.576886] (px4_msgs) StdoutLine: {'line': b'-- Up-to-date symlink: /home/maanavjugalshah/SwarmAero/ros2_ws/install/px4_msgs/include/px4_msgs/px4_msgs/msg/rate_ctrl_status.hpp\n'}
[1.576958] (px4_msgs) StdoutLine: {'line': b'-- Up-to-date symlink: /home/maanavjugalshah/SwarmAero/ros2_ws/install/px4_msgs/include/px4_msgs/px4_msgs/msg/rc_channels.hpp\n'}
[1.577169] (px4_msgs) StdoutLine: {'line': b'-- Up-to-date symlink: /home/maanavjugalshah/SwarmAero/ros2_ws/install/px4_msgs/include/px4_msgs/px4_msgs/msg/rc_parameter_map.hpp\n'}
[1.577370] (px4_msgs) StdoutLine: {'line': b'-- Up-to-date symlink: /home/maanavjugalshah/SwarmAero/ros2_ws/install/px4_msgs/include/px4_msgs/px4_msgs/msg/register_ext_component_reply.hpp\n'}
[1.577563] (px4_msgs) StdoutLine: {'line': b'-- Up-to-date symlink: /home/maanavjugalshah/SwarmAero/ros2_ws/install/px4_msgs/include/px4_msgs/px4_msgs/msg/register_ext_component_request.hpp\n'}
[1.577616] (px4_msgs) StdoutLine: {'line': b'-- Up-to-date symlink: /home/maanavjugalshah/SwarmAero/ros2_ws/install/px4_msgs/include/px4_msgs/px4_msgs/msg/rosidl_generator_cpp__visibility_control.hpp\n'}
[1.577688] (px4_msgs) StdoutLine: {'line': b'-- Up-to-date symlink: /home/maanavjugalshah/SwarmAero/ros2_ws/install/px4_msgs/include/px4_msgs/px4_msgs/msg/rover_attitude_setpoint.hpp\n'}
[1.577770] (px4_msgs) StdoutLine: {'line': b'-- Up-to-date symlink: /home/maanavjugalshah/SwarmAero/ros2_ws/install/px4_msgs/include/px4_msgs/px4_msgs/msg/rover_attitude_status.hpp\n'}
[1.577945] (px4_msgs) StdoutLine: {'line': b'-- Up-to-date symlink: /home/maanavjugalshah/SwarmAero/ros2_ws/install/px4_msgs/include/px4_msgs/px4_msgs/msg/rover_position_setpoint.hpp\n'}
[1.578083] (px4_msgs) StdoutLine: {'line': b'-- Up-to-date symlink: /home/maanavjugalshah/SwarmAero/ros2_ws/install/px4_msgs/include/px4_msgs/px4_msgs/msg/rover_rate_setpoint.hpp\n'}
[1.578244] (px4_msgs) StdoutLine: {'line': b'-- Up-to-date symlink: /home/maanavjugalshah/SwarmAero/ros2_ws/install/px4_msgs/include/px4_msgs/px4_msgs/msg/rover_rate_status.hpp\n'}
[1.578352] (px4_msgs) StdoutLine: {'line': b'-- Up-to-date symlink: /home/maanavjugalshah/SwarmAero/ros2_ws/install/px4_msgs/include/px4_msgs/px4_msgs/msg/rover_speed_setpoint.hpp\n'}
[1.578609] (px4_msgs) StdoutLine: {'line': b'-- Up-to-date symlink: /home/maanavjugalshah/SwarmAero/ros2_ws/install/px4_msgs/include/px4_msgs/px4_msgs/msg/rover_speed_status.hpp\n'}
[1.578813] (px4_msgs) StdoutLine: {'line': b'-- Up-to-date symlink: /home/maanavjugalshah/SwarmAero/ros2_ws/install/px4_msgs/include/px4_msgs/px4_msgs/msg/rover_steering_setpoint.hpp\n'}
[1.579022] (px4_msgs) StdoutLine: {'line': b'-- Up-to-date symlink: /home/maanavjugalshah/SwarmAero/ros2_ws/install/px4_msgs/include/px4_msgs/px4_msgs/msg/rover_throttle_setpoint.hpp\n'}
[1.579118] (px4_msgs) StdoutLine: {'line': b'-- Up-to-date symlink: /home/maanavjugalshah/SwarmAero/ros2_ws/install/px4_msgs/include/px4_msgs/px4_msgs/msg/rpm.hpp\n'}
[1.579160] (px4_msgs) StdoutLine: {'line': b'-- Up-to-date symlink: /home/maanavjugalshah/SwarmAero/ros2_ws/install/px4_msgs/include/px4_msgs/px4_msgs/msg/rtl_status.hpp\n'}
[1.579197] (px4_msgs) StdoutLine: {'line': b'-- Up-to-date symlink: /home/maanavjugalshah/SwarmAero/ros2_ws/install/px4_msgs/include/px4_msgs/px4_msgs/msg/rtl_time_estimate.hpp\n'}
[1.579235] (px4_msgs) StdoutLine: {'line': b'-- Up-to-date symlink: /home/maanavjugalshah/SwarmAero/ros2_ws/install/px4_msgs/include/px4_msgs/px4_msgs/msg/satellite_info.hpp\n'}
[1.579367] (px4_msgs) StdoutLine: {'line': b'-- Up-to-date symlink: /home/maanavjugalshah/SwarmAero/ros2_ws/install/px4_msgs/include/px4_msgs/px4_msgs/msg/sensor_accel.hpp\n'}
[1.579418] (px4_msgs) StdoutLine: {'line': b'-- Up-to-date symlink: /home/maanavjugalshah/SwarmAero/ros2_ws/install/px4_msgs/include/px4_msgs/px4_msgs/msg/sensor_accel_fifo.hpp\n'}
[1.579497] (px4_msgs) StdoutLine: {'line': b'-- Up-to-date symlink: /home/maanavjugalshah/SwarmAero/ros2_ws/install/px4_msgs/include/px4_msgs/px4_msgs/msg/sensor_airflow.hpp\n'}
[1.579625] (px4_msgs) StdoutLine: {'line': b'-- Up-to-date symlink: /home/maanavjugalshah/SwarmAero/ros2_ws/install/px4_msgs/include/px4_msgs/px4_msgs/msg/sensor_baro.hpp\n'}
[1.579757] (px4_msgs) StdoutLine: {'line': b'-- Up-to-date symlink: /home/maanavjugalshah/SwarmAero/ros2_ws/install/px4_msgs/include/px4_msgs/px4_msgs/msg/sensor_combined.hpp\n'}
[1.579898] (px4_msgs) StdoutLine: {'line': b'-- Up-to-date symlink: /home/maanavjugalshah/SwarmAero/ros2_ws/install/px4_msgs/include/px4_msgs/px4_msgs/msg/sensor_correction.hpp\n'}
[1.579989] (px4_msgs) StdoutLine: {'line': b'-- Up-to-date symlink: /home/maanavjugalshah/SwarmAero/ros2_ws/install/px4_msgs/include/px4_msgs/px4_msgs/msg/sensor_gnss_relative.hpp\n'}
[1.580032] (px4_msgs) StdoutLine: {'line': b'-- Up-to-date symlink: /home/maanavjugalshah/SwarmAero/ros2_ws/install/px4_msgs/include/px4_msgs/px4_msgs/msg/sensor_gnss_status.hpp\n'}
[1.580068] (px4_msgs) StdoutLine: {'line': b'-- Up-to-date symlink: /home/maanavjugalshah/SwarmAero/ros2_ws/install/px4_msgs/include/px4_msgs/px4_msgs/msg/sensor_gps.hpp\n'}
[1.580152] (px4_msgs) StdoutLine: {'line': b'-- Up-to-date symlink: /home/maanavjugalshah/SwarmAero/ros2_ws/install/px4_msgs/include/px4_msgs/px4_msgs/msg/sensor_gyro.hpp\n'}
[1.580481] (px4_msgs) StdoutLine: {'line': b'-- Up-to-date symlink: /home/maanavjugalshah/SwarmAero/ros2_ws/install/px4_msgs/include/px4_msgs/px4_msgs/msg/sensor_gyro_fft.hpp\n'}
[1.580946] (px4_msgs) StdoutLine: {'line': b'-- Up-to-date symlink: /home/maanavjugalshah/SwarmAero/ros2_ws/install/px4_msgs/include/px4_msgs/px4_msgs/msg/sensor_gyro_fifo.hpp\n'}
[1.581031] (px4_msgs) StdoutLine: {'line': b'-- Up-to-date symlink: /home/maanavjugalshah/SwarmAero/ros2_ws/install/px4_msgs/include/px4_msgs/px4_msgs/msg/sensor_hygrometer.hpp\n'}
[1.581166] (px4_msgs) StdoutLine: {'line': b'-- Up-to-date symlink: /home/maanavjugalshah/SwarmAero/ros2_ws/install/px4_msgs/include/px4_msgs/px4_msgs/msg/sensor_mag.hpp\n'}
[1.581280] (px4_msgs) StdoutLine: {'line': b'-- Up-to-date symlink: /home/maanavjugalshah/SwarmAero/ros2_ws/install/px4_msgs/include/px4_msgs/px4_msgs/msg/sensor_optical_flow.hpp\n'}
[1.581407] (px4_msgs) StdoutLine: {'line': b'-- Up-to-date symlink: /home/maanavjugalshah/SwarmAero/ros2_ws/install/px4_msgs/include/px4_msgs/px4_msgs/msg/sensor_preflight_mag.hpp\n'}
[1.581588] (px4_msgs) StdoutLine: {'line': b'-- Up-to-date symlink: /home/maanavjugalshah/SwarmAero/ros2_ws/install/px4_msgs/include/px4_msgs/px4_msgs/msg/sensor_selection.hpp\n'}
[1.581955] (px4_msgs) StdoutLine: {'line': b'-- Up-to-date symlink: /home/maanavjugalshah/SwarmAero/ros2_ws/install/px4_msgs/include/px4_msgs/px4_msgs/msg/sensor_temp.hpp\n'}
[1.582051] (px4_msgs) StdoutLine: {'line': b'-- Up-to-date symlink: /home/maanavjugalshah/SwarmAero/ros2_ws/install/px4_msgs/include/px4_msgs/px4_msgs/msg/sensor_uwb.hpp\n'}
[1.582160] (px4_msgs) StdoutLine: {'line': b'-- Up-to-date symlink: /home/maanavjugalshah/SwarmAero/ros2_ws/install/px4_msgs/include/px4_msgs/px4_msgs/msg/sensors_status.hpp\n'}
[1.582527] (px4_msgs) StdoutLine: {'line': b'-- Up-to-date symlink: /home/maanavjugalshah/SwarmAero/ros2_ws/install/px4_msgs/include/px4_msgs/px4_msgs/msg/sensors_status_imu.hpp\n'}
[1.582642] (px4_msgs) StdoutLine: {'line': b'-- Up-to-date symlink: /home/maanavjugalshah/SwarmAero/ros2_ws/install/px4_msgs/include/px4_msgs/px4_msgs/msg/system_power.hpp\n'}
[1.582711] (px4_msgs) StdoutLine: {'line': b'-- Up-to-date symlink: /home/maanavjugalshah/SwarmAero/ros2_ws/install/px4_msgs/include/px4_msgs/px4_msgs/msg/takeoff_status.hpp\n'}
[1.582948] (px4_msgs) StdoutLine: {'line': b'-- Up-to-date symlink: /home/maanavjugalshah/SwarmAero/ros2_ws/install/px4_msgs/include/px4_msgs/px4_msgs/msg/task_stack_info.hpp\n'}
[1.583120] (px4_msgs) StdoutLine: {'line': b'-- Up-to-date symlink: /home/maanavjugalshah/SwarmAero/ros2_ws/install/px4_msgs/include/px4_msgs/px4_msgs/msg/tecs_status.hpp\n'}
[1.583317] (px4_msgs) StdoutLine: {'line': b'-- Up-to-date symlink: /home/maanavjugalshah/SwarmAero/ros2_ws/install/px4_msgs/include/px4_msgs/px4_msgs/msg/telemetry_status.hpp\n'}
[1.583367] (px4_msgs) StdoutLine: {'line': b'-- Up-to-date symlink: /home/maanavjugalshah/SwarmAero/ros2_ws/install/px4_msgs/include/px4_msgs/px4_msgs/msg/tiltrotor_extra_controls.hpp\n'}
[1.583474] (px4_msgs) StdoutLine: {'line': b'-- Up-to-date symlink: /home/maanavjugalshah/SwarmAero/ros2_ws/install/px4_msgs/include/px4_msgs/px4_msgs/msg/timesync_status.hpp\n'}
[1.583541] (px4_msgs) StdoutLine: {'line': b'-- Up-to-date symlink: /home/maanavjugalshah/SwarmAero/ros2_ws/install/px4_msgs/include/px4_msgs/px4_msgs/msg/trajectory_setpoint.hpp\n'}
[1.583747] (px4_msgs) StdoutLine: {'line': b'-- Up-to-date symlink: /home/maanavjugalshah/SwarmAero/ros2_ws/install/px4_msgs/include/px4_msgs/px4_msgs/msg/trajectory_setpoint6dof.hpp\n'}
[1.583902] (px4_msgs) StdoutLine: {'line': b'-- Up-to-date symlink: /home/maanavjugalshah/SwarmAero/ros2_ws/install/px4_msgs/include/px4_msgs/px4_msgs/msg/transponder_report.hpp\n'}
[1.583946] (px4_msgs) StdoutLine: {'line': b'-- Up-to-date symlink: /home/maanavjugalshah/SwarmAero/ros2_ws/install/px4_msgs/include/px4_msgs/px4_msgs/msg/tune_control.hpp\n'}
[1.584060] (px4_msgs) StdoutLine: {'line': b'-- Up-to-date symlink: /home/maanavjugalshah/SwarmAero/ros2_ws/install/px4_msgs/include/px4_msgs/px4_msgs/msg/uavcan_parameter_request.hpp\n'}
[1.584191] (px4_msgs) StdoutLine: {'line': b'-- Up-to-date symlink: /home/maanavjugalshah/SwarmAero/ros2_ws/install/px4_msgs/include/px4_msgs/px4_msgs/msg/uavcan_parameter_value.hpp\n'}
[1.584379] (px4_msgs) StdoutLine: {'line': b'-- Up-to-date symlink: /home/maanavjugalshah/SwarmAero/ros2_ws/install/px4_msgs/include/px4_msgs/px4_msgs/msg/ulog_stream.hpp\n'}
[1.584527] (px4_msgs) StdoutLine: {'line': b'-- Up-to-date symlink: /home/maanavjugalshah/SwarmAero/ros2_ws/install/px4_msgs/include/px4_msgs/px4_msgs/msg/ulog_stream_ack.hpp\n'}
[1.584717] (px4_msgs) StdoutLine: {'line': b'-- Up-to-date symlink: /home/maanavjugalshah/SwarmAero/ros2_ws/install/px4_msgs/include/px4_msgs/px4_msgs/msg/unregister_ext_component.hpp\n'}
[1.584790] (px4_msgs) StdoutLine: {'line': b'-- Up-to-date symlink: /home/maanavjugalshah/SwarmAero/ros2_ws/install/px4_msgs/include/px4_msgs/px4_msgs/msg/vehicle_acceleration.hpp\n'}
[1.584950] (px4_msgs) StdoutLine: {'line': b'-- Up-to-date symlink: /home/maanavjugalshah/SwarmAero/ros2_ws/install/px4_msgs/include/px4_msgs/px4_msgs/msg/vehicle_air_data.hpp\n'}
[1.585078] (px4_msgs) StdoutLine: {'line': b'-- Up-to-date symlink: /home/maanavjugalshah/SwarmAero/ros2_ws/install/px4_msgs/include/px4_msgs/px4_msgs/msg/vehicle_angular_acceleration_setpoint.hpp\n'}
[1.585121] (px4_msgs) StdoutLine: {'line': b'-- Up-to-date symlink: /home/maanavjugalshah/SwarmAero/ros2_ws/install/px4_msgs/include/px4_msgs/px4_msgs/msg/vehicle_angular_velocity.hpp\n'}
[1.585192] (px4_msgs) StdoutLine: {'line': b'-- Up-to-date symlink: /home/maanavjugalshah/SwarmAero/ros2_ws/install/px4_msgs/include/px4_msgs/px4_msgs/msg/vehicle_attitude.hpp\n'}
[1.585277] (px4_msgs) StdoutLine: {'line': b'-- Up-to-date symlink: /home/maanavjugalshah/SwarmAero/ros2_ws/install/px4_msgs/include/px4_msgs/px4_msgs/msg/vehicle_attitude_setpoint.hpp\n'}
[1.585385] (px4_msgs) StdoutLine: {'line': b'-- Up-to-date symlink: /home/maanavjugalshah/SwarmAero/ros2_ws/install/px4_msgs/include/px4_msgs/px4_msgs/msg/vehicle_command.hpp\n'}
[1.585425] (px4_msgs) StdoutLine: {'line': b'-- Up-to-date symlink: /home/maanavjugalshah/SwarmAero/ros2_ws/install/px4_msgs/include/px4_msgs/px4_msgs/msg/vehicle_command_ack.hpp\n'}
[1.585518] (px4_msgs) StdoutLine: {'line': b'-- Up-to-date symlink: /home/maanavjugalshah/SwarmAero/ros2_ws/install/px4_msgs/include/px4_msgs/px4_msgs/msg/vehicle_constraints.hpp\n'}
[1.585676] (px4_msgs) StdoutLine: {'line': b'-- Up-to-date symlink: /home/maanavjugalshah/SwarmAero/ros2_ws/install/px4_msgs/include/px4_msgs/px4_msgs/msg/vehicle_control_mode.hpp\n'}
[1.586100] (px4_msgs) StdoutLine: {'line': b'-- Up-to-date symlink: /home/maanavjugalshah/SwarmAero/ros2_ws/install/px4_msgs/include/px4_msgs/px4_msgs/msg/vehicle_global_position.hpp\n'}
[1.586331] (px4_msgs) StdoutLine: {'line': b'-- Up-to-date symlink: /home/maanavjugalshah/SwarmAero/ros2_ws/install/px4_msgs/include/px4_msgs/px4_msgs/msg/vehicle_imu.hpp\n'}
[1.586439] (px4_msgs) StdoutLine: {'line': b'-- Up-to-date symlink: /home/maanavjugalshah/SwarmAero/ros2_ws/install/px4_msgs/include/px4_msgs/px4_msgs/msg/vehicle_imu_status.hpp\n'}
[1.586539] (px4_msgs) StdoutLine: {'line': b'-- Up-to-date symlink: /home/maanavjugalshah/SwarmAero/ros2_ws/install/px4_msgs/include/px4_msgs/px4_msgs/msg/vehicle_land_detected.hpp\n'}
[1.586888] (px4_msgs) StdoutLine: {'line': b'-- Up-to-date symlink: /home/maanavjugalshah/SwarmAero/ros2_ws/install/px4_msgs/include/px4_msgs/px4_msgs/msg/vehicle_local_position.hpp\n'}
[1.587055] (px4_msgs) StdoutLine: {'line': b'-- Up-to-date symlink: /home/maanavjugalshah/SwarmAero/ros2_ws/install/px4_msgs/include/px4_msgs/px4_msgs/msg/vehicle_local_position_setpoint.hpp\n'}
[1.587165] (px4_msgs) StdoutLine: {'line': b'-- Up-to-date symlink: /home/maanavjugalshah/SwarmAero/ros2_ws/install/px4_msgs/include/px4_msgs/px4_msgs/msg/vehicle_magnetometer.hpp\n'}
[1.587205] (px4_msgs) StdoutLine: {'line': b'-- Up-to-date symlink: /home/maanavjugalshah/SwarmAero/ros2_ws/install/px4_msgs/include/px4_msgs/px4_msgs/msg/vehicle_odometry.hpp\n'}
[1.587241] (px4_msgs) StdoutLine: {'line': b'-- Up-to-date symlink: /home/maanavjugalshah/SwarmAero/ros2_ws/install/px4_msgs/include/px4_msgs/px4_msgs/msg/vehicle_optical_flow.hpp\n'}
[1.587328] (px4_msgs) StdoutLine: {'line': b'-- Up-to-date symlink: /home/maanavjugalshah/SwarmAero/ros2_ws/install/px4_msgs/include/px4_msgs/px4_msgs/msg/vehicle_optical_flow_vel.hpp\n'}
[1.587615] (px4_msgs) StdoutLine: {'line': b'-- Up-to-date symlink: /home/maanavjugalshah/SwarmAero/ros2_ws/install/px4_msgs/include/px4_msgs/px4_msgs/msg/vehicle_rates_setpoint.hpp\n'}
[1.587698] (px4_msgs) StdoutLine: {'line': b'-- Up-to-date symlink: /home/maanavjugalshah/SwarmAero/ros2_ws/install/px4_msgs/include/px4_msgs/px4_msgs/msg/vehicle_roi.hpp\n'}
[1.587827] (px4_msgs) StdoutLine: {'line': b'-- Up-to-date symlink: /home/maanavjugalshah/SwarmAero/ros2_ws/install/px4_msgs/include/px4_msgs/px4_msgs/msg/vehicle_status.hpp\n'}
[1.587870] (px4_msgs) StdoutLine: {'line': b'-- Up-to-date symlink: /home/maanavjugalshah/SwarmAero/ros2_ws/install/px4_msgs/include/px4_msgs/px4_msgs/msg/vehicle_thrust_setpoint.hpp\n'}
[1.587963] (px4_msgs) StdoutLine: {'line': b'-- Up-to-date symlink: /home/maanavjugalshah/SwarmAero/ros2_ws/install/px4_msgs/include/px4_msgs/px4_msgs/msg/vehicle_torque_setpoint.hpp\n'}
[1.588144] (px4_msgs) StdoutLine: {'line': b'-- Up-to-date symlink: /home/maanavjugalshah/SwarmAero/ros2_ws/install/px4_msgs/include/px4_msgs/px4_msgs/msg/velocity_limits.hpp\n'}
[1.588221] (px4_msgs) StdoutLine: {'line': b'-- Up-to-date symlink: /home/maanavjugalshah/SwarmAero/ros2_ws/install/px4_msgs/include/px4_msgs/px4_msgs/msg/vtol_vehicle_status.hpp\n'}
[1.588347] (px4_msgs) StdoutLine: {'line': b'-- Up-to-date symlink: /home/maanavjugalshah/SwarmAero/ros2_ws/install/px4_msgs/include/px4_msgs/px4_msgs/msg/vtx.hpp\n'}
[1.588482] (px4_msgs) StdoutLine: {'line': b'-- Up-to-date symlink: /home/maanavjugalshah/SwarmAero/ros2_ws/install/px4_msgs/include/px4_msgs/px4_msgs/msg/wheel_encoders.hpp\n'}
[1.588522] (px4_msgs) StdoutLine: {'line': b'-- Up-to-date symlink: /home/maanavjugalshah/SwarmAero/ros2_ws/install/px4_msgs/include/px4_msgs/px4_msgs/msg/wind.hpp\n'}
[1.588562] (px4_msgs) StdoutLine: {'line': b'-- Up-to-date symlink: /home/maanavjugalshah/SwarmAero/ros2_ws/install/px4_msgs/include/px4_msgs/px4_msgs/msg/yaw_estimator_status.hpp\n'}
[1.588669] (px4_msgs) StdoutLine: {'line': b'-- Up-to-date symlink: /home/maanavjugalshah/SwarmAero/ros2_ws/install/px4_msgs/include/px4_msgs/px4_msgs/srv/detail/vehicle_command__builder.hpp\n'}
[1.588708] (px4_msgs) StdoutLine: {'line': b'-- Up-to-date symlink: /home/maanavjugalshah/SwarmAero/ros2_ws/install/px4_msgs/include/px4_msgs/px4_msgs/srv/detail/vehicle_command__struct.hpp\n'}
[1.588791] (px4_msgs) StdoutLine: {'line': b'-- Up-to-date symlink: /home/maanavjugalshah/SwarmAero/ros2_ws/install/px4_msgs/include/px4_msgs/px4_msgs/srv/detail/vehicle_command__traits.hpp\n'}
[1.588828] (px4_msgs) StdoutLine: {'line': b'-- Up-to-date symlink: /home/maanavjugalshah/SwarmAero/ros2_ws/install/px4_msgs/include/px4_msgs/px4_msgs/srv/detail/vehicle_command__type_support.hpp\n'}
[1.588882] (px4_msgs) StdoutLine: {'line': b'-- Up-to-date symlink: /home/maanavjugalshah/SwarmAero/ros2_ws/install/px4_msgs/include/px4_msgs/px4_msgs/srv/vehicle_command.hpp\n'}
[1.589080] (px4_msgs) StdoutLine: {'line': b'-- Up-to-date symlink: /home/maanavjugalshah/SwarmAero/ros2_ws/install/px4_msgs/include/px4_msgs/px4_msgs/msg/detail/action_request__rosidl_typesupport_fastrtps_cpp.hpp\n'}
[1.589150] (px4_msgs) StdoutLine: {'line': b'-- Up-to-date symlink: /home/maanavjugalshah/SwarmAero/ros2_ws/install/px4_msgs/include/px4_msgs/px4_msgs/msg/detail/actuator_armed__rosidl_typesupport_fastrtps_cpp.hpp\n'}
[1.589251] (px4_msgs) StdoutLine: {'line': b'-- Up-to-date symlink: /home/maanavjugalshah/SwarmAero/ros2_ws/install/px4_msgs/include/px4_msgs/px4_msgs/msg/detail/actuator_controls_status__rosidl_typesupport_fastrtps_cpp.hpp\n'}
[1.589322] (px4_msgs) StdoutLine: {'line': b'-- Up-to-date symlink: /home/maanavjugalshah/SwarmAero/ros2_ws/install/px4_msgs/include/px4_msgs/px4_msgs/msg/detail/actuator_motors__rosidl_typesupport_fastrtps_cpp.hpp\n'}
[1.589463] (px4_msgs) StdoutLine: {'line': b'-- Up-to-date symlink: /home/maanavjugalshah/SwarmAero/ros2_ws/install/px4_msgs/include/px4_msgs/px4_msgs/msg/detail/actuator_outputs__rosidl_typesupport_fastrtps_cpp.hpp\n'}
[1.589508] (px4_msgs) StdoutLine: {'line': b'-- Up-to-date symlink: /home/maanavjugalshah/SwarmAero/ros2_ws/install/px4_msgs/include/px4_msgs/px4_msgs/msg/detail/actuator_servos__rosidl_typesupport_fastrtps_cpp.hpp\n'}
[1.589630] (px4_msgs) StdoutLine: {'line': b'-- Up-to-date symlink: /home/maanavjugalshah/SwarmAero/ros2_ws/install/px4_msgs/include/px4_msgs/px4_msgs/msg/detail/actuator_servos_trim__rosidl_typesupport_fastrtps_cpp.hpp\n'}
[1.590031] (px4_msgs) StdoutLine: {'line': b'-- Up-to-date symlink: /home/maanavjugalshah/SwarmAero/ros2_ws/install/px4_msgs/include/px4_msgs/px4_msgs/msg/detail/actuator_test__rosidl_typesupport_fastrtps_cpp.hpp\n'}
[1.590120] (px4_msgs) StdoutLine: {'line': b'-- Up-to-date symlink: /home/maanavjugalshah/SwarmAero/ros2_ws/install/px4_msgs/include/px4_msgs/px4_msgs/msg/detail/adc_report__rosidl_typesupport_fastrtps_cpp.hpp\n'}
[1.590162] (px4_msgs) StdoutLine: {'line': b'-- Up-to-date symlink: /home/maanavjugalshah/SwarmAero/ros2_ws/install/px4_msgs/include/px4_msgs/px4_msgs/msg/detail/airspeed__rosidl_typesupport_fastrtps_cpp.hpp\n'}
[1.590457] (px4_msgs) StdoutLine: {'line': b'-- Up-to-date symlink: /home/maanavjugalshah/SwarmAero/ros2_ws/install/px4_msgs/include/px4_msgs/px4_msgs/msg/detail/airspeed_validated__rosidl_typesupport_fastrtps_cpp.hpp\n'}
[1.590624] (px4_msgs) StdoutLine: {'line': b'-- Up-to-date symlink: /home/maanavjugalshah/SwarmAero/ros2_ws/install/px4_msgs/include/px4_msgs/px4_msgs/msg/detail/airspeed_wind__rosidl_typesupport_fastrtps_cpp.hpp\n'}
[1.590681] (px4_msgs) StdoutLine: {'line': b'-- Up-to-date symlink: /home/maanavjugalshah/SwarmAero/ros2_ws/install/px4_msgs/include/px4_msgs/px4_msgs/msg/detail/arming_check_reply__rosidl_typesupport_fastrtps_cpp.hpp\n'}
[1.590717] (px4_msgs) StdoutLine: {'line': b'-- Up-to-date symlink: /home/maanavjugalshah/SwarmAero/ros2_ws/install/px4_msgs/include/px4_msgs/px4_msgs/msg/detail/arming_check_request__rosidl_typesupport_fastrtps_cpp.hpp\n'}
[1.590759] (px4_msgs) StdoutLine: {'line': b'-- Up-to-date symlink: /home/maanavjugalshah/SwarmAero/ros2_ws/install/px4_msgs/include/px4_msgs/px4_msgs/msg/detail/autotune_attitude_control_status__rosidl_typesupport_fastrtps_cpp.hpp\n'}
[1.590840] (px4_msgs) StdoutLine: {'line': b'-- Up-to-date symlink: /home/maanavjugalshah/SwarmAero/ros2_ws/install/px4_msgs/include/px4_msgs/px4_msgs/msg/detail/aux_global_position__rosidl_typesupport_fastrtps_cpp.hpp\n'}
[1.590905] (px4_msgs) StdoutLine: {'line': b'-- Up-to-date symlink: /home/maanavjugalshah/SwarmAero/ros2_ws/install/px4_msgs/include/px4_msgs/px4_msgs/msg/detail/battery_info__rosidl_typesupport_fastrtps_cpp.hpp\n'}
[1.590993] (px4_msgs) StdoutLine: {'line': b'-- Up-to-date symlink: /home/maanavjugalshah/SwarmAero/ros2_ws/install/px4_msgs/include/px4_msgs/px4_msgs/msg/detail/battery_status__rosidl_typesupport_fastrtps_cpp.hpp\n'}
[1.591066] (px4_msgs) StdoutLine: {'line': b'-- Up-to-date symlink: /home/maanavjugalshah/SwarmAero/ros2_ws/install/px4_msgs/include/px4_msgs/px4_msgs/msg/detail/button_event__rosidl_typesupport_fastrtps_cpp.hpp\n'}
[1.591138] (px4_msgs) StdoutLine: {'line': b'-- Up-to-date symlink: /home/maanavjugalshah/SwarmAero/ros2_ws/install/px4_msgs/include/px4_msgs/px4_msgs/msg/detail/camera_capture__rosidl_typesupport_fastrtps_cpp.hpp\n'}
[1.591280] (px4_msgs) StdoutLine: {'line': b'-- Up-to-date symlink: /home/maanavjugalshah/SwarmAero/ros2_ws/install/px4_msgs/include/px4_msgs/px4_msgs/msg/detail/camera_status__rosidl_typesupport_fastrtps_cpp.hpp\n'}
[1.591600] (px4_msgs) StdoutLine: {'line': b'-- Up-to-date symlink: /home/maanavjugalshah/SwarmAero/ros2_ws/install/px4_msgs/include/px4_msgs/px4_msgs/msg/detail/camera_trigger__rosidl_typesupport_fastrtps_cpp.hpp\n'}
[1.591813] (px4_msgs) StdoutLine: {'line': b'-- Up-to-date symlink: /home/maanavjugalshah/SwarmAero/ros2_ws/install/px4_msgs/include/px4_msgs/px4_msgs/msg/detail/can_interface_status__rosidl_typesupport_fastrtps_cpp.hpp\n'}
[1.591980] (px4_msgs) StdoutLine: {'line': b'-- Up-to-date symlink: /home/maanavjugalshah/SwarmAero/ros2_ws/install/px4_msgs/include/px4_msgs/px4_msgs/msg/detail/cellular_status__rosidl_typesupport_fastrtps_cpp.hpp\n'}
[1.592127] (px4_msgs) StdoutLine: {'line': b'-- Up-to-date symlink: /home/maanavjugalshah/SwarmAero/ros2_ws/install/px4_msgs/include/px4_msgs/px4_msgs/msg/detail/collision_constraints__rosidl_typesupport_fastrtps_cpp.hpp\n'}
[1.592173] (px4_msgs) StdoutLine: {'line': b'-- Up-to-date symlink: /home/maanavjugalshah/SwarmAero/ros2_ws/install/px4_msgs/include/px4_msgs/px4_msgs/msg/detail/config_overrides__rosidl_typesupport_fastrtps_cpp.hpp\n'}
[1.592288] (px4_msgs) StdoutLine: {'line': b'-- Up-to-date symlink: /home/maanavjugalshah/SwarmAero/ros2_ws/install/px4_msgs/include/px4_msgs/px4_msgs/msg/detail/control_allocator_status__rosidl_typesupport_fastrtps_cpp.hpp\n'}
[1.592454] (px4_msgs) StdoutLine: {'line': b'-- Up-to-date symlink: /home/maanavjugalshah/SwarmAero/ros2_ws/install/px4_msgs/include/px4_msgs/px4_msgs/msg/detail/cpuload__rosidl_typesupport_fastrtps_cpp.hpp\n'}
[1.592525] (px4_msgs) StdoutLine: {'line': b'-- Up-to-date symlink: /home/maanavjugalshah/SwarmAero/ros2_ws/install/px4_msgs/include/px4_msgs/px4_msgs/msg/detail/dataman_request__rosidl_typesupport_fastrtps_cpp.hpp\n'}
[1.592687] (px4_msgs) StdoutLine: {'line': b'-- Up-to-date symlink: /home/maanavjugalshah/SwarmAero/ros2_ws/install/px4_msgs/include/px4_msgs/px4_msgs/msg/detail/dataman_response__rosidl_typesupport_fastrtps_cpp.hpp\n'}
[1.592741] (px4_msgs) StdoutLine: {'line': b'-- Up-to-date symlink: /home/maanavjugalshah/SwarmAero/ros2_ws/install/px4_msgs/include/px4_msgs/px4_msgs/msg/detail/debug_array__rosidl_typesupport_fastrtps_cpp.hpp\n'}
[1.592952] (px4_msgs) StdoutLine: {'line': b'-- Up-to-date symlink: /home/maanavjugalshah/SwarmAero/ros2_ws/install/px4_msgs/include/px4_msgs/px4_msgs/msg/detail/debug_key_value__rosidl_typesupport_fastrtps_cpp.hpp\n'}
[1.593096] (px4_msgs) StdoutLine: {'line': b'-- Up-to-date symlink: /home/maanavjugalshah/SwarmAero/ros2_ws/install/px4_msgs/include/px4_msgs/px4_msgs/msg/detail/debug_value__rosidl_typesupport_fastrtps_cpp.hpp\n'}
[1.593283] (px4_msgs) StdoutLine: {'line': b'-- Up-to-date symlink: /home/maanavjugalshah/SwarmAero/ros2_ws/install/px4_msgs/include/px4_msgs/px4_msgs/msg/detail/debug_vect__rosidl_typesupport_fastrtps_cpp.hpp\n'}
[1.593409] (px4_msgs) StdoutLine: {'line': b'-- Up-to-date symlink: /home/maanavjugalshah/SwarmAero/ros2_ws/install/px4_msgs/include/px4_msgs/px4_msgs/msg/detail/device_information__rosidl_typesupport_fastrtps_cpp.hpp\n'}
[1.593544] (px4_msgs) StdoutLine: {'line': b'-- Up-to-date symlink: /home/maanavjugalshah/SwarmAero/ros2_ws/install/px4_msgs/include/px4_msgs/px4_msgs/msg/detail/differential_pressure__rosidl_typesupport_fastrtps_cpp.hpp\n'}
[1.593817] (px4_msgs) StdoutLine: {'line': b'-- Up-to-date symlink: /home/maanavjugalshah/SwarmAero/ros2_ws/install/px4_msgs/include/px4_msgs/px4_msgs/msg/detail/distance_sensor__rosidl_typesupport_fastrtps_cpp.hpp\n'}
[1.593906] (px4_msgs) StdoutLine: {'line': b'-- Up-to-date symlink: /home/maanavjugalshah/SwarmAero/ros2_ws/install/px4_msgs/include/px4_msgs/px4_msgs/msg/detail/distance_sensor_mode_change_request__rosidl_typesupport_fastrtps_cpp.hpp\n'}
[1.593979] (px4_msgs) StdoutLine: {'line': b'-- Up-to-date symlink: /home/maanavjugalshah/SwarmAero/ros2_ws/install/px4_msgs/include/px4_msgs/px4_msgs/msg/detail/dronecan_node_status__rosidl_typesupport_fastrtps_cpp.hpp\n'}
[1.594199] (px4_msgs) StdoutLine: {'line': b'-- Up-to-date symlink: /home/maanavjugalshah/SwarmAero/ros2_ws/install/px4_msgs/include/px4_msgs/px4_msgs/msg/detail/ekf2_timestamps__rosidl_typesupport_fastrtps_cpp.hpp\n'}
[1.594549] (px4_msgs) StdoutLine: {'line': b'-- Up-to-date symlink: /home/maanavjugalshah/SwarmAero/ros2_ws/install/px4_msgs/include/px4_msgs/px4_msgs/msg/detail/esc_eeprom_read__rosidl_typesupport_fastrtps_cpp.hpp\n'}
[1.594617] (px4_msgs) StdoutLine: {'line': b'-- Up-to-date symlink: /home/maanavjugalshah/SwarmAero/ros2_ws/install/px4_msgs/include/px4_msgs/px4_msgs/msg/detail/esc_eeprom_write__rosidl_typesupport_fastrtps_cpp.hpp\n'}
[1.594714] (px4_msgs) StdoutLine: {'line': b'-- Up-to-date symlink: /home/maanavjugalshah/SwarmAero/ros2_ws/install/px4_msgs/include/px4_msgs/px4_msgs/msg/detail/esc_report__rosidl_typesupport_fastrtps_cpp.hpp\n'}
[1.594789] (px4_msgs) StdoutLine: {'line': b'-- Up-to-date symlink: /home/maanavjugalshah/SwarmAero/ros2_ws/install/px4_msgs/include/px4_msgs/px4_msgs/msg/detail/esc_status__rosidl_typesupport_fastrtps_cpp.hpp\n'}
[1.594878] (px4_msgs) StdoutLine: {'line': b'-- Up-to-date symlink: /home/maanavjugalshah/SwarmAero/ros2_ws/install/px4_msgs/include/px4_msgs/px4_msgs/msg/detail/estimator_aid_source1d__rosidl_typesupport_fastrtps_cpp.hpp\n'}
[1.595139] (px4_msgs) StdoutLine: {'line': b'-- Up-to-date symlink: /home/maanavjugalshah/SwarmAero/ros2_ws/install/px4_msgs/include/px4_msgs/px4_msgs/msg/detail/estimator_aid_source2d__rosidl_typesupport_fastrtps_cpp.hpp\n'}
[1.595226] (px4_msgs) StdoutLine: {'line': b'-- Up-to-date symlink: /home/maanavjugalshah/SwarmAero/ros2_ws/install/px4_msgs/include/px4_msgs/px4_msgs/msg/detail/estimator_aid_source3d__rosidl_typesupport_fastrtps_cpp.hpp\n'}
[1.595265] (px4_msgs) StdoutLine: {'line': b'-- Up-to-date symlink: /home/maanavjugalshah/SwarmAero/ros2_ws/install/px4_msgs/include/px4_msgs/px4_msgs/msg/detail/estimator_bias3d__rosidl_typesupport_fastrtps_cpp.hpp\n'}
[1.595302] (px4_msgs) StdoutLine: {'line': b'-- Up-to-date symlink: /home/maanavjugalshah/SwarmAero/ros2_ws/install/px4_msgs/include/px4_msgs/px4_msgs/msg/detail/estimator_bias__rosidl_typesupport_fastrtps_cpp.hpp\n'}
[1.595763] (px4_msgs) StdoutLine: {'line': b'-- Up-to-date symlink: /home/maanavjugalshah/SwarmAero/ros2_ws/install/px4_msgs/include/px4_msgs/px4_msgs/msg/detail/estimator_event_flags__rosidl_typesupport_fastrtps_cpp.hpp\n'}
[1.595934] (px4_msgs) StdoutLine: {'line': b'-- Up-to-date symlink: /home/maanavjugalshah/SwarmAero/ros2_ws/install/px4_msgs/include/px4_msgs/px4_msgs/msg/detail/estimator_fusion_control__rosidl_typesupport_fastrtps_cpp.hpp\n'}
[1.596085] (px4_msgs) StdoutLine: {'line': b'-- Up-to-date symlink: /home/maanavjugalshah/SwarmAero/ros2_ws/install/px4_msgs/include/px4_msgs/px4_msgs/msg/detail/estimator_gps_status__rosidl_typesupport_fastrtps_cpp.hpp\n'}
[1.596136] (px4_msgs) StdoutLine: {'line': b'-- Up-to-date symlink: /home/maanavjugalshah/SwarmAero/ros2_ws/install/px4_msgs/include/px4_msgs/px4_msgs/msg/detail/estimator_innovations__rosidl_typesupport_fastrtps_cpp.hpp\n'}
[1.596221] (px4_msgs) StdoutLine: {'line': b'-- Up-to-date symlink: /home/maanavjugalshah/SwarmAero/ros2_ws/install/px4_msgs/include/px4_msgs/px4_msgs/msg/detail/estimator_selector_status__rosidl_typesupport_fastrtps_cpp.hpp\n'}
[1.596264] (px4_msgs) StdoutLine: {'line': b'-- Up-to-date symlink: /home/maanavjugalshah/SwarmAero/ros2_ws/install/px4_msgs/include/px4_msgs/px4_msgs/msg/detail/estimator_sensor_bias__rosidl_typesupport_fastrtps_cpp.hpp\n'}
[1.596349] (px4_msgs) StdoutLine: {'line': b'-- Up-to-date symlink: /home/maanavjugalshah/SwarmAero/ros2_ws/install/px4_msgs/include/px4_msgs/px4_msgs/msg/detail/estimator_states__rosidl_typesupport_fastrtps_cpp.hpp\n'}
[1.596450] (px4_msgs) StdoutLine: {'line': b'-- Up-to-date symlink: /home/maanavjugalshah/SwarmAero/ros2_ws/install/px4_msgs/include/px4_msgs/px4_msgs/msg/detail/estimator_status__rosidl_typesupport_fastrtps_cpp.hpp\n'}
[1.596697] (px4_msgs) StdoutLine: {'line': b'-- Up-to-date symlink: /home/maanavjugalshah/SwarmAero/ros2_ws/install/px4_msgs/include/px4_msgs/px4_msgs/msg/detail/estimator_status_flags__rosidl_typesupport_fastrtps_cpp.hpp\n'}
[1.596745] (px4_msgs) StdoutLine: {'line': b'-- Up-to-date symlink: /home/maanavjugalshah/SwarmAero/ros2_ws/install/px4_msgs/include/px4_msgs/px4_msgs/msg/detail/event__rosidl_typesupport_fastrtps_cpp.hpp\n'}
[1.596825] (px4_msgs) StdoutLine: {'line': b'-- Up-to-date symlink: /home/maanavjugalshah/SwarmAero/ros2_ws/install/px4_msgs/include/px4_msgs/px4_msgs/msg/detail/failsafe_flags__rosidl_typesupport_fastrtps_cpp.hpp\n'}
[1.596892] (px4_msgs) StdoutLine: {'line': b'-- Up-to-date symlink: /home/maanavjugalshah/SwarmAero/ros2_ws/install/px4_msgs/include/px4_msgs/px4_msgs/msg/detail/failure_detector_status__rosidl_typesupport_fastrtps_cpp.hpp\n'}
[1.597241] (px4_msgs) StdoutLine: {'line': b'-- Up-to-date symlink: /home/maanavjugalshah/SwarmAero/ros2_ws/install/px4_msgs/include/px4_msgs/px4_msgs/msg/detail/figure_eight_status__rosidl_typesupport_fastrtps_cpp.hpp\n'}
[1.597542] (px4_msgs) StdoutLine: {'line': b'-- Up-to-date symlink: /home/maanavjugalshah/SwarmAero/ros2_ws/install/px4_msgs/include/px4_msgs/px4_msgs/msg/detail/fixed_wing_lateral_guidance_status__rosidl_typesupport_fastrtps_cpp.hpp\n'}
[1.597894] (px4_msgs) StdoutLine: {'line': b'-- Up-to-date symlink: /home/maanavjugalshah/SwarmAero/ros2_ws/install/px4_msgs/include/px4_msgs/px4_msgs/msg/detail/fixed_wing_lateral_setpoint__rosidl_typesupport_fastrtps_cpp.hpp\n'}
[1.597949] (px4_msgs) StdoutLine: {'line': b'-- Up-to-date symlink: /home/maanavjugalshah/SwarmAero/ros2_ws/install/px4_msgs/include/px4_msgs/px4_msgs/msg/detail/fixed_wing_lateral_status__rosidl_typesupport_fastrtps_cpp.hpp\n'}
[1.597989] (px4_msgs) StdoutLine: {'line': b'-- Up-to-date symlink: /home/maanavjugalshah/SwarmAero/ros2_ws/install/px4_msgs/include/px4_msgs/px4_msgs/msg/detail/fixed_wing_longitudinal_setpoint__rosidl_typesupport_fastrtps_cpp.hpp\n'}
[1.598076] (px4_msgs) StdoutLine: {'line': b'-- Up-to-date symlink: /home/maanavjugalshah/SwarmAero/ros2_ws/install/px4_msgs/include/px4_msgs/px4_msgs/msg/detail/fixed_wing_runway_control__rosidl_typesupport_fastrtps_cpp.hpp\n'}
[1.598167] (px4_msgs) StdoutLine: {'line': b'-- Up-to-date symlink: /home/maanavjugalshah/SwarmAero/ros2_ws/install/px4_msgs/include/px4_msgs/px4_msgs/msg/detail/flight_phase_estimation__rosidl_typesupport_fastrtps_cpp.hpp\n'}
[1.598405] (px4_msgs) StdoutLine: {'line': b'-- Up-to-date symlink: /home/maanavjugalshah/SwarmAero/ros2_ws/install/px4_msgs/include/px4_msgs/px4_msgs/msg/detail/follow_target__rosidl_typesupport_fastrtps_cpp.hpp\n'}
[1.598620] (px4_msgs) StdoutLine: {'line': b'-- Up-to-date symlink: /home/maanavjugalshah/SwarmAero/ros2_ws/install/px4_msgs/include/px4_msgs/px4_msgs/msg/detail/follow_target_estimator__rosidl_typesupport_fastrtps_cpp.hpp\n'}
[1.598845] (px4_msgs) StdoutLine: {'line': b'-- Up-to-date symlink: /home/maanavjugalshah/SwarmAero/ros2_ws/install/px4_msgs/include/px4_msgs/px4_msgs/msg/detail/follow_target_status__rosidl_typesupport_fastrtps_cpp.hpp\n'}
[1.599013] (px4_msgs) StdoutLine: {'line': b'-- Up-to-date symlink: /home/maanavjugalshah/SwarmAero/ros2_ws/install/px4_msgs/include/px4_msgs/px4_msgs/msg/detail/fuel_tank_status__rosidl_typesupport_fastrtps_cpp.hpp\n'}
[1.599082] (px4_msgs) StdoutLine: {'line': b'-- Up-to-date symlink: /home/maanavjugalshah/SwarmAero/ros2_ws/install/px4_msgs/include/px4_msgs/px4_msgs/msg/detail/gain_compression__rosidl_typesupport_fastrtps_cpp.hpp\n'}
[1.599299] (px4_msgs) StdoutLine: {'line': b'-- Up-to-date symlink: /home/maanavjugalshah/SwarmAero/ros2_ws/install/px4_msgs/include/px4_msgs/px4_msgs/msg/detail/generator_status__rosidl_typesupport_fastrtps_cpp.hpp\n'}
[1.599460] (px4_msgs) StdoutLine: {'line': b'-- Up-to-date symlink: /home/maanavjugalshah/SwarmAero/ros2_ws/install/px4_msgs/include/px4_msgs/px4_msgs/msg/detail/geofence_result__rosidl_typesupport_fastrtps_cpp.hpp\n'}
[1.599504] (px4_msgs) StdoutLine: {'line': b'-- Up-to-date symlink: /home/maanavjugalshah/SwarmAero/ros2_ws/install/px4_msgs/include/px4_msgs/px4_msgs/msg/detail/geofence_status__rosidl_typesupport_fastrtps_cpp.hpp\n'}
[1.599541] (px4_msgs) StdoutLine: {'line': b'-- Up-to-date symlink: /home/maanavjugalshah/SwarmAero/ros2_ws/install/px4_msgs/include/px4_msgs/px4_msgs/msg/detail/gimbal_controls__rosidl_typesupport_fastrtps_cpp.hpp\n'}
[1.599722] (px4_msgs) StdoutLine: {'line': b'-- Up-to-date symlink: /home/maanavjugalshah/SwarmAero/ros2_ws/install/px4_msgs/include/px4_msgs/px4_msgs/msg/detail/gimbal_device_attitude_status__rosidl_typesupport_fastrtps_cpp.hpp\n'}
[1.599798] (px4_msgs) StdoutLine: {'line': b'-- Up-to-date symlink: /home/maanavjugalshah/SwarmAero/ros2_ws/install/px4_msgs/include/px4_msgs/px4_msgs/msg/detail/gimbal_device_information__rosidl_typesupport_fastrtps_cpp.hpp\n'}
[1.599916] (px4_msgs) StdoutLine: {'line': b'-- Up-to-date symlink: /home/maanavjugalshah/SwarmAero/ros2_ws/install/px4_msgs/include/px4_msgs/px4_msgs/msg/detail/gimbal_device_set_attitude__rosidl_typesupport_fastrtps_cpp.hpp\n'}
[1.600091] (px4_msgs) StdoutLine: {'line': b'-- Up-to-date symlink: /home/maanavjugalshah/SwarmAero/ros2_ws/install/px4_msgs/include/px4_msgs/px4_msgs/msg/detail/gimbal_manager_information__rosidl_typesupport_fastrtps_cpp.hpp\n'}
[1.600149] (px4_msgs) StdoutLine: {'line': b'-- Up-to-date symlink: /home/maanavjugalshah/SwarmAero/ros2_ws/install/px4_msgs/include/px4_msgs/px4_msgs/msg/detail/gimbal_manager_set_attitude__rosidl_typesupport_fastrtps_cpp.hpp\n'}
[1.600270] (px4_msgs) StdoutLine: {'line': b'-- Up-to-date symlink: /home/maanavjugalshah/SwarmAero/ros2_ws/install/px4_msgs/include/px4_msgs/px4_msgs/msg/detail/gimbal_manager_set_manual_control__rosidl_typesupport_fastrtps_cpp.hpp\n'}
[1.600311] (px4_msgs) StdoutLine: {'line': b'-- Up-to-date symlink: /home/maanavjugalshah/SwarmAero/ros2_ws/install/px4_msgs/include/px4_msgs/px4_msgs/msg/detail/gimbal_manager_status__rosidl_typesupport_fastrtps_cpp.hpp\n'}
[1.600428] (px4_msgs) StdoutLine: {'line': b'-- Up-to-date symlink: /home/maanavjugalshah/SwarmAero/ros2_ws/install/px4_msgs/include/px4_msgs/px4_msgs/msg/detail/goto_setpoint__rosidl_typesupport_fastrtps_cpp.hpp\n'}
[1.600546] (px4_msgs) StdoutLine: {'line': b'-- Up-to-date symlink: /home/maanavjugalshah/SwarmAero/ros2_ws/install/px4_msgs/include/px4_msgs/px4_msgs/msg/detail/gpio_config__rosidl_typesupport_fastrtps_cpp.hpp\n'}
[1.600646] (px4_msgs) StdoutLine: {'line': b'-- Up-to-date symlink: /home/maanavjugalshah/SwarmAero/ros2_ws/install/px4_msgs/include/px4_msgs/px4_msgs/msg/detail/gpio_in__rosidl_typesupport_fastrtps_cpp.hpp\n'}
[1.600785] (px4_msgs) StdoutLine: {'line': b'-- Up-to-date symlink: /home/maanavjugalshah/SwarmAero/ros2_ws/install/px4_msgs/include/px4_msgs/px4_msgs/msg/detail/gpio_out__rosidl_typesupport_fastrtps_cpp.hpp\n'}
[1.600931] (px4_msgs) StdoutLine: {'line': b'-- Up-to-date symlink: /home/maanavjugalshah/SwarmAero/ros2_ws/install/px4_msgs/include/px4_msgs/px4_msgs/msg/detail/gpio_request__rosidl_typesupport_fastrtps_cpp.hpp\n'}
[1.600975] (px4_msgs) StdoutLine: {'line': b'-- Up-to-date symlink: /home/maanavjugalshah/SwarmAero/ros2_ws/install/px4_msgs/include/px4_msgs/px4_msgs/msg/detail/gps_dump__rosidl_typesupport_fastrtps_cpp.hpp\n'}
[1.601010] (px4_msgs) StdoutLine: {'line': b'-- Up-to-date symlink: /home/maanavjugalshah/SwarmAero/ros2_ws/install/px4_msgs/include/px4_msgs/px4_msgs/msg/detail/gps_inject_data__rosidl_typesupport_fastrtps_cpp.hpp\n'}
[1.601401] (px4_msgs) StdoutLine: {'line': b'-- Up-to-date symlink: /home/maanavjugalshah/SwarmAero/ros2_ws/install/px4_msgs/include/px4_msgs/px4_msgs/msg/detail/gripper__rosidl_typesupport_fastrtps_cpp.hpp\n'}
[1.601658] (px4_msgs) StdoutLine: {'line': b'-- Up-to-date symlink: /home/maanavjugalshah/SwarmAero/ros2_ws/install/px4_msgs/include/px4_msgs/px4_msgs/msg/detail/health_report__rosidl_typesupport_fastrtps_cpp.hpp\n'}
[1.602202] (px4_msgs) StdoutLine: {'line': b'-- Up-to-date symlink: /home/maanavjugalshah/SwarmAero/ros2_ws/install/px4_msgs/include/px4_msgs/px4_msgs/msg/detail/heater_status__rosidl_typesupport_fastrtps_cpp.hpp\n'}
[1.602441] (px4_msgs) StdoutLine: {'line': b'-- Up-to-date symlink: /home/maanavjugalshah/SwarmAero/ros2_ws/install/px4_msgs/include/px4_msgs/px4_msgs/msg/detail/home_position__rosidl_typesupport_fastrtps_cpp.hpp\n'}
[1.602785] (px4_msgs) StdoutLine: {'line': b'-- Up-to-date symlink: /home/maanavjugalshah/SwarmAero/ros2_ws/install/px4_msgs/include/px4_msgs/px4_msgs/msg/detail/hover_thrust_estimate__rosidl_typesupport_fastrtps_cpp.hpp\n'}
[1.603105] (px4_msgs) StdoutLine: {'line': b'-- Up-to-date symlink: /home/maanavjugalshah/SwarmAero/ros2_ws/install/px4_msgs/include/px4_msgs/px4_msgs/msg/detail/input_rc__rosidl_typesupport_fastrtps_cpp.hpp\n'}
[1.603436] (-) TimerEvent: {}
[1.603641] (px4_msgs) StdoutLine: {'line': b'-- Up-to-date symlink: /home/maanavjugalshah/SwarmAero/ros2_ws/install/px4_msgs/include/px4_msgs/px4_msgs/msg/detail/internal_combustion_engine_control__rosidl_typesupport_fastrtps_cpp.hpp\n'}
[1.603723] (px4_msgs) StdoutLine: {'line': b'-- Up-to-date symlink: /home/maanavjugalshah/SwarmAero/ros2_ws/install/px4_msgs/include/px4_msgs/px4_msgs/msg/detail/internal_combustion_engine_status__rosidl_typesupport_fastrtps_cpp.hpp\n'}
[1.603790] (px4_msgs) StdoutLine: {'line': b'-- Up-to-date symlink: /home/maanavjugalshah/SwarmAero/ros2_ws/install/px4_msgs/include/px4_msgs/px4_msgs/msg/detail/iridiumsbd_status__rosidl_typesupport_fastrtps_cpp.hpp\n'}
[1.603830] (px4_msgs) StdoutLine: {'line': b'-- Up-to-date symlink: /home/maanavjugalshah/SwarmAero/ros2_ws/install/px4_msgs/include/px4_msgs/px4_msgs/msg/detail/irlock_report__rosidl_typesupport_fastrtps_cpp.hpp\n'}
[1.603865] (px4_msgs) StdoutLine: {'line': b'-- Up-to-date symlink: /home/maanavjugalshah/SwarmAero/ros2_ws/install/px4_msgs/include/px4_msgs/px4_msgs/msg/detail/landing_gear__rosidl_typesupport_fastrtps_cpp.hpp\n'}
[1.603900] (px4_msgs) StdoutLine: {'line': b'-- Up-to-date symlink: /home/maanavjugalshah/SwarmAero/ros2_ws/install/px4_msgs/include/px4_msgs/px4_msgs/msg/detail/landing_gear_wheel__rosidl_typesupport_fastrtps_cpp.hpp\n'}
[1.603936] (px4_msgs) StdoutLine: {'line': b'-- Up-to-date symlink: /home/maanavjugalshah/SwarmAero/ros2_ws/install/px4_msgs/include/px4_msgs/px4_msgs/msg/detail/landing_target_innovations__rosidl_typesupport_fastrtps_cpp.hpp\n'}
[1.603970] (px4_msgs) StdoutLine: {'line': b'-- Up-to-date symlink: /home/maanavjugalshah/SwarmAero/ros2_ws/install/px4_msgs/include/px4_msgs/px4_msgs/msg/detail/landing_target_pose__rosidl_typesupport_fastrtps_cpp.hpp\n'}
[1.604003] (px4_msgs) StdoutLine: {'line': b'-- Up-to-date symlink: /home/maanavjugalshah/SwarmAero/ros2_ws/install/px4_msgs/include/px4_msgs/px4_msgs/msg/detail/lateral_control_configuration__rosidl_typesupport_fastrtps_cpp.hpp\n'}
[1.604044] (px4_msgs) StdoutLine: {'line': b'-- Up-to-date symlink: /home/maanavjugalshah/SwarmAero/ros2_ws/install/px4_msgs/include/px4_msgs/px4_msgs/msg/detail/launch_detection_status__rosidl_typesupport_fastrtps_cpp.hpp\n'}
[1.604079] (px4_msgs) StdoutLine: {'line': b'-- Up-to-date symlink: /home/maanavjugalshah/SwarmAero/ros2_ws/install/px4_msgs/include/px4_msgs/px4_msgs/msg/detail/led_control__rosidl_typesupport_fastrtps_cpp.hpp\n'}
[1.604112] (px4_msgs) StdoutLine: {'line': b'-- Up-to-date symlink: /home/maanavjugalshah/SwarmAero/ros2_ws/install/px4_msgs/include/px4_msgs/px4_msgs/msg/detail/log_message__rosidl_typesupport_fastrtps_cpp.hpp\n'}
[1.604143] (px4_msgs) StdoutLine: {'line': b'-- Up-to-date symlink: /home/maanavjugalshah/SwarmAero/ros2_ws/install/px4_msgs/include/px4_msgs/px4_msgs/msg/detail/logger_status__rosidl_typesupport_fastrtps_cpp.hpp\n'}
[1.604174] (px4_msgs) StdoutLine: {'line': b'-- Up-to-date symlink: /home/maanavjugalshah/SwarmAero/ros2_ws/install/px4_msgs/include/px4_msgs/px4_msgs/msg/detail/longitudinal_control_configuration__rosidl_typesupport_fastrtps_cpp.hpp\n'}
[1.604209] (px4_msgs) StdoutLine: {'line': b'-- Up-to-date symlink: /home/maanavjugalshah/SwarmAero/ros2_ws/install/px4_msgs/include/px4_msgs/px4_msgs/msg/detail/mag_worker_data__rosidl_typesupport_fastrtps_cpp.hpp\n'}
[1.604242] (px4_msgs) StdoutLine: {'line': b'-- Up-to-date symlink: /home/maanavjugalshah/SwarmAero/ros2_ws/install/px4_msgs/include/px4_msgs/px4_msgs/msg/detail/magnetometer_bias_estimate__rosidl_typesupport_fastrtps_cpp.hpp\n'}
[1.604274] (px4_msgs) StdoutLine: {'line': b'-- Up-to-date symlink: /home/maanavjugalshah/SwarmAero/ros2_ws/install/px4_msgs/include/px4_msgs/px4_msgs/msg/detail/manual_control_setpoint__rosidl_typesupport_fastrtps_cpp.hpp\n'}
[1.604307] (px4_msgs) StdoutLine: {'line': b'-- Up-to-date symlink: /home/maanavjugalshah/SwarmAero/ros2_ws/install/px4_msgs/include/px4_msgs/px4_msgs/msg/detail/manual_control_switches__rosidl_typesupport_fastrtps_cpp.hpp\n'}
[1.604339] (px4_msgs) StdoutLine: {'line': b'-- Up-to-date symlink: /home/maanavjugalshah/SwarmAero/ros2_ws/install/px4_msgs/include/px4_msgs/px4_msgs/msg/detail/mavlink_log__rosidl_typesupport_fastrtps_cpp.hpp\n'}
[1.604371] (px4_msgs) StdoutLine: {'line': b'-- Up-to-date symlink: /home/maanavjugalshah/SwarmAero/ros2_ws/install/px4_msgs/include/px4_msgs/px4_msgs/msg/detail/mavlink_tunnel__rosidl_typesupport_fastrtps_cpp.hpp\n'}
[1.604402] (px4_msgs) StdoutLine: {'line': b'-- Up-to-date symlink: /home/maanavjugalshah/SwarmAero/ros2_ws/install/px4_msgs/include/px4_msgs/px4_msgs/msg/detail/message_format_request__rosidl_typesupport_fastrtps_cpp.hpp\n'}
[1.604434] (px4_msgs) StdoutLine: {'line': b'-- Up-to-date symlink: /home/maanavjugalshah/SwarmAero/ros2_ws/install/px4_msgs/include/px4_msgs/px4_msgs/msg/detail/message_format_response__rosidl_typesupport_fastrtps_cpp.hpp\n'}
[1.604466] (px4_msgs) StdoutLine: {'line': b'-- Up-to-date symlink: /home/maanavjugalshah/SwarmAero/ros2_ws/install/px4_msgs/include/px4_msgs/px4_msgs/msg/detail/mission__rosidl_typesupport_fastrtps_cpp.hpp\n'}
[1.604497] (px4_msgs) StdoutLine: {'line': b'-- Up-to-date symlink: /home/maanavjugalshah/SwarmAero/ros2_ws/install/px4_msgs/include/px4_msgs/px4_msgs/msg/detail/mission_result__rosidl_typesupport_fastrtps_cpp.hpp\n'}
[1.604528] (px4_msgs) StdoutLine: {'line': b'-- Up-to-date symlink: /home/maanavjugalshah/SwarmAero/ros2_ws/install/px4_msgs/include/px4_msgs/px4_msgs/msg/detail/mode_completed__rosidl_typesupport_fastrtps_cpp.hpp\n'}
[1.604560] (px4_msgs) StdoutLine: {'line': b'-- Up-to-date symlink: /home/maanavjugalshah/SwarmAero/ros2_ws/install/px4_msgs/include/px4_msgs/px4_msgs/msg/detail/mount_orientation__rosidl_typesupport_fastrtps_cpp.hpp\n'}
[1.604591] (px4_msgs) StdoutLine: {'line': b'-- Up-to-date symlink: /home/maanavjugalshah/SwarmAero/ros2_ws/install/px4_msgs/include/px4_msgs/px4_msgs/msg/detail/navigator_mission_item__rosidl_typesupport_fastrtps_cpp.hpp\n'}
[1.604622] (px4_msgs) StdoutLine: {'line': b'-- Up-to-date symlink: /home/maanavjugalshah/SwarmAero/ros2_ws/install/px4_msgs/include/px4_msgs/px4_msgs/msg/detail/navigator_status__rosidl_typesupport_fastrtps_cpp.hpp\n'}
[1.604651] (px4_msgs) StdoutLine: {'line': b'-- Up-to-date symlink: /home/maanavjugalshah/SwarmAero/ros2_ws/install/px4_msgs/include/px4_msgs/px4_msgs/msg/detail/neural_control__rosidl_typesupport_fastrtps_cpp.hpp\n'}
[1.604680] (px4_msgs) StdoutLine: {'line': b'-- Up-to-date symlink: /home/maanavjugalshah/SwarmAero/ros2_ws/install/px4_msgs/include/px4_msgs/px4_msgs/msg/detail/normalized_unsigned_setpoint__rosidl_typesupport_fastrtps_cpp.hpp\n'}
[1.604711] (px4_msgs) StdoutLine: {'line': b'-- Up-to-date symlink: /home/maanavjugalshah/SwarmAero/ros2_ws/install/px4_msgs/include/px4_msgs/px4_msgs/msg/detail/obstacle_distance__rosidl_typesupport_fastrtps_cpp.hpp\n'}
[1.604741] (px4_msgs) StdoutLine: {'line': b'-- Up-to-date symlink: /home/maanavjugalshah/SwarmAero/ros2_ws/install/px4_msgs/include/px4_msgs/px4_msgs/msg/detail/offboard_control_mode__rosidl_typesupport_fastrtps_cpp.hpp\n'}
[1.604773] (px4_msgs) StdoutLine: {'line': b'-- Up-to-date symlink: /home/maanavjugalshah/SwarmAero/ros2_ws/install/px4_msgs/include/px4_msgs/px4_msgs/msg/detail/onboard_computer_status__rosidl_typesupport_fastrtps_cpp.hpp\n'}
[1.604807] (px4_msgs) StdoutLine: {'line': b'-- Up-to-date symlink: /home/maanavjugalshah/SwarmAero/ros2_ws/install/px4_msgs/include/px4_msgs/px4_msgs/msg/detail/open_drone_id_arm_status__rosidl_typesupport_fastrtps_cpp.hpp\n'}
[1.604838] (px4_msgs) StdoutLine: {'line': b'-- Up-to-date symlink: /home/maanavjugalshah/SwarmAero/ros2_ws/install/px4_msgs/include/px4_msgs/px4_msgs/msg/detail/open_drone_id_operator_id__rosidl_typesupport_fastrtps_cpp.hpp\n'}
[1.604868] (px4_msgs) StdoutLine: {'line': b'-- Up-to-date symlink: /home/maanavjugalshah/SwarmAero/ros2_ws/install/px4_msgs/include/px4_msgs/px4_msgs/msg/detail/open_drone_id_self_id__rosidl_typesupport_fastrtps_cpp.hpp\n'}
[1.604898] (px4_msgs) StdoutLine: {'line': b'-- Up-to-date symlink: /home/maanavjugalshah/SwarmAero/ros2_ws/install/px4_msgs/include/px4_msgs/px4_msgs/msg/detail/open_drone_id_system__rosidl_typesupport_fastrtps_cpp.hpp\n'}
[1.604928] (px4_msgs) StdoutLine: {'line': b'-- Up-to-date symlink: /home/maanavjugalshah/SwarmAero/ros2_ws/install/px4_msgs/include/px4_msgs/px4_msgs/msg/detail/orb_test__rosidl_typesupport_fastrtps_cpp.hpp\n'}
[1.604957] (px4_msgs) StdoutLine: {'line': b'-- Up-to-date symlink: /home/maanavjugalshah/SwarmAero/ros2_ws/install/px4_msgs/include/px4_msgs/px4_msgs/msg/detail/orb_test_large__rosidl_typesupport_fastrtps_cpp.hpp\n'}
[1.604987] (px4_msgs) StdoutLine: {'line': b'-- Up-to-date symlink: /home/maanavjugalshah/SwarmAero/ros2_ws/install/px4_msgs/include/px4_msgs/px4_msgs/msg/detail/orb_test_medium__rosidl_typesupport_fastrtps_cpp.hpp\n'}
[1.605017] (px4_msgs) StdoutLine: {'line': b'-- Up-to-date symlink: /home/maanavjugalshah/SwarmAero/ros2_ws/install/px4_msgs/include/px4_msgs/px4_msgs/msg/detail/orbit_status__rosidl_typesupport_fastrtps_cpp.hpp\n'}
[1.605049] (px4_msgs) StdoutLine: {'line': b'-- Up-to-date symlink: /home/maanavjugalshah/SwarmAero/ros2_ws/install/px4_msgs/include/px4_msgs/px4_msgs/msg/detail/parameter_reset_request__rosidl_typesupport_fastrtps_cpp.hpp\n'}
[1.605081] (px4_msgs) StdoutLine: {'line': b'-- Up-to-date symlink: /home/maanavjugalshah/SwarmAero/ros2_ws/install/px4_msgs/include/px4_msgs/px4_msgs/msg/detail/parameter_set_used_request__rosidl_typesupport_fastrtps_cpp.hpp\n'}
[1.605114] (px4_msgs) StdoutLine: {'line': b'-- Up-to-date symlink: /home/maanavjugalshah/SwarmAero/ros2_ws/install/px4_msgs/include/px4_msgs/px4_msgs/msg/detail/parameter_set_value_request__rosidl_typesupport_fastrtps_cpp.hpp\n'}
[1.605148] (px4_msgs) StdoutLine: {'line': b'-- Up-to-date symlink: /home/maanavjugalshah/SwarmAero/ros2_ws/install/px4_msgs/include/px4_msgs/px4_msgs/msg/detail/parameter_set_value_response__rosidl_typesupport_fastrtps_cpp.hpp\n'}
[1.605179] (px4_msgs) StdoutLine: {'line': b'-- Up-to-date symlink: /home/maanavjugalshah/SwarmAero/ros2_ws/install/px4_msgs/include/px4_msgs/px4_msgs/msg/detail/parameter_update__rosidl_typesupport_fastrtps_cpp.hpp\n'}
[1.605211] (px4_msgs) StdoutLine: {'line': b'-- Up-to-date symlink: /home/maanavjugalshah/SwarmAero/ros2_ws/install/px4_msgs/include/px4_msgs/px4_msgs/msg/detail/ping__rosidl_typesupport_fastrtps_cpp.hpp\n'}
[1.605288] (px4_msgs) StdoutLine: {'line': b'-- Up-to-date symlink: /home/maanavjugalshah/SwarmAero/ros2_ws/install/px4_msgs/include/px4_msgs/px4_msgs/msg/detail/position_controller_landing_status__rosidl_typesupport_fastrtps_cpp.hpp\n'}
[1.605356] (px4_msgs) StdoutLine: {'line': b'-- Up-to-date symlink: /home/maanavjugalshah/SwarmAero/ros2_ws/install/px4_msgs/include/px4_msgs/px4_msgs/msg/detail/position_controller_status__rosidl_typesupport_fastrtps_cpp.hpp\n'}
[1.605399] (px4_msgs) StdoutLine: {'line': b'-- Up-to-date symlink: /home/maanavjugalshah/SwarmAero/ros2_ws/install/px4_msgs/include/px4_msgs/px4_msgs/msg/detail/position_setpoint__rosidl_typesupport_fastrtps_cpp.hpp\n'}
[1.605435] (px4_msgs) StdoutLine: {'line': b'-- Up-to-date symlink: /home/maanavjugalshah/SwarmAero/ros2_ws/install/px4_msgs/include/px4_msgs/px4_msgs/msg/detail/position_setpoint_triplet__rosidl_typesupport_fastrtps_cpp.hpp\n'}
[1.605472] (px4_msgs) StdoutLine: {'line': b'-- Up-to-date symlink: /home/maanavjugalshah/SwarmAero/ros2_ws/install/px4_msgs/include/px4_msgs/px4_msgs/msg/detail/power_button_state__rosidl_typesupport_fastrtps_cpp.hpp\n'}
[1.605508] (px4_msgs) StdoutLine: {'line': b'-- Up-to-date symlink: /home/maanavjugalshah/SwarmAero/ros2_ws/install/px4_msgs/include/px4_msgs/px4_msgs/msg/detail/power_monitor__rosidl_typesupport_fastrtps_cpp.hpp\n'}
[1.605567] (px4_msgs) StdoutLine: {'line': b'-- Up-to-date symlink: /home/maanavjugalshah/SwarmAero/ros2_ws/install/px4_msgs/include/px4_msgs/px4_msgs/msg/detail/pps_capture__rosidl_typesupport_fastrtps_cpp.hpp\n'}
[1.605606] (px4_msgs) StdoutLine: {'line': b'-- Up-to-date symlink: /home/maanavjugalshah/SwarmAero/ros2_ws/install/px4_msgs/include/px4_msgs/px4_msgs/msg/detail/pure_pursuit_status__rosidl_typesupport_fastrtps_cpp.hpp\n'}
[1.605669] (px4_msgs) StdoutLine: {'line': b'-- Up-to-date symlink: /home/maanavjugalshah/SwarmAero/ros2_ws/install/px4_msgs/include/px4_msgs/px4_msgs/msg/detail/pwm_input__rosidl_typesupport_fastrtps_cpp.hpp\n'}
[1.606072] (px4_msgs) StdoutLine: {'line': b'-- Up-to-date symlink: /home/maanavjugalshah/SwarmAero/ros2_ws/install/px4_msgs/include/px4_msgs/px4_msgs/msg/detail/px4io_status__rosidl_typesupport_fastrtps_cpp.hpp\n'}
[1.606381] (px4_msgs) StdoutLine: {'line': b'-- Up-to-date symlink: /home/maanavjugalshah/SwarmAero/ros2_ws/install/px4_msgs/include/px4_msgs/px4_msgs/msg/detail/qshell_req__rosidl_typesupport_fastrtps_cpp.hpp\n'}
[1.606755] (px4_msgs) StdoutLine: {'line': b'-- Up-to-date symlink: /home/maanavjugalshah/SwarmAero/ros2_ws/install/px4_msgs/include/px4_msgs/px4_msgs/msg/detail/qshell_retval__rosidl_typesupport_fastrtps_cpp.hpp\n'}
[1.606837] (px4_msgs) StdoutLine: {'line': b'-- Up-to-date symlink: /home/maanavjugalshah/SwarmAero/ros2_ws/install/px4_msgs/include/px4_msgs/px4_msgs/msg/detail/radio_status__rosidl_typesupport_fastrtps_cpp.hpp\n'}
[1.606956] (px4_msgs) StdoutLine: {'line': b'-- Up-to-date symlink: /home/maanavjugalshah/SwarmAero/ros2_ws/install/px4_msgs/include/px4_msgs/px4_msgs/msg/detail/ranging_beacon__rosidl_typesupport_fastrtps_cpp.hpp\n'}
[1.607141] (px4_msgs) StdoutLine: {'line': b'-- Up-to-date symlink: /home/maanavjugalshah/SwarmAero/ros2_ws/install/px4_msgs/include/px4_msgs/px4_msgs/msg/detail/raptor_input__rosidl_typesupport_fastrtps_cpp.hpp\n'}
[1.607214] (px4_msgs) StdoutLine: {'line': b'-- Up-to-date symlink: /home/maanavjugalshah/SwarmAero/ros2_ws/install/px4_msgs/include/px4_msgs/px4_msgs/msg/detail/raptor_status__rosidl_typesupport_fastrtps_cpp.hpp\n'}
[1.607258] (px4_msgs) StdoutLine: {'line': b'-- Up-to-date symlink: /home/maanavjugalshah/SwarmAero/ros2_ws/install/px4_msgs/include/px4_msgs/px4_msgs/msg/detail/rate_ctrl_status__rosidl_typesupport_fastrtps_cpp.hpp\n'}
[1.607373] (px4_msgs) StdoutLine: {'line': b'-- Up-to-date symlink: /home/maanavjugalshah/SwarmAero/ros2_ws/install/px4_msgs/include/px4_msgs/px4_msgs/msg/detail/rc_channels__rosidl_typesupport_fastrtps_cpp.hpp\n'}
[1.607444] (px4_msgs) StdoutLine: {'line': b'-- Up-to-date symlink: /home/maanavjugalshah/SwarmAero/ros2_ws/install/px4_msgs/include/px4_msgs/px4_msgs/msg/detail/rc_parameter_map__rosidl_typesupport_fastrtps_cpp.hpp\n'}
[1.607676] (px4_msgs) StdoutLine: {'line': b'-- Up-to-date symlink: /home/maanavjugalshah/SwarmAero/ros2_ws/install/px4_msgs/include/px4_msgs/px4_msgs/msg/detail/register_ext_component_reply__rosidl_typesupport_fastrtps_cpp.hpp\n'}
[1.607801] (px4_msgs) StdoutLine: {'line': b'-- Up-to-date symlink: /home/maanavjugalshah/SwarmAero/ros2_ws/install/px4_msgs/include/px4_msgs/px4_msgs/msg/detail/register_ext_component_request__rosidl_typesupport_fastrtps_cpp.hpp\n'}
[1.607920] (px4_msgs) StdoutLine: {'line': b'-- Up-to-date symlink: /home/maanavjugalshah/SwarmAero/ros2_ws/install/px4_msgs/include/px4_msgs/px4_msgs/msg/detail/rover_attitude_setpoint__rosidl_typesupport_fastrtps_cpp.hpp\n'}
[1.608194] (px4_msgs) StdoutLine: {'line': b'-- Up-to-date symlink: /home/maanavjugalshah/SwarmAero/ros2_ws/install/px4_msgs/include/px4_msgs/px4_msgs/msg/detail/rover_attitude_status__rosidl_typesupport_fastrtps_cpp.hpp\n'}
[1.608561] (px4_msgs) StdoutLine: {'line': b'-- Up-to-date symlink: /home/maanavjugalshah/SwarmAero/ros2_ws/install/px4_msgs/include/px4_msgs/px4_msgs/msg/detail/rover_position_setpoint__rosidl_typesupport_fastrtps_cpp.hpp\n'}
[1.608724] (px4_msgs) StdoutLine: {'line': b'-- Up-to-date symlink: /home/maanavjugalshah/SwarmAero/ros2_ws/install/px4_msgs/include/px4_msgs/px4_msgs/msg/detail/rover_rate_setpoint__rosidl_typesupport_fastrtps_cpp.hpp\n'}
[1.609174] (px4_msgs) StdoutLine: {'line': b'-- Up-to-date symlink: /home/maanavjugalshah/SwarmAero/ros2_ws/install/px4_msgs/include/px4_msgs/px4_msgs/msg/detail/rover_rate_status__rosidl_typesupport_fastrtps_cpp.hpp\n'}
[1.609348] (px4_msgs) StdoutLine: {'line': b'-- Up-to-date symlink: /home/maanavjugalshah/SwarmAero/ros2_ws/install/px4_msgs/include/px4_msgs/px4_msgs/msg/detail/rover_speed_setpoint__rosidl_typesupport_fastrtps_cpp.hpp\n'}
[1.609439] (px4_msgs) StdoutLine: {'line': b'-- Up-to-date symlink: /home/maanavjugalshah/SwarmAero/ros2_ws/install/px4_msgs/include/px4_msgs/px4_msgs/msg/detail/rover_speed_status__rosidl_typesupport_fastrtps_cpp.hpp\n'}
[1.609513] (px4_msgs) StdoutLine: {'line': b'-- Up-to-date symlink: /home/maanavjugalshah/SwarmAero/ros2_ws/install/px4_msgs/include/px4_msgs/px4_msgs/msg/detail/rover_steering_setpoint__rosidl_typesupport_fastrtps_cpp.hpp\n'}
[1.609614] (px4_msgs) StdoutLine: {'line': b'-- Up-to-date symlink: /home/maanavjugalshah/SwarmAero/ros2_ws/install/px4_msgs/include/px4_msgs/px4_msgs/msg/detail/rover_throttle_setpoint__rosidl_typesupport_fastrtps_cpp.hpp\n'}
[1.609911] (px4_msgs) StdoutLine: {'line': b'-- Up-to-date symlink: /home/maanavjugalshah/SwarmAero/ros2_ws/install/px4_msgs/include/px4_msgs/px4_msgs/msg/detail/rpm__rosidl_typesupport_fastrtps_cpp.hpp\n'}
[1.609972] (px4_msgs) StdoutLine: {'line': b'-- Up-to-date symlink: /home/maanavjugalshah/SwarmAero/ros2_ws/install/px4_msgs/include/px4_msgs/px4_msgs/msg/detail/rtl_status__rosidl_typesupport_fastrtps_cpp.hpp\n'}
[1.610024] (px4_msgs) StdoutLine: {'line': b'-- Up-to-date symlink: /home/maanavjugalshah/SwarmAero/ros2_ws/install/px4_msgs/include/px4_msgs/px4_msgs/msg/detail/rtl_time_estimate__rosidl_typesupport_fastrtps_cpp.hpp\n'}
[1.610119] (px4_msgs) StdoutLine: {'line': b'-- Up-to-date symlink: /home/maanavjugalshah/SwarmAero/ros2_ws/install/px4_msgs/include/px4_msgs/px4_msgs/msg/detail/satellite_info__rosidl_typesupport_fastrtps_cpp.hpp\n'}
[1.610572] (px4_msgs) StdoutLine: {'line': b'-- Up-to-date symlink: /home/maanavjugalshah/SwarmAero/ros2_ws/install/px4_msgs/include/px4_msgs/px4_msgs/msg/detail/sensor_accel__rosidl_typesupport_fastrtps_cpp.hpp\n'}
[1.610784] (px4_msgs) StdoutLine: {'line': b'-- Up-to-date symlink: /home/maanavjugalshah/SwarmAero/ros2_ws/install/px4_msgs/include/px4_msgs/px4_msgs/msg/detail/sensor_accel_fifo__rosidl_typesupport_fastrtps_cpp.hpp\n'}
[1.611074] (px4_msgs) StdoutLine: {'line': b'-- Up-to-date symlink: /home/maanavjugalshah/SwarmAero/ros2_ws/install/px4_msgs/include/px4_msgs/px4_msgs/msg/detail/sensor_airflow__rosidl_typesupport_fastrtps_cpp.hpp\n'}
[1.611417] (px4_msgs) StdoutLine: {'line': b'-- Up-to-date symlink: /home/maanavjugalshah/SwarmAero/ros2_ws/install/px4_msgs/include/px4_msgs/px4_msgs/msg/detail/sensor_baro__rosidl_typesupport_fastrtps_cpp.hpp\n'}
[1.611844] (px4_msgs) StdoutLine: {'line': b'-- Up-to-date symlink: /home/maanavjugalshah/SwarmAero/ros2_ws/install/px4_msgs/include/px4_msgs/px4_msgs/msg/detail/sensor_combined__rosidl_typesupport_fastrtps_cpp.hpp\n'}
[1.612086] (px4_msgs) StdoutLine: {'line': b'-- Up-to-date symlink: /home/maanavjugalshah/SwarmAero/ros2_ws/install/px4_msgs/include/px4_msgs/px4_msgs/msg/detail/sensor_correction__rosidl_typesupport_fastrtps_cpp.hpp\n'}
[1.612200] (px4_msgs) StdoutLine: {'line': b'-- Up-to-date symlink: /home/maanavjugalshah/SwarmAero/ros2_ws/install/px4_msgs/include/px4_msgs/px4_msgs/msg/detail/sensor_gnss_relative__rosidl_typesupport_fastrtps_cpp.hpp\n'}
[1.612465] (px4_msgs) StdoutLine: {'line': b'-- Up-to-date symlink: /home/maanavjugalshah/SwarmAero/ros2_ws/install/px4_msgs/include/px4_msgs/px4_msgs/msg/detail/sensor_gnss_status__rosidl_typesupport_fastrtps_cpp.hpp\n'}
[1.612618] (px4_msgs) StdoutLine: {'line': b'-- Up-to-date symlink: /home/maanavjugalshah/SwarmAero/ros2_ws/install/px4_msgs/include/px4_msgs/px4_msgs/msg/detail/sensor_gps__rosidl_typesupport_fastrtps_cpp.hpp\n'}
[1.612671] (px4_msgs) StdoutLine: {'line': b'-- Up-to-date symlink: /home/maanavjugalshah/SwarmAero/ros2_ws/install/px4_msgs/include/px4_msgs/px4_msgs/msg/detail/sensor_gyro__rosidl_typesupport_fastrtps_cpp.hpp\n'}
[1.612710] (px4_msgs) StdoutLine: {'line': b'-- Up-to-date symlink: /home/maanavjugalshah/SwarmAero/ros2_ws/install/px4_msgs/include/px4_msgs/px4_msgs/msg/detail/sensor_gyro_fft__rosidl_typesupport_fastrtps_cpp.hpp\n'}
[1.612765] (px4_msgs) StdoutLine: {'line': b'-- Up-to-date symlink: /home/maanavjugalshah/SwarmAero/ros2_ws/install/px4_msgs/include/px4_msgs/px4_msgs/msg/detail/sensor_gyro_fifo__rosidl_typesupport_fastrtps_cpp.hpp\n'}
[1.612904] (px4_msgs) StdoutLine: {'line': b'-- Up-to-date symlink: /home/maanavjugalshah/SwarmAero/ros2_ws/install/px4_msgs/include/px4_msgs/px4_msgs/msg/detail/sensor_hygrometer__rosidl_typesupport_fastrtps_cpp.hpp\n'}
[1.613187] (px4_msgs) StdoutLine: {'line': b'-- Up-to-date symlink: /home/maanavjugalshah/SwarmAero/ros2_ws/install/px4_msgs/include/px4_msgs/px4_msgs/msg/detail/sensor_mag__rosidl_typesupport_fastrtps_cpp.hpp\n'}
[1.613289] (px4_msgs) StdoutLine: {'line': b'-- Up-to-date symlink: /home/maanavjugalshah/SwarmAero/ros2_ws/install/px4_msgs/include/px4_msgs/px4_msgs/msg/detail/sensor_optical_flow__rosidl_typesupport_fastrtps_cpp.hpp\n'}
[1.613381] (px4_msgs) StdoutLine: {'line': b'-- Up-to-date symlink: /home/maanavjugalshah/SwarmAero/ros2_ws/install/px4_msgs/include/px4_msgs/px4_msgs/msg/detail/sensor_preflight_mag__rosidl_typesupport_fastrtps_cpp.hpp\n'}
[1.613538] (px4_msgs) StdoutLine: {'line': b'-- Up-to-date symlink: /home/maanavjugalshah/SwarmAero/ros2_ws/install/px4_msgs/include/px4_msgs/px4_msgs/msg/detail/sensor_selection__rosidl_typesupport_fastrtps_cpp.hpp\n'}
[1.613628] (px4_msgs) StdoutLine: {'line': b'-- Up-to-date symlink: /home/maanavjugalshah/SwarmAero/ros2_ws/install/px4_msgs/include/px4_msgs/px4_msgs/msg/detail/sensor_temp__rosidl_typesupport_fastrtps_cpp.hpp\n'}
[1.613705] (px4_msgs) StdoutLine: {'line': b'-- Up-to-date symlink: /home/maanavjugalshah/SwarmAero/ros2_ws/install/px4_msgs/include/px4_msgs/px4_msgs/msg/detail/sensor_uwb__rosidl_typesupport_fastrtps_cpp.hpp\n'}
[1.613777] (px4_msgs) StdoutLine: {'line': b'-- Up-to-date symlink: /home/maanavjugalshah/SwarmAero/ros2_ws/install/px4_msgs/include/px4_msgs/px4_msgs/msg/detail/sensors_status__rosidl_typesupport_fastrtps_cpp.hpp\n'}
[1.614213] (px4_msgs) StdoutLine: {'line': b'-- Up-to-date symlink: /home/maanavjugalshah/SwarmAero/ros2_ws/install/px4_msgs/include/px4_msgs/px4_msgs/msg/detail/sensors_status_imu__rosidl_typesupport_fastrtps_cpp.hpp\n'}
[1.614398] (px4_msgs) StdoutLine: {'line': b'-- Up-to-date symlink: /home/maanavjugalshah/SwarmAero/ros2_ws/install/px4_msgs/include/px4_msgs/px4_msgs/msg/detail/system_power__rosidl_typesupport_fastrtps_cpp.hpp\n'}
[1.614485] (px4_msgs) StdoutLine: {'line': b'-- Up-to-date symlink: /home/maanavjugalshah/SwarmAero/ros2_ws/install/px4_msgs/include/px4_msgs/px4_msgs/msg/detail/takeoff_status__rosidl_typesupport_fastrtps_cpp.hpp\n'}
[1.614972] (px4_msgs) StdoutLine: {'line': b'-- Up-to-date symlink: /home/maanavjugalshah/SwarmAero/ros2_ws/install/px4_msgs/include/px4_msgs/px4_msgs/msg/detail/task_stack_info__rosidl_typesupport_fastrtps_cpp.hpp\n'}
[1.615151] (px4_msgs) StdoutLine: {'line': b'-- Up-to-date symlink: /home/maanavjugalshah/SwarmAero/ros2_ws/install/px4_msgs/include/px4_msgs/px4_msgs/msg/detail/tecs_status__rosidl_typesupport_fastrtps_cpp.hpp\n'}
[1.615210] (px4_msgs) StdoutLine: {'line': b'-- Up-to-date symlink: /home/maanavjugalshah/SwarmAero/ros2_ws/install/px4_msgs/include/px4_msgs/px4_msgs/msg/detail/telemetry_status__rosidl_typesupport_fastrtps_cpp.hpp\n'}
[1.615390] (px4_msgs) StdoutLine: {'line': b'-- Up-to-date symlink: /home/maanavjugalshah/SwarmAero/ros2_ws/install/px4_msgs/include/px4_msgs/px4_msgs/msg/detail/tiltrotor_extra_controls__rosidl_typesupport_fastrtps_cpp.hpp\n'}
[1.615560] (px4_msgs) StdoutLine: {'line': b'-- Up-to-date symlink: /home/maanavjugalshah/SwarmAero/ros2_ws/install/px4_msgs/include/px4_msgs/px4_msgs/msg/detail/timesync_status__rosidl_typesupport_fastrtps_cpp.hpp\n'}
[1.615730] (px4_msgs) StdoutLine: {'line': b'-- Up-to-date symlink: /home/maanavjugalshah/SwarmAero/ros2_ws/install/px4_msgs/include/px4_msgs/px4_msgs/msg/detail/trajectory_setpoint6dof__rosidl_typesupport_fastrtps_cpp.hpp\n'}
[1.615868] (px4_msgs) StdoutLine: {'line': b'-- Up-to-date symlink: /home/maanavjugalshah/SwarmAero/ros2_ws/install/px4_msgs/include/px4_msgs/px4_msgs/msg/detail/trajectory_setpoint__rosidl_typesupport_fastrtps_cpp.hpp\n'}
[1.616000] (px4_msgs) StdoutLine: {'line': b'-- Up-to-date symlink: /home/maanavjugalshah/SwarmAero/ros2_ws/install/px4_msgs/include/px4_msgs/px4_msgs/msg/detail/transponder_report__rosidl_typesupport_fastrtps_cpp.hpp\n'}
[1.616195] (px4_msgs) StdoutLine: {'line': b'-- Up-to-date symlink: /home/maanavjugalshah/SwarmAero/ros2_ws/install/px4_msgs/include/px4_msgs/px4_msgs/msg/detail/tune_control__rosidl_typesupport_fastrtps_cpp.hpp\n'}
[1.616329] (px4_msgs) StdoutLine: {'line': b'-- Up-to-date symlink: /home/maanavjugalshah/SwarmAero/ros2_ws/install/px4_msgs/include/px4_msgs/px4_msgs/msg/detail/uavcan_parameter_request__rosidl_typesupport_fastrtps_cpp.hpp\n'}
[1.616489] (px4_msgs) StdoutLine: {'line': b'-- Up-to-date symlink: /home/maanavjugalshah/SwarmAero/ros2_ws/install/px4_msgs/include/px4_msgs/px4_msgs/msg/detail/uavcan_parameter_value__rosidl_typesupport_fastrtps_cpp.hpp\n'}
[1.616639] (px4_msgs) StdoutLine: {'line': b'-- Up-to-date symlink: /home/maanavjugalshah/SwarmAero/ros2_ws/install/px4_msgs/include/px4_msgs/px4_msgs/msg/detail/ulog_stream__rosidl_typesupport_fastrtps_cpp.hpp\n'}
[1.616684] (px4_msgs) StdoutLine: {'line': b'-- Up-to-date symlink: /home/maanavjugalshah/SwarmAero/ros2_ws/install/px4_msgs/include/px4_msgs/px4_msgs/msg/detail/ulog_stream_ack__rosidl_typesupport_fastrtps_cpp.hpp\n'}
[1.616721] (px4_msgs) StdoutLine: {'line': b'-- Up-to-date symlink: /home/maanavjugalshah/SwarmAero/ros2_ws/install/px4_msgs/include/px4_msgs/px4_msgs/msg/detail/unregister_ext_component__rosidl_typesupport_fastrtps_cpp.hpp\n'}
[1.616931] (px4_msgs) StdoutLine: {'line': b'-- Up-to-date symlink: /home/maanavjugalshah/SwarmAero/ros2_ws/install/px4_msgs/include/px4_msgs/px4_msgs/msg/detail/vehicle_acceleration__rosidl_typesupport_fastrtps_cpp.hpp\n'}
[1.617055] (px4_msgs) StdoutLine: {'line': b'-- Up-to-date symlink: /home/maanavjugalshah/SwarmAero/ros2_ws/install/px4_msgs/include/px4_msgs/px4_msgs/msg/detail/vehicle_air_data__rosidl_typesupport_fastrtps_cpp.hpp\n'}
[1.617156] (px4_msgs) StdoutLine: {'line': b'-- Up-to-date symlink: /home/maanavjugalshah/SwarmAero/ros2_ws/install/px4_msgs/include/px4_msgs/px4_msgs/msg/detail/vehicle_angular_acceleration_setpoint__rosidl_typesupport_fastrtps_cpp.hpp\n'}
[1.617242] (px4_msgs) StdoutLine: {'line': b'-- Up-to-date symlink: /home/maanavjugalshah/SwarmAero/ros2_ws/install/px4_msgs/include/px4_msgs/px4_msgs/msg/detail/vehicle_angular_velocity__rosidl_typesupport_fastrtps_cpp.hpp\n'}
[1.617315] (px4_msgs) StdoutLine: {'line': b'-- Up-to-date symlink: /home/maanavjugalshah/SwarmAero/ros2_ws/install/px4_msgs/include/px4_msgs/px4_msgs/msg/detail/vehicle_attitude__rosidl_typesupport_fastrtps_cpp.hpp\n'}
[1.617477] (px4_msgs) StdoutLine: {'line': b'-- Up-to-date symlink: /home/maanavjugalshah/SwarmAero/ros2_ws/install/px4_msgs/include/px4_msgs/px4_msgs/msg/detail/vehicle_attitude_setpoint__rosidl_typesupport_fastrtps_cpp.hpp\n'}
[1.617579] (px4_msgs) StdoutLine: {'line': b'-- Up-to-date symlink: /home/maanavjugalshah/SwarmAero/ros2_ws/install/px4_msgs/include/px4_msgs/px4_msgs/msg/detail/vehicle_command__rosidl_typesupport_fastrtps_cpp.hpp\n'}
[1.618157] (px4_msgs) StdoutLine: {'line': b'-- Up-to-date symlink: /home/maanavjugalshah/SwarmAero/ros2_ws/install/px4_msgs/include/px4_msgs/px4_msgs/msg/detail/vehicle_command_ack__rosidl_typesupport_fastrtps_cpp.hpp\n'}
[1.618333] (px4_msgs) StdoutLine: {'line': b'-- Up-to-date symlink: /home/maanavjugalshah/SwarmAero/ros2_ws/install/px4_msgs/include/px4_msgs/px4_msgs/msg/detail/vehicle_constraints__rosidl_typesupport_fastrtps_cpp.hpp\n'}
[1.618542] (px4_msgs) StdoutLine: {'line': b'-- Up-to-date symlink: /home/maanavjugalshah/SwarmAero/ros2_ws/install/px4_msgs/include/px4_msgs/px4_msgs/msg/detail/vehicle_control_mode__rosidl_typesupport_fastrtps_cpp.hpp\n'}
[1.618968] (px4_msgs) StdoutLine: {'line': b'-- Up-to-date symlink: /home/maanavjugalshah/SwarmAero/ros2_ws/install/px4_msgs/include/px4_msgs/px4_msgs/msg/detail/vehicle_global_position__rosidl_typesupport_fastrtps_cpp.hpp\n'}
[1.619059] (px4_msgs) StdoutLine: {'line': b'-- Up-to-date symlink: /home/maanavjugalshah/SwarmAero/ros2_ws/install/px4_msgs/include/px4_msgs/px4_msgs/msg/detail/vehicle_imu__rosidl_typesupport_fastrtps_cpp.hpp\n'}
[1.619221] (px4_msgs) StdoutLine: {'line': b'-- Up-to-date symlink: /home/maanavjugalshah/SwarmAero/ros2_ws/install/px4_msgs/include/px4_msgs/px4_msgs/msg/detail/vehicle_imu_status__rosidl_typesupport_fastrtps_cpp.hpp\n'}
[1.619272] (px4_msgs) StdoutLine: {'line': b'-- Up-to-date symlink: /home/maanavjugalshah/SwarmAero/ros2_ws/install/px4_msgs/include/px4_msgs/px4_msgs/msg/detail/vehicle_land_detected__rosidl_typesupport_fastrtps_cpp.hpp\n'}
[1.619408] (px4_msgs) StdoutLine: {'line': b'-- Up-to-date symlink: /home/maanavjugalshah/SwarmAero/ros2_ws/install/px4_msgs/include/px4_msgs/px4_msgs/msg/detail/vehicle_local_position__rosidl_typesupport_fastrtps_cpp.hpp\n'}
[1.619480] (px4_msgs) StdoutLine: {'line': b'-- Up-to-date symlink: /home/maanavjugalshah/SwarmAero/ros2_ws/install/px4_msgs/include/px4_msgs/px4_msgs/msg/detail/vehicle_local_position_setpoint__rosidl_typesupport_fastrtps_cpp.hpp\n'}
[1.619640] (px4_msgs) StdoutLine: {'line': b'-- Up-to-date symlink: /home/maanavjugalshah/SwarmAero/ros2_ws/install/px4_msgs/include/px4_msgs/px4_msgs/msg/detail/vehicle_magnetometer__rosidl_typesupport_fastrtps_cpp.hpp\n'}
[1.619690] (px4_msgs) StdoutLine: {'line': b'-- Up-to-date symlink: /home/maanavjugalshah/SwarmAero/ros2_ws/install/px4_msgs/include/px4_msgs/px4_msgs/msg/detail/vehicle_odometry__rosidl_typesupport_fastrtps_cpp.hpp\n'}
[1.619796] (px4_msgs) StdoutLine: {'line': b'-- Up-to-date symlink: /home/maanavjugalshah/SwarmAero/ros2_ws/install/px4_msgs/include/px4_msgs/px4_msgs/msg/detail/vehicle_optical_flow__rosidl_typesupport_fastrtps_cpp.hpp\n'}
[1.619956] (px4_msgs) StdoutLine: {'line': b'-- Up-to-date symlink: /home/maanavjugalshah/SwarmAero/ros2_ws/install/px4_msgs/include/px4_msgs/px4_msgs/msg/detail/vehicle_optical_flow_vel__rosidl_typesupport_fastrtps_cpp.hpp\n'}
[1.620026] (px4_msgs) StdoutLine: {'line': b'-- Up-to-date symlink: /home/maanavjugalshah/SwarmAero/ros2_ws/install/px4_msgs/include/px4_msgs/px4_msgs/msg/detail/vehicle_rates_setpoint__rosidl_typesupport_fastrtps_cpp.hpp\n'}
[1.620168] (px4_msgs) StdoutLine: {'line': b'-- Up-to-date symlink: /home/maanavjugalshah/SwarmAero/ros2_ws/install/px4_msgs/include/px4_msgs/px4_msgs/msg/detail/vehicle_roi__rosidl_typesupport_fastrtps_cpp.hpp\n'}
[1.620328] (px4_msgs) StdoutLine: {'line': b'-- Up-to-date symlink: /home/maanavjugalshah/SwarmAero/ros2_ws/install/px4_msgs/include/px4_msgs/px4_msgs/msg/detail/vehicle_status__rosidl_typesupport_fastrtps_cpp.hpp\n'}
[1.620512] (px4_msgs) StdoutLine: {'line': b'-- Up-to-date symlink: /home/maanavjugalshah/SwarmAero/ros2_ws/install/px4_msgs/include/px4_msgs/px4_msgs/msg/detail/vehicle_thrust_setpoint__rosidl_typesupport_fastrtps_cpp.hpp\n'}
[1.620621] (px4_msgs) StdoutLine: {'line': b'-- Up-to-date symlink: /home/maanavjugalshah/SwarmAero/ros2_ws/install/px4_msgs/include/px4_msgs/px4_msgs/msg/detail/vehicle_torque_setpoint__rosidl_typesupport_fastrtps_cpp.hpp\n'}
[1.621076] (px4_msgs) StdoutLine: {'line': b'-- Up-to-date symlink: /home/maanavjugalshah/SwarmAero/ros2_ws/install/px4_msgs/include/px4_msgs/px4_msgs/msg/detail/velocity_limits__rosidl_typesupport_fastrtps_cpp.hpp\n'}
[1.621195] (px4_msgs) StdoutLine: {'line': b'-- Up-to-date symlink: /home/maanavjugalshah/SwarmAero/ros2_ws/install/px4_msgs/include/px4_msgs/px4_msgs/msg/detail/vtol_vehicle_status__rosidl_typesupport_fastrtps_cpp.hpp\n'}
[1.621247] (px4_msgs) StdoutLine: {'line': b'-- Up-to-date symlink: /home/maanavjugalshah/SwarmAero/ros2_ws/install/px4_msgs/include/px4_msgs/px4_msgs/msg/detail/vtx__rosidl_typesupport_fastrtps_cpp.hpp\n'}
[1.621491] (px4_msgs) StdoutLine: {'line': b'-- Up-to-date symlink: /home/maanavjugalshah/SwarmAero/ros2_ws/install/px4_msgs/include/px4_msgs/px4_msgs/msg/detail/wheel_encoders__rosidl_typesupport_fastrtps_cpp.hpp\n'}
[1.621801] (px4_msgs) StdoutLine: {'line': b'-- Up-to-date symlink: /home/maanavjugalshah/SwarmAero/ros2_ws/install/px4_msgs/include/px4_msgs/px4_msgs/msg/detail/wind__rosidl_typesupport_fastrtps_cpp.hpp\n'}
[1.622481] (px4_msgs) StdoutLine: {'line': b'-- Up-to-date symlink: /home/maanavjugalshah/SwarmAero/ros2_ws/install/px4_msgs/include/px4_msgs/px4_msgs/msg/detail/yaw_estimator_status__rosidl_typesupport_fastrtps_cpp.hpp\n'}
[1.622588] (px4_msgs) StdoutLine: {'line': b'-- Up-to-date symlink: /home/maanavjugalshah/SwarmAero/ros2_ws/install/px4_msgs/include/px4_msgs/px4_msgs/msg/rosidl_typesupport_fastrtps_cpp__visibility_control.h\n'}
[1.622665] (px4_msgs) StdoutLine: {'line': b'-- Up-to-date symlink: /home/maanavjugalshah/SwarmAero/ros2_ws/install/px4_msgs/include/px4_msgs/px4_msgs/srv/detail/vehicle_command__rosidl_typesupport_fastrtps_cpp.hpp\n'}
[1.622772] (px4_msgs) StdoutLine: {'line': b'-- Up-to-date symlink: /home/maanavjugalshah/SwarmAero/ros2_ws/install/px4_msgs/include/px4_msgs/px4_msgs/msg/detail/action_request__rosidl_typesupport_introspection_c.h\n'}
[1.623159] (px4_msgs) StdoutLine: {'line': b'-- Up-to-date symlink: /home/maanavjugalshah/SwarmAero/ros2_ws/install/px4_msgs/include/px4_msgs/px4_msgs/msg/detail/actuator_armed__rosidl_typesupport_introspection_c.h\n'}
[1.623456] (px4_msgs) StdoutLine: {'line': b'-- Up-to-date symlink: /home/maanavjugalshah/SwarmAero/ros2_ws/install/px4_msgs/include/px4_msgs/px4_msgs/msg/detail/actuator_controls_status__rosidl_typesupport_introspection_c.h\n'}
[1.623800] (px4_msgs) StdoutLine: {'line': b'-- Up-to-date symlink: /home/maanavjugalshah/SwarmAero/ros2_ws/install/px4_msgs/include/px4_msgs/px4_msgs/msg/detail/actuator_motors__rosidl_typesupport_introspection_c.h\n'}
[1.624072] (px4_msgs) StdoutLine: {'line': b'-- Up-to-date symlink: /home/maanavjugalshah/SwarmAero/ros2_ws/install/px4_msgs/include/px4_msgs/px4_msgs/msg/detail/actuator_outputs__rosidl_typesupport_introspection_c.h\n'}
[1.624428] (px4_msgs) StdoutLine: {'line': b'-- Up-to-date symlink: /home/maanavjugalshah/SwarmAero/ros2_ws/install/px4_msgs/include/px4_msgs/px4_msgs/msg/detail/actuator_servos__rosidl_typesupport_introspection_c.h\n'}
[1.624484] (px4_msgs) StdoutLine: {'line': b'-- Up-to-date symlink: /home/maanavjugalshah/SwarmAero/ros2_ws/install/px4_msgs/include/px4_msgs/px4_msgs/msg/detail/actuator_servos_trim__rosidl_typesupport_introspection_c.h\n'}
[1.624554] (px4_msgs) StdoutLine: {'line': b'-- Up-to-date symlink: /home/maanavjugalshah/SwarmAero/ros2_ws/install/px4_msgs/include/px4_msgs/px4_msgs/msg/detail/actuator_test__rosidl_typesupport_introspection_c.h\n'}
[1.624672] (px4_msgs) StdoutLine: {'line': b'-- Up-to-date symlink: /home/maanavjugalshah/SwarmAero/ros2_ws/install/px4_msgs/include/px4_msgs/px4_msgs/msg/detail/adc_report__rosidl_typesupport_introspection_c.h\n'}
[1.624738] (px4_msgs) StdoutLine: {'line': b'-- Up-to-date symlink: /home/maanavjugalshah/SwarmAero/ros2_ws/install/px4_msgs/include/px4_msgs/px4_msgs/msg/detail/airspeed__rosidl_typesupport_introspection_c.h\n'}
[1.625126] (px4_msgs) StdoutLine: {'line': b'-- Up-to-date symlink: /home/maanavjugalshah/SwarmAero/ros2_ws/install/px4_msgs/include/px4_msgs/px4_msgs/msg/detail/airspeed_validated__rosidl_typesupport_introspection_c.h\n'}
[1.625218] (px4_msgs) StdoutLine: {'line': b'-- Up-to-date symlink: /home/maanavjugalshah/SwarmAero/ros2_ws/install/px4_msgs/include/px4_msgs/px4_msgs/msg/detail/airspeed_wind__rosidl_typesupport_introspection_c.h\n'}
[1.625401] (px4_msgs) StdoutLine: {'line': b'-- Up-to-date symlink: /home/maanavjugalshah/SwarmAero/ros2_ws/install/px4_msgs/include/px4_msgs/px4_msgs/msg/detail/arming_check_reply__rosidl_typesupport_introspection_c.h\n'}
[1.625643] (px4_msgs) StdoutLine: {'line': b'-- Up-to-date symlink: /home/maanavjugalshah/SwarmAero/ros2_ws/install/px4_msgs/include/px4_msgs/px4_msgs/msg/detail/arming_check_request__rosidl_typesupport_introspection_c.h\n'}
[1.625687] (px4_msgs) StdoutLine: {'line': b'-- Up-to-date symlink: /home/maanavjugalshah/SwarmAero/ros2_ws/install/px4_msgs/include/px4_msgs/px4_msgs/msg/detail/autotune_attitude_control_status__rosidl_typesupport_introspection_c.h\n'}
[1.625757] (px4_msgs) StdoutLine: {'line': b'-- Up-to-date symlink: /home/maanavjugalshah/SwarmAero/ros2_ws/install/px4_msgs/include/px4_msgs/px4_msgs/msg/detail/aux_global_position__rosidl_typesupport_introspection_c.h\n'}
[1.625846] (px4_msgs) StdoutLine: {'line': b'-- Up-to-date symlink: /home/maanavjugalshah/SwarmAero/ros2_ws/install/px4_msgs/include/px4_msgs/px4_msgs/msg/detail/battery_info__rosidl_typesupport_introspection_c.h\n'}
[1.626027] (px4_msgs) StdoutLine: {'line': b'-- Up-to-date symlink: /home/maanavjugalshah/SwarmAero/ros2_ws/install/px4_msgs/include/px4_msgs/px4_msgs/msg/detail/battery_status__rosidl_typesupport_introspection_c.h\n'}
[1.626347] (px4_msgs) StdoutLine: {'line': b'-- Up-to-date symlink: /home/maanavjugalshah/SwarmAero/ros2_ws/install/px4_msgs/include/px4_msgs/px4_msgs/msg/detail/button_event__rosidl_typesupport_introspection_c.h\n'}
[1.626520] (px4_msgs) StdoutLine: {'line': b'-- Up-to-date symlink: /home/maanavjugalshah/SwarmAero/ros2_ws/install/px4_msgs/include/px4_msgs/px4_msgs/msg/detail/camera_capture__rosidl_typesupport_introspection_c.h\n'}
[1.627238] (px4_msgs) StdoutLine: {'line': b'-- Up-to-date symlink: /home/maanavjugalshah/SwarmAero/ros2_ws/install/px4_msgs/include/px4_msgs/px4_msgs/msg/detail/camera_status__rosidl_typesupport_introspection_c.h\n'}
[1.627647] (px4_msgs) StdoutLine: {'line': b'-- Up-to-date symlink: /home/maanavjugalshah/SwarmAero/ros2_ws/install/px4_msgs/include/px4_msgs/px4_msgs/msg/detail/camera_trigger__rosidl_typesupport_introspection_c.h\n'}
[1.627876] (px4_msgs) StdoutLine: {'line': b'-- Up-to-date symlink: /home/maanavjugalshah/SwarmAero/ros2_ws/install/px4_msgs/include/px4_msgs/px4_msgs/msg/detail/can_interface_status__rosidl_typesupport_introspection_c.h\n'}
[1.628068] (px4_msgs) StdoutLine: {'line': b'-- Up-to-date symlink: /home/maanavjugalshah/SwarmAero/ros2_ws/install/px4_msgs/include/px4_msgs/px4_msgs/msg/detail/cellular_status__rosidl_typesupport_introspection_c.h\n'}
[1.628189] (px4_msgs) StdoutLine: {'line': b'-- Up-to-date symlink: /home/maanavjugalshah/SwarmAero/ros2_ws/install/px4_msgs/include/px4_msgs/px4_msgs/msg/detail/collision_constraints__rosidl_typesupport_introspection_c.h\n'}
[1.628273] (px4_msgs) StdoutLine: {'line': b'-- Up-to-date symlink: /home/maanavjugalshah/SwarmAero/ros2_ws/install/px4_msgs/include/px4_msgs/px4_msgs/msg/detail/config_overrides__rosidl_typesupport_introspection_c.h\n'}
[1.628362] (px4_msgs) StdoutLine: {'line': b'-- Up-to-date symlink: /home/maanavjugalshah/SwarmAero/ros2_ws/install/px4_msgs/include/px4_msgs/px4_msgs/msg/detail/control_allocator_status__rosidl_typesupport_introspection_c.h\n'}
[1.628451] (px4_msgs) StdoutLine: {'line': b'-- Up-to-date symlink: /home/maanavjugalshah/SwarmAero/ros2_ws/install/px4_msgs/include/px4_msgs/px4_msgs/msg/detail/cpuload__rosidl_typesupport_introspection_c.h\n'}
[1.628505] (px4_msgs) StdoutLine: {'line': b'-- Up-to-date symlink: /home/maanavjugalshah/SwarmAero/ros2_ws/install/px4_msgs/include/px4_msgs/px4_msgs/msg/detail/dataman_request__rosidl_typesupport_introspection_c.h\n'}
[1.628717] (px4_msgs) StdoutLine: {'line': b'-- Up-to-date symlink: /home/maanavjugalshah/SwarmAero/ros2_ws/install/px4_msgs/include/px4_msgs/px4_msgs/msg/detail/dataman_response__rosidl_typesupport_introspection_c.h\n'}
[1.628882] (px4_msgs) StdoutLine: {'line': b'-- Up-to-date symlink: /home/maanavjugalshah/SwarmAero/ros2_ws/install/px4_msgs/include/px4_msgs/px4_msgs/msg/detail/debug_array__rosidl_typesupport_introspection_c.h\n'}
[1.629025] (px4_msgs) StdoutLine: {'line': b'-- Up-to-date symlink: /home/maanavjugalshah/SwarmAero/ros2_ws/install/px4_msgs/include/px4_msgs/px4_msgs/msg/detail/debug_key_value__rosidl_typesupport_introspection_c.h\n'}
[1.629086] (px4_msgs) StdoutLine: {'line': b'-- Up-to-date symlink: /home/maanavjugalshah/SwarmAero/ros2_ws/install/px4_msgs/include/px4_msgs/px4_msgs/msg/detail/debug_value__rosidl_typesupport_introspection_c.h\n'}
[1.629202] (px4_msgs) StdoutLine: {'line': b'-- Up-to-date symlink: /home/maanavjugalshah/SwarmAero/ros2_ws/install/px4_msgs/include/px4_msgs/px4_msgs/msg/detail/debug_vect__rosidl_typesupport_introspection_c.h\n'}
[1.629315] (px4_msgs) StdoutLine: {'line': b'-- Up-to-date symlink: /home/maanavjugalshah/SwarmAero/ros2_ws/install/px4_msgs/include/px4_msgs/px4_msgs/msg/detail/device_information__rosidl_typesupport_introspection_c.h\n'}
[1.629396] (px4_msgs) StdoutLine: {'line': b'-- Up-to-date symlink: /home/maanavjugalshah/SwarmAero/ros2_ws/install/px4_msgs/include/px4_msgs/px4_msgs/msg/detail/differential_pressure__rosidl_typesupport_introspection_c.h\n'}
[1.629549] (px4_msgs) StdoutLine: {'line': b'-- Up-to-date symlink: /home/maanavjugalshah/SwarmAero/ros2_ws/install/px4_msgs/include/px4_msgs/px4_msgs/msg/detail/distance_sensor__rosidl_typesupport_introspection_c.h\n'}
[1.629618] (px4_msgs) StdoutLine: {'line': b'-- Up-to-date symlink: /home/maanavjugalshah/SwarmAero/ros2_ws/install/px4_msgs/include/px4_msgs/px4_msgs/msg/detail/distance_sensor_mode_change_request__rosidl_typesupport_introspection_c.h\n'}
[1.630009] (px4_msgs) StdoutLine: {'line': b'-- Up-to-date symlink: /home/maanavjugalshah/SwarmAero/ros2_ws/install/px4_msgs/include/px4_msgs/px4_msgs/msg/detail/dronecan_node_status__rosidl_typesupport_introspection_c.h\n'}
[1.630140] (px4_msgs) StdoutLine: {'line': b'-- Up-to-date symlink: /home/maanavjugalshah/SwarmAero/ros2_ws/install/px4_msgs/include/px4_msgs/px4_msgs/msg/detail/ekf2_timestamps__rosidl_typesupport_introspection_c.h\n'}
[1.630443] (px4_msgs) StdoutLine: {'line': b'-- Up-to-date symlink: /home/maanavjugalshah/SwarmAero/ros2_ws/install/px4_msgs/include/px4_msgs/px4_msgs/msg/detail/esc_eeprom_read__rosidl_typesupport_introspection_c.h\n'}
[1.630546] (px4_msgs) StdoutLine: {'line': b'-- Up-to-date symlink: /home/maanavjugalshah/SwarmAero/ros2_ws/install/px4_msgs/include/px4_msgs/px4_msgs/msg/detail/esc_eeprom_write__rosidl_typesupport_introspection_c.h\n'}
[1.630649] (px4_msgs) StdoutLine: {'line': b'-- Up-to-date symlink: /home/maanavjugalshah/SwarmAero/ros2_ws/install/px4_msgs/include/px4_msgs/px4_msgs/msg/detail/esc_report__rosidl_typesupport_introspection_c.h\n'}
[1.630749] (px4_msgs) StdoutLine: {'line': b'-- Up-to-date symlink: /home/maanavjugalshah/SwarmAero/ros2_ws/install/px4_msgs/include/px4_msgs/px4_msgs/msg/detail/esc_status__rosidl_typesupport_introspection_c.h\n'}
[1.630956] (px4_msgs) StdoutLine: {'line': b'-- Up-to-date symlink: /home/maanavjugalshah/SwarmAero/ros2_ws/install/px4_msgs/include/px4_msgs/px4_msgs/msg/detail/estimator_aid_source1d__rosidl_typesupport_introspection_c.h\n'}
[1.631117] (px4_msgs) StdoutLine: {'line': b'-- Up-to-date symlink: /home/maanavjugalshah/SwarmAero/ros2_ws/install/px4_msgs/include/px4_msgs/px4_msgs/msg/detail/estimator_aid_source2d__rosidl_typesupport_introspection_c.h\n'}
[1.631203] (px4_msgs) StdoutLine: {'line': b'-- Up-to-date symlink: /home/maanavjugalshah/SwarmAero/ros2_ws/install/px4_msgs/include/px4_msgs/px4_msgs/msg/detail/estimator_aid_source3d__rosidl_typesupport_introspection_c.h\n'}
[1.631397] (px4_msgs) StdoutLine: {'line': b'-- Up-to-date symlink: /home/maanavjugalshah/SwarmAero/ros2_ws/install/px4_msgs/include/px4_msgs/px4_msgs/msg/detail/estimator_bias3d__rosidl_typesupport_introspection_c.h\n'}
[1.631571] (px4_msgs) StdoutLine: {'line': b'-- Up-to-date symlink: /home/maanavjugalshah/SwarmAero/ros2_ws/install/px4_msgs/include/px4_msgs/px4_msgs/msg/detail/estimator_bias__rosidl_typesupport_introspection_c.h\n'}
[1.631768] (px4_msgs) StdoutLine: {'line': b'-- Up-to-date symlink: /home/maanavjugalshah/SwarmAero/ros2_ws/install/px4_msgs/include/px4_msgs/px4_msgs/msg/detail/estimator_event_flags__rosidl_typesupport_introspection_c.h\n'}
[1.631944] (px4_msgs) StdoutLine: {'line': b'-- Up-to-date symlink: /home/maanavjugalshah/SwarmAero/ros2_ws/install/px4_msgs/include/px4_msgs/px4_msgs/msg/detail/estimator_fusion_control__rosidl_typesupport_introspection_c.h\n'}
[1.632012] (px4_msgs) StdoutLine: {'line': b'-- Up-to-date symlink: /home/maanavjugalshah/SwarmAero/ros2_ws/install/px4_msgs/include/px4_msgs/px4_msgs/msg/detail/estimator_gps_status__rosidl_typesupport_introspection_c.h\n'}
[1.632145] (px4_msgs) StdoutLine: {'line': b'-- Up-to-date symlink: /home/maanavjugalshah/SwarmAero/ros2_ws/install/px4_msgs/include/px4_msgs/px4_msgs/msg/detail/estimator_innovations__rosidl_typesupport_introspection_c.h\n'}
[1.632185] (px4_msgs) StdoutLine: {'line': b'-- Up-to-date symlink: /home/maanavjugalshah/SwarmAero/ros2_ws/install/px4_msgs/include/px4_msgs/px4_msgs/msg/detail/estimator_selector_status__rosidl_typesupport_introspection_c.h\n'}
[1.632221] (px4_msgs) StdoutLine: {'line': b'-- Up-to-date symlink: /home/maanavjugalshah/SwarmAero/ros2_ws/install/px4_msgs/include/px4_msgs/px4_msgs/msg/detail/estimator_sensor_bias__rosidl_typesupport_introspection_c.h\n'}
[1.632325] (px4_msgs) StdoutLine: {'line': b'-- Up-to-date symlink: /home/maanavjugalshah/SwarmAero/ros2_ws/install/px4_msgs/include/px4_msgs/px4_msgs/msg/detail/estimator_states__rosidl_typesupport_introspection_c.h\n'}
[1.632489] (px4_msgs) StdoutLine: {'line': b'-- Up-to-date symlink: /home/maanavjugalshah/SwarmAero/ros2_ws/install/px4_msgs/include/px4_msgs/px4_msgs/msg/detail/estimator_status__rosidl_typesupport_introspection_c.h\n'}
[1.632609] (px4_msgs) StdoutLine: {'line': b'-- Up-to-date symlink: /home/maanavjugalshah/SwarmAero/ros2_ws/install/px4_msgs/include/px4_msgs/px4_msgs/msg/detail/estimator_status_flags__rosidl_typesupport_introspection_c.h\n'}
[1.632788] (px4_msgs) StdoutLine: {'line': b'-- Up-to-date symlink: /home/maanavjugalshah/SwarmAero/ros2_ws/install/px4_msgs/include/px4_msgs/px4_msgs/msg/detail/event__rosidl_typesupport_introspection_c.h\n'}
[1.632928] (px4_msgs) StdoutLine: {'line': b'-- Up-to-date symlink: /home/maanavjugalshah/SwarmAero/ros2_ws/install/px4_msgs/include/px4_msgs/px4_msgs/msg/detail/failsafe_flags__rosidl_typesupport_introspection_c.h\n'}
[1.632998] (px4_msgs) StdoutLine: {'line': b'-- Up-to-date symlink: /home/maanavjugalshah/SwarmAero/ros2_ws/install/px4_msgs/include/px4_msgs/px4_msgs/msg/detail/failure_detector_status__rosidl_typesupport_introspection_c.h\n'}
[1.633112] (px4_msgs) StdoutLine: {'line': b'-- Up-to-date symlink: /home/maanavjugalshah/SwarmAero/ros2_ws/install/px4_msgs/include/px4_msgs/px4_msgs/msg/detail/figure_eight_status__rosidl_typesupport_introspection_c.h\n'}
[1.633156] (px4_msgs) StdoutLine: {'line': b'-- Up-to-date symlink: /home/maanavjugalshah/SwarmAero/ros2_ws/install/px4_msgs/include/px4_msgs/px4_msgs/msg/detail/fixed_wing_lateral_guidance_status__rosidl_typesupport_introspection_c.h\n'}
[1.633271] (px4_msgs) StdoutLine: {'line': b'-- Up-to-date symlink: /home/maanavjugalshah/SwarmAero/ros2_ws/install/px4_msgs/include/px4_msgs/px4_msgs/msg/detail/fixed_wing_lateral_setpoint__rosidl_typesupport_introspection_c.h\n'}
[1.633417] (px4_msgs) StdoutLine: {'line': b'-- Up-to-date symlink: /home/maanavjugalshah/SwarmAero/ros2_ws/install/px4_msgs/include/px4_msgs/px4_msgs/msg/detail/fixed_wing_lateral_status__rosidl_typesupport_introspection_c.h\n'}
[1.633540] (px4_msgs) StdoutLine: {'line': b'-- Up-to-date symlink: /home/maanavjugalshah/SwarmAero/ros2_ws/install/px4_msgs/include/px4_msgs/px4_msgs/msg/detail/fixed_wing_longitudinal_setpoint__rosidl_typesupport_introspection_c.h\n'}
[1.633850] (px4_msgs) StdoutLine: {'line': b'-- Up-to-date symlink: /home/maanavjugalshah/SwarmAero/ros2_ws/install/px4_msgs/include/px4_msgs/px4_msgs/msg/detail/fixed_wing_runway_control__rosidl_typesupport_introspection_c.h\n'}
[1.634073] (px4_msgs) StdoutLine: {'line': b'-- Up-to-date symlink: /home/maanavjugalshah/SwarmAero/ros2_ws/install/px4_msgs/include/px4_msgs/px4_msgs/msg/detail/flight_phase_estimation__rosidl_typesupport_introspection_c.h\n'}
[1.634121] (px4_msgs) StdoutLine: {'line': b'-- Up-to-date symlink: /home/maanavjugalshah/SwarmAero/ros2_ws/install/px4_msgs/include/px4_msgs/px4_msgs/msg/detail/follow_target__rosidl_typesupport_introspection_c.h\n'}
[1.634160] (px4_msgs) StdoutLine: {'line': b'-- Up-to-date symlink: /home/maanavjugalshah/SwarmAero/ros2_ws/install/px4_msgs/include/px4_msgs/px4_msgs/msg/detail/follow_target_estimator__rosidl_typesupport_introspection_c.h\n'}
[1.634225] (px4_msgs) StdoutLine: {'line': b'-- Up-to-date symlink: /home/maanavjugalshah/SwarmAero/ros2_ws/install/px4_msgs/include/px4_msgs/px4_msgs/msg/detail/follow_target_status__rosidl_typesupport_introspection_c.h\n'}
[1.634321] (px4_msgs) StdoutLine: {'line': b'-- Up-to-date symlink: /home/maanavjugalshah/SwarmAero/ros2_ws/install/px4_msgs/include/px4_msgs/px4_msgs/msg/detail/fuel_tank_status__rosidl_typesupport_introspection_c.h\n'}
[1.634533] (px4_msgs) StdoutLine: {'line': b'-- Up-to-date symlink: /home/maanavjugalshah/SwarmAero/ros2_ws/install/px4_msgs/include/px4_msgs/px4_msgs/msg/detail/gain_compression__rosidl_typesupport_introspection_c.h\n'}
[1.634632] (px4_msgs) StdoutLine: {'line': b'-- Up-to-date symlink: /home/maanavjugalshah/SwarmAero/ros2_ws/install/px4_msgs/include/px4_msgs/px4_msgs/msg/detail/generator_status__rosidl_typesupport_introspection_c.h\n'}
[1.634703] (px4_msgs) StdoutLine: {'line': b'-- Up-to-date symlink: /home/maanavjugalshah/SwarmAero/ros2_ws/install/px4_msgs/include/px4_msgs/px4_msgs/msg/detail/geofence_result__rosidl_typesupport_introspection_c.h\n'}
[1.634775] (px4_msgs) StdoutLine: {'line': b'-- Up-to-date symlink: /home/maanavjugalshah/SwarmAero/ros2_ws/install/px4_msgs/include/px4_msgs/px4_msgs/msg/detail/geofence_status__rosidl_typesupport_introspection_c.h\n'}
[1.634865] (px4_msgs) StdoutLine: {'line': b'-- Up-to-date symlink: /home/maanavjugalshah/SwarmAero/ros2_ws/install/px4_msgs/include/px4_msgs/px4_msgs/msg/detail/gimbal_controls__rosidl_typesupport_introspection_c.h\n'}
[1.635130] (px4_msgs) StdoutLine: {'line': b'-- Up-to-date symlink: /home/maanavjugalshah/SwarmAero/ros2_ws/install/px4_msgs/include/px4_msgs/px4_msgs/msg/detail/gimbal_device_attitude_status__rosidl_typesupport_introspection_c.h\n'}
[1.635290] (px4_msgs) StdoutLine: {'line': b'-- Up-to-date symlink: /home/maanavjugalshah/SwarmAero/ros2_ws/install/px4_msgs/include/px4_msgs/px4_msgs/msg/detail/gimbal_device_information__rosidl_typesupport_introspection_c.h\n'}
[1.635336] (px4_msgs) StdoutLine: {'line': b'-- Up-to-date symlink: /home/maanavjugalshah/SwarmAero/ros2_ws/install/px4_msgs/include/px4_msgs/px4_msgs/msg/detail/gimbal_device_set_attitude__rosidl_typesupport_introspection_c.h\n'}
[1.635373] (px4_msgs) StdoutLine: {'line': b'-- Up-to-date symlink: /home/maanavjugalshah/SwarmAero/ros2_ws/install/px4_msgs/include/px4_msgs/px4_msgs/msg/detail/gimbal_manager_information__rosidl_typesupport_introspection_c.h\n'}
[1.635537] (px4_msgs) StdoutLine: {'line': b'-- Up-to-date symlink: /home/maanavjugalshah/SwarmAero/ros2_ws/install/px4_msgs/include/px4_msgs/px4_msgs/msg/detail/gimbal_manager_set_attitude__rosidl_typesupport_introspection_c.h\n'}
[1.635926] (px4_msgs) StdoutLine: {'line': b'-- Up-to-date symlink: /home/maanavjugalshah/SwarmAero/ros2_ws/install/px4_msgs/include/px4_msgs/px4_msgs/msg/detail/gimbal_manager_set_manual_control__rosidl_typesupport_introspection_c.h\n'}
[1.636123] (px4_msgs) StdoutLine: {'line': b'-- Up-to-date symlink: /home/maanavjugalshah/SwarmAero/ros2_ws/install/px4_msgs/include/px4_msgs/px4_msgs/msg/detail/gimbal_manager_status__rosidl_typesupport_introspection_c.h\n'}
[1.636187] (px4_msgs) StdoutLine: {'line': b'-- Up-to-date symlink: /home/maanavjugalshah/SwarmAero/ros2_ws/install/px4_msgs/include/px4_msgs/px4_msgs/msg/detail/goto_setpoint__rosidl_typesupport_introspection_c.h\n'}
[1.636225] (px4_msgs) StdoutLine: {'line': b'-- Up-to-date symlink: /home/maanavjugalshah/SwarmAero/ros2_ws/install/px4_msgs/include/px4_msgs/px4_msgs/msg/detail/gpio_config__rosidl_typesupport_introspection_c.h\n'}
[1.636354] (px4_msgs) StdoutLine: {'line': b'-- Up-to-date symlink: /home/maanavjugalshah/SwarmAero/ros2_ws/install/px4_msgs/include/px4_msgs/px4_msgs/msg/detail/gpio_in__rosidl_typesupport_introspection_c.h\n'}
[1.636398] (px4_msgs) StdoutLine: {'line': b'-- Up-to-date symlink: /home/maanavjugalshah/SwarmAero/ros2_ws/install/px4_msgs/include/px4_msgs/px4_msgs/msg/detail/gpio_out__rosidl_typesupport_introspection_c.h\n'}
[1.636532] (px4_msgs) StdoutLine: {'line': b'-- Up-to-date symlink: /home/maanavjugalshah/SwarmAero/ros2_ws/install/px4_msgs/include/px4_msgs/px4_msgs/msg/detail/gpio_request__rosidl_typesupport_introspection_c.h\n'}
[1.636575] (px4_msgs) StdoutLine: {'line': b'-- Up-to-date symlink: /home/maanavjugalshah/SwarmAero/ros2_ws/install/px4_msgs/include/px4_msgs/px4_msgs/msg/detail/gps_dump__rosidl_typesupport_introspection_c.h\n'}
[1.636613] (px4_msgs) StdoutLine: {'line': b'-- Up-to-date symlink: /home/maanavjugalshah/SwarmAero/ros2_ws/install/px4_msgs/include/px4_msgs/px4_msgs/msg/detail/gps_inject_data__rosidl_typesupport_introspection_c.h\n'}
[1.636648] (px4_msgs) StdoutLine: {'line': b'-- Up-to-date symlink: /home/maanavjugalshah/SwarmAero/ros2_ws/install/px4_msgs/include/px4_msgs/px4_msgs/msg/detail/gripper__rosidl_typesupport_introspection_c.h\n'}
[1.636682] (px4_msgs) StdoutLine: {'line': b'-- Up-to-date symlink: /home/maanavjugalshah/SwarmAero/ros2_ws/install/px4_msgs/include/px4_msgs/px4_msgs/msg/detail/health_report__rosidl_typesupport_introspection_c.h\n'}
[1.636736] (px4_msgs) StdoutLine: {'line': b'-- Up-to-date symlink: /home/maanavjugalshah/SwarmAero/ros2_ws/install/px4_msgs/include/px4_msgs/px4_msgs/msg/detail/heater_status__rosidl_typesupport_introspection_c.h\n'}
[1.636812] (px4_msgs) StdoutLine: {'line': b'-- Up-to-date symlink: /home/maanavjugalshah/SwarmAero/ros2_ws/install/px4_msgs/include/px4_msgs/px4_msgs/msg/detail/home_position__rosidl_typesupport_introspection_c.h\n'}
[1.636973] (px4_msgs) StdoutLine: {'line': b'-- Up-to-date symlink: /home/maanavjugalshah/SwarmAero/ros2_ws/install/px4_msgs/include/px4_msgs/px4_msgs/msg/detail/hover_thrust_estimate__rosidl_typesupport_introspection_c.h\n'}
[1.637099] (px4_msgs) StdoutLine: {'line': b'-- Up-to-date symlink: /home/maanavjugalshah/SwarmAero/ros2_ws/install/px4_msgs/include/px4_msgs/px4_msgs/msg/detail/input_rc__rosidl_typesupport_introspection_c.h\n'}
[1.637229] (px4_msgs) StdoutLine: {'line': b'-- Up-to-date symlink: /home/maanavjugalshah/SwarmAero/ros2_ws/install/px4_msgs/include/px4_msgs/px4_msgs/msg/detail/internal_combustion_engine_control__rosidl_typesupport_introspection_c.h\n'}
[1.637301] (px4_msgs) StdoutLine: {'line': b'-- Up-to-date symlink: /home/maanavjugalshah/SwarmAero/ros2_ws/install/px4_msgs/include/px4_msgs/px4_msgs/msg/detail/internal_combustion_engine_status__rosidl_typesupport_introspection_c.h\n'}
[1.637366] (px4_msgs) StdoutLine: {'line': b'-- Up-to-date symlink: /home/maanavjugalshah/SwarmAero/ros2_ws/install/px4_msgs/include/px4_msgs/px4_msgs/msg/detail/iridiumsbd_status__rosidl_typesupport_introspection_c.h\n'}
[1.637435] (px4_msgs) StdoutLine: {'line': b'-- Up-to-date symlink: /home/maanavjugalshah/SwarmAero/ros2_ws/install/px4_msgs/include/px4_msgs/px4_msgs/msg/detail/irlock_report__rosidl_typesupport_introspection_c.h\n'}
[1.637522] (px4_msgs) StdoutLine: {'line': b'-- Up-to-date symlink: /home/maanavjugalshah/SwarmAero/ros2_ws/install/px4_msgs/include/px4_msgs/px4_msgs/msg/detail/landing_gear__rosidl_typesupport_introspection_c.h\n'}
[1.637564] (px4_msgs) StdoutLine: {'line': b'-- Up-to-date symlink: /home/maanavjugalshah/SwarmAero/ros2_ws/install/px4_msgs/include/px4_msgs/px4_msgs/msg/detail/landing_gear_wheel__rosidl_typesupport_introspection_c.h\n'}
[1.637604] (px4_msgs) StdoutLine: {'line': b'-- Up-to-date symlink: /home/maanavjugalshah/SwarmAero/ros2_ws/install/px4_msgs/include/px4_msgs/px4_msgs/msg/detail/landing_target_innovations__rosidl_typesupport_introspection_c.h\n'}
[1.637639] (px4_msgs) StdoutLine: {'line': b'-- Up-to-date symlink: /home/maanavjugalshah/SwarmAero/ros2_ws/install/px4_msgs/include/px4_msgs/px4_msgs/msg/detail/landing_target_pose__rosidl_typesupport_introspection_c.h\n'}
[1.637674] (px4_msgs) StdoutLine: {'line': b'-- Up-to-date symlink: /home/maanavjugalshah/SwarmAero/ros2_ws/install/px4_msgs/include/px4_msgs/px4_msgs/msg/detail/lateral_control_configuration__rosidl_typesupport_introspection_c.h\n'}
[1.637707] (px4_msgs) StdoutLine: {'line': b'-- Up-to-date symlink: /home/maanavjugalshah/SwarmAero/ros2_ws/install/px4_msgs/include/px4_msgs/px4_msgs/msg/detail/launch_detection_status__rosidl_typesupport_introspection_c.h\n'}
[1.637742] (px4_msgs) StdoutLine: {'line': b'-- Up-to-date symlink: /home/maanavjugalshah/SwarmAero/ros2_ws/install/px4_msgs/include/px4_msgs/px4_msgs/msg/detail/led_control__rosidl_typesupport_introspection_c.h\n'}
[1.637774] (px4_msgs) StdoutLine: {'line': b'-- Up-to-date symlink: /home/maanavjugalshah/SwarmAero/ros2_ws/install/px4_msgs/include/px4_msgs/px4_msgs/msg/detail/log_message__rosidl_typesupport_introspection_c.h\n'}
[1.637806] (px4_msgs) StdoutLine: {'line': b'-- Up-to-date symlink: /home/maanavjugalshah/SwarmAero/ros2_ws/install/px4_msgs/include/px4_msgs/px4_msgs/msg/detail/logger_status__rosidl_typesupport_introspection_c.h\n'}
[1.637838] (px4_msgs) StdoutLine: {'line': b'-- Up-to-date symlink: /home/maanavjugalshah/SwarmAero/ros2_ws/install/px4_msgs/include/px4_msgs/px4_msgs/msg/detail/longitudinal_control_configuration__rosidl_typesupport_introspection_c.h\n'}
[1.637870] (px4_msgs) StdoutLine: {'line': b'-- Up-to-date symlink: /home/maanavjugalshah/SwarmAero/ros2_ws/install/px4_msgs/include/px4_msgs/px4_msgs/msg/detail/mag_worker_data__rosidl_typesupport_introspection_c.h\n'}
[1.638069] (px4_msgs) StdoutLine: {'line': b'-- Up-to-date symlink: /home/maanavjugalshah/SwarmAero/ros2_ws/install/px4_msgs/include/px4_msgs/px4_msgs/msg/detail/magnetometer_bias_estimate__rosidl_typesupport_introspection_c.h\n'}
[1.638130] (px4_msgs) StdoutLine: {'line': b'-- Up-to-date symlink: /home/maanavjugalshah/SwarmAero/ros2_ws/install/px4_msgs/include/px4_msgs/px4_msgs/msg/detail/manual_control_setpoint__rosidl_typesupport_introspection_c.h\n'}
[1.638168] (px4_msgs) StdoutLine: {'line': b'-- Up-to-date symlink: /home/maanavjugalshah/SwarmAero/ros2_ws/install/px4_msgs/include/px4_msgs/px4_msgs/msg/detail/manual_control_switches__rosidl_typesupport_introspection_c.h\n'}
[1.638203] (px4_msgs) StdoutLine: {'line': b'-- Up-to-date symlink: /home/maanavjugalshah/SwarmAero/ros2_ws/install/px4_msgs/include/px4_msgs/px4_msgs/msg/detail/mavlink_log__rosidl_typesupport_introspection_c.h\n'}
[1.638237] (px4_msgs) StdoutLine: {'line': b'-- Up-to-date symlink: /home/maanavjugalshah/SwarmAero/ros2_ws/install/px4_msgs/include/px4_msgs/px4_msgs/msg/detail/mavlink_tunnel__rosidl_typesupport_introspection_c.h\n'}
[1.638271] (px4_msgs) StdoutLine: {'line': b'-- Up-to-date symlink: /home/maanavjugalshah/SwarmAero/ros2_ws/install/px4_msgs/include/px4_msgs/px4_msgs/msg/detail/message_format_request__rosidl_typesupport_introspection_c.h\n'}
[1.638313] (px4_msgs) StdoutLine: {'line': b'-- Up-to-date symlink: /home/maanavjugalshah/SwarmAero/ros2_ws/install/px4_msgs/include/px4_msgs/px4_msgs/msg/detail/message_format_response__rosidl_typesupport_introspection_c.h\n'}
[1.638378] (px4_msgs) StdoutLine: {'line': b'-- Up-to-date symlink: /home/maanavjugalshah/SwarmAero/ros2_ws/install/px4_msgs/include/px4_msgs/px4_msgs/msg/detail/mission__rosidl_typesupport_introspection_c.h\n'}
[1.638421] (px4_msgs) StdoutLine: {'line': b'-- Up-to-date symlink: /home/maanavjugalshah/SwarmAero/ros2_ws/install/px4_msgs/include/px4_msgs/px4_msgs/msg/detail/mission_result__rosidl_typesupport_introspection_c.h\n'}
[1.638460] (px4_msgs) StdoutLine: {'line': b'-- Up-to-date symlink: /home/maanavjugalshah/SwarmAero/ros2_ws/install/px4_msgs/include/px4_msgs/px4_msgs/msg/detail/mode_completed__rosidl_typesupport_introspection_c.h\n'}
[1.638553] (px4_msgs) StdoutLine: {'line': b'-- Up-to-date symlink: /home/maanavjugalshah/SwarmAero/ros2_ws/install/px4_msgs/include/px4_msgs/px4_msgs/msg/detail/mount_orientation__rosidl_typesupport_introspection_c.h\n'}
[1.638601] (px4_msgs) StdoutLine: {'line': b'-- Up-to-date symlink: /home/maanavjugalshah/SwarmAero/ros2_ws/install/px4_msgs/include/px4_msgs/px4_msgs/msg/detail/navigator_mission_item__rosidl_typesupport_introspection_c.h\n'}
[1.638638] (px4_msgs) StdoutLine: {'line': b'-- Up-to-date symlink: /home/maanavjugalshah/SwarmAero/ros2_ws/install/px4_msgs/include/px4_msgs/px4_msgs/msg/detail/navigator_status__rosidl_typesupport_introspection_c.h\n'}
[1.638672] (px4_msgs) StdoutLine: {'line': b'-- Up-to-date symlink: /home/maanavjugalshah/SwarmAero/ros2_ws/install/px4_msgs/include/px4_msgs/px4_msgs/msg/detail/neural_control__rosidl_typesupport_introspection_c.h\n'}
[1.638706] (px4_msgs) StdoutLine: {'line': b'-- Up-to-date symlink: /home/maanavjugalshah/SwarmAero/ros2_ws/install/px4_msgs/include/px4_msgs/px4_msgs/msg/detail/normalized_unsigned_setpoint__rosidl_typesupport_introspection_c.h\n'}
[1.638907] (px4_msgs) StdoutLine: {'line': b'-- Up-to-date symlink: /home/maanavjugalshah/SwarmAero/ros2_ws/install/px4_msgs/include/px4_msgs/px4_msgs/msg/detail/obstacle_distance__rosidl_typesupport_introspection_c.h\n'}
[1.638984] (px4_msgs) StdoutLine: {'line': b'-- Up-to-date symlink: /home/maanavjugalshah/SwarmAero/ros2_ws/install/px4_msgs/include/px4_msgs/px4_msgs/msg/detail/offboard_control_mode__rosidl_typesupport_introspection_c.h\n'}
[1.639059] (px4_msgs) StdoutLine: {'line': b'-- Up-to-date symlink: /home/maanavjugalshah/SwarmAero/ros2_ws/install/px4_msgs/include/px4_msgs/px4_msgs/msg/detail/onboard_computer_status__rosidl_typesupport_introspection_c.h\n'}
[1.639130] (px4_msgs) StdoutLine: {'line': b'-- Up-to-date symlink: /home/maanavjugalshah/SwarmAero/ros2_ws/install/px4_msgs/include/px4_msgs/px4_msgs/msg/detail/open_drone_id_arm_status__rosidl_typesupport_introspection_c.h\n'}
[1.639202] (px4_msgs) StdoutLine: {'line': b'-- Up-to-date symlink: /home/maanavjugalshah/SwarmAero/ros2_ws/install/px4_msgs/include/px4_msgs/px4_msgs/msg/detail/open_drone_id_operator_id__rosidl_typesupport_introspection_c.h\n'}
[1.639245] (px4_msgs) StdoutLine: {'line': b'-- Up-to-date symlink: /home/maanavjugalshah/SwarmAero/ros2_ws/install/px4_msgs/include/px4_msgs/px4_msgs/msg/detail/open_drone_id_self_id__rosidl_typesupport_introspection_c.h\n'}
[1.639282] (px4_msgs) StdoutLine: {'line': b'-- Up-to-date symlink: /home/maanavjugalshah/SwarmAero/ros2_ws/install/px4_msgs/include/px4_msgs/px4_msgs/msg/detail/open_drone_id_system__rosidl_typesupport_introspection_c.h\n'}
[1.639318] (px4_msgs) StdoutLine: {'line': b'-- Up-to-date symlink: /home/maanavjugalshah/SwarmAero/ros2_ws/install/px4_msgs/include/px4_msgs/px4_msgs/msg/detail/orb_test__rosidl_typesupport_introspection_c.h\n'}
[1.639354] (px4_msgs) StdoutLine: {'line': b'-- Up-to-date symlink: /home/maanavjugalshah/SwarmAero/ros2_ws/install/px4_msgs/include/px4_msgs/px4_msgs/msg/detail/orb_test_large__rosidl_typesupport_introspection_c.h\n'}
[1.639389] (px4_msgs) StdoutLine: {'line': b'-- Up-to-date symlink: /home/maanavjugalshah/SwarmAero/ros2_ws/install/px4_msgs/include/px4_msgs/px4_msgs/msg/detail/orb_test_medium__rosidl_typesupport_introspection_c.h\n'}
[1.639423] (px4_msgs) StdoutLine: {'line': b'-- Up-to-date symlink: /home/maanavjugalshah/SwarmAero/ros2_ws/install/px4_msgs/include/px4_msgs/px4_msgs/msg/detail/orbit_status__rosidl_typesupport_introspection_c.h\n'}
[1.639457] (px4_msgs) StdoutLine: {'line': b'-- Up-to-date symlink: /home/maanavjugalshah/SwarmAero/ros2_ws/install/px4_msgs/include/px4_msgs/px4_msgs/msg/detail/parameter_reset_request__rosidl_typesupport_introspection_c.h\n'}
[1.639493] (px4_msgs) StdoutLine: {'line': b'-- Up-to-date symlink: /home/maanavjugalshah/SwarmAero/ros2_ws/install/px4_msgs/include/px4_msgs/px4_msgs/msg/detail/parameter_set_used_request__rosidl_typesupport_introspection_c.h\n'}
[1.639526] (px4_msgs) StdoutLine: {'line': b'-- Up-to-date symlink: /home/maanavjugalshah/SwarmAero/ros2_ws/install/px4_msgs/include/px4_msgs/px4_msgs/msg/detail/parameter_set_value_request__rosidl_typesupport_introspection_c.h\n'}
[1.639560] (px4_msgs) StdoutLine: {'line': b'-- Up-to-date symlink: /home/maanavjugalshah/SwarmAero/ros2_ws/install/px4_msgs/include/px4_msgs/px4_msgs/msg/detail/parameter_set_value_response__rosidl_typesupport_introspection_c.h\n'}
[1.639649] (px4_msgs) StdoutLine: {'line': b'-- Up-to-date symlink: /home/maanavjugalshah/SwarmAero/ros2_ws/install/px4_msgs/include/px4_msgs/px4_msgs/msg/detail/parameter_update__rosidl_typesupport_introspection_c.h\n'}
[1.639692] (px4_msgs) StdoutLine: {'line': b'-- Up-to-date symlink: /home/maanavjugalshah/SwarmAero/ros2_ws/install/px4_msgs/include/px4_msgs/px4_msgs/msg/detail/ping__rosidl_typesupport_introspection_c.h\n'}
[1.639727] (px4_msgs) StdoutLine: {'line': b'-- Up-to-date symlink: /home/maanavjugalshah/SwarmAero/ros2_ws/install/px4_msgs/include/px4_msgs/px4_msgs/msg/detail/position_controller_landing_status__rosidl_typesupport_introspection_c.h\n'}
[1.639762] (px4_msgs) StdoutLine: {'line': b'-- Up-to-date symlink: /home/maanavjugalshah/SwarmAero/ros2_ws/install/px4_msgs/include/px4_msgs/px4_msgs/msg/detail/position_controller_status__rosidl_typesupport_introspection_c.h\n'}
[1.639795] (px4_msgs) StdoutLine: {'line': b'-- Up-to-date symlink: /home/maanavjugalshah/SwarmAero/ros2_ws/install/px4_msgs/include/px4_msgs/px4_msgs/msg/detail/position_setpoint__rosidl_typesupport_introspection_c.h\n'}
[1.639828] (px4_msgs) StdoutLine: {'line': b'-- Up-to-date symlink: /home/maanavjugalshah/SwarmAero/ros2_ws/install/px4_msgs/include/px4_msgs/px4_msgs/msg/detail/position_setpoint_triplet__rosidl_typesupport_introspection_c.h\n'}
[1.639862] (px4_msgs) StdoutLine: {'line': b'-- Up-to-date symlink: /home/maanavjugalshah/SwarmAero/ros2_ws/install/px4_msgs/include/px4_msgs/px4_msgs/msg/detail/power_button_state__rosidl_typesupport_introspection_c.h\n'}
[1.639895] (px4_msgs) StdoutLine: {'line': b'-- Up-to-date symlink: /home/maanavjugalshah/SwarmAero/ros2_ws/install/px4_msgs/include/px4_msgs/px4_msgs/msg/detail/power_monitor__rosidl_typesupport_introspection_c.h\n'}
[1.639930] (px4_msgs) StdoutLine: {'line': b'-- Up-to-date symlink: /home/maanavjugalshah/SwarmAero/ros2_ws/install/px4_msgs/include/px4_msgs/px4_msgs/msg/detail/pps_capture__rosidl_typesupport_introspection_c.h\n'}
[1.639997] (px4_msgs) StdoutLine: {'line': b'-- Up-to-date symlink: /home/maanavjugalshah/SwarmAero/ros2_ws/install/px4_msgs/include/px4_msgs/px4_msgs/msg/detail/pure_pursuit_status__rosidl_typesupport_introspection_c.h\n'}
[1.640070] (px4_msgs) StdoutLine: {'line': b'-- Up-to-date symlink: /home/maanavjugalshah/SwarmAero/ros2_ws/install/px4_msgs/include/px4_msgs/px4_msgs/msg/detail/pwm_input__rosidl_typesupport_introspection_c.h\n'}
[1.640114] (px4_msgs) StdoutLine: {'line': b'-- Up-to-date symlink: /home/maanavjugalshah/SwarmAero/ros2_ws/install/px4_msgs/include/px4_msgs/px4_msgs/msg/detail/px4io_status__rosidl_typesupport_introspection_c.h\n'}
[1.640151] (px4_msgs) StdoutLine: {'line': b'-- Up-to-date symlink: /home/maanavjugalshah/SwarmAero/ros2_ws/install/px4_msgs/include/px4_msgs/px4_msgs/msg/detail/qshell_req__rosidl_typesupport_introspection_c.h\n'}
[1.640188] (px4_msgs) StdoutLine: {'line': b'-- Up-to-date symlink: /home/maanavjugalshah/SwarmAero/ros2_ws/install/px4_msgs/include/px4_msgs/px4_msgs/msg/detail/qshell_retval__rosidl_typesupport_introspection_c.h\n'}
[1.640222] (px4_msgs) StdoutLine: {'line': b'-- Up-to-date symlink: /home/maanavjugalshah/SwarmAero/ros2_ws/install/px4_msgs/include/px4_msgs/px4_msgs/msg/detail/radio_status__rosidl_typesupport_introspection_c.h\n'}
[1.640256] (px4_msgs) StdoutLine: {'line': b'-- Up-to-date symlink: /home/maanavjugalshah/SwarmAero/ros2_ws/install/px4_msgs/include/px4_msgs/px4_msgs/msg/detail/ranging_beacon__rosidl_typesupport_introspection_c.h\n'}
[1.640291] (px4_msgs) StdoutLine: {'line': b'-- Up-to-date symlink: /home/maanavjugalshah/SwarmAero/ros2_ws/install/px4_msgs/include/px4_msgs/px4_msgs/msg/detail/raptor_input__rosidl_typesupport_introspection_c.h\n'}
[1.640324] (px4_msgs) StdoutLine: {'line': b'-- Up-to-date symlink: /home/maanavjugalshah/SwarmAero/ros2_ws/install/px4_msgs/include/px4_msgs/px4_msgs/msg/detail/raptor_status__rosidl_typesupport_introspection_c.h\n'}
[1.640381] (px4_msgs) StdoutLine: {'line': b'-- Up-to-date symlink: /home/maanavjugalshah/SwarmAero/ros2_ws/install/px4_msgs/include/px4_msgs/px4_msgs/msg/detail/rate_ctrl_status__rosidl_typesupport_introspection_c.h\n'}
[1.640429] (px4_msgs) StdoutLine: {'line': b'-- Up-to-date symlink: /home/maanavjugalshah/SwarmAero/ros2_ws/install/px4_msgs/include/px4_msgs/px4_msgs/msg/detail/rc_channels__rosidl_typesupport_introspection_c.h\n'}
[1.640467] (px4_msgs) StdoutLine: {'line': b'-- Up-to-date symlink: /home/maanavjugalshah/SwarmAero/ros2_ws/install/px4_msgs/include/px4_msgs/px4_msgs/msg/detail/rc_parameter_map__rosidl_typesupport_introspection_c.h\n'}
[1.640505] (px4_msgs) StdoutLine: {'line': b'-- Up-to-date symlink: /home/maanavjugalshah/SwarmAero/ros2_ws/install/px4_msgs/include/px4_msgs/px4_msgs/msg/detail/register_ext_component_reply__rosidl_typesupport_introspection_c.h\n'}
[1.640541] (px4_msgs) StdoutLine: {'line': b'-- Up-to-date symlink: /home/maanavjugalshah/SwarmAero/ros2_ws/install/px4_msgs/include/px4_msgs/px4_msgs/msg/detail/register_ext_component_request__rosidl_typesupport_introspection_c.h\n'}
[1.640585] (px4_msgs) StdoutLine: {'line': b'-- Up-to-date symlink: /home/maanavjugalshah/SwarmAero/ros2_ws/install/px4_msgs/include/px4_msgs/px4_msgs/msg/detail/rover_attitude_setpoint__rosidl_typesupport_introspection_c.h\n'}
[1.640620] (px4_msgs) StdoutLine: {'line': b'-- Up-to-date symlink: /home/maanavjugalshah/SwarmAero/ros2_ws/install/px4_msgs/include/px4_msgs/px4_msgs/msg/detail/rover_attitude_status__rosidl_typesupport_introspection_c.h\n'}
[1.640654] (px4_msgs) StdoutLine: {'line': b'-- Up-to-date symlink: /home/maanavjugalshah/SwarmAero/ros2_ws/install/px4_msgs/include/px4_msgs/px4_msgs/msg/detail/rover_position_setpoint__rosidl_typesupport_introspection_c.h\n'}
[1.640691] (px4_msgs) StdoutLine: {'line': b'-- Up-to-date symlink: /home/maanavjugalshah/SwarmAero/ros2_ws/install/px4_msgs/include/px4_msgs/px4_msgs/msg/detail/rover_rate_setpoint__rosidl_typesupport_introspection_c.h\n'}
[1.640727] (px4_msgs) StdoutLine: {'line': b'-- Up-to-date symlink: /home/maanavjugalshah/SwarmAero/ros2_ws/install/px4_msgs/include/px4_msgs/px4_msgs/msg/detail/rover_rate_status__rosidl_typesupport_introspection_c.h\n'}
[1.640764] (px4_msgs) StdoutLine: {'line': b'-- Up-to-date symlink: /home/maanavjugalshah/SwarmAero/ros2_ws/install/px4_msgs/include/px4_msgs/px4_msgs/msg/detail/rover_speed_setpoint__rosidl_typesupport_introspection_c.h\n'}
[1.640799] (px4_msgs) StdoutLine: {'line': b'-- Up-to-date symlink: /home/maanavjugalshah/SwarmAero/ros2_ws/install/px4_msgs/include/px4_msgs/px4_msgs/msg/detail/rover_speed_status__rosidl_typesupport_introspection_c.h\n'}
[1.640867] (px4_msgs) StdoutLine: {'line': b'-- Up-to-date symlink: /home/maanavjugalshah/SwarmAero/ros2_ws/install/px4_msgs/include/px4_msgs/px4_msgs/msg/detail/rover_steering_setpoint__rosidl_typesupport_introspection_c.h\n'}
[1.640934] (px4_msgs) StdoutLine: {'line': b'-- Up-to-date symlink: /home/maanavjugalshah/SwarmAero/ros2_ws/install/px4_msgs/include/px4_msgs/px4_msgs/msg/detail/rover_throttle_setpoint__rosidl_typesupport_introspection_c.h\n'}
[1.641022] (px4_msgs) StdoutLine: {'line': b'-- Up-to-date symlink: /home/maanavjugalshah/SwarmAero/ros2_ws/install/px4_msgs/include/px4_msgs/px4_msgs/msg/detail/rpm__rosidl_typesupport_introspection_c.h\n'}
[1.641099] (px4_msgs) StdoutLine: {'line': b'-- Up-to-date symlink: /home/maanavjugalshah/SwarmAero/ros2_ws/install/px4_msgs/include/px4_msgs/px4_msgs/msg/detail/rtl_status__rosidl_typesupport_introspection_c.h\n'}
[1.641180] (px4_msgs) StdoutLine: {'line': b'-- Up-to-date symlink: /home/maanavjugalshah/SwarmAero/ros2_ws/install/px4_msgs/include/px4_msgs/px4_msgs/msg/detail/rtl_time_estimate__rosidl_typesupport_introspection_c.h\n'}
[1.641229] (px4_msgs) StdoutLine: {'line': b'-- Up-to-date symlink: /home/maanavjugalshah/SwarmAero/ros2_ws/install/px4_msgs/include/px4_msgs/px4_msgs/msg/detail/satellite_info__rosidl_typesupport_introspection_c.h\n'}
[1.641295] (px4_msgs) StdoutLine: {'line': b'-- Up-to-date symlink: /home/maanavjugalshah/SwarmAero/ros2_ws/install/px4_msgs/include/px4_msgs/px4_msgs/msg/detail/sensor_accel__rosidl_typesupport_introspection_c.h\n'}
[1.641341] (px4_msgs) StdoutLine: {'line': b'-- Up-to-date symlink: /home/maanavjugalshah/SwarmAero/ros2_ws/install/px4_msgs/include/px4_msgs/px4_msgs/msg/detail/sensor_accel_fifo__rosidl_typesupport_introspection_c.h\n'}
[1.641498] (px4_msgs) StdoutLine: {'line': b'-- Up-to-date symlink: /home/maanavjugalshah/SwarmAero/ros2_ws/install/px4_msgs/include/px4_msgs/px4_msgs/msg/detail/sensor_airflow__rosidl_typesupport_introspection_c.h\n'}
[1.641588] (px4_msgs) StdoutLine: {'line': b'-- Up-to-date symlink: /home/maanavjugalshah/SwarmAero/ros2_ws/install/px4_msgs/include/px4_msgs/px4_msgs/msg/detail/sensor_baro__rosidl_typesupport_introspection_c.h\n'}
[1.641627] (px4_msgs) StdoutLine: {'line': b'-- Up-to-date symlink: /home/maanavjugalshah/SwarmAero/ros2_ws/install/px4_msgs/include/px4_msgs/px4_msgs/msg/detail/sensor_combined__rosidl_typesupport_introspection_c.h\n'}
[1.641663] (px4_msgs) StdoutLine: {'line': b'-- Up-to-date symlink: /home/maanavjugalshah/SwarmAero/ros2_ws/install/px4_msgs/include/px4_msgs/px4_msgs/msg/detail/sensor_correction__rosidl_typesupport_introspection_c.h\n'}
[1.641699] (px4_msgs) StdoutLine: {'line': b'-- Up-to-date symlink: /home/maanavjugalshah/SwarmAero/ros2_ws/install/px4_msgs/include/px4_msgs/px4_msgs/msg/detail/sensor_gnss_relative__rosidl_typesupport_introspection_c.h\n'}
[1.641736] (px4_msgs) StdoutLine: {'line': b'-- Up-to-date symlink: /home/maanavjugalshah/SwarmAero/ros2_ws/install/px4_msgs/include/px4_msgs/px4_msgs/msg/detail/sensor_gnss_status__rosidl_typesupport_introspection_c.h\n'}
[1.641805] (px4_msgs) StdoutLine: {'line': b'-- Up-to-date symlink: /home/maanavjugalshah/SwarmAero/ros2_ws/install/px4_msgs/include/px4_msgs/px4_msgs/msg/detail/sensor_gps__rosidl_typesupport_introspection_c.h\n'}
[1.641844] (px4_msgs) StdoutLine: {'line': b'-- Up-to-date symlink: /home/maanavjugalshah/SwarmAero/ros2_ws/install/px4_msgs/include/px4_msgs/px4_msgs/msg/detail/sensor_gyro__rosidl_typesupport_introspection_c.h\n'}
[1.641893] (px4_msgs) StdoutLine: {'line': b'-- Up-to-date symlink: /home/maanavjugalshah/SwarmAero/ros2_ws/install/px4_msgs/include/px4_msgs/px4_msgs/msg/detail/sensor_gyro_fft__rosidl_typesupport_introspection_c.h\n'}
[1.641961] (px4_msgs) StdoutLine: {'line': b'-- Up-to-date symlink: /home/maanavjugalshah/SwarmAero/ros2_ws/install/px4_msgs/include/px4_msgs/px4_msgs/msg/detail/sensor_gyro_fifo__rosidl_typesupport_introspection_c.h\n'}
[1.642074] (px4_msgs) StdoutLine: {'line': b'-- Up-to-date symlink: /home/maanavjugalshah/SwarmAero/ros2_ws/install/px4_msgs/include/px4_msgs/px4_msgs/msg/detail/sensor_hygrometer__rosidl_typesupport_introspection_c.h\n'}
[1.642151] (px4_msgs) StdoutLine: {'line': b'-- Up-to-date symlink: /home/maanavjugalshah/SwarmAero/ros2_ws/install/px4_msgs/include/px4_msgs/px4_msgs/msg/detail/sensor_mag__rosidl_typesupport_introspection_c.h\n'}
[1.642191] (px4_msgs) StdoutLine: {'line': b'-- Up-to-date symlink: /home/maanavjugalshah/SwarmAero/ros2_ws/install/px4_msgs/include/px4_msgs/px4_msgs/msg/detail/sensor_optical_flow__rosidl_typesupport_introspection_c.h\n'}
[1.642227] (px4_msgs) StdoutLine: {'line': b'-- Up-to-date symlink: /home/maanavjugalshah/SwarmAero/ros2_ws/install/px4_msgs/include/px4_msgs/px4_msgs/msg/detail/sensor_preflight_mag__rosidl_typesupport_introspection_c.h\n'}
[1.642262] (px4_msgs) StdoutLine: {'line': b'-- Up-to-date symlink: /home/maanavjugalshah/SwarmAero/ros2_ws/install/px4_msgs/include/px4_msgs/px4_msgs/msg/detail/sensor_selection__rosidl_typesupport_introspection_c.h\n'}
[1.642332] (px4_msgs) StdoutLine: {'line': b'-- Up-to-date symlink: /home/maanavjugalshah/SwarmAero/ros2_ws/install/px4_msgs/include/px4_msgs/px4_msgs/msg/detail/sensor_temp__rosidl_typesupport_introspection_c.h\n'}
[1.642401] (px4_msgs) StdoutLine: {'line': b'-- Up-to-date symlink: /home/maanavjugalshah/SwarmAero/ros2_ws/install/px4_msgs/include/px4_msgs/px4_msgs/msg/detail/sensor_uwb__rosidl_typesupport_introspection_c.h\n'}
[1.642447] (px4_msgs) StdoutLine: {'line': b'-- Up-to-date symlink: /home/maanavjugalshah/SwarmAero/ros2_ws/install/px4_msgs/include/px4_msgs/px4_msgs/msg/detail/sensors_status__rosidl_typesupport_introspection_c.h\n'}
[1.642484] (px4_msgs) StdoutLine: {'line': b'-- Up-to-date symlink: /home/maanavjugalshah/SwarmAero/ros2_ws/install/px4_msgs/include/px4_msgs/px4_msgs/msg/detail/sensors_status_imu__rosidl_typesupport_introspection_c.h\n'}
[1.642520] (px4_msgs) StdoutLine: {'line': b'-- Up-to-date symlink: /home/maanavjugalshah/SwarmAero/ros2_ws/install/px4_msgs/include/px4_msgs/px4_msgs/msg/detail/system_power__rosidl_typesupport_introspection_c.h\n'}
[1.642555] (px4_msgs) StdoutLine: {'line': b'-- Up-to-date symlink: /home/maanavjugalshah/SwarmAero/ros2_ws/install/px4_msgs/include/px4_msgs/px4_msgs/msg/detail/takeoff_status__rosidl_typesupport_introspection_c.h\n'}
[1.642589] (px4_msgs) StdoutLine: {'line': b'-- Up-to-date symlink: /home/maanavjugalshah/SwarmAero/ros2_ws/install/px4_msgs/include/px4_msgs/px4_msgs/msg/detail/task_stack_info__rosidl_typesupport_introspection_c.h\n'}
[1.642621] (px4_msgs) StdoutLine: {'line': b'-- Up-to-date symlink: /home/maanavjugalshah/SwarmAero/ros2_ws/install/px4_msgs/include/px4_msgs/px4_msgs/msg/detail/tecs_status__rosidl_typesupport_introspection_c.h\n'}
[1.642686] (px4_msgs) StdoutLine: {'line': b'-- Up-to-date symlink: /home/maanavjugalshah/SwarmAero/ros2_ws/install/px4_msgs/include/px4_msgs/px4_msgs/msg/detail/telemetry_status__rosidl_typesupport_introspection_c.h\n'}
[1.642838] (px4_msgs) StdoutLine: {'line': b'-- Up-to-date symlink: /home/maanavjugalshah/SwarmAero/ros2_ws/install/px4_msgs/include/px4_msgs/px4_msgs/msg/detail/tiltrotor_extra_controls__rosidl_typesupport_introspection_c.h\n'}
[1.642954] (px4_msgs) StdoutLine: {'line': b'-- Up-to-date symlink: /home/maanavjugalshah/SwarmAero/ros2_ws/install/px4_msgs/include/px4_msgs/px4_msgs/msg/detail/timesync_status__rosidl_typesupport_introspection_c.h\n'}
[1.643054] (px4_msgs) StdoutLine: {'line': b'-- Up-to-date symlink: /home/maanavjugalshah/SwarmAero/ros2_ws/install/px4_msgs/include/px4_msgs/px4_msgs/msg/detail/trajectory_setpoint6dof__rosidl_typesupport_introspection_c.h\n'}
[1.643304] (px4_msgs) StdoutLine: {'line': b'-- Up-to-date symlink: /home/maanavjugalshah/SwarmAero/ros2_ws/install/px4_msgs/include/px4_msgs/px4_msgs/msg/detail/trajectory_setpoint__rosidl_typesupport_introspection_c.h\n'}
[1.643382] (px4_msgs) StdoutLine: {'line': b'-- Up-to-date symlink: /home/maanavjugalshah/SwarmAero/ros2_ws/install/px4_msgs/include/px4_msgs/px4_msgs/msg/detail/transponder_report__rosidl_typesupport_introspection_c.h\n'}
[1.643524] (px4_msgs) StdoutLine: {'line': b'-- Up-to-date symlink: /home/maanavjugalshah/SwarmAero/ros2_ws/install/px4_msgs/include/px4_msgs/px4_msgs/msg/detail/tune_control__rosidl_typesupport_introspection_c.h\n'}
[1.643702] (px4_msgs) StdoutLine: {'line': b'-- Up-to-date symlink: /home/maanavjugalshah/SwarmAero/ros2_ws/install/px4_msgs/include/px4_msgs/px4_msgs/msg/detail/uavcan_parameter_request__rosidl_typesupport_introspection_c.h\n'}
[1.643915] (px4_msgs) StdoutLine: {'line': b'-- Up-to-date symlink: /home/maanavjugalshah/SwarmAero/ros2_ws/install/px4_msgs/include/px4_msgs/px4_msgs/msg/detail/uavcan_parameter_value__rosidl_typesupport_introspection_c.h\n'}
[1.644206] (px4_msgs) StdoutLine: {'line': b'-- Up-to-date symlink: /home/maanavjugalshah/SwarmAero/ros2_ws/install/px4_msgs/include/px4_msgs/px4_msgs/msg/detail/ulog_stream__rosidl_typesupport_introspection_c.h\n'}
[1.644270] (px4_msgs) StdoutLine: {'line': b'-- Up-to-date symlink: /home/maanavjugalshah/SwarmAero/ros2_ws/install/px4_msgs/include/px4_msgs/px4_msgs/msg/detail/ulog_stream_ack__rosidl_typesupport_introspection_c.h\n'}
[1.644404] (px4_msgs) StdoutLine: {'line': b'-- Up-to-date symlink: /home/maanavjugalshah/SwarmAero/ros2_ws/install/px4_msgs/include/px4_msgs/px4_msgs/msg/detail/unregister_ext_component__rosidl_typesupport_introspection_c.h\n'}
[1.644522] (px4_msgs) StdoutLine: {'line': b'-- Up-to-date symlink: /home/maanavjugalshah/SwarmAero/ros2_ws/install/px4_msgs/include/px4_msgs/px4_msgs/msg/detail/vehicle_acceleration__rosidl_typesupport_introspection_c.h\n'}
[1.644953] (px4_msgs) StdoutLine: {'line': b'-- Up-to-date symlink: /home/maanavjugalshah/SwarmAero/ros2_ws/install/px4_msgs/include/px4_msgs/px4_msgs/msg/detail/vehicle_air_data__rosidl_typesupport_introspection_c.h\n'}
[1.645100] (px4_msgs) StdoutLine: {'line': b'-- Up-to-date symlink: /home/maanavjugalshah/SwarmAero/ros2_ws/install/px4_msgs/include/px4_msgs/px4_msgs/msg/detail/vehicle_angular_acceleration_setpoint__rosidl_typesupport_introspection_c.h\n'}
[1.645215] (px4_msgs) StdoutLine: {'line': b'-- Up-to-date symlink: /home/maanavjugalshah/SwarmAero/ros2_ws/install/px4_msgs/include/px4_msgs/px4_msgs/msg/detail/vehicle_angular_velocity__rosidl_typesupport_introspection_c.h\n'}
[1.645331] (px4_msgs) StdoutLine: {'line': b'-- Up-to-date symlink: /home/maanavjugalshah/SwarmAero/ros2_ws/install/px4_msgs/include/px4_msgs/px4_msgs/msg/detail/vehicle_attitude__rosidl_typesupport_introspection_c.h\n'}
[1.645510] (px4_msgs) StdoutLine: {'line': b'-- Up-to-date symlink: /home/maanavjugalshah/SwarmAero/ros2_ws/install/px4_msgs/include/px4_msgs/px4_msgs/msg/detail/vehicle_attitude_setpoint__rosidl_typesupport_introspection_c.h\n'}
[1.645607] (px4_msgs) StdoutLine: {'line': b'-- Up-to-date symlink: /home/maanavjugalshah/SwarmAero/ros2_ws/install/px4_msgs/include/px4_msgs/px4_msgs/msg/detail/vehicle_command__rosidl_typesupport_introspection_c.h\n'}
[1.645676] (px4_msgs) StdoutLine: {'line': b'-- Up-to-date symlink: /home/maanavjugalshah/SwarmAero/ros2_ws/install/px4_msgs/include/px4_msgs/px4_msgs/msg/detail/vehicle_command_ack__rosidl_typesupport_introspection_c.h\n'}
[1.645890] (px4_msgs) StdoutLine: {'line': b'-- Up-to-date symlink: /home/maanavjugalshah/SwarmAero/ros2_ws/install/px4_msgs/include/px4_msgs/px4_msgs/msg/detail/vehicle_constraints__rosidl_typesupport_introspection_c.h\n'}
[1.646202] (px4_msgs) StdoutLine: {'line': b'-- Up-to-date symlink: /home/maanavjugalshah/SwarmAero/ros2_ws/install/px4_msgs/include/px4_msgs/px4_msgs/msg/detail/vehicle_control_mode__rosidl_typesupport_introspection_c.h\n'}
[1.646407] (px4_msgs) StdoutLine: {'line': b'-- Up-to-date symlink: /home/maanavjugalshah/SwarmAero/ros2_ws/install/px4_msgs/include/px4_msgs/px4_msgs/msg/detail/vehicle_global_position__rosidl_typesupport_introspection_c.h\n'}
[1.646519] (px4_msgs) StdoutLine: {'line': b'-- Up-to-date symlink: /home/maanavjugalshah/SwarmAero/ros2_ws/install/px4_msgs/include/px4_msgs/px4_msgs/msg/detail/vehicle_imu__rosidl_typesupport_introspection_c.h\n'}
[1.646593] (px4_msgs) StdoutLine: {'line': b'-- Up-to-date symlink: /home/maanavjugalshah/SwarmAero/ros2_ws/install/px4_msgs/include/px4_msgs/px4_msgs/msg/detail/vehicle_imu_status__rosidl_typesupport_introspection_c.h\n'}
[1.646826] (px4_msgs) StdoutLine: {'line': b'-- Up-to-date symlink: /home/maanavjugalshah/SwarmAero/ros2_ws/install/px4_msgs/include/px4_msgs/px4_msgs/msg/detail/vehicle_land_detected__rosidl_typesupport_introspection_c.h\n'}
[1.646901] (px4_msgs) StdoutLine: {'line': b'-- Up-to-date symlink: /home/maanavjugalshah/SwarmAero/ros2_ws/install/px4_msgs/include/px4_msgs/px4_msgs/msg/detail/vehicle_local_position__rosidl_typesupport_introspection_c.h\n'}
[1.647247] (px4_msgs) StdoutLine: {'line': b'-- Up-to-date symlink: /home/maanavjugalshah/SwarmAero/ros2_ws/install/px4_msgs/include/px4_msgs/px4_msgs/msg/detail/vehicle_local_position_setpoint__rosidl_typesupport_introspection_c.h\n'}
[1.647483] (px4_msgs) StdoutLine: {'line': b'-- Up-to-date symlink: /home/maanavjugalshah/SwarmAero/ros2_ws/install/px4_msgs/include/px4_msgs/px4_msgs/msg/detail/vehicle_magnetometer__rosidl_typesupport_introspection_c.h\n'}
[1.647644] (px4_msgs) StdoutLine: {'line': b'-- Up-to-date symlink: /home/maanavjugalshah/SwarmAero/ros2_ws/install/px4_msgs/include/px4_msgs/px4_msgs/msg/detail/vehicle_odometry__rosidl_typesupport_introspection_c.h\n'}
[1.647740] (px4_msgs) StdoutLine: {'line': b'-- Up-to-date symlink: /home/maanavjugalshah/SwarmAero/ros2_ws/install/px4_msgs/include/px4_msgs/px4_msgs/msg/detail/vehicle_optical_flow__rosidl_typesupport_introspection_c.h\n'}
[1.647856] (px4_msgs) StdoutLine: {'line': b'-- Up-to-date symlink: /home/maanavjugalshah/SwarmAero/ros2_ws/install/px4_msgs/include/px4_msgs/px4_msgs/msg/detail/vehicle_optical_flow_vel__rosidl_typesupport_introspection_c.h\n'}
[1.647971] (px4_msgs) StdoutLine: {'line': b'-- Up-to-date symlink: /home/maanavjugalshah/SwarmAero/ros2_ws/install/px4_msgs/include/px4_msgs/px4_msgs/msg/detail/vehicle_rates_setpoint__rosidl_typesupport_introspection_c.h\n'}
[1.648134] (px4_msgs) StdoutLine: {'line': b'-- Up-to-date symlink: /home/maanavjugalshah/SwarmAero/ros2_ws/install/px4_msgs/include/px4_msgs/px4_msgs/msg/detail/vehicle_roi__rosidl_typesupport_introspection_c.h\n'}
[1.648190] (px4_msgs) StdoutLine: {'line': b'-- Up-to-date symlink: /home/maanavjugalshah/SwarmAero/ros2_ws/install/px4_msgs/include/px4_msgs/px4_msgs/msg/detail/vehicle_status__rosidl_typesupport_introspection_c.h\n'}
[1.648271] (px4_msgs) StdoutLine: {'line': b'-- Up-to-date symlink: /home/maanavjugalshah/SwarmAero/ros2_ws/install/px4_msgs/include/px4_msgs/px4_msgs/msg/detail/vehicle_thrust_setpoint__rosidl_typesupport_introspection_c.h\n'}
[1.648391] (px4_msgs) StdoutLine: {'line': b'-- Up-to-date symlink: /home/maanavjugalshah/SwarmAero/ros2_ws/install/px4_msgs/include/px4_msgs/px4_msgs/msg/detail/vehicle_torque_setpoint__rosidl_typesupport_introspection_c.h\n'}
[1.648429] (px4_msgs) StdoutLine: {'line': b'-- Up-to-date symlink: /home/maanavjugalshah/SwarmAero/ros2_ws/install/px4_msgs/include/px4_msgs/px4_msgs/msg/detail/velocity_limits__rosidl_typesupport_introspection_c.h\n'}
[1.648468] (px4_msgs) StdoutLine: {'line': b'-- Up-to-date symlink: /home/maanavjugalshah/SwarmAero/ros2_ws/install/px4_msgs/include/px4_msgs/px4_msgs/msg/detail/vtol_vehicle_status__rosidl_typesupport_introspection_c.h\n'}
[1.648530] (px4_msgs) StdoutLine: {'line': b'-- Up-to-date symlink: /home/maanavjugalshah/SwarmAero/ros2_ws/install/px4_msgs/include/px4_msgs/px4_msgs/msg/detail/vtx__rosidl_typesupport_introspection_c.h\n'}
[1.648662] (px4_msgs) StdoutLine: {'line': b'-- Up-to-date symlink: /home/maanavjugalshah/SwarmAero/ros2_ws/install/px4_msgs/include/px4_msgs/px4_msgs/msg/detail/wheel_encoders__rosidl_typesupport_introspection_c.h\n'}
[1.648734] (px4_msgs) StdoutLine: {'line': b'-- Up-to-date symlink: /home/maanavjugalshah/SwarmAero/ros2_ws/install/px4_msgs/include/px4_msgs/px4_msgs/msg/detail/wind__rosidl_typesupport_introspection_c.h\n'}
[1.648888] (px4_msgs) StdoutLine: {'line': b'-- Up-to-date symlink: /home/maanavjugalshah/SwarmAero/ros2_ws/install/px4_msgs/include/px4_msgs/px4_msgs/msg/detail/yaw_estimator_status__rosidl_typesupport_introspection_c.h\n'}
[1.648932] (px4_msgs) StdoutLine: {'line': b'-- Up-to-date symlink: /home/maanavjugalshah/SwarmAero/ros2_ws/install/px4_msgs/include/px4_msgs/px4_msgs/msg/rosidl_typesupport_introspection_c__visibility_control.h\n'}
[1.648969] (px4_msgs) StdoutLine: {'line': b'-- Up-to-date symlink: /home/maanavjugalshah/SwarmAero/ros2_ws/install/px4_msgs/include/px4_msgs/px4_msgs/srv/detail/vehicle_command__rosidl_typesupport_introspection_c.h\n'}
[1.649118] (px4_msgs) StdoutLine: {'line': b'-- Up-to-date symlink: /home/maanavjugalshah/SwarmAero/ros2_ws/install/px4_msgs/include/px4_msgs/px4_msgs/msg/detail/action_request__rosidl_typesupport_introspection_cpp.hpp\n'}
[1.649342] (px4_msgs) StdoutLine: {'line': b'-- Up-to-date symlink: /home/maanavjugalshah/SwarmAero/ros2_ws/install/px4_msgs/include/px4_msgs/px4_msgs/msg/detail/actuator_armed__rosidl_typesupport_introspection_cpp.hpp\n'}
[1.649414] (px4_msgs) StdoutLine: {'line': b'-- Up-to-date symlink: /home/maanavjugalshah/SwarmAero/ros2_ws/install/px4_msgs/include/px4_msgs/px4_msgs/msg/detail/actuator_controls_status__rosidl_typesupport_introspection_cpp.hpp\n'}
[1.649508] (px4_msgs) StdoutLine: {'line': b'-- Up-to-date symlink: /home/maanavjugalshah/SwarmAero/ros2_ws/install/px4_msgs/include/px4_msgs/px4_msgs/msg/detail/actuator_motors__rosidl_typesupport_introspection_cpp.hpp\n'}
[1.649610] (px4_msgs) StdoutLine: {'line': b'-- Up-to-date symlink: /home/maanavjugalshah/SwarmAero/ros2_ws/install/px4_msgs/include/px4_msgs/px4_msgs/msg/detail/actuator_outputs__rosidl_typesupport_introspection_cpp.hpp\n'}
[1.650005] (px4_msgs) StdoutLine: {'line': b'-- Up-to-date symlink: /home/maanavjugalshah/SwarmAero/ros2_ws/install/px4_msgs/include/px4_msgs/px4_msgs/msg/detail/actuator_servos__rosidl_typesupport_introspection_cpp.hpp\n'}
[1.650188] (px4_msgs) StdoutLine: {'line': b'-- Up-to-date symlink: /home/maanavjugalshah/SwarmAero/ros2_ws/install/px4_msgs/include/px4_msgs/px4_msgs/msg/detail/actuator_servos_trim__rosidl_typesupport_introspection_cpp.hpp\n'}
[1.650238] (px4_msgs) StdoutLine: {'line': b'-- Up-to-date symlink: /home/maanavjugalshah/SwarmAero/ros2_ws/install/px4_msgs/include/px4_msgs/px4_msgs/msg/detail/actuator_test__rosidl_typesupport_introspection_cpp.hpp\n'}
[1.650275] (px4_msgs) StdoutLine: {'line': b'-- Up-to-date symlink: /home/maanavjugalshah/SwarmAero/ros2_ws/install/px4_msgs/include/px4_msgs/px4_msgs/msg/detail/adc_report__rosidl_typesupport_introspection_cpp.hpp\n'}
[1.650427] (px4_msgs) StdoutLine: {'line': b'-- Up-to-date symlink: /home/maanavjugalshah/SwarmAero/ros2_ws/install/px4_msgs/include/px4_msgs/px4_msgs/msg/detail/airspeed__rosidl_typesupport_introspection_cpp.hpp\n'}
[1.650470] (px4_msgs) StdoutLine: {'line': b'-- Up-to-date symlink: /home/maanavjugalshah/SwarmAero/ros2_ws/install/px4_msgs/include/px4_msgs/px4_msgs/msg/detail/airspeed_validated__rosidl_typesupport_introspection_cpp.hpp\n'}
[1.650662] (px4_msgs) StdoutLine: {'line': b'-- Up-to-date symlink: /home/maanavjugalshah/SwarmAero/ros2_ws/install/px4_msgs/include/px4_msgs/px4_msgs/msg/detail/airspeed_wind__rosidl_typesupport_introspection_cpp.hpp\n'}
[1.650726] (px4_msgs) StdoutLine: {'line': b'-- Up-to-date symlink: /home/maanavjugalshah/SwarmAero/ros2_ws/install/px4_msgs/include/px4_msgs/px4_msgs/msg/detail/arming_check_reply__rosidl_typesupport_introspection_cpp.hpp\n'}
[1.650763] (px4_msgs) StdoutLine: {'line': b'-- Up-to-date symlink: /home/maanavjugalshah/SwarmAero/ros2_ws/install/px4_msgs/include/px4_msgs/px4_msgs/msg/detail/arming_check_request__rosidl_typesupport_introspection_cpp.hpp\n'}
[1.650798] (px4_msgs) StdoutLine: {'line': b'-- Up-to-date symlink: /home/maanavjugalshah/SwarmAero/ros2_ws/install/px4_msgs/include/px4_msgs/px4_msgs/msg/detail/autotune_attitude_control_status__rosidl_typesupport_introspection_cpp.hpp\n'}
[1.650860] (px4_msgs) StdoutLine: {'line': b'-- Up-to-date symlink: /home/maanavjugalshah/SwarmAero/ros2_ws/install/px4_msgs/include/px4_msgs/px4_msgs/msg/detail/aux_global_position__rosidl_typesupport_introspection_cpp.hpp\n'}
[1.651097] (px4_msgs) StdoutLine: {'line': b'-- Up-to-date symlink: /home/maanavjugalshah/SwarmAero/ros2_ws/install/px4_msgs/include/px4_msgs/px4_msgs/msg/detail/battery_info__rosidl_typesupport_introspection_cpp.hpp\n'}
[1.651295] (px4_msgs) StdoutLine: {'line': b'-- Up-to-date symlink: /home/maanavjugalshah/SwarmAero/ros2_ws/install/px4_msgs/include/px4_msgs/px4_msgs/msg/detail/battery_status__rosidl_typesupport_introspection_cpp.hpp\n'}
[1.651441] (px4_msgs) StdoutLine: {'line': b'-- Up-to-date symlink: /home/maanavjugalshah/SwarmAero/ros2_ws/install/px4_msgs/include/px4_msgs/px4_msgs/msg/detail/button_event__rosidl_typesupport_introspection_cpp.hpp\n'}
[1.651866] (px4_msgs) StdoutLine: {'line': b'-- Up-to-date symlink: /home/maanavjugalshah/SwarmAero/ros2_ws/install/px4_msgs/include/px4_msgs/px4_msgs/msg/detail/camera_capture__rosidl_typesupport_introspection_cpp.hpp\n'}
[1.651942] (px4_msgs) StdoutLine: {'line': b'-- Up-to-date symlink: /home/maanavjugalshah/SwarmAero/ros2_ws/install/px4_msgs/include/px4_msgs/px4_msgs/msg/detail/camera_status__rosidl_typesupport_introspection_cpp.hpp\n'}
[1.652067] (px4_msgs) StdoutLine: {'line': b'-- Up-to-date symlink: /home/maanavjugalshah/SwarmAero/ros2_ws/install/px4_msgs/include/px4_msgs/px4_msgs/msg/detail/camera_trigger__rosidl_typesupport_introspection_cpp.hpp\n'}
[1.652221] (px4_msgs) StdoutLine: {'line': b'-- Up-to-date symlink: /home/maanavjugalshah/SwarmAero/ros2_ws/install/px4_msgs/include/px4_msgs/px4_msgs/msg/detail/can_interface_status__rosidl_typesupport_introspection_cpp.hpp\n'}
[1.652350] (px4_msgs) StdoutLine: {'line': b'-- Up-to-date symlink: /home/maanavjugalshah/SwarmAero/ros2_ws/install/px4_msgs/include/px4_msgs/px4_msgs/msg/detail/cellular_status__rosidl_typesupport_introspection_cpp.hpp\n'}
[1.652392] (px4_msgs) StdoutLine: {'line': b'-- Up-to-date symlink: /home/maanavjugalshah/SwarmAero/ros2_ws/install/px4_msgs/include/px4_msgs/px4_msgs/msg/detail/collision_constraints__rosidl_typesupport_introspection_cpp.hpp\n'}
[1.652428] (px4_msgs) StdoutLine: {'line': b'-- Up-to-date symlink: /home/maanavjugalshah/SwarmAero/ros2_ws/install/px4_msgs/include/px4_msgs/px4_msgs/msg/detail/config_overrides__rosidl_typesupport_introspection_cpp.hpp\n'}
[1.652702] (px4_msgs) StdoutLine: {'line': b'-- Up-to-date symlink: /home/maanavjugalshah/SwarmAero/ros2_ws/install/px4_msgs/include/px4_msgs/px4_msgs/msg/detail/control_allocator_status__rosidl_typesupport_introspection_cpp.hpp\n'}
[1.652885] (px4_msgs) StdoutLine: {'line': b'-- Up-to-date symlink: /home/maanavjugalshah/SwarmAero/ros2_ws/install/px4_msgs/include/px4_msgs/px4_msgs/msg/detail/cpuload__rosidl_typesupport_introspection_cpp.hpp\n'}
[1.653004] (px4_msgs) StdoutLine: {'line': b'-- Up-to-date symlink: /home/maanavjugalshah/SwarmAero/ros2_ws/install/px4_msgs/include/px4_msgs/px4_msgs/msg/detail/dataman_request__rosidl_typesupport_introspection_cpp.hpp\n'}
[1.653105] (px4_msgs) StdoutLine: {'line': b'-- Up-to-date symlink: /home/maanavjugalshah/SwarmAero/ros2_ws/install/px4_msgs/include/px4_msgs/px4_msgs/msg/detail/dataman_response__rosidl_typesupport_introspection_cpp.hpp\n'}
[1.653293] (px4_msgs) StdoutLine: {'line': b'-- Up-to-date symlink: /home/maanavjugalshah/SwarmAero/ros2_ws/install/px4_msgs/include/px4_msgs/px4_msgs/msg/detail/debug_array__rosidl_typesupport_introspection_cpp.hpp\n'}
[1.653340] (px4_msgs) StdoutLine: {'line': b'-- Up-to-date symlink: /home/maanavjugalshah/SwarmAero/ros2_ws/install/px4_msgs/include/px4_msgs/px4_msgs/msg/detail/debug_key_value__rosidl_typesupport_introspection_cpp.hpp\n'}
[1.653481] (px4_msgs) StdoutLine: {'line': b'-- Up-to-date symlink: /home/maanavjugalshah/SwarmAero/ros2_ws/install/px4_msgs/include/px4_msgs/px4_msgs/msg/detail/debug_value__rosidl_typesupport_introspection_cpp.hpp\n'}
[1.653632] (px4_msgs) StdoutLine: {'line': b'-- Up-to-date symlink: /home/maanavjugalshah/SwarmAero/ros2_ws/install/px4_msgs/include/px4_msgs/px4_msgs/msg/detail/debug_vect__rosidl_typesupport_introspection_cpp.hpp\n'}
[1.653673] (px4_msgs) StdoutLine: {'line': b'-- Up-to-date symlink: /home/maanavjugalshah/SwarmAero/ros2_ws/install/px4_msgs/include/px4_msgs/px4_msgs/msg/detail/device_information__rosidl_typesupport_introspection_cpp.hpp\n'}
[1.653926] (px4_msgs) StdoutLine: {'line': b'-- Up-to-date symlink: /home/maanavjugalshah/SwarmAero/ros2_ws/install/px4_msgs/include/px4_msgs/px4_msgs/msg/detail/differential_pressure__rosidl_typesupport_introspection_cpp.hpp\n'}
[1.654242] (px4_msgs) StdoutLine: {'line': b'-- Up-to-date symlink: /home/maanavjugalshah/SwarmAero/ros2_ws/install/px4_msgs/include/px4_msgs/px4_msgs/msg/detail/distance_sensor__rosidl_typesupport_introspection_cpp.hpp\n'}
[1.654452] (px4_msgs) StdoutLine: {'line': b'-- Up-to-date symlink: /home/maanavjugalshah/SwarmAero/ros2_ws/install/px4_msgs/include/px4_msgs/px4_msgs/msg/detail/distance_sensor_mode_change_request__rosidl_typesupport_introspection_cpp.hpp\n'}
[1.654915] (px4_msgs) StdoutLine: {'line': b'-- Up-to-date symlink: /home/maanavjugalshah/SwarmAero/ros2_ws/install/px4_msgs/include/px4_msgs/px4_msgs/msg/detail/dronecan_node_status__rosidl_typesupport_introspection_cpp.hpp\n'}
[1.654999] (px4_msgs) StdoutLine: {'line': b'-- Up-to-date symlink: /home/maanavjugalshah/SwarmAero/ros2_ws/install/px4_msgs/include/px4_msgs/px4_msgs/msg/detail/ekf2_timestamps__rosidl_typesupport_introspection_cpp.hpp\n'}
[1.655085] (px4_msgs) StdoutLine: {'line': b'-- Up-to-date symlink: /home/maanavjugalshah/SwarmAero/ros2_ws/install/px4_msgs/include/px4_msgs/px4_msgs/msg/detail/esc_eeprom_read__rosidl_typesupport_introspection_cpp.hpp\n'}
[1.655172] (px4_msgs) StdoutLine: {'line': b'-- Up-to-date symlink: /home/maanavjugalshah/SwarmAero/ros2_ws/install/px4_msgs/include/px4_msgs/px4_msgs/msg/detail/esc_eeprom_write__rosidl_typesupport_introspection_cpp.hpp\n'}
[1.655615] (px4_msgs) StdoutLine: {'line': b'-- Up-to-date symlink: /home/maanavjugalshah/SwarmAero/ros2_ws/install/px4_msgs/include/px4_msgs/px4_msgs/msg/detail/esc_report__rosidl_typesupport_introspection_cpp.hpp\n'}
[1.655811] (px4_msgs) StdoutLine: {'line': b'-- Up-to-date symlink: /home/maanavjugalshah/SwarmAero/ros2_ws/install/px4_msgs/include/px4_msgs/px4_msgs/msg/detail/esc_status__rosidl_typesupport_introspection_cpp.hpp\n'}
[1.656034] (px4_msgs) StdoutLine: {'line': b'-- Up-to-date symlink: /home/maanavjugalshah/SwarmAero/ros2_ws/install/px4_msgs/include/px4_msgs/px4_msgs/msg/detail/estimator_aid_source1d__rosidl_typesupport_introspection_cpp.hpp\n'}
[1.656238] (px4_msgs) StdoutLine: {'line': b'-- Up-to-date symlink: /home/maanavjugalshah/SwarmAero/ros2_ws/install/px4_msgs/include/px4_msgs/px4_msgs/msg/detail/estimator_aid_source2d__rosidl_typesupport_introspection_cpp.hpp\n'}
[1.656378] (px4_msgs) StdoutLine: {'line': b'-- Up-to-date symlink: /home/maanavjugalshah/SwarmAero/ros2_ws/install/px4_msgs/include/px4_msgs/px4_msgs/msg/detail/estimator_aid_source3d__rosidl_typesupport_introspection_cpp.hpp\n'}
[1.656422] (px4_msgs) StdoutLine: {'line': b'-- Up-to-date symlink: /home/maanavjugalshah/SwarmAero/ros2_ws/install/px4_msgs/include/px4_msgs/px4_msgs/msg/detail/estimator_bias3d__rosidl_typesupport_introspection_cpp.hpp\n'}
[1.656506] (px4_msgs) StdoutLine: {'line': b'-- Up-to-date symlink: /home/maanavjugalshah/SwarmAero/ros2_ws/install/px4_msgs/include/px4_msgs/px4_msgs/msg/detail/estimator_bias__rosidl_typesupport_introspection_cpp.hpp\n'}
[1.656605] (px4_msgs) StdoutLine: {'line': b'-- Up-to-date symlink: /home/maanavjugalshah/SwarmAero/ros2_ws/install/px4_msgs/include/px4_msgs/px4_msgs/msg/detail/estimator_event_flags__rosidl_typesupport_introspection_cpp.hpp\n'}
[1.656803] (px4_msgs) StdoutLine: {'line': b'-- Up-to-date symlink: /home/maanavjugalshah/SwarmAero/ros2_ws/install/px4_msgs/include/px4_msgs/px4_msgs/msg/detail/estimator_fusion_control__rosidl_typesupport_introspection_cpp.hpp\n'}
[1.656925] (px4_msgs) StdoutLine: {'line': b'-- Up-to-date symlink: /home/maanavjugalshah/SwarmAero/ros2_ws/install/px4_msgs/include/px4_msgs/px4_msgs/msg/detail/estimator_gps_status__rosidl_typesupport_introspection_cpp.hpp\n'}
[1.657116] (px4_msgs) StdoutLine: {'line': b'-- Up-to-date symlink: /home/maanavjugalshah/SwarmAero/ros2_ws/install/px4_msgs/include/px4_msgs/px4_msgs/msg/detail/estimator_innovations__rosidl_typesupport_introspection_cpp.hpp\n'}
[1.657250] (px4_msgs) StdoutLine: {'line': b'-- Up-to-date symlink: /home/maanavjugalshah/SwarmAero/ros2_ws/install/px4_msgs/include/px4_msgs/px4_msgs/msg/detail/estimator_selector_status__rosidl_typesupport_introspection_cpp.hpp\n'}
[1.657355] (px4_msgs) StdoutLine: {'line': b'-- Up-to-date symlink: /home/maanavjugalshah/SwarmAero/ros2_ws/install/px4_msgs/include/px4_msgs/px4_msgs/msg/detail/estimator_sensor_bias__rosidl_typesupport_introspection_cpp.hpp\n'}
[1.657430] (px4_msgs) StdoutLine: {'line': b'-- Up-to-date symlink: /home/maanavjugalshah/SwarmAero/ros2_ws/install/px4_msgs/include/px4_msgs/px4_msgs/msg/detail/estimator_states__rosidl_typesupport_introspection_cpp.hpp\n'}
[1.657650] (px4_msgs) StdoutLine: {'line': b'-- Up-to-date symlink: /home/maanavjugalshah/SwarmAero/ros2_ws/install/px4_msgs/include/px4_msgs/px4_msgs/msg/detail/estimator_status__rosidl_typesupport_introspection_cpp.hpp\n'}
[1.657943] (px4_msgs) StdoutLine: {'line': b'-- Up-to-date symlink: /home/maanavjugalshah/SwarmAero/ros2_ws/install/px4_msgs/include/px4_msgs/px4_msgs/msg/detail/estimator_status_flags__rosidl_typesupport_introspection_cpp.hpp\n'}
[1.658323] (px4_msgs) StdoutLine: {'line': b'-- Up-to-date symlink: /home/maanavjugalshah/SwarmAero/ros2_ws/install/px4_msgs/include/px4_msgs/px4_msgs/msg/detail/event__rosidl_typesupport_introspection_cpp.hpp\n'}
[1.658645] (px4_msgs) StdoutLine: {'line': b'-- Up-to-date symlink: /home/maanavjugalshah/SwarmAero/ros2_ws/install/px4_msgs/include/px4_msgs/px4_msgs/msg/detail/failsafe_flags__rosidl_typesupport_introspection_cpp.hpp\n'}
[1.658830] (px4_msgs) StdoutLine: {'line': b'-- Up-to-date symlink: /home/maanavjugalshah/SwarmAero/ros2_ws/install/px4_msgs/include/px4_msgs/px4_msgs/msg/detail/failure_detector_status__rosidl_typesupport_introspection_cpp.hpp\n'}
[1.658973] (px4_msgs) StdoutLine: {'line': b'-- Up-to-date symlink: /home/maanavjugalshah/SwarmAero/ros2_ws/install/px4_msgs/include/px4_msgs/px4_msgs/msg/detail/figure_eight_status__rosidl_typesupport_introspection_cpp.hpp\n'}
[1.659088] (px4_msgs) StdoutLine: {'line': b'-- Up-to-date symlink: /home/maanavjugalshah/SwarmAero/ros2_ws/install/px4_msgs/include/px4_msgs/px4_msgs/msg/detail/fixed_wing_lateral_guidance_status__rosidl_typesupport_introspection_cpp.hpp\n'}
[1.659202] (px4_msgs) StdoutLine: {'line': b'-- Up-to-date symlink: /home/maanavjugalshah/SwarmAero/ros2_ws/install/px4_msgs/include/px4_msgs/px4_msgs/msg/detail/fixed_wing_lateral_setpoint__rosidl_typesupport_introspection_cpp.hpp\n'}
[1.659406] (px4_msgs) StdoutLine: {'line': b'-- Up-to-date symlink: /home/maanavjugalshah/SwarmAero/ros2_ws/install/px4_msgs/include/px4_msgs/px4_msgs/msg/detail/fixed_wing_lateral_status__rosidl_typesupport_introspection_cpp.hpp\n'}
[1.659500] (px4_msgs) StdoutLine: {'line': b'-- Up-to-date symlink: /home/maanavjugalshah/SwarmAero/ros2_ws/install/px4_msgs/include/px4_msgs/px4_msgs/msg/detail/fixed_wing_longitudinal_setpoint__rosidl_typesupport_introspection_cpp.hpp\n'}
[1.659634] (px4_msgs) StdoutLine: {'line': b'-- Up-to-date symlink: /home/maanavjugalshah/SwarmAero/ros2_ws/install/px4_msgs/include/px4_msgs/px4_msgs/msg/detail/fixed_wing_runway_control__rosidl_typesupport_introspection_cpp.hpp\n'}
[1.659767] (px4_msgs) StdoutLine: {'line': b'-- Up-to-date symlink: /home/maanavjugalshah/SwarmAero/ros2_ws/install/px4_msgs/include/px4_msgs/px4_msgs/msg/detail/flight_phase_estimation__rosidl_typesupport_introspection_cpp.hpp\n'}
[1.659900] (px4_msgs) StdoutLine: {'line': b'-- Up-to-date symlink: /home/maanavjugalshah/SwarmAero/ros2_ws/install/px4_msgs/include/px4_msgs/px4_msgs/msg/detail/follow_target__rosidl_typesupport_introspection_cpp.hpp\n'}
[1.660015] (px4_msgs) StdoutLine: {'line': b'-- Up-to-date symlink: /home/maanavjugalshah/SwarmAero/ros2_ws/install/px4_msgs/include/px4_msgs/px4_msgs/msg/detail/follow_target_estimator__rosidl_typesupport_introspection_cpp.hpp\n'}
[1.660058] (px4_msgs) StdoutLine: {'line': b'-- Up-to-date symlink: /home/maanavjugalshah/SwarmAero/ros2_ws/install/px4_msgs/include/px4_msgs/px4_msgs/msg/detail/follow_target_status__rosidl_typesupport_introspection_cpp.hpp\n'}
[1.660096] (px4_msgs) StdoutLine: {'line': b'-- Up-to-date symlink: /home/maanavjugalshah/SwarmAero/ros2_ws/install/px4_msgs/include/px4_msgs/px4_msgs/msg/detail/fuel_tank_status__rosidl_typesupport_introspection_cpp.hpp\n'}
[1.660208] (px4_msgs) StdoutLine: {'line': b'-- Up-to-date symlink: /home/maanavjugalshah/SwarmAero/ros2_ws/install/px4_msgs/include/px4_msgs/px4_msgs/msg/detail/gain_compression__rosidl_typesupport_introspection_cpp.hpp\n'}
[1.660291] (px4_msgs) StdoutLine: {'line': b'-- Up-to-date symlink: /home/maanavjugalshah/SwarmAero/ros2_ws/install/px4_msgs/include/px4_msgs/px4_msgs/msg/detail/generator_status__rosidl_typesupport_introspection_cpp.hpp\n'}
[1.660525] (px4_msgs) StdoutLine: {'line': b'-- Up-to-date symlink: /home/maanavjugalshah/SwarmAero/ros2_ws/install/px4_msgs/include/px4_msgs/px4_msgs/msg/detail/geofence_result__rosidl_typesupport_introspection_cpp.hpp\n'}
[1.660573] (px4_msgs) StdoutLine: {'line': b'-- Up-to-date symlink: /home/maanavjugalshah/SwarmAero/ros2_ws/install/px4_msgs/include/px4_msgs/px4_msgs/msg/detail/geofence_status__rosidl_typesupport_introspection_cpp.hpp\n'}
[1.660611] (px4_msgs) StdoutLine: {'line': b'-- Up-to-date symlink: /home/maanavjugalshah/SwarmAero/ros2_ws/install/px4_msgs/include/px4_msgs/px4_msgs/msg/detail/gimbal_controls__rosidl_typesupport_introspection_cpp.hpp\n'}
[1.660712] (px4_msgs) StdoutLine: {'line': b'-- Up-to-date symlink: /home/maanavjugalshah/SwarmAero/ros2_ws/install/px4_msgs/include/px4_msgs/px4_msgs/msg/detail/gimbal_device_attitude_status__rosidl_typesupport_introspection_cpp.hpp\n'}
[1.660824] (px4_msgs) StdoutLine: {'line': b'-- Up-to-date symlink: /home/maanavjugalshah/SwarmAero/ros2_ws/install/px4_msgs/include/px4_msgs/px4_msgs/msg/detail/gimbal_device_information__rosidl_typesupport_introspection_cpp.hpp\n'}
[1.660936] (px4_msgs) StdoutLine: {'line': b'-- Up-to-date symlink: /home/maanavjugalshah/SwarmAero/ros2_ws/install/px4_msgs/include/px4_msgs/px4_msgs/msg/detail/gimbal_device_set_attitude__rosidl_typesupport_introspection_cpp.hpp\n'}
[1.661019] (px4_msgs) StdoutLine: {'line': b'-- Up-to-date symlink: /home/maanavjugalshah/SwarmAero/ros2_ws/install/px4_msgs/include/px4_msgs/px4_msgs/msg/detail/gimbal_manager_information__rosidl_typesupport_introspection_cpp.hpp\n'}
[1.661176] (px4_msgs) StdoutLine: {'line': b'-- Up-to-date symlink: /home/maanavjugalshah/SwarmAero/ros2_ws/install/px4_msgs/include/px4_msgs/px4_msgs/msg/detail/gimbal_manager_set_attitude__rosidl_typesupport_introspection_cpp.hpp\n'}
[1.661264] (px4_msgs) StdoutLine: {'line': b'-- Up-to-date symlink: /home/maanavjugalshah/SwarmAero/ros2_ws/install/px4_msgs/include/px4_msgs/px4_msgs/msg/detail/gimbal_manager_set_manual_control__rosidl_typesupport_introspection_cpp.hpp\n'}
[1.661387] (px4_msgs) StdoutLine: {'line': b'-- Up-to-date symlink: /home/maanavjugalshah/SwarmAero/ros2_ws/install/px4_msgs/include/px4_msgs/px4_msgs/msg/detail/gimbal_manager_status__rosidl_typesupport_introspection_cpp.hpp\n'}
[1.661575] (px4_msgs) StdoutLine: {'line': b'-- Up-to-date symlink: /home/maanavjugalshah/SwarmAero/ros2_ws/install/px4_msgs/include/px4_msgs/px4_msgs/msg/detail/goto_setpoint__rosidl_typesupport_introspection_cpp.hpp\n'}
[1.661664] (px4_msgs) StdoutLine: {'line': b'-- Up-to-date symlink: /home/maanavjugalshah/SwarmAero/ros2_ws/install/px4_msgs/include/px4_msgs/px4_msgs/msg/detail/gpio_config__rosidl_typesupport_introspection_cpp.hpp\n'}
[1.661742] (px4_msgs) StdoutLine: {'line': b'-- Up-to-date symlink: /home/maanavjugalshah/SwarmAero/ros2_ws/install/px4_msgs/include/px4_msgs/px4_msgs/msg/detail/gpio_in__rosidl_typesupport_introspection_cpp.hpp\n'}
[1.661843] (px4_msgs) StdoutLine: {'line': b'-- Up-to-date symlink: /home/maanavjugalshah/SwarmAero/ros2_ws/install/px4_msgs/include/px4_msgs/px4_msgs/msg/detail/gpio_out__rosidl_typesupport_introspection_cpp.hpp\n'}
[1.661904] (px4_msgs) StdoutLine: {'line': b'-- Up-to-date symlink: /home/maanavjugalshah/SwarmAero/ros2_ws/install/px4_msgs/include/px4_msgs/px4_msgs/msg/detail/gpio_request__rosidl_typesupport_introspection_cpp.hpp\n'}
[1.661983] (px4_msgs) StdoutLine: {'line': b'-- Up-to-date symlink: /home/maanavjugalshah/SwarmAero/ros2_ws/install/px4_msgs/include/px4_msgs/px4_msgs/msg/detail/gps_dump__rosidl_typesupport_introspection_cpp.hpp\n'}
[1.662253] (px4_msgs) StdoutLine: {'line': b'-- Up-to-date symlink: /home/maanavjugalshah/SwarmAero/ros2_ws/install/px4_msgs/include/px4_msgs/px4_msgs/msg/detail/gps_inject_data__rosidl_typesupport_introspection_cpp.hpp\n'}
[1.662302] (px4_msgs) StdoutLine: {'line': b'-- Up-to-date symlink: /home/maanavjugalshah/SwarmAero/ros2_ws/install/px4_msgs/include/px4_msgs/px4_msgs/msg/detail/gripper__rosidl_typesupport_introspection_cpp.hpp\n'}
[1.662399] (px4_msgs) StdoutLine: {'line': b'-- Up-to-date symlink: /home/maanavjugalshah/SwarmAero/ros2_ws/install/px4_msgs/include/px4_msgs/px4_msgs/msg/detail/health_report__rosidl_typesupport_introspection_cpp.hpp\n'}
[1.662483] (px4_msgs) StdoutLine: {'line': b'-- Up-to-date symlink: /home/maanavjugalshah/SwarmAero/ros2_ws/install/px4_msgs/include/px4_msgs/px4_msgs/msg/detail/heater_status__rosidl_typesupport_introspection_cpp.hpp\n'}
[1.662937] (px4_msgs) StdoutLine: {'line': b'-- Up-to-date symlink: /home/maanavjugalshah/SwarmAero/ros2_ws/install/px4_msgs/include/px4_msgs/px4_msgs/msg/detail/home_position__rosidl_typesupport_introspection_cpp.hpp\n'}
[1.663110] (px4_msgs) StdoutLine: {'line': b'-- Up-to-date symlink: /home/maanavjugalshah/SwarmAero/ros2_ws/install/px4_msgs/include/px4_msgs/px4_msgs/msg/detail/hover_thrust_estimate__rosidl_typesupport_introspection_cpp.hpp\n'}
[1.663248] (px4_msgs) StdoutLine: {'line': b'-- Up-to-date symlink: /home/maanavjugalshah/SwarmAero/ros2_ws/install/px4_msgs/include/px4_msgs/px4_msgs/msg/detail/input_rc__rosidl_typesupport_introspection_cpp.hpp\n'}
[1.663405] (px4_msgs) StdoutLine: {'line': b'-- Up-to-date symlink: /home/maanavjugalshah/SwarmAero/ros2_ws/install/px4_msgs/include/px4_msgs/px4_msgs/msg/detail/internal_combustion_engine_control__rosidl_typesupport_introspection_cpp.hpp\n'}
[1.663507] (px4_msgs) StdoutLine: {'line': b'-- Up-to-date symlink: /home/maanavjugalshah/SwarmAero/ros2_ws/install/px4_msgs/include/px4_msgs/px4_msgs/msg/detail/internal_combustion_engine_status__rosidl_typesupport_introspection_cpp.hpp\n'}
[1.663673] (px4_msgs) StdoutLine: {'line': b'-- Up-to-date symlink: /home/maanavjugalshah/SwarmAero/ros2_ws/install/px4_msgs/include/px4_msgs/px4_msgs/msg/detail/iridiumsbd_status__rosidl_typesupport_introspection_cpp.hpp\n'}
[1.663774] (px4_msgs) StdoutLine: {'line': b'-- Up-to-date symlink: /home/maanavjugalshah/SwarmAero/ros2_ws/install/px4_msgs/include/px4_msgs/px4_msgs/msg/detail/irlock_report__rosidl_typesupport_introspection_cpp.hpp\n'}
[1.663889] (px4_msgs) StdoutLine: {'line': b'-- Up-to-date symlink: /home/maanavjugalshah/SwarmAero/ros2_ws/install/px4_msgs/include/px4_msgs/px4_msgs/msg/detail/landing_gear__rosidl_typesupport_introspection_cpp.hpp\n'}
[1.664072] (px4_msgs) StdoutLine: {'line': b'-- Up-to-date symlink: /home/maanavjugalshah/SwarmAero/ros2_ws/install/px4_msgs/include/px4_msgs/px4_msgs/msg/detail/landing_gear_wheel__rosidl_typesupport_introspection_cpp.hpp\n'}
[1.664151] (px4_msgs) StdoutLine: {'line': b'-- Up-to-date symlink: /home/maanavjugalshah/SwarmAero/ros2_ws/install/px4_msgs/include/px4_msgs/px4_msgs/msg/detail/landing_target_innovations__rosidl_typesupport_introspection_cpp.hpp\n'}
[1.664266] (px4_msgs) StdoutLine: {'line': b'-- Up-to-date symlink: /home/maanavjugalshah/SwarmAero/ros2_ws/install/px4_msgs/include/px4_msgs/px4_msgs/msg/detail/landing_target_pose__rosidl_typesupport_introspection_cpp.hpp\n'}
[1.664372] (px4_msgs) StdoutLine: {'line': b'-- Up-to-date symlink: /home/maanavjugalshah/SwarmAero/ros2_ws/install/px4_msgs/include/px4_msgs/px4_msgs/msg/detail/lateral_control_configuration__rosidl_typesupport_introspection_cpp.hpp\n'}
[1.664415] (px4_msgs) StdoutLine: {'line': b'-- Up-to-date symlink: /home/maanavjugalshah/SwarmAero/ros2_ws/install/px4_msgs/include/px4_msgs/px4_msgs/msg/detail/launch_detection_status__rosidl_typesupport_introspection_cpp.hpp\n'}
[1.664561] (px4_msgs) StdoutLine: {'line': b'-- Up-to-date symlink: /home/maanavjugalshah/SwarmAero/ros2_ws/install/px4_msgs/include/px4_msgs/px4_msgs/msg/detail/led_control__rosidl_typesupport_introspection_cpp.hpp\n'}
[1.664611] (px4_msgs) StdoutLine: {'line': b'-- Up-to-date symlink: /home/maanavjugalshah/SwarmAero/ros2_ws/install/px4_msgs/include/px4_msgs/px4_msgs/msg/detail/log_message__rosidl_typesupport_introspection_cpp.hpp\n'}
[1.664649] (px4_msgs) StdoutLine: {'line': b'-- Up-to-date symlink: /home/maanavjugalshah/SwarmAero/ros2_ws/install/px4_msgs/include/px4_msgs/px4_msgs/msg/detail/logger_status__rosidl_typesupport_introspection_cpp.hpp\n'}
[1.664789] (px4_msgs) StdoutLine: {'line': b'-- Up-to-date symlink: /home/maanavjugalshah/SwarmAero/ros2_ws/install/px4_msgs/include/px4_msgs/px4_msgs/msg/detail/longitudinal_control_configuration__rosidl_typesupport_introspection_cpp.hpp\n'}
[1.664837] (px4_msgs) StdoutLine: {'line': b'-- Up-to-date symlink: /home/maanavjugalshah/SwarmAero/ros2_ws/install/px4_msgs/include/px4_msgs/px4_msgs/msg/detail/mag_worker_data__rosidl_typesupport_introspection_cpp.hpp\n'}
[1.664972] (px4_msgs) StdoutLine: {'line': b'-- Up-to-date symlink: /home/maanavjugalshah/SwarmAero/ros2_ws/install/px4_msgs/include/px4_msgs/px4_msgs/msg/detail/magnetometer_bias_estimate__rosidl_typesupport_introspection_cpp.hpp\n'}
[1.665084] (px4_msgs) StdoutLine: {'line': b'-- Up-to-date symlink: /home/maanavjugalshah/SwarmAero/ros2_ws/install/px4_msgs/include/px4_msgs/px4_msgs/msg/detail/manual_control_setpoint__rosidl_typesupport_introspection_cpp.hpp\n'}
[1.665197] (px4_msgs) StdoutLine: {'line': b'-- Up-to-date symlink: /home/maanavjugalshah/SwarmAero/ros2_ws/install/px4_msgs/include/px4_msgs/px4_msgs/msg/detail/manual_control_switches__rosidl_typesupport_introspection_cpp.hpp\n'}
[1.665297] (px4_msgs) StdoutLine: {'line': b'-- Up-to-date symlink: /home/maanavjugalshah/SwarmAero/ros2_ws/install/px4_msgs/include/px4_msgs/px4_msgs/msg/detail/mavlink_log__rosidl_typesupport_introspection_cpp.hpp\n'}
[1.665387] (px4_msgs) StdoutLine: {'line': b'-- Up-to-date symlink: /home/maanavjugalshah/SwarmAero/ros2_ws/install/px4_msgs/include/px4_msgs/px4_msgs/msg/detail/mavlink_tunnel__rosidl_typesupport_introspection_cpp.hpp\n'}
[1.665609] (px4_msgs) StdoutLine: {'line': b'-- Up-to-date symlink: /home/maanavjugalshah/SwarmAero/ros2_ws/install/px4_msgs/include/px4_msgs/px4_msgs/msg/detail/message_format_request__rosidl_typesupport_introspection_cpp.hpp\n'}
[1.665787] (px4_msgs) StdoutLine: {'line': b'-- Up-to-date symlink: /home/maanavjugalshah/SwarmAero/ros2_ws/install/px4_msgs/include/px4_msgs/px4_msgs/msg/detail/message_format_response__rosidl_typesupport_introspection_cpp.hpp\n'}
[1.665881] (px4_msgs) StdoutLine: {'line': b'-- Up-to-date symlink: /home/maanavjugalshah/SwarmAero/ros2_ws/install/px4_msgs/include/px4_msgs/px4_msgs/msg/detail/mission__rosidl_typesupport_introspection_cpp.hpp\n'}
[1.666220] (px4_msgs) StdoutLine: {'line': b'-- Up-to-date symlink: /home/maanavjugalshah/SwarmAero/ros2_ws/install/px4_msgs/include/px4_msgs/px4_msgs/msg/detail/mission_result__rosidl_typesupport_introspection_cpp.hpp\n'}
[1.666329] (px4_msgs) StdoutLine: {'line': b'-- Up-to-date symlink: /home/maanavjugalshah/SwarmAero/ros2_ws/install/px4_msgs/include/px4_msgs/px4_msgs/msg/detail/mode_completed__rosidl_typesupport_introspection_cpp.hpp\n'}
[1.666443] (px4_msgs) StdoutLine: {'line': b'-- Up-to-date symlink: /home/maanavjugalshah/SwarmAero/ros2_ws/install/px4_msgs/include/px4_msgs/px4_msgs/msg/detail/mount_orientation__rosidl_typesupport_introspection_cpp.hpp\n'}
[1.666601] (px4_msgs) StdoutLine: {'line': b'-- Up-to-date symlink: /home/maanavjugalshah/SwarmAero/ros2_ws/install/px4_msgs/include/px4_msgs/px4_msgs/msg/detail/navigator_mission_item__rosidl_typesupport_introspection_cpp.hpp\n'}
[1.666665] (px4_msgs) StdoutLine: {'line': b'-- Up-to-date symlink: /home/maanavjugalshah/SwarmAero/ros2_ws/install/px4_msgs/include/px4_msgs/px4_msgs/msg/detail/navigator_status__rosidl_typesupport_introspection_cpp.hpp\n'}
[1.666854] (px4_msgs) StdoutLine: {'line': b'-- Up-to-date symlink: /home/maanavjugalshah/SwarmAero/ros2_ws/install/px4_msgs/include/px4_msgs/px4_msgs/msg/detail/neural_control__rosidl_typesupport_introspection_cpp.hpp\n'}
[1.667311] (px4_msgs) StdoutLine: {'line': b'-- Up-to-date symlink: /home/maanavjugalshah/SwarmAero/ros2_ws/install/px4_msgs/include/px4_msgs/px4_msgs/msg/detail/normalized_unsigned_setpoint__rosidl_typesupport_introspection_cpp.hpp\n'}
[1.667481] (px4_msgs) StdoutLine: {'line': b'-- Up-to-date symlink: /home/maanavjugalshah/SwarmAero/ros2_ws/install/px4_msgs/include/px4_msgs/px4_msgs/msg/detail/obstacle_distance__rosidl_typesupport_introspection_cpp.hpp\n'}
[1.667645] (px4_msgs) StdoutLine: {'line': b'-- Up-to-date symlink: /home/maanavjugalshah/SwarmAero/ros2_ws/install/px4_msgs/include/px4_msgs/px4_msgs/msg/detail/offboard_control_mode__rosidl_typesupport_introspection_cpp.hpp\n'}
[1.667784] (px4_msgs) StdoutLine: {'line': b'-- Up-to-date symlink: /home/maanavjugalshah/SwarmAero/ros2_ws/install/px4_msgs/include/px4_msgs/px4_msgs/msg/detail/onboard_computer_status__rosidl_typesupport_introspection_cpp.hpp\n'}
[1.667834] (px4_msgs) StdoutLine: {'line': b'-- Up-to-date symlink: /home/maanavjugalshah/SwarmAero/ros2_ws/install/px4_msgs/include/px4_msgs/px4_msgs/msg/detail/open_drone_id_arm_status__rosidl_typesupport_introspection_cpp.hpp\n'}
[1.667902] (px4_msgs) StdoutLine: {'line': b'-- Up-to-date symlink: /home/maanavjugalshah/SwarmAero/ros2_ws/install/px4_msgs/include/px4_msgs/px4_msgs/msg/detail/open_drone_id_operator_id__rosidl_typesupport_introspection_cpp.hpp\n'}
[1.668038] (px4_msgs) StdoutLine: {'line': b'-- Up-to-date symlink: /home/maanavjugalshah/SwarmAero/ros2_ws/install/px4_msgs/include/px4_msgs/px4_msgs/msg/detail/open_drone_id_self_id__rosidl_typesupport_introspection_cpp.hpp\n'}
[1.668158] (px4_msgs) StdoutLine: {'line': b'-- Up-to-date symlink: /home/maanavjugalshah/SwarmAero/ros2_ws/install/px4_msgs/include/px4_msgs/px4_msgs/msg/detail/open_drone_id_system__rosidl_typesupport_introspection_cpp.hpp\n'}
[1.668200] (px4_msgs) StdoutLine: {'line': b'-- Up-to-date symlink: /home/maanavjugalshah/SwarmAero/ros2_ws/install/px4_msgs/include/px4_msgs/px4_msgs/msg/detail/orb_test__rosidl_typesupport_introspection_cpp.hpp\n'}
[1.668295] (px4_msgs) StdoutLine: {'line': b'-- Up-to-date symlink: /home/maanavjugalshah/SwarmAero/ros2_ws/install/px4_msgs/include/px4_msgs/px4_msgs/msg/detail/orb_test_large__rosidl_typesupport_introspection_cpp.hpp\n'}
[1.668409] (px4_msgs) StdoutLine: {'line': b'-- Up-to-date symlink: /home/maanavjugalshah/SwarmAero/ros2_ws/install/px4_msgs/include/px4_msgs/px4_msgs/msg/detail/orb_test_medium__rosidl_typesupport_introspection_cpp.hpp\n'}
[1.668579] (px4_msgs) StdoutLine: {'line': b'-- Up-to-date symlink: /home/maanavjugalshah/SwarmAero/ros2_ws/install/px4_msgs/include/px4_msgs/px4_msgs/msg/detail/orbit_status__rosidl_typesupport_introspection_cpp.hpp\n'}
[1.668724] (px4_msgs) StdoutLine: {'line': b'-- Up-to-date symlink: /home/maanavjugalshah/SwarmAero/ros2_ws/install/px4_msgs/include/px4_msgs/px4_msgs/msg/detail/parameter_reset_request__rosidl_typesupport_introspection_cpp.hpp\n'}
[1.668784] (px4_msgs) StdoutLine: {'line': b'-- Up-to-date symlink: /home/maanavjugalshah/SwarmAero/ros2_ws/install/px4_msgs/include/px4_msgs/px4_msgs/msg/detail/parameter_set_used_request__rosidl_typesupport_introspection_cpp.hpp\n'}
[1.668822] (px4_msgs) StdoutLine: {'line': b'-- Up-to-date symlink: /home/maanavjugalshah/SwarmAero/ros2_ws/install/px4_msgs/include/px4_msgs/px4_msgs/msg/detail/parameter_set_value_request__rosidl_typesupport_introspection_cpp.hpp\n'}
[1.668859] (px4_msgs) StdoutLine: {'line': b'-- Up-to-date symlink: /home/maanavjugalshah/SwarmAero/ros2_ws/install/px4_msgs/include/px4_msgs/px4_msgs/msg/detail/parameter_set_value_response__rosidl_typesupport_introspection_cpp.hpp\n'}
[1.668899] (px4_msgs) StdoutLine: {'line': b'-- Up-to-date symlink: /home/maanavjugalshah/SwarmAero/ros2_ws/install/px4_msgs/include/px4_msgs/px4_msgs/msg/detail/parameter_update__rosidl_typesupport_introspection_cpp.hpp\n'}
[1.668980] (px4_msgs) StdoutLine: {'line': b'-- Up-to-date symlink: /home/maanavjugalshah/SwarmAero/ros2_ws/install/px4_msgs/include/px4_msgs/px4_msgs/msg/detail/ping__rosidl_typesupport_introspection_cpp.hpp\n'}
[1.669112] (px4_msgs) StdoutLine: {'line': b'-- Up-to-date symlink: /home/maanavjugalshah/SwarmAero/ros2_ws/install/px4_msgs/include/px4_msgs/px4_msgs/msg/detail/position_controller_landing_status__rosidl_typesupport_introspection_cpp.hpp\n'}
[1.669193] (px4_msgs) StdoutLine: {'line': b'-- Up-to-date symlink: /home/maanavjugalshah/SwarmAero/ros2_ws/install/px4_msgs/include/px4_msgs/px4_msgs/msg/detail/position_controller_status__rosidl_typesupport_introspection_cpp.hpp\n'}
[1.669283] (px4_msgs) StdoutLine: {'line': b'-- Up-to-date symlink: /home/maanavjugalshah/SwarmAero/ros2_ws/install/px4_msgs/include/px4_msgs/px4_msgs/msg/detail/position_setpoint__rosidl_typesupport_introspection_cpp.hpp\n'}
[1.669353] (px4_msgs) StdoutLine: {'line': b'-- Up-to-date symlink: /home/maanavjugalshah/SwarmAero/ros2_ws/install/px4_msgs/include/px4_msgs/px4_msgs/msg/detail/position_setpoint_triplet__rosidl_typesupport_introspection_cpp.hpp\n'}
[1.669612] (px4_msgs) StdoutLine: {'line': b'-- Up-to-date symlink: /home/maanavjugalshah/SwarmAero/ros2_ws/install/px4_msgs/include/px4_msgs/px4_msgs/msg/detail/power_button_state__rosidl_typesupport_introspection_cpp.hpp\n'}
[1.669705] (px4_msgs) StdoutLine: {'line': b'-- Up-to-date symlink: /home/maanavjugalshah/SwarmAero/ros2_ws/install/px4_msgs/include/px4_msgs/px4_msgs/msg/detail/power_monitor__rosidl_typesupport_introspection_cpp.hpp\n'}
[1.669980] (px4_msgs) StdoutLine: {'line': b'-- Up-to-date symlink: /home/maanavjugalshah/SwarmAero/ros2_ws/install/px4_msgs/include/px4_msgs/px4_msgs/msg/detail/pps_capture__rosidl_typesupport_introspection_cpp.hpp\n'}
[1.670037] (px4_msgs) StdoutLine: {'line': b'-- Up-to-date symlink: /home/maanavjugalshah/SwarmAero/ros2_ws/install/px4_msgs/include/px4_msgs/px4_msgs/msg/detail/pure_pursuit_status__rosidl_typesupport_introspection_cpp.hpp\n'}
[1.670077] (px4_msgs) StdoutLine: {'line': b'-- Up-to-date symlink: /home/maanavjugalshah/SwarmAero/ros2_ws/install/px4_msgs/include/px4_msgs/px4_msgs/msg/detail/pwm_input__rosidl_typesupport_introspection_cpp.hpp\n'}
[1.670113] (px4_msgs) StdoutLine: {'line': b'-- Up-to-date symlink: /home/maanavjugalshah/SwarmAero/ros2_ws/install/px4_msgs/include/px4_msgs/px4_msgs/msg/detail/px4io_status__rosidl_typesupport_introspection_cpp.hpp\n'}
[1.670194] (px4_msgs) StdoutLine: {'line': b'-- Up-to-date symlink: /home/maanavjugalshah/SwarmAero/ros2_ws/install/px4_msgs/include/px4_msgs/px4_msgs/msg/detail/qshell_req__rosidl_typesupport_introspection_cpp.hpp\n'}
[1.670474] (px4_msgs) StdoutLine: {'line': b'-- Up-to-date symlink: /home/maanavjugalshah/SwarmAero/ros2_ws/install/px4_msgs/include/px4_msgs/px4_msgs/msg/detail/qshell_retval__rosidl_typesupport_introspection_cpp.hpp\n'}
[1.670564] (px4_msgs) StdoutLine: {'line': b'-- Up-to-date symlink: /home/maanavjugalshah/SwarmAero/ros2_ws/install/px4_msgs/include/px4_msgs/px4_msgs/msg/detail/radio_status__rosidl_typesupport_introspection_cpp.hpp\n'}
[1.670603] (px4_msgs) StdoutLine: {'line': b'-- Up-to-date symlink: /home/maanavjugalshah/SwarmAero/ros2_ws/install/px4_msgs/include/px4_msgs/px4_msgs/msg/detail/ranging_beacon__rosidl_typesupport_introspection_cpp.hpp\n'}
[1.670766] (px4_msgs) StdoutLine: {'line': b'-- Up-to-date symlink: /home/maanavjugalshah/SwarmAero/ros2_ws/install/px4_msgs/include/px4_msgs/px4_msgs/msg/detail/raptor_input__rosidl_typesupport_introspection_cpp.hpp\n'}
[1.671150] (px4_msgs) StdoutLine: {'line': b'-- Up-to-date symlink: /home/maanavjugalshah/SwarmAero/ros2_ws/install/px4_msgs/include/px4_msgs/px4_msgs/msg/detail/raptor_status__rosidl_typesupport_introspection_cpp.hpp\n'}
[1.671292] (px4_msgs) StdoutLine: {'line': b'-- Up-to-date symlink: /home/maanavjugalshah/SwarmAero/ros2_ws/install/px4_msgs/include/px4_msgs/px4_msgs/msg/detail/rate_ctrl_status__rosidl_typesupport_introspection_cpp.hpp\n'}
[1.671390] (px4_msgs) StdoutLine: {'line': b'-- Up-to-date symlink: /home/maanavjugalshah/SwarmAero/ros2_ws/install/px4_msgs/include/px4_msgs/px4_msgs/msg/detail/rc_channels__rosidl_typesupport_introspection_cpp.hpp\n'}
[1.671485] (px4_msgs) StdoutLine: {'line': b'-- Up-to-date symlink: /home/maanavjugalshah/SwarmAero/ros2_ws/install/px4_msgs/include/px4_msgs/px4_msgs/msg/detail/rc_parameter_map__rosidl_typesupport_introspection_cpp.hpp\n'}
[1.671572] (px4_msgs) StdoutLine: {'line': b'-- Up-to-date symlink: /home/maanavjugalshah/SwarmAero/ros2_ws/install/px4_msgs/include/px4_msgs/px4_msgs/msg/detail/register_ext_component_reply__rosidl_typesupport_introspection_cpp.hpp\n'}
[1.671911] (px4_msgs) StdoutLine: {'line': b'-- Up-to-date symlink: /home/maanavjugalshah/SwarmAero/ros2_ws/install/px4_msgs/include/px4_msgs/px4_msgs/msg/detail/register_ext_component_request__rosidl_typesupport_introspection_cpp.hpp\n'}
[1.671984] (px4_msgs) StdoutLine: {'line': b'-- Up-to-date symlink: /home/maanavjugalshah/SwarmAero/ros2_ws/install/px4_msgs/include/px4_msgs/px4_msgs/msg/detail/rover_attitude_setpoint__rosidl_typesupport_introspection_cpp.hpp\n'}
[1.672023] (px4_msgs) StdoutLine: {'line': b'-- Up-to-date symlink: /home/maanavjugalshah/SwarmAero/ros2_ws/install/px4_msgs/include/px4_msgs/px4_msgs/msg/detail/rover_attitude_status__rosidl_typesupport_introspection_cpp.hpp\n'}
[1.672329] (px4_msgs) StdoutLine: {'line': b'-- Up-to-date symlink: /home/maanavjugalshah/SwarmAero/ros2_ws/install/px4_msgs/include/px4_msgs/px4_msgs/msg/detail/rover_position_setpoint__rosidl_typesupport_introspection_cpp.hpp\n'}
[1.672797] (px4_msgs) StdoutLine: {'line': b'-- Up-to-date symlink: /home/maanavjugalshah/SwarmAero/ros2_ws/install/px4_msgs/include/px4_msgs/px4_msgs/msg/detail/rover_rate_setpoint__rosidl_typesupport_introspection_cpp.hpp\n'}
[1.672908] (px4_msgs) StdoutLine: {'line': b'-- Up-to-date symlink: /home/maanavjugalshah/SwarmAero/ros2_ws/install/px4_msgs/include/px4_msgs/px4_msgs/msg/detail/rover_rate_status__rosidl_typesupport_introspection_cpp.hpp\n'}
[1.672982] (px4_msgs) StdoutLine: {'line': b'-- Up-to-date symlink: /home/maanavjugalshah/SwarmAero/ros2_ws/install/px4_msgs/include/px4_msgs/px4_msgs/msg/detail/rover_speed_setpoint__rosidl_typesupport_introspection_cpp.hpp\n'}
[1.673031] (px4_msgs) StdoutLine: {'line': b'-- Up-to-date symlink: /home/maanavjugalshah/SwarmAero/ros2_ws/install/px4_msgs/include/px4_msgs/px4_msgs/msg/detail/rover_speed_status__rosidl_typesupport_introspection_cpp.hpp\n'}
[1.673236] (px4_msgs) StdoutLine: {'line': b'-- Up-to-date symlink: /home/maanavjugalshah/SwarmAero/ros2_ws/install/px4_msgs/include/px4_msgs/px4_msgs/msg/detail/rover_steering_setpoint__rosidl_typesupport_introspection_cpp.hpp\n'}
[1.673475] (px4_msgs) StdoutLine: {'line': b'-- Up-to-date symlink: /home/maanavjugalshah/SwarmAero/ros2_ws/install/px4_msgs/include/px4_msgs/px4_msgs/msg/detail/rover_throttle_setpoint__rosidl_typesupport_introspection_cpp.hpp\n'}
[1.673734] (px4_msgs) StdoutLine: {'line': b'-- Up-to-date symlink: /home/maanavjugalshah/SwarmAero/ros2_ws/install/px4_msgs/include/px4_msgs/px4_msgs/msg/detail/rpm__rosidl_typesupport_introspection_cpp.hpp\n'}
[1.674366] (px4_msgs) StdoutLine: {'line': b'-- Up-to-date symlink: /home/maanavjugalshah/SwarmAero/ros2_ws/install/px4_msgs/include/px4_msgs/px4_msgs/msg/detail/rtl_status__rosidl_typesupport_introspection_cpp.hpp\n'}
[1.674476] (px4_msgs) StdoutLine: {'line': b'-- Up-to-date symlink: /home/maanavjugalshah/SwarmAero/ros2_ws/install/px4_msgs/include/px4_msgs/px4_msgs/msg/detail/rtl_time_estimate__rosidl_typesupport_introspection_cpp.hpp\n'}
[1.674917] (px4_msgs) StdoutLine: {'line': b'-- Up-to-date symlink: /home/maanavjugalshah/SwarmAero/ros2_ws/install/px4_msgs/include/px4_msgs/px4_msgs/msg/detail/satellite_info__rosidl_typesupport_introspection_cpp.hpp\n'}
[1.675023] (px4_msgs) StdoutLine: {'line': b'-- Up-to-date symlink: /home/maanavjugalshah/SwarmAero/ros2_ws/install/px4_msgs/include/px4_msgs/px4_msgs/msg/detail/sensor_accel__rosidl_typesupport_introspection_cpp.hpp\n'}
[1.675095] (px4_msgs) StdoutLine: {'line': b'-- Up-to-date symlink: /home/maanavjugalshah/SwarmAero/ros2_ws/install/px4_msgs/include/px4_msgs/px4_msgs/msg/detail/sensor_accel_fifo__rosidl_typesupport_introspection_cpp.hpp\n'}
[1.675141] (px4_msgs) StdoutLine: {'line': b'-- Up-to-date symlink: /home/maanavjugalshah/SwarmAero/ros2_ws/install/px4_msgs/include/px4_msgs/px4_msgs/msg/detail/sensor_airflow__rosidl_typesupport_introspection_cpp.hpp\n'}
[1.675180] (px4_msgs) StdoutLine: {'line': b'-- Up-to-date symlink: /home/maanavjugalshah/SwarmAero/ros2_ws/install/px4_msgs/include/px4_msgs/px4_msgs/msg/detail/sensor_baro__rosidl_typesupport_introspection_cpp.hpp\n'}
[1.675402] (px4_msgs) StdoutLine: {'line': b'-- Up-to-date symlink: /home/maanavjugalshah/SwarmAero/ros2_ws/install/px4_msgs/include/px4_msgs/px4_msgs/msg/detail/sensor_combined__rosidl_typesupport_introspection_cpp.hpp\n'}
[1.675452] (px4_msgs) StdoutLine: {'line': b'-- Up-to-date symlink: /home/maanavjugalshah/SwarmAero/ros2_ws/install/px4_msgs/include/px4_msgs/px4_msgs/msg/detail/sensor_correction__rosidl_typesupport_introspection_cpp.hpp\n'}
[1.675490] (px4_msgs) StdoutLine: {'line': b'-- Up-to-date symlink: /home/maanavjugalshah/SwarmAero/ros2_ws/install/px4_msgs/include/px4_msgs/px4_msgs/msg/detail/sensor_gnss_relative__rosidl_typesupport_introspection_cpp.hpp\n'}
[1.675526] (px4_msgs) StdoutLine: {'line': b'-- Up-to-date symlink: /home/maanavjugalshah/SwarmAero/ros2_ws/install/px4_msgs/include/px4_msgs/px4_msgs/msg/detail/sensor_gnss_status__rosidl_typesupport_introspection_cpp.hpp\n'}
[1.675642] (px4_msgs) StdoutLine: {'line': b'-- Up-to-date symlink: /home/maanavjugalshah/SwarmAero/ros2_ws/install/px4_msgs/include/px4_msgs/px4_msgs/msg/detail/sensor_gps__rosidl_typesupport_introspection_cpp.hpp\n'}
[1.675733] (px4_msgs) StdoutLine: {'line': b'-- Up-to-date symlink: /home/maanavjugalshah/SwarmAero/ros2_ws/install/px4_msgs/include/px4_msgs/px4_msgs/msg/detail/sensor_gyro__rosidl_typesupport_introspection_cpp.hpp\n'}
[1.675814] (px4_msgs) StdoutLine: {'line': b'-- Up-to-date symlink: /home/maanavjugalshah/SwarmAero/ros2_ws/install/px4_msgs/include/px4_msgs/px4_msgs/msg/detail/sensor_gyro_fft__rosidl_typesupport_introspection_cpp.hpp\n'}
[1.676090] (px4_msgs) StdoutLine: {'line': b'-- Up-to-date symlink: /home/maanavjugalshah/SwarmAero/ros2_ws/install/px4_msgs/include/px4_msgs/px4_msgs/msg/detail/sensor_gyro_fifo__rosidl_typesupport_introspection_cpp.hpp\n'}
[1.676306] (px4_msgs) StdoutLine: {'line': b'-- Up-to-date symlink: /home/maanavjugalshah/SwarmAero/ros2_ws/install/px4_msgs/include/px4_msgs/px4_msgs/msg/detail/sensor_hygrometer__rosidl_typesupport_introspection_cpp.hpp\n'}
[1.676498] (px4_msgs) StdoutLine: {'line': b'-- Up-to-date symlink: /home/maanavjugalshah/SwarmAero/ros2_ws/install/px4_msgs/include/px4_msgs/px4_msgs/msg/detail/sensor_mag__rosidl_typesupport_introspection_cpp.hpp\n'}
[1.676551] (px4_msgs) StdoutLine: {'line': b'-- Up-to-date symlink: /home/maanavjugalshah/SwarmAero/ros2_ws/install/px4_msgs/include/px4_msgs/px4_msgs/msg/detail/sensor_optical_flow__rosidl_typesupport_introspection_cpp.hpp\n'}
[1.676590] (px4_msgs) StdoutLine: {'line': b'-- Up-to-date symlink: /home/maanavjugalshah/SwarmAero/ros2_ws/install/px4_msgs/include/px4_msgs/px4_msgs/msg/detail/sensor_preflight_mag__rosidl_typesupport_introspection_cpp.hpp\n'}
[1.676818] (px4_msgs) StdoutLine: {'line': b'-- Up-to-date symlink: /home/maanavjugalshah/SwarmAero/ros2_ws/install/px4_msgs/include/px4_msgs/px4_msgs/msg/detail/sensor_selection__rosidl_typesupport_introspection_cpp.hpp\n'}
[1.676862] (px4_msgs) StdoutLine: {'line': b'-- Up-to-date symlink: /home/maanavjugalshah/SwarmAero/ros2_ws/install/px4_msgs/include/px4_msgs/px4_msgs/msg/detail/sensor_temp__rosidl_typesupport_introspection_cpp.hpp\n'}
[1.676984] (px4_msgs) StdoutLine: {'line': b'-- Up-to-date symlink: /home/maanavjugalshah/SwarmAero/ros2_ws/install/px4_msgs/include/px4_msgs/px4_msgs/msg/detail/sensor_uwb__rosidl_typesupport_introspection_cpp.hpp\n'}
[1.677150] (px4_msgs) StdoutLine: {'line': b'-- Up-to-date symlink: /home/maanavjugalshah/SwarmAero/ros2_ws/install/px4_msgs/include/px4_msgs/px4_msgs/msg/detail/sensors_status__rosidl_typesupport_introspection_cpp.hpp\n'}
[1.677279] (px4_msgs) StdoutLine: {'line': b'-- Up-to-date symlink: /home/maanavjugalshah/SwarmAero/ros2_ws/install/px4_msgs/include/px4_msgs/px4_msgs/msg/detail/sensors_status_imu__rosidl_typesupport_introspection_cpp.hpp\n'}
[1.677346] (px4_msgs) StdoutLine: {'line': b'-- Up-to-date symlink: /home/maanavjugalshah/SwarmAero/ros2_ws/install/px4_msgs/include/px4_msgs/px4_msgs/msg/detail/system_power__rosidl_typesupport_introspection_cpp.hpp\n'}
[1.677469] (px4_msgs) StdoutLine: {'line': b'-- Up-to-date symlink: /home/maanavjugalshah/SwarmAero/ros2_ws/install/px4_msgs/include/px4_msgs/px4_msgs/msg/detail/takeoff_status__rosidl_typesupport_introspection_cpp.hpp\n'}
[1.677511] (px4_msgs) StdoutLine: {'line': b'-- Up-to-date symlink: /home/maanavjugalshah/SwarmAero/ros2_ws/install/px4_msgs/include/px4_msgs/px4_msgs/msg/detail/task_stack_info__rosidl_typesupport_introspection_cpp.hpp\n'}
[1.677665] (px4_msgs) StdoutLine: {'line': b'-- Up-to-date symlink: /home/maanavjugalshah/SwarmAero/ros2_ws/install/px4_msgs/include/px4_msgs/px4_msgs/msg/detail/tecs_status__rosidl_typesupport_introspection_cpp.hpp\n'}
[1.677710] (px4_msgs) StdoutLine: {'line': b'-- Up-to-date symlink: /home/maanavjugalshah/SwarmAero/ros2_ws/install/px4_msgs/include/px4_msgs/px4_msgs/msg/detail/telemetry_status__rosidl_typesupport_introspection_cpp.hpp\n'}
[1.677746] (px4_msgs) StdoutLine: {'line': b'-- Up-to-date symlink: /home/maanavjugalshah/SwarmAero/ros2_ws/install/px4_msgs/include/px4_msgs/px4_msgs/msg/detail/tiltrotor_extra_controls__rosidl_typesupport_introspection_cpp.hpp\n'}
[1.677781] (px4_msgs) StdoutLine: {'line': b'-- Up-to-date symlink: /home/maanavjugalshah/SwarmAero/ros2_ws/install/px4_msgs/include/px4_msgs/px4_msgs/msg/detail/timesync_status__rosidl_typesupport_introspection_cpp.hpp\n'}
[1.677850] (px4_msgs) StdoutLine: {'line': b'-- Up-to-date symlink: /home/maanavjugalshah/SwarmAero/ros2_ws/install/px4_msgs/include/px4_msgs/px4_msgs/msg/detail/trajectory_setpoint6dof__rosidl_typesupport_introspection_cpp.hpp\n'}
[1.678175] (px4_msgs) StdoutLine: {'line': b'-- Up-to-date symlink: /home/maanavjugalshah/SwarmAero/ros2_ws/install/px4_msgs/include/px4_msgs/px4_msgs/msg/detail/trajectory_setpoint__rosidl_typesupport_introspection_cpp.hpp\n'}
[1.678301] (px4_msgs) StdoutLine: {'line': b'-- Up-to-date symlink: /home/maanavjugalshah/SwarmAero/ros2_ws/install/px4_msgs/include/px4_msgs/px4_msgs/msg/detail/transponder_report__rosidl_typesupport_introspection_cpp.hpp\n'}
[1.678415] (px4_msgs) StdoutLine: {'line': b'-- Up-to-date symlink: /home/maanavjugalshah/SwarmAero/ros2_ws/install/px4_msgs/include/px4_msgs/px4_msgs/msg/detail/tune_control__rosidl_typesupport_introspection_cpp.hpp\n'}
[1.678662] (px4_msgs) StdoutLine: {'line': b'-- Up-to-date symlink: /home/maanavjugalshah/SwarmAero/ros2_ws/install/px4_msgs/include/px4_msgs/px4_msgs/msg/detail/uavcan_parameter_request__rosidl_typesupport_introspection_cpp.hpp\n'}
[1.679106] (px4_msgs) StdoutLine: {'line': b'-- Up-to-date symlink: /home/maanavjugalshah/SwarmAero/ros2_ws/install/px4_msgs/include/px4_msgs/px4_msgs/msg/detail/uavcan_parameter_value__rosidl_typesupport_introspection_cpp.hpp\n'}
[1.679384] (px4_msgs) StdoutLine: {'line': b'-- Up-to-date symlink: /home/maanavjugalshah/SwarmAero/ros2_ws/install/px4_msgs/include/px4_msgs/px4_msgs/msg/detail/ulog_stream__rosidl_typesupport_introspection_cpp.hpp\n'}
[1.679493] (px4_msgs) StdoutLine: {'line': b'-- Up-to-date symlink: /home/maanavjugalshah/SwarmAero/ros2_ws/install/px4_msgs/include/px4_msgs/px4_msgs/msg/detail/ulog_stream_ack__rosidl_typesupport_introspection_cpp.hpp\n'}
[1.679651] (px4_msgs) StdoutLine: {'line': b'-- Up-to-date symlink: /home/maanavjugalshah/SwarmAero/ros2_ws/install/px4_msgs/include/px4_msgs/px4_msgs/msg/detail/unregister_ext_component__rosidl_typesupport_introspection_cpp.hpp\n'}
[1.679773] (px4_msgs) StdoutLine: {'line': b'-- Up-to-date symlink: /home/maanavjugalshah/SwarmAero/ros2_ws/install/px4_msgs/include/px4_msgs/px4_msgs/msg/detail/vehicle_acceleration__rosidl_typesupport_introspection_cpp.hpp\n'}
[1.679870] (px4_msgs) StdoutLine: {'line': b'-- Up-to-date symlink: /home/maanavjugalshah/SwarmAero/ros2_ws/install/px4_msgs/include/px4_msgs/px4_msgs/msg/detail/vehicle_air_data__rosidl_typesupport_introspection_cpp.hpp\n'}
[1.679922] (px4_msgs) StdoutLine: {'line': b'-- Up-to-date symlink: /home/maanavjugalshah/SwarmAero/ros2_ws/install/px4_msgs/include/px4_msgs/px4_msgs/msg/detail/vehicle_angular_acceleration_setpoint__rosidl_typesupport_introspection_cpp.hpp\n'}
[1.680138] (px4_msgs) StdoutLine: {'line': b'-- Up-to-date symlink: /home/maanavjugalshah/SwarmAero/ros2_ws/install/px4_msgs/include/px4_msgs/px4_msgs/msg/detail/vehicle_angular_velocity__rosidl_typesupport_introspection_cpp.hpp\n'}
[1.680389] (px4_msgs) StdoutLine: {'line': b'-- Up-to-date symlink: /home/maanavjugalshah/SwarmAero/ros2_ws/install/px4_msgs/include/px4_msgs/px4_msgs/msg/detail/vehicle_attitude__rosidl_typesupport_introspection_cpp.hpp\n'}
[1.680559] (px4_msgs) StdoutLine: {'line': b'-- Up-to-date symlink: /home/maanavjugalshah/SwarmAero/ros2_ws/install/px4_msgs/include/px4_msgs/px4_msgs/msg/detail/vehicle_attitude_setpoint__rosidl_typesupport_introspection_cpp.hpp\n'}
[1.680632] (px4_msgs) StdoutLine: {'line': b'-- Up-to-date symlink: /home/maanavjugalshah/SwarmAero/ros2_ws/install/px4_msgs/include/px4_msgs/px4_msgs/msg/detail/vehicle_command__rosidl_typesupport_introspection_cpp.hpp\n'}
[1.680676] (px4_msgs) StdoutLine: {'line': b'-- Up-to-date symlink: /home/maanavjugalshah/SwarmAero/ros2_ws/install/px4_msgs/include/px4_msgs/px4_msgs/msg/detail/vehicle_command_ack__rosidl_typesupport_introspection_cpp.hpp\n'}
[1.680881] (px4_msgs) StdoutLine: {'line': b'-- Up-to-date symlink: /home/maanavjugalshah/SwarmAero/ros2_ws/install/px4_msgs/include/px4_msgs/px4_msgs/msg/detail/vehicle_constraints__rosidl_typesupport_introspection_cpp.hpp\n'}
[1.681040] (px4_msgs) StdoutLine: {'line': b'-- Up-to-date symlink: /home/maanavjugalshah/SwarmAero/ros2_ws/install/px4_msgs/include/px4_msgs/px4_msgs/msg/detail/vehicle_control_mode__rosidl_typesupport_introspection_cpp.hpp\n'}
[1.681087] (px4_msgs) StdoutLine: {'line': b'-- Up-to-date symlink: /home/maanavjugalshah/SwarmAero/ros2_ws/install/px4_msgs/include/px4_msgs/px4_msgs/msg/detail/vehicle_global_position__rosidl_typesupport_introspection_cpp.hpp\n'}
[1.681342] (px4_msgs) StdoutLine: {'line': b'-- Up-to-date symlink: /home/maanavjugalshah/SwarmAero/ros2_ws/install/px4_msgs/include/px4_msgs/px4_msgs/msg/detail/vehicle_imu__rosidl_typesupport_introspection_cpp.hpp\n'}
[1.681460] (px4_msgs) StdoutLine: {'line': b'-- Up-to-date symlink: /home/maanavjugalshah/SwarmAero/ros2_ws/install/px4_msgs/include/px4_msgs/px4_msgs/msg/detail/vehicle_imu_status__rosidl_typesupport_introspection_cpp.hpp\n'}
[1.681549] (px4_msgs) StdoutLine: {'line': b'-- Up-to-date symlink: /home/maanavjugalshah/SwarmAero/ros2_ws/install/px4_msgs/include/px4_msgs/px4_msgs/msg/detail/vehicle_land_detected__rosidl_typesupport_introspection_cpp.hpp\n'}
[1.681619] (px4_msgs) StdoutLine: {'line': b'-- Up-to-date symlink: /home/maanavjugalshah/SwarmAero/ros2_ws/install/px4_msgs/include/px4_msgs/px4_msgs/msg/detail/vehicle_local_position__rosidl_typesupport_introspection_cpp.hpp\n'}
[1.681687] (px4_msgs) StdoutLine: {'line': b'-- Up-to-date symlink: /home/maanavjugalshah/SwarmAero/ros2_ws/install/px4_msgs/include/px4_msgs/px4_msgs/msg/detail/vehicle_local_position_setpoint__rosidl_typesupport_introspection_cpp.hpp\n'}
[1.681978] (px4_msgs) StdoutLine: {'line': b'-- Up-to-date symlink: /home/maanavjugalshah/SwarmAero/ros2_ws/install/px4_msgs/include/px4_msgs/px4_msgs/msg/detail/vehicle_magnetometer__rosidl_typesupport_introspection_cpp.hpp\n'}
[1.682057] (px4_msgs) StdoutLine: {'line': b'-- Up-to-date symlink: /home/maanavjugalshah/SwarmAero/ros2_ws/install/px4_msgs/include/px4_msgs/px4_msgs/msg/detail/vehicle_odometry__rosidl_typesupport_introspection_cpp.hpp\n'}
[1.682125] (px4_msgs) StdoutLine: {'line': b'-- Up-to-date symlink: /home/maanavjugalshah/SwarmAero/ros2_ws/install/px4_msgs/include/px4_msgs/px4_msgs/msg/detail/vehicle_optical_flow__rosidl_typesupport_introspection_cpp.hpp\n'}
[1.682162] (px4_msgs) StdoutLine: {'line': b'-- Up-to-date symlink: /home/maanavjugalshah/SwarmAero/ros2_ws/install/px4_msgs/include/px4_msgs/px4_msgs/msg/detail/vehicle_optical_flow_vel__rosidl_typesupport_introspection_cpp.hpp\n'}
[1.682203] (px4_msgs) StdoutLine: {'line': b'-- Up-to-date symlink: /home/maanavjugalshah/SwarmAero/ros2_ws/install/px4_msgs/include/px4_msgs/px4_msgs/msg/detail/vehicle_rates_setpoint__rosidl_typesupport_introspection_cpp.hpp\n'}
[1.682238] (px4_msgs) StdoutLine: {'line': b'-- Up-to-date symlink: /home/maanavjugalshah/SwarmAero/ros2_ws/install/px4_msgs/include/px4_msgs/px4_msgs/msg/detail/vehicle_roi__rosidl_typesupport_introspection_cpp.hpp\n'}
[1.682347] (px4_msgs) StdoutLine: {'line': b'-- Up-to-date symlink: /home/maanavjugalshah/SwarmAero/ros2_ws/install/px4_msgs/include/px4_msgs/px4_msgs/msg/detail/vehicle_status__rosidl_typesupport_introspection_cpp.hpp\n'}
[1.682390] (px4_msgs) StdoutLine: {'line': b'-- Up-to-date symlink: /home/maanavjugalshah/SwarmAero/ros2_ws/install/px4_msgs/include/px4_msgs/px4_msgs/msg/detail/vehicle_thrust_setpoint__rosidl_typesupport_introspection_cpp.hpp\n'}
[1.682478] (px4_msgs) StdoutLine: {'line': b'-- Up-to-date symlink: /home/maanavjugalshah/SwarmAero/ros2_ws/install/px4_msgs/include/px4_msgs/px4_msgs/msg/detail/vehicle_torque_setpoint__rosidl_typesupport_introspection_cpp.hpp\n'}
[1.682562] (px4_msgs) StdoutLine: {'line': b'-- Up-to-date symlink: /home/maanavjugalshah/SwarmAero/ros2_ws/install/px4_msgs/include/px4_msgs/px4_msgs/msg/detail/velocity_limits__rosidl_typesupport_introspection_cpp.hpp\n'}
[1.682660] (px4_msgs) StdoutLine: {'line': b'-- Up-to-date symlink: /home/maanavjugalshah/SwarmAero/ros2_ws/install/px4_msgs/include/px4_msgs/px4_msgs/msg/detail/vtol_vehicle_status__rosidl_typesupport_introspection_cpp.hpp\n'}
[1.682748] (px4_msgs) StdoutLine: {'line': b'-- Up-to-date symlink: /home/maanavjugalshah/SwarmAero/ros2_ws/install/px4_msgs/include/px4_msgs/px4_msgs/msg/detail/vtx__rosidl_typesupport_introspection_cpp.hpp\n'}
[1.682869] (px4_msgs) StdoutLine: {'line': b'-- Up-to-date symlink: /home/maanavjugalshah/SwarmAero/ros2_ws/install/px4_msgs/include/px4_msgs/px4_msgs/msg/detail/wheel_encoders__rosidl_typesupport_introspection_cpp.hpp\n'}
[1.682942] (px4_msgs) StdoutLine: {'line': b'-- Up-to-date symlink: /home/maanavjugalshah/SwarmAero/ros2_ws/install/px4_msgs/include/px4_msgs/px4_msgs/msg/detail/wind__rosidl_typesupport_introspection_cpp.hpp\n'}
[1.683108] (px4_msgs) StdoutLine: {'line': b'-- Up-to-date symlink: /home/maanavjugalshah/SwarmAero/ros2_ws/install/px4_msgs/include/px4_msgs/px4_msgs/msg/detail/yaw_estimator_status__rosidl_typesupport_introspection_cpp.hpp\n'}
[1.683273] (px4_msgs) StdoutLine: {'line': b'-- Up-to-date symlink: /home/maanavjugalshah/SwarmAero/ros2_ws/install/px4_msgs/include/px4_msgs/px4_msgs/srv/detail/vehicle_command__rosidl_typesupport_introspection_cpp.hpp\n'}
[1.683354] (px4_msgs) StdoutLine: {'line': b'-- Up-to-date symlink: /home/maanavjugalshah/SwarmAero/ros2_ws/install/px4_msgs/share/px4_msgs/environment/pythonpath.sh\n'}
[1.683484] (px4_msgs) StdoutLine: {'line': b'-- Up-to-date symlink: /home/maanavjugalshah/SwarmAero/ros2_ws/install/px4_msgs/share/px4_msgs/environment/pythonpath.dsv\n'}
[1.683615] (px4_msgs) StdoutLine: {'line': b'-- Up-to-date symlink: /home/maanavjugalshah/SwarmAero/ros2_ws/install/px4_msgs/local/lib/python3.10/dist-packages/px4_msgs-2.0.1-py3.10.egg-info/PKG-INFO\n'}
[1.683756] (px4_msgs) StdoutLine: {'line': b'-- Up-to-date symlink: /home/maanavjugalshah/SwarmAero/ros2_ws/install/px4_msgs/local/lib/python3.10/dist-packages/px4_msgs-2.0.1-py3.10.egg-info/SOURCES.txt\n'}
[1.683869] (px4_msgs) StdoutLine: {'line': b'-- Up-to-date symlink: /home/maanavjugalshah/SwarmAero/ros2_ws/install/px4_msgs/local/lib/python3.10/dist-packages/px4_msgs-2.0.1-py3.10.egg-info/dependency_links.txt\n'}
[1.684167] (px4_msgs) StdoutLine: {'line': b'-- Up-to-date symlink: /home/maanavjugalshah/SwarmAero/ros2_ws/install/px4_msgs/local/lib/python3.10/dist-packages/px4_msgs-2.0.1-py3.10.egg-info/top_level.txt\n'}
[1.684257] (px4_msgs) StdoutLine: {'line': b'-- Up-to-date symlink: /home/maanavjugalshah/SwarmAero/ros2_ws/install/px4_msgs/local/lib/python3.10/dist-packages/px4_msgs/__init__.py\n'}
[1.684465] (px4_msgs) StdoutLine: {'line': b'-- Up-to-date symlink: /home/maanavjugalshah/SwarmAero/ros2_ws/install/px4_msgs/local/lib/python3.10/dist-packages/px4_msgs/_px4_msgs_s.ep.rosidl_typesupport_c.c\n'}
[1.684593] (px4_msgs) StdoutLine: {'line': b'-- Up-to-date symlink: /home/maanavjugalshah/SwarmAero/ros2_ws/install/px4_msgs/local/lib/python3.10/dist-packages/px4_msgs/_px4_msgs_s.ep.rosidl_typesupport_fastrtps_c.c\n'}
[1.684734] (px4_msgs) StdoutLine: {'line': b'-- Up-to-date symlink: /home/maanavjugalshah/SwarmAero/ros2_ws/install/px4_msgs/local/lib/python3.10/dist-packages/px4_msgs/_px4_msgs_s.ep.rosidl_typesupport_introspection_c.c\n'}
[1.684850] (px4_msgs) StdoutLine: {'line': b'-- Up-to-date symlink: /home/maanavjugalshah/SwarmAero/ros2_ws/install/px4_msgs/local/lib/python3.10/dist-packages/px4_msgs/libpx4_msgs__rosidl_generator_py.so\n'}
[1.684965] (px4_msgs) StdoutLine: {'line': b'-- Up-to-date symlink: /home/maanavjugalshah/SwarmAero/ros2_ws/install/px4_msgs/local/lib/python3.10/dist-packages/px4_msgs/msg/__init__.py\n'}
[1.685219] (px4_msgs) StdoutLine: {'line': b'-- Up-to-date symlink: /home/maanavjugalshah/SwarmAero/ros2_ws/install/px4_msgs/local/lib/python3.10/dist-packages/px4_msgs/msg/_action_request.py\n'}
[1.685388] (px4_msgs) StdoutLine: {'line': b'-- Up-to-date symlink: /home/maanavjugalshah/SwarmAero/ros2_ws/install/px4_msgs/local/lib/python3.10/dist-packages/px4_msgs/msg/_action_request_s.c\n'}
[1.685694] (px4_msgs) StdoutLine: {'line': b'-- Up-to-date symlink: /home/maanavjugalshah/SwarmAero/ros2_ws/install/px4_msgs/local/lib/python3.10/dist-packages/px4_msgs/msg/_actuator_armed.py\n'}
[1.685770] (px4_msgs) StdoutLine: {'line': b'-- Up-to-date symlink: /home/maanavjugalshah/SwarmAero/ros2_ws/install/px4_msgs/local/lib/python3.10/dist-packages/px4_msgs/msg/_actuator_armed_s.c\n'}
[1.686359] (px4_msgs) StdoutLine: {'line': b'-- Up-to-date symlink: /home/maanavjugalshah/SwarmAero/ros2_ws/install/px4_msgs/local/lib/python3.10/dist-packages/px4_msgs/msg/_actuator_controls_status.py\n'}
[1.686467] (px4_msgs) StdoutLine: {'line': b'-- Up-to-date symlink: /home/maanavjugalshah/SwarmAero/ros2_ws/install/px4_msgs/local/lib/python3.10/dist-packages/px4_msgs/msg/_actuator_controls_status_s.c\n'}
[1.686573] (px4_msgs) StdoutLine: {'line': b'-- Up-to-date symlink: /home/maanavjugalshah/SwarmAero/ros2_ws/install/px4_msgs/local/lib/python3.10/dist-packages/px4_msgs/msg/_actuator_motors.py\n'}
[1.686658] (px4_msgs) StdoutLine: {'line': b'-- Up-to-date symlink: /home/maanavjugalshah/SwarmAero/ros2_ws/install/px4_msgs/local/lib/python3.10/dist-packages/px4_msgs/msg/_actuator_motors_s.c\n'}
[1.686961] (px4_msgs) StdoutLine: {'line': b'-- Up-to-date symlink: /home/maanavjugalshah/SwarmAero/ros2_ws/install/px4_msgs/local/lib/python3.10/dist-packages/px4_msgs/msg/_actuator_outputs.py\n'}
[1.687064] (px4_msgs) StdoutLine: {'line': b'-- Up-to-date symlink: /home/maanavjugalshah/SwarmAero/ros2_ws/install/px4_msgs/local/lib/python3.10/dist-packages/px4_msgs/msg/_actuator_outputs_s.c\n'}
[1.687298] (px4_msgs) StdoutLine: {'line': b'-- Up-to-date symlink: /home/maanavjugalshah/SwarmAero/ros2_ws/install/px4_msgs/local/lib/python3.10/dist-packages/px4_msgs/msg/_actuator_servos.py\n'}
[1.687436] (px4_msgs) StdoutLine: {'line': b'-- Up-to-date symlink: /home/maanavjugalshah/SwarmAero/ros2_ws/install/px4_msgs/local/lib/python3.10/dist-packages/px4_msgs/msg/_actuator_servos_s.c\n'}
[1.687539] (px4_msgs) StdoutLine: {'line': b'-- Up-to-date symlink: /home/maanavjugalshah/SwarmAero/ros2_ws/install/px4_msgs/local/lib/python3.10/dist-packages/px4_msgs/msg/_actuator_servos_trim.py\n'}
[1.687743] (px4_msgs) StdoutLine: {'line': b'-- Up-to-date symlink: /home/maanavjugalshah/SwarmAero/ros2_ws/install/px4_msgs/local/lib/python3.10/dist-packages/px4_msgs/msg/_actuator_servos_trim_s.c\n'}
[1.687896] (px4_msgs) StdoutLine: {'line': b'-- Up-to-date symlink: /home/maanavjugalshah/SwarmAero/ros2_ws/install/px4_msgs/local/lib/python3.10/dist-packages/px4_msgs/msg/_actuator_test.py\n'}
[1.688058] (px4_msgs) StdoutLine: {'line': b'-- Up-to-date symlink: /home/maanavjugalshah/SwarmAero/ros2_ws/install/px4_msgs/local/lib/python3.10/dist-packages/px4_msgs/msg/_actuator_test_s.c\n'}
[1.688230] (px4_msgs) StdoutLine: {'line': b'-- Up-to-date symlink: /home/maanavjugalshah/SwarmAero/ros2_ws/install/px4_msgs/local/lib/python3.10/dist-packages/px4_msgs/msg/_adc_report.py\n'}
[1.688387] (px4_msgs) StdoutLine: {'line': b'-- Up-to-date symlink: /home/maanavjugalshah/SwarmAero/ros2_ws/install/px4_msgs/local/lib/python3.10/dist-packages/px4_msgs/msg/_adc_report_s.c\n'}
[1.688523] (px4_msgs) StdoutLine: {'line': b'-- Up-to-date symlink: /home/maanavjugalshah/SwarmAero/ros2_ws/install/px4_msgs/local/lib/python3.10/dist-packages/px4_msgs/msg/_airspeed.py\n'}
[1.688610] (px4_msgs) StdoutLine: {'line': b'-- Up-to-date symlink: /home/maanavjugalshah/SwarmAero/ros2_ws/install/px4_msgs/local/lib/python3.10/dist-packages/px4_msgs/msg/_airspeed_s.c\n'}
[1.688923] (px4_msgs) StdoutLine: {'line': b'-- Up-to-date symlink: /home/maanavjugalshah/SwarmAero/ros2_ws/install/px4_msgs/local/lib/python3.10/dist-packages/px4_msgs/msg/_airspeed_validated.py\n'}
[1.689197] (px4_msgs) StdoutLine: {'line': b'-- Up-to-date symlink: /home/maanavjugalshah/SwarmAero/ros2_ws/install/px4_msgs/local/lib/python3.10/dist-packages/px4_msgs/msg/_airspeed_validated_s.c\n'}
[1.689314] (px4_msgs) StdoutLine: {'line': b'-- Up-to-date symlink: /home/maanavjugalshah/SwarmAero/ros2_ws/install/px4_msgs/local/lib/python3.10/dist-packages/px4_msgs/msg/_airspeed_wind.py\n'}
[1.689399] (px4_msgs) StdoutLine: {'line': b'-- Up-to-date symlink: /home/maanavjugalshah/SwarmAero/ros2_ws/install/px4_msgs/local/lib/python3.10/dist-packages/px4_msgs/msg/_airspeed_wind_s.c\n'}
[1.689667] (px4_msgs) StdoutLine: {'line': b'-- Up-to-date symlink: /home/maanavjugalshah/SwarmAero/ros2_ws/install/px4_msgs/local/lib/python3.10/dist-packages/px4_msgs/msg/_arming_check_reply.py\n'}
[1.689977] (px4_msgs) StdoutLine: {'line': b'-- Up-to-date symlink: /home/maanavjugalshah/SwarmAero/ros2_ws/install/px4_msgs/local/lib/python3.10/dist-packages/px4_msgs/msg/_arming_check_reply_s.c\n'}
[1.690068] (px4_msgs) StdoutLine: {'line': b'-- Up-to-date symlink: /home/maanavjugalshah/SwarmAero/ros2_ws/install/px4_msgs/local/lib/python3.10/dist-packages/px4_msgs/msg/_arming_check_request.py\n'}
[1.690153] (px4_msgs) StdoutLine: {'line': b'-- Up-to-date symlink: /home/maanavjugalshah/SwarmAero/ros2_ws/install/px4_msgs/local/lib/python3.10/dist-packages/px4_msgs/msg/_arming_check_request_s.c\n'}
[1.690228] (px4_msgs) StdoutLine: {'line': b'-- Up-to-date symlink: /home/maanavjugalshah/SwarmAero/ros2_ws/install/px4_msgs/local/lib/python3.10/dist-packages/px4_msgs/msg/_autotune_attitude_control_status.py\n'}
[1.690315] (px4_msgs) StdoutLine: {'line': b'-- Up-to-date symlink: /home/maanavjugalshah/SwarmAero/ros2_ws/install/px4_msgs/local/lib/python3.10/dist-packages/px4_msgs/msg/_autotune_attitude_control_status_s.c\n'}
[1.690798] (px4_msgs) StdoutLine: {'line': b'-- Up-to-date symlink: /home/maanavjugalshah/SwarmAero/ros2_ws/install/px4_msgs/local/lib/python3.10/dist-packages/px4_msgs/msg/_aux_global_position.py\n'}
[1.691252] (px4_msgs) StdoutLine: {'line': b'-- Up-to-date symlink: /home/maanavjugalshah/SwarmAero/ros2_ws/install/px4_msgs/local/lib/python3.10/dist-packages/px4_msgs/msg/_aux_global_position_s.c\n'}
[1.691331] (px4_msgs) StdoutLine: {'line': b'-- Up-to-date symlink: /home/maanavjugalshah/SwarmAero/ros2_ws/install/px4_msgs/local/lib/python3.10/dist-packages/px4_msgs/msg/_battery_info.py\n'}
[1.691419] (px4_msgs) StdoutLine: {'line': b'-- Up-to-date symlink: /home/maanavjugalshah/SwarmAero/ros2_ws/install/px4_msgs/local/lib/python3.10/dist-packages/px4_msgs/msg/_battery_info_s.c\n'}
[1.691506] (px4_msgs) StdoutLine: {'line': b'-- Up-to-date symlink: /home/maanavjugalshah/SwarmAero/ros2_ws/install/px4_msgs/local/lib/python3.10/dist-packages/px4_msgs/msg/_battery_status.py\n'}
[1.691749] (px4_msgs) StdoutLine: {'line': b'-- Up-to-date symlink: /home/maanavjugalshah/SwarmAero/ros2_ws/install/px4_msgs/local/lib/python3.10/dist-packages/px4_msgs/msg/_battery_status_s.c\n'}
[1.691885] (px4_msgs) StdoutLine: {'line': b'-- Up-to-date symlink: /home/maanavjugalshah/SwarmAero/ros2_ws/install/px4_msgs/local/lib/python3.10/dist-packages/px4_msgs/msg/_button_event.py\n'}
[1.692052] (px4_msgs) StdoutLine: {'line': b'-- Up-to-date symlink: /home/maanavjugalshah/SwarmAero/ros2_ws/install/px4_msgs/local/lib/python3.10/dist-packages/px4_msgs/msg/_button_event_s.c\n'}
[1.692123] (px4_msgs) StdoutLine: {'line': b'-- Up-to-date symlink: /home/maanavjugalshah/SwarmAero/ros2_ws/install/px4_msgs/local/lib/python3.10/dist-packages/px4_msgs/msg/_camera_capture.py\n'}
[1.692408] (px4_msgs) StdoutLine: {'line': b'-- Up-to-date symlink: /home/maanavjugalshah/SwarmAero/ros2_ws/install/px4_msgs/local/lib/python3.10/dist-packages/px4_msgs/msg/_camera_capture_s.c\n'}
[1.692480] (px4_msgs) StdoutLine: {'line': b'-- Up-to-date symlink: /home/maanavjugalshah/SwarmAero/ros2_ws/install/px4_msgs/local/lib/python3.10/dist-packages/px4_msgs/msg/_camera_status.py\n'}
[1.692596] (px4_msgs) StdoutLine: {'line': b'-- Up-to-date symlink: /home/maanavjugalshah/SwarmAero/ros2_ws/install/px4_msgs/local/lib/python3.10/dist-packages/px4_msgs/msg/_camera_status_s.c\n'}
[1.692697] (px4_msgs) StdoutLine: {'line': b'-- Up-to-date symlink: /home/maanavjugalshah/SwarmAero/ros2_ws/install/px4_msgs/local/lib/python3.10/dist-packages/px4_msgs/msg/_camera_trigger.py\n'}
[1.692770] (px4_msgs) StdoutLine: {'line': b'-- Up-to-date symlink: /home/maanavjugalshah/SwarmAero/ros2_ws/install/px4_msgs/local/lib/python3.10/dist-packages/px4_msgs/msg/_camera_trigger_s.c\n'}
[1.692870] (px4_msgs) StdoutLine: {'line': b'-- Up-to-date symlink: /home/maanavjugalshah/SwarmAero/ros2_ws/install/px4_msgs/local/lib/python3.10/dist-packages/px4_msgs/msg/_can_interface_status.py\n'}
[1.693112] (px4_msgs) StdoutLine: {'line': b'-- Up-to-date symlink: /home/maanavjugalshah/SwarmAero/ros2_ws/install/px4_msgs/local/lib/python3.10/dist-packages/px4_msgs/msg/_can_interface_status_s.c\n'}
[1.693306] (px4_msgs) StdoutLine: {'line': b'-- Up-to-date symlink: /home/maanavjugalshah/SwarmAero/ros2_ws/install/px4_msgs/local/lib/python3.10/dist-packages/px4_msgs/msg/_cellular_status.py\n'}
[1.693500] (px4_msgs) StdoutLine: {'line': b'-- Up-to-date symlink: /home/maanavjugalshah/SwarmAero/ros2_ws/install/px4_msgs/local/lib/python3.10/dist-packages/px4_msgs/msg/_cellular_status_s.c\n'}
[1.693644] (px4_msgs) StdoutLine: {'line': b'-- Up-to-date symlink: /home/maanavjugalshah/SwarmAero/ros2_ws/install/px4_msgs/local/lib/python3.10/dist-packages/px4_msgs/msg/_collision_constraints.py\n'}
[1.693700] (px4_msgs) StdoutLine: {'line': b'-- Up-to-date symlink: /home/maanavjugalshah/SwarmAero/ros2_ws/install/px4_msgs/local/lib/python3.10/dist-packages/px4_msgs/msg/_collision_constraints_s.c\n'}
[1.693819] (px4_msgs) StdoutLine: {'line': b'-- Up-to-date symlink: /home/maanavjugalshah/SwarmAero/ros2_ws/install/px4_msgs/local/lib/python3.10/dist-packages/px4_msgs/msg/_config_overrides.py\n'}
[1.693926] (px4_msgs) StdoutLine: {'line': b'-- Up-to-date symlink: /home/maanavjugalshah/SwarmAero/ros2_ws/install/px4_msgs/local/lib/python3.10/dist-packages/px4_msgs/msg/_config_overrides_s.c\n'}
[1.694231] (px4_msgs) StdoutLine: {'line': b'-- Up-to-date symlink: /home/maanavjugalshah/SwarmAero/ros2_ws/install/px4_msgs/local/lib/python3.10/dist-packages/px4_msgs/msg/_control_allocator_status.py\n'}
[1.694286] (px4_msgs) StdoutLine: {'line': b'-- Up-to-date symlink: /home/maanavjugalshah/SwarmAero/ros2_ws/install/px4_msgs/local/lib/python3.10/dist-packages/px4_msgs/msg/_control_allocator_status_s.c\n'}
[1.694354] (px4_msgs) StdoutLine: {'line': b'-- Up-to-date symlink: /home/maanavjugalshah/SwarmAero/ros2_ws/install/px4_msgs/local/lib/python3.10/dist-packages/px4_msgs/msg/_cpuload.py\n'}
[1.694450] (px4_msgs) StdoutLine: {'line': b'-- Up-to-date symlink: /home/maanavjugalshah/SwarmAero/ros2_ws/install/px4_msgs/local/lib/python3.10/dist-packages/px4_msgs/msg/_cpuload_s.c\n'}
[1.694577] (px4_msgs) StdoutLine: {'line': b'-- Up-to-date symlink: /home/maanavjugalshah/SwarmAero/ros2_ws/install/px4_msgs/local/lib/python3.10/dist-packages/px4_msgs/msg/_dataman_request.py\n'}
[1.694678] (px4_msgs) StdoutLine: {'line': b'-- Up-to-date symlink: /home/maanavjugalshah/SwarmAero/ros2_ws/install/px4_msgs/local/lib/python3.10/dist-packages/px4_msgs/msg/_dataman_request_s.c\n'}
[1.694805] (px4_msgs) StdoutLine: {'line': b'-- Up-to-date symlink: /home/maanavjugalshah/SwarmAero/ros2_ws/install/px4_msgs/local/lib/python3.10/dist-packages/px4_msgs/msg/_dataman_response.py\n'}
[1.694905] (px4_msgs) StdoutLine: {'line': b'-- Up-to-date symlink: /home/maanavjugalshah/SwarmAero/ros2_ws/install/px4_msgs/local/lib/python3.10/dist-packages/px4_msgs/msg/_dataman_response_s.c\n'}
[1.695133] (px4_msgs) StdoutLine: {'line': b'-- Up-to-date symlink: /home/maanavjugalshah/SwarmAero/ros2_ws/install/px4_msgs/local/lib/python3.10/dist-packages/px4_msgs/msg/_debug_array.py\n'}
[1.695465] (px4_msgs) StdoutLine: {'line': b'-- Up-to-date symlink: /home/maanavjugalshah/SwarmAero/ros2_ws/install/px4_msgs/local/lib/python3.10/dist-packages/px4_msgs/msg/_debug_array_s.c\n'}
[1.695658] (px4_msgs) StdoutLine: {'line': b'-- Up-to-date symlink: /home/maanavjugalshah/SwarmAero/ros2_ws/install/px4_msgs/local/lib/python3.10/dist-packages/px4_msgs/msg/_debug_key_value.py\n'}
[1.695719] (px4_msgs) StdoutLine: {'line': b'-- Up-to-date symlink: /home/maanavjugalshah/SwarmAero/ros2_ws/install/px4_msgs/local/lib/python3.10/dist-packages/px4_msgs/msg/_debug_key_value_s.c\n'}
[1.695877] (px4_msgs) StdoutLine: {'line': b'-- Up-to-date symlink: /home/maanavjugalshah/SwarmAero/ros2_ws/install/px4_msgs/local/lib/python3.10/dist-packages/px4_msgs/msg/_debug_value.py\n'}
[1.695924] (px4_msgs) StdoutLine: {'line': b'-- Up-to-date symlink: /home/maanavjugalshah/SwarmAero/ros2_ws/install/px4_msgs/local/lib/python3.10/dist-packages/px4_msgs/msg/_debug_value_s.c\n'}
[1.696435] (px4_msgs) StdoutLine: {'line': b'-- Up-to-date symlink: /home/maanavjugalshah/SwarmAero/ros2_ws/install/px4_msgs/local/lib/python3.10/dist-packages/px4_msgs/msg/_debug_vect.py\n'}
[1.696567] (px4_msgs) StdoutLine: {'line': b'-- Up-to-date symlink: /home/maanavjugalshah/SwarmAero/ros2_ws/install/px4_msgs/local/lib/python3.10/dist-packages/px4_msgs/msg/_debug_vect_s.c\n'}
[1.696695] (px4_msgs) StdoutLine: {'line': b'-- Up-to-date symlink: /home/maanavjugalshah/SwarmAero/ros2_ws/install/px4_msgs/local/lib/python3.10/dist-packages/px4_msgs/msg/_device_information.py\n'}
[1.696837] (px4_msgs) StdoutLine: {'line': b'-- Up-to-date symlink: /home/maanavjugalshah/SwarmAero/ros2_ws/install/px4_msgs/local/lib/python3.10/dist-packages/px4_msgs/msg/_device_information_s.c\n'}
[1.697197] (px4_msgs) StdoutLine: {'line': b'-- Up-to-date symlink: /home/maanavjugalshah/SwarmAero/ros2_ws/install/px4_msgs/local/lib/python3.10/dist-packages/px4_msgs/msg/_differential_pressure.py\n'}
[1.697491] (px4_msgs) StdoutLine: {'line': b'-- Up-to-date symlink: /home/maanavjugalshah/SwarmAero/ros2_ws/install/px4_msgs/local/lib/python3.10/dist-packages/px4_msgs/msg/_differential_pressure_s.c\n'}
[1.697585] (px4_msgs) StdoutLine: {'line': b'-- Up-to-date symlink: /home/maanavjugalshah/SwarmAero/ros2_ws/install/px4_msgs/local/lib/python3.10/dist-packages/px4_msgs/msg/_distance_sensor.py\n'}
[1.697927] (px4_msgs) StdoutLine: {'line': b'-- Up-to-date symlink: /home/maanavjugalshah/SwarmAero/ros2_ws/install/px4_msgs/local/lib/python3.10/dist-packages/px4_msgs/msg/_distance_sensor_mode_change_request.py\n'}
[1.698315] (px4_msgs) StdoutLine: {'line': b'-- Up-to-date symlink: /home/maanavjugalshah/SwarmAero/ros2_ws/install/px4_msgs/local/lib/python3.10/dist-packages/px4_msgs/msg/_distance_sensor_mode_change_request_s.c\n'}
[1.698443] (px4_msgs) StdoutLine: {'line': b'-- Up-to-date symlink: /home/maanavjugalshah/SwarmAero/ros2_ws/install/px4_msgs/local/lib/python3.10/dist-packages/px4_msgs/msg/_distance_sensor_s.c\n'}
[1.698522] (px4_msgs) StdoutLine: {'line': b'-- Up-to-date symlink: /home/maanavjugalshah/SwarmAero/ros2_ws/install/px4_msgs/local/lib/python3.10/dist-packages/px4_msgs/msg/_dronecan_node_status.py\n'}
[1.698828] (px4_msgs) StdoutLine: {'line': b'-- Up-to-date symlink: /home/maanavjugalshah/SwarmAero/ros2_ws/install/px4_msgs/local/lib/python3.10/dist-packages/px4_msgs/msg/_dronecan_node_status_s.c\n'}
[1.698952] (px4_msgs) StdoutLine: {'line': b'-- Up-to-date symlink: /home/maanavjugalshah/SwarmAero/ros2_ws/install/px4_msgs/local/lib/python3.10/dist-packages/px4_msgs/msg/_ekf2_timestamps.py\n'}
[1.699067] (px4_msgs) StdoutLine: {'line': b'-- Up-to-date symlink: /home/maanavjugalshah/SwarmAero/ros2_ws/install/px4_msgs/local/lib/python3.10/dist-packages/px4_msgs/msg/_ekf2_timestamps_s.c\n'}
[1.699362] (px4_msgs) StdoutLine: {'line': b'-- Up-to-date symlink: /home/maanavjugalshah/SwarmAero/ros2_ws/install/px4_msgs/local/lib/python3.10/dist-packages/px4_msgs/msg/_esc_eeprom_read.py\n'}
[1.699418] (px4_msgs) StdoutLine: {'line': b'-- Up-to-date symlink: /home/maanavjugalshah/SwarmAero/ros2_ws/install/px4_msgs/local/lib/python3.10/dist-packages/px4_msgs/msg/_esc_eeprom_read_s.c\n'}
[1.699724] (px4_msgs) StdoutLine: {'line': b'-- Up-to-date symlink: /home/maanavjugalshah/SwarmAero/ros2_ws/install/px4_msgs/local/lib/python3.10/dist-packages/px4_msgs/msg/_esc_eeprom_write.py\n'}
[1.699822] (px4_msgs) StdoutLine: {'line': b'-- Up-to-date symlink: /home/maanavjugalshah/SwarmAero/ros2_ws/install/px4_msgs/local/lib/python3.10/dist-packages/px4_msgs/msg/_esc_eeprom_write_s.c\n'}
[1.699888] (px4_msgs) StdoutLine: {'line': b'-- Up-to-date symlink: /home/maanavjugalshah/SwarmAero/ros2_ws/install/px4_msgs/local/lib/python3.10/dist-packages/px4_msgs/msg/_esc_report.py\n'}
[1.699991] (px4_msgs) StdoutLine: {'line': b'-- Up-to-date symlink: /home/maanavjugalshah/SwarmAero/ros2_ws/install/px4_msgs/local/lib/python3.10/dist-packages/px4_msgs/msg/_esc_report_s.c\n'}
[1.700226] (px4_msgs) StdoutLine: {'line': b'-- Up-to-date symlink: /home/maanavjugalshah/SwarmAero/ros2_ws/install/px4_msgs/local/lib/python3.10/dist-packages/px4_msgs/msg/_esc_status.py\n'}
[1.700380] (px4_msgs) StdoutLine: {'line': b'-- Up-to-date symlink: /home/maanavjugalshah/SwarmAero/ros2_ws/install/px4_msgs/local/lib/python3.10/dist-packages/px4_msgs/msg/_esc_status_s.c\n'}
[1.700464] (px4_msgs) StdoutLine: {'line': b'-- Up-to-date symlink: /home/maanavjugalshah/SwarmAero/ros2_ws/install/px4_msgs/local/lib/python3.10/dist-packages/px4_msgs/msg/_estimator_aid_source1d.py\n'}
[1.700507] (px4_msgs) StdoutLine: {'line': b'-- Up-to-date symlink: /home/maanavjugalshah/SwarmAero/ros2_ws/install/px4_msgs/local/lib/python3.10/dist-packages/px4_msgs/msg/_estimator_aid_source1d_s.c\n'}
[1.700546] (px4_msgs) StdoutLine: {'line': b'-- Up-to-date symlink: /home/maanavjugalshah/SwarmAero/ros2_ws/install/px4_msgs/local/lib/python3.10/dist-packages/px4_msgs/msg/_estimator_aid_source2d.py\n'}
[1.700597] (px4_msgs) StdoutLine: {'line': b'-- Up-to-date symlink: /home/maanavjugalshah/SwarmAero/ros2_ws/install/px4_msgs/local/lib/python3.10/dist-packages/px4_msgs/msg/_estimator_aid_source2d_s.c\n'}
[1.700734] (px4_msgs) StdoutLine: {'line': b'-- Up-to-date symlink: /home/maanavjugalshah/SwarmAero/ros2_ws/install/px4_msgs/local/lib/python3.10/dist-packages/px4_msgs/msg/_estimator_aid_source3d.py\n'}
[1.700875] (px4_msgs) StdoutLine: {'line': b'-- Up-to-date symlink: /home/maanavjugalshah/SwarmAero/ros2_ws/install/px4_msgs/local/lib/python3.10/dist-packages/px4_msgs/msg/_estimator_aid_source3d_s.c\n'}
[1.700932] (px4_msgs) StdoutLine: {'line': b'-- Up-to-date symlink: /home/maanavjugalshah/SwarmAero/ros2_ws/install/px4_msgs/local/lib/python3.10/dist-packages/px4_msgs/msg/_estimator_bias.py\n'}
[1.700969] (px4_msgs) StdoutLine: {'line': b'-- Up-to-date symlink: /home/maanavjugalshah/SwarmAero/ros2_ws/install/px4_msgs/local/lib/python3.10/dist-packages/px4_msgs/msg/_estimator_bias3d.py\n'}
[1.701005] (px4_msgs) StdoutLine: {'line': b'-- Up-to-date symlink: /home/maanavjugalshah/SwarmAero/ros2_ws/install/px4_msgs/local/lib/python3.10/dist-packages/px4_msgs/msg/_estimator_bias3d_s.c\n'}
[1.701087] (px4_msgs) StdoutLine: {'line': b'-- Up-to-date symlink: /home/maanavjugalshah/SwarmAero/ros2_ws/install/px4_msgs/local/lib/python3.10/dist-packages/px4_msgs/msg/_estimator_bias_s.c\n'}
[1.701157] (px4_msgs) StdoutLine: {'line': b'-- Up-to-date symlink: /home/maanavjugalshah/SwarmAero/ros2_ws/install/px4_msgs/local/lib/python3.10/dist-packages/px4_msgs/msg/_estimator_event_flags.py\n'}
[1.701343] (px4_msgs) StdoutLine: {'line': b'-- Up-to-date symlink: /home/maanavjugalshah/SwarmAero/ros2_ws/install/px4_msgs/local/lib/python3.10/dist-packages/px4_msgs/msg/_estimator_event_flags_s.c\n'}
[1.701417] (px4_msgs) StdoutLine: {'line': b'-- Up-to-date symlink: /home/maanavjugalshah/SwarmAero/ros2_ws/install/px4_msgs/local/lib/python3.10/dist-packages/px4_msgs/msg/_estimator_fusion_control.py\n'}
[1.701455] (px4_msgs) StdoutLine: {'line': b'-- Up-to-date symlink: /home/maanavjugalshah/SwarmAero/ros2_ws/install/px4_msgs/local/lib/python3.10/dist-packages/px4_msgs/msg/_estimator_fusion_control_s.c\n'}
[1.701519] (px4_msgs) StdoutLine: {'line': b'-- Up-to-date symlink: /home/maanavjugalshah/SwarmAero/ros2_ws/install/px4_msgs/local/lib/python3.10/dist-packages/px4_msgs/msg/_estimator_gps_status.py\n'}
[1.701985] (px4_msgs) StdoutLine: {'line': b'-- Up-to-date symlink: /home/maanavjugalshah/SwarmAero/ros2_ws/install/px4_msgs/local/lib/python3.10/dist-packages/px4_msgs/msg/_estimator_gps_status_s.c\n'}
[1.702056] (px4_msgs) StdoutLine: {'line': b'-- Up-to-date symlink: /home/maanavjugalshah/SwarmAero/ros2_ws/install/px4_msgs/local/lib/python3.10/dist-packages/px4_msgs/msg/_estimator_innovations.py\n'}
[1.702094] (px4_msgs) StdoutLine: {'line': b'-- Up-to-date symlink: /home/maanavjugalshah/SwarmAero/ros2_ws/install/px4_msgs/local/lib/python3.10/dist-packages/px4_msgs/msg/_estimator_innovations_s.c\n'}
[1.702159] (px4_msgs) StdoutLine: {'line': b'-- Up-to-date symlink: /home/maanavjugalshah/SwarmAero/ros2_ws/install/px4_msgs/local/lib/python3.10/dist-packages/px4_msgs/msg/_estimator_selector_status.py\n'}
[1.702197] (px4_msgs) StdoutLine: {'line': b'-- Up-to-date symlink: /home/maanavjugalshah/SwarmAero/ros2_ws/install/px4_msgs/local/lib/python3.10/dist-packages/px4_msgs/msg/_estimator_selector_status_s.c\n'}
[1.702454] (px4_msgs) StdoutLine: {'line': b'-- Up-to-date symlink: /home/maanavjugalshah/SwarmAero/ros2_ws/install/px4_msgs/local/lib/python3.10/dist-packages/px4_msgs/msg/_estimator_sensor_bias.py\n'}
[1.702849] (px4_msgs) StdoutLine: {'line': b'-- Up-to-date symlink: /home/maanavjugalshah/SwarmAero/ros2_ws/install/px4_msgs/local/lib/python3.10/dist-packages/px4_msgs/msg/_estimator_sensor_bias_s.c\n'}
[1.702985] (px4_msgs) StdoutLine: {'line': b'-- Up-to-date symlink: /home/maanavjugalshah/SwarmAero/ros2_ws/install/px4_msgs/local/lib/python3.10/dist-packages/px4_msgs/msg/_estimator_states.py\n'}
[1.703103] (px4_msgs) StdoutLine: {'line': b'-- Up-to-date symlink: /home/maanavjugalshah/SwarmAero/ros2_ws/install/px4_msgs/local/lib/python3.10/dist-packages/px4_msgs/msg/_estimator_states_s.c\n'}
[1.703168] (px4_msgs) StdoutLine: {'line': b'-- Up-to-date symlink: /home/maanavjugalshah/SwarmAero/ros2_ws/install/px4_msgs/local/lib/python3.10/dist-packages/px4_msgs/msg/_estimator_status.py\n'}
[1.703350] (px4_msgs) StdoutLine: {'line': b'-- Up-to-date symlink: /home/maanavjugalshah/SwarmAero/ros2_ws/install/px4_msgs/local/lib/python3.10/dist-packages/px4_msgs/msg/_estimator_status_flags.py\n'}
[1.703431] (px4_msgs) StdoutLine: {'line': b'-- Up-to-date symlink: /home/maanavjugalshah/SwarmAero/ros2_ws/install/px4_msgs/local/lib/python3.10/dist-packages/px4_msgs/msg/_estimator_status_flags_s.c\n'}
[1.703556] (-) TimerEvent: {}
[1.703739] (px4_msgs) StdoutLine: {'line': b'-- Up-to-date symlink: /home/maanavjugalshah/SwarmAero/ros2_ws/install/px4_msgs/local/lib/python3.10/dist-packages/px4_msgs/msg/_estimator_status_s.c\n'}
[1.703944] (px4_msgs) StdoutLine: {'line': b'-- Up-to-date symlink: /home/maanavjugalshah/SwarmAero/ros2_ws/install/px4_msgs/local/lib/python3.10/dist-packages/px4_msgs/msg/_event.py\n'}
[1.704105] (px4_msgs) StdoutLine: {'line': b'-- Up-to-date symlink: /home/maanavjugalshah/SwarmAero/ros2_ws/install/px4_msgs/local/lib/python3.10/dist-packages/px4_msgs/msg/_event_s.c\n'}
[1.704185] (px4_msgs) StdoutLine: {'line': b'-- Up-to-date symlink: /home/maanavjugalshah/SwarmAero/ros2_ws/install/px4_msgs/local/lib/python3.10/dist-packages/px4_msgs/msg/_failsafe_flags.py\n'}
[1.704351] (px4_msgs) StdoutLine: {'line': b'-- Up-to-date symlink: /home/maanavjugalshah/SwarmAero/ros2_ws/install/px4_msgs/local/lib/python3.10/dist-packages/px4_msgs/msg/_failsafe_flags_s.c\n'}
[1.704515] (px4_msgs) StdoutLine: {'line': b'-- Up-to-date symlink: /home/maanavjugalshah/SwarmAero/ros2_ws/install/px4_msgs/local/lib/python3.10/dist-packages/px4_msgs/msg/_failure_detector_status.py\n'}
[1.704618] (px4_msgs) StdoutLine: {'line': b'-- Up-to-date symlink: /home/maanavjugalshah/SwarmAero/ros2_ws/install/px4_msgs/local/lib/python3.10/dist-packages/px4_msgs/msg/_failure_detector_status_s.c\n'}
[1.704733] (px4_msgs) StdoutLine: {'line': b'-- Up-to-date symlink: /home/maanavjugalshah/SwarmAero/ros2_ws/install/px4_msgs/local/lib/python3.10/dist-packages/px4_msgs/msg/_figure_eight_status.py\n'}
[1.704816] (px4_msgs) StdoutLine: {'line': b'-- Up-to-date symlink: /home/maanavjugalshah/SwarmAero/ros2_ws/install/px4_msgs/local/lib/python3.10/dist-packages/px4_msgs/msg/_figure_eight_status_s.c\n'}
[1.704890] (px4_msgs) StdoutLine: {'line': b'-- Up-to-date symlink: /home/maanavjugalshah/SwarmAero/ros2_ws/install/px4_msgs/local/lib/python3.10/dist-packages/px4_msgs/msg/_fixed_wing_lateral_guidance_status.py\n'}
[1.705132] (px4_msgs) StdoutLine: {'line': b'-- Up-to-date symlink: /home/maanavjugalshah/SwarmAero/ros2_ws/install/px4_msgs/local/lib/python3.10/dist-packages/px4_msgs/msg/_fixed_wing_lateral_guidance_status_s.c\n'}
[1.705220] (px4_msgs) StdoutLine: {'line': b'-- Up-to-date symlink: /home/maanavjugalshah/SwarmAero/ros2_ws/install/px4_msgs/local/lib/python3.10/dist-packages/px4_msgs/msg/_fixed_wing_lateral_setpoint.py\n'}
[1.705348] (px4_msgs) StdoutLine: {'line': b'-- Up-to-date symlink: /home/maanavjugalshah/SwarmAero/ros2_ws/install/px4_msgs/local/lib/python3.10/dist-packages/px4_msgs/msg/_fixed_wing_lateral_setpoint_s.c\n'}
[1.705397] (px4_msgs) StdoutLine: {'line': b'-- Up-to-date symlink: /home/maanavjugalshah/SwarmAero/ros2_ws/install/px4_msgs/local/lib/python3.10/dist-packages/px4_msgs/msg/_fixed_wing_lateral_status.py\n'}
[1.705437] (px4_msgs) StdoutLine: {'line': b'-- Up-to-date symlink: /home/maanavjugalshah/SwarmAero/ros2_ws/install/px4_msgs/local/lib/python3.10/dist-packages/px4_msgs/msg/_fixed_wing_lateral_status_s.c\n'}
[1.705507] (px4_msgs) StdoutLine: {'line': b'-- Up-to-date symlink: /home/maanavjugalshah/SwarmAero/ros2_ws/install/px4_msgs/local/lib/python3.10/dist-packages/px4_msgs/msg/_fixed_wing_longitudinal_setpoint.py\n'}
[1.705593] (px4_msgs) StdoutLine: {'line': b'-- Up-to-date symlink: /home/maanavjugalshah/SwarmAero/ros2_ws/install/px4_msgs/local/lib/python3.10/dist-packages/px4_msgs/msg/_fixed_wing_longitudinal_setpoint_s.c\n'}
[1.705923] (px4_msgs) StdoutLine: {'line': b'-- Up-to-date symlink: /home/maanavjugalshah/SwarmAero/ros2_ws/install/px4_msgs/local/lib/python3.10/dist-packages/px4_msgs/msg/_fixed_wing_runway_control.py\n'}
[1.706482] (px4_msgs) StdoutLine: {'line': b'-- Up-to-date symlink: /home/maanavjugalshah/SwarmAero/ros2_ws/install/px4_msgs/local/lib/python3.10/dist-packages/px4_msgs/msg/_fixed_wing_runway_control_s.c\n'}
[1.707027] (px4_msgs) StdoutLine: {'line': b'-- Up-to-date symlink: /home/maanavjugalshah/SwarmAero/ros2_ws/install/px4_msgs/local/lib/python3.10/dist-packages/px4_msgs/msg/_flight_phase_estimation.py\n'}
[1.707389] (px4_msgs) StdoutLine: {'line': b'-- Up-to-date symlink: /home/maanavjugalshah/SwarmAero/ros2_ws/install/px4_msgs/local/lib/python3.10/dist-packages/px4_msgs/msg/_flight_phase_estimation_s.c\n'}
[1.707610] (px4_msgs) StdoutLine: {'line': b'-- Up-to-date symlink: /home/maanavjugalshah/SwarmAero/ros2_ws/install/px4_msgs/local/lib/python3.10/dist-packages/px4_msgs/msg/_follow_target.py\n'}
[1.707728] (px4_msgs) StdoutLine: {'line': b'-- Up-to-date symlink: /home/maanavjugalshah/SwarmAero/ros2_ws/install/px4_msgs/local/lib/python3.10/dist-packages/px4_msgs/msg/_follow_target_estimator.py\n'}
[1.707889] (px4_msgs) StdoutLine: {'line': b'-- Up-to-date symlink: /home/maanavjugalshah/SwarmAero/ros2_ws/install/px4_msgs/local/lib/python3.10/dist-packages/px4_msgs/msg/_follow_target_estimator_s.c\n'}
[1.707945] (px4_msgs) StdoutLine: {'line': b'-- Up-to-date symlink: /home/maanavjugalshah/SwarmAero/ros2_ws/install/px4_msgs/local/lib/python3.10/dist-packages/px4_msgs/msg/_follow_target_s.c\n'}
[1.707998] (px4_msgs) StdoutLine: {'line': b'-- Up-to-date symlink: /home/maanavjugalshah/SwarmAero/ros2_ws/install/px4_msgs/local/lib/python3.10/dist-packages/px4_msgs/msg/_follow_target_status.py\n'}
[1.708091] (px4_msgs) StdoutLine: {'line': b'-- Up-to-date symlink: /home/maanavjugalshah/SwarmAero/ros2_ws/install/px4_msgs/local/lib/python3.10/dist-packages/px4_msgs/msg/_follow_target_status_s.c\n'}
[1.708168] (px4_msgs) StdoutLine: {'line': b'-- Up-to-date symlink: /home/maanavjugalshah/SwarmAero/ros2_ws/install/px4_msgs/local/lib/python3.10/dist-packages/px4_msgs/msg/_fuel_tank_status.py\n'}
[1.708341] (px4_msgs) StdoutLine: {'line': b'-- Up-to-date symlink: /home/maanavjugalshah/SwarmAero/ros2_ws/install/px4_msgs/local/lib/python3.10/dist-packages/px4_msgs/msg/_fuel_tank_status_s.c\n'}
[1.708592] (px4_msgs) StdoutLine: {'line': b'-- Up-to-date symlink: /home/maanavjugalshah/SwarmAero/ros2_ws/install/px4_msgs/local/lib/python3.10/dist-packages/px4_msgs/msg/_gain_compression.py\n'}
[1.708647] (px4_msgs) StdoutLine: {'line': b'-- Up-to-date symlink: /home/maanavjugalshah/SwarmAero/ros2_ws/install/px4_msgs/local/lib/python3.10/dist-packages/px4_msgs/msg/_gain_compression_s.c\n'}
[1.708727] (px4_msgs) StdoutLine: {'line': b'-- Up-to-date symlink: /home/maanavjugalshah/SwarmAero/ros2_ws/install/px4_msgs/local/lib/python3.10/dist-packages/px4_msgs/msg/_generator_status.py\n'}
[1.708843] (px4_msgs) StdoutLine: {'line': b'-- Up-to-date symlink: /home/maanavjugalshah/SwarmAero/ros2_ws/install/px4_msgs/local/lib/python3.10/dist-packages/px4_msgs/msg/_generator_status_s.c\n'}
[1.708946] (px4_msgs) StdoutLine: {'line': b'-- Up-to-date symlink: /home/maanavjugalshah/SwarmAero/ros2_ws/install/px4_msgs/local/lib/python3.10/dist-packages/px4_msgs/msg/_geofence_result.py\n'}
[1.709317] (px4_msgs) StdoutLine: {'line': b'-- Up-to-date symlink: /home/maanavjugalshah/SwarmAero/ros2_ws/install/px4_msgs/local/lib/python3.10/dist-packages/px4_msgs/msg/_geofence_result_s.c\n'}
[1.709430] (px4_msgs) StdoutLine: {'line': b'-- Up-to-date symlink: /home/maanavjugalshah/SwarmAero/ros2_ws/install/px4_msgs/local/lib/python3.10/dist-packages/px4_msgs/msg/_geofence_status.py\n'}
[1.709504] (px4_msgs) StdoutLine: {'line': b'-- Up-to-date symlink: /home/maanavjugalshah/SwarmAero/ros2_ws/install/px4_msgs/local/lib/python3.10/dist-packages/px4_msgs/msg/_geofence_status_s.c\n'}
[1.709570] (px4_msgs) StdoutLine: {'line': b'-- Up-to-date symlink: /home/maanavjugalshah/SwarmAero/ros2_ws/install/px4_msgs/local/lib/python3.10/dist-packages/px4_msgs/msg/_gimbal_controls.py\n'}
[1.709747] (px4_msgs) StdoutLine: {'line': b'-- Up-to-date symlink: /home/maanavjugalshah/SwarmAero/ros2_ws/install/px4_msgs/local/lib/python3.10/dist-packages/px4_msgs/msg/_gimbal_controls_s.c\n'}
[1.710417] (px4_msgs) StdoutLine: {'line': b'-- Up-to-date symlink: /home/maanavjugalshah/SwarmAero/ros2_ws/install/px4_msgs/local/lib/python3.10/dist-packages/px4_msgs/msg/_gimbal_device_attitude_status.py\n'}
[1.710650] (px4_msgs) StdoutLine: {'line': b'-- Up-to-date symlink: /home/maanavjugalshah/SwarmAero/ros2_ws/install/px4_msgs/local/lib/python3.10/dist-packages/px4_msgs/msg/_gimbal_device_attitude_status_s.c\n'}
[1.710799] (px4_msgs) StdoutLine: {'line': b'-- Up-to-date symlink: /home/maanavjugalshah/SwarmAero/ros2_ws/install/px4_msgs/local/lib/python3.10/dist-packages/px4_msgs/msg/_gimbal_device_information.py\n'}
[1.710936] (px4_msgs) StdoutLine: {'line': b'-- Up-to-date symlink: /home/maanavjugalshah/SwarmAero/ros2_ws/install/px4_msgs/local/lib/python3.10/dist-packages/px4_msgs/msg/_gimbal_device_information_s.c\n'}
[1.711022] (px4_msgs) StdoutLine: {'line': b'-- Up-to-date symlink: /home/maanavjugalshah/SwarmAero/ros2_ws/install/px4_msgs/local/lib/python3.10/dist-packages/px4_msgs/msg/_gimbal_device_set_attitude.py\n'}
[1.711258] (px4_msgs) StdoutLine: {'line': b'-- Up-to-date symlink: /home/maanavjugalshah/SwarmAero/ros2_ws/install/px4_msgs/local/lib/python3.10/dist-packages/px4_msgs/msg/_gimbal_device_set_attitude_s.c\n'}
[1.711370] (px4_msgs) StdoutLine: {'line': b'-- Up-to-date symlink: /home/maanavjugalshah/SwarmAero/ros2_ws/install/px4_msgs/local/lib/python3.10/dist-packages/px4_msgs/msg/_gimbal_manager_information.py\n'}
[1.711612] (px4_msgs) StdoutLine: {'line': b'-- Up-to-date symlink: /home/maanavjugalshah/SwarmAero/ros2_ws/install/px4_msgs/local/lib/python3.10/dist-packages/px4_msgs/msg/_gimbal_manager_information_s.c\n'}
[1.711687] (px4_msgs) StdoutLine: {'line': b'-- Up-to-date symlink: /home/maanavjugalshah/SwarmAero/ros2_ws/install/px4_msgs/local/lib/python3.10/dist-packages/px4_msgs/msg/_gimbal_manager_set_attitude.py\n'}
[1.711727] (px4_msgs) StdoutLine: {'line': b'-- Up-to-date symlink: /home/maanavjugalshah/SwarmAero/ros2_ws/install/px4_msgs/local/lib/python3.10/dist-packages/px4_msgs/msg/_gimbal_manager_set_attitude_s.c\n'}
[1.711800] (px4_msgs) StdoutLine: {'line': b'-- Up-to-date symlink: /home/maanavjugalshah/SwarmAero/ros2_ws/install/px4_msgs/local/lib/python3.10/dist-packages/px4_msgs/msg/_gimbal_manager_set_manual_control.py\n'}
[1.711867] (px4_msgs) StdoutLine: {'line': b'-- Up-to-date symlink: /home/maanavjugalshah/SwarmAero/ros2_ws/install/px4_msgs/local/lib/python3.10/dist-packages/px4_msgs/msg/_gimbal_manager_set_manual_control_s.c\n'}
[1.711951] (px4_msgs) StdoutLine: {'line': b'-- Up-to-date symlink: /home/maanavjugalshah/SwarmAero/ros2_ws/install/px4_msgs/local/lib/python3.10/dist-packages/px4_msgs/msg/_gimbal_manager_status.py\n'}
[1.712113] (px4_msgs) StdoutLine: {'line': b'-- Up-to-date symlink: /home/maanavjugalshah/SwarmAero/ros2_ws/install/px4_msgs/local/lib/python3.10/dist-packages/px4_msgs/msg/_gimbal_manager_status_s.c\n'}
[1.712214] (px4_msgs) StdoutLine: {'line': b'-- Up-to-date symlink: /home/maanavjugalshah/SwarmAero/ros2_ws/install/px4_msgs/local/lib/python3.10/dist-packages/px4_msgs/msg/_goto_setpoint.py\n'}
[1.712302] (px4_msgs) StdoutLine: {'line': b'-- Up-to-date symlink: /home/maanavjugalshah/SwarmAero/ros2_ws/install/px4_msgs/local/lib/python3.10/dist-packages/px4_msgs/msg/_goto_setpoint_s.c\n'}
[1.712512] (px4_msgs) StdoutLine: {'line': b'-- Up-to-date symlink: /home/maanavjugalshah/SwarmAero/ros2_ws/install/px4_msgs/local/lib/python3.10/dist-packages/px4_msgs/msg/_gpio_config.py\n'}
[1.712845] (px4_msgs) StdoutLine: {'line': b'-- Up-to-date symlink: /home/maanavjugalshah/SwarmAero/ros2_ws/install/px4_msgs/local/lib/python3.10/dist-packages/px4_msgs/msg/_gpio_config_s.c\n'}
[1.712909] (px4_msgs) StdoutLine: {'line': b'-- Up-to-date symlink: /home/maanavjugalshah/SwarmAero/ros2_ws/install/px4_msgs/local/lib/python3.10/dist-packages/px4_msgs/msg/_gpio_in.py\n'}
[1.712949] (px4_msgs) StdoutLine: {'line': b'-- Up-to-date symlink: /home/maanavjugalshah/SwarmAero/ros2_ws/install/px4_msgs/local/lib/python3.10/dist-packages/px4_msgs/msg/_gpio_in_s.c\n'}
[1.713044] (px4_msgs) StdoutLine: {'line': b'-- Up-to-date symlink: /home/maanavjugalshah/SwarmAero/ros2_ws/install/px4_msgs/local/lib/python3.10/dist-packages/px4_msgs/msg/_gpio_out.py\n'}
[1.713128] (px4_msgs) StdoutLine: {'line': b'-- Up-to-date symlink: /home/maanavjugalshah/SwarmAero/ros2_ws/install/px4_msgs/local/lib/python3.10/dist-packages/px4_msgs/msg/_gpio_out_s.c\n'}
[1.713216] (px4_msgs) StdoutLine: {'line': b'-- Up-to-date symlink: /home/maanavjugalshah/SwarmAero/ros2_ws/install/px4_msgs/local/lib/python3.10/dist-packages/px4_msgs/msg/_gpio_request.py\n'}
[1.713280] (px4_msgs) StdoutLine: {'line': b'-- Up-to-date symlink: /home/maanavjugalshah/SwarmAero/ros2_ws/install/px4_msgs/local/lib/python3.10/dist-packages/px4_msgs/msg/_gpio_request_s.c\n'}
[1.713562] (px4_msgs) StdoutLine: {'line': b'-- Up-to-date symlink: /home/maanavjugalshah/SwarmAero/ros2_ws/install/px4_msgs/local/lib/python3.10/dist-packages/px4_msgs/msg/_gps_dump.py\n'}
[1.714022] (px4_msgs) StdoutLine: {'line': b'-- Up-to-date symlink: /home/maanavjugalshah/SwarmAero/ros2_ws/install/px4_msgs/local/lib/python3.10/dist-packages/px4_msgs/msg/_gps_dump_s.c\n'}
[1.714410] (px4_msgs) StdoutLine: {'line': b'-- Up-to-date symlink: /home/maanavjugalshah/SwarmAero/ros2_ws/install/px4_msgs/local/lib/python3.10/dist-packages/px4_msgs/msg/_gps_inject_data.py\n'}
[1.714498] (px4_msgs) StdoutLine: {'line': b'-- Up-to-date symlink: /home/maanavjugalshah/SwarmAero/ros2_ws/install/px4_msgs/local/lib/python3.10/dist-packages/px4_msgs/msg/_gps_inject_data_s.c\n'}
[1.714815] (px4_msgs) StdoutLine: {'line': b'-- Up-to-date symlink: /home/maanavjugalshah/SwarmAero/ros2_ws/install/px4_msgs/local/lib/python3.10/dist-packages/px4_msgs/msg/_gripper.py\n'}
[1.715133] (px4_msgs) StdoutLine: {'line': b'-- Up-to-date symlink: /home/maanavjugalshah/SwarmAero/ros2_ws/install/px4_msgs/local/lib/python3.10/dist-packages/px4_msgs/msg/_gripper_s.c\n'}
[1.715336] (px4_msgs) StdoutLine: {'line': b'-- Up-to-date symlink: /home/maanavjugalshah/SwarmAero/ros2_ws/install/px4_msgs/local/lib/python3.10/dist-packages/px4_msgs/msg/_health_report.py\n'}
[1.715378] (px4_msgs) StdoutLine: {'line': b'-- Up-to-date symlink: /home/maanavjugalshah/SwarmAero/ros2_ws/install/px4_msgs/local/lib/python3.10/dist-packages/px4_msgs/msg/_health_report_s.c\n'}
[1.715417] (px4_msgs) StdoutLine: {'line': b'-- Up-to-date symlink: /home/maanavjugalshah/SwarmAero/ros2_ws/install/px4_msgs/local/lib/python3.10/dist-packages/px4_msgs/msg/_heater_status.py\n'}
[1.715544] (px4_msgs) StdoutLine: {'line': b'-- Up-to-date symlink: /home/maanavjugalshah/SwarmAero/ros2_ws/install/px4_msgs/local/lib/python3.10/dist-packages/px4_msgs/msg/_heater_status_s.c\n'}
[1.715630] (px4_msgs) StdoutLine: {'line': b'-- Up-to-date symlink: /home/maanavjugalshah/SwarmAero/ros2_ws/install/px4_msgs/local/lib/python3.10/dist-packages/px4_msgs/msg/_home_position.py\n'}
[1.715705] (px4_msgs) StdoutLine: {'line': b'-- Up-to-date symlink: /home/maanavjugalshah/SwarmAero/ros2_ws/install/px4_msgs/local/lib/python3.10/dist-packages/px4_msgs/msg/_home_position_s.c\n'}
[1.715834] (px4_msgs) StdoutLine: {'line': b'-- Up-to-date symlink: /home/maanavjugalshah/SwarmAero/ros2_ws/install/px4_msgs/local/lib/python3.10/dist-packages/px4_msgs/msg/_hover_thrust_estimate.py\n'}
[1.716143] (px4_msgs) StdoutLine: {'line': b'-- Up-to-date symlink: /home/maanavjugalshah/SwarmAero/ros2_ws/install/px4_msgs/local/lib/python3.10/dist-packages/px4_msgs/msg/_hover_thrust_estimate_s.c\n'}
[1.716219] (px4_msgs) StdoutLine: {'line': b'-- Up-to-date symlink: /home/maanavjugalshah/SwarmAero/ros2_ws/install/px4_msgs/local/lib/python3.10/dist-packages/px4_msgs/msg/_input_rc.py\n'}
[1.716321] (px4_msgs) StdoutLine: {'line': b'-- Up-to-date symlink: /home/maanavjugalshah/SwarmAero/ros2_ws/install/px4_msgs/local/lib/python3.10/dist-packages/px4_msgs/msg/_input_rc_s.c\n'}
[1.716440] (px4_msgs) StdoutLine: {'line': b'-- Up-to-date symlink: /home/maanavjugalshah/SwarmAero/ros2_ws/install/px4_msgs/local/lib/python3.10/dist-packages/px4_msgs/msg/_internal_combustion_engine_control.py\n'}
[1.716570] (px4_msgs) StdoutLine: {'line': b'-- Up-to-date symlink: /home/maanavjugalshah/SwarmAero/ros2_ws/install/px4_msgs/local/lib/python3.10/dist-packages/px4_msgs/msg/_internal_combustion_engine_control_s.c\n'}
[1.716640] (px4_msgs) StdoutLine: {'line': b'-- Up-to-date symlink: /home/maanavjugalshah/SwarmAero/ros2_ws/install/px4_msgs/local/lib/python3.10/dist-packages/px4_msgs/msg/_internal_combustion_engine_status.py\n'}
[1.716790] (px4_msgs) StdoutLine: {'line': b'-- Up-to-date symlink: /home/maanavjugalshah/SwarmAero/ros2_ws/install/px4_msgs/local/lib/python3.10/dist-packages/px4_msgs/msg/_internal_combustion_engine_status_s.c\n'}
[1.716840] (px4_msgs) StdoutLine: {'line': b'-- Up-to-date symlink: /home/maanavjugalshah/SwarmAero/ros2_ws/install/px4_msgs/local/lib/python3.10/dist-packages/px4_msgs/msg/_iridiumsbd_status.py\n'}
[1.716889] (px4_msgs) StdoutLine: {'line': b'-- Up-to-date symlink: /home/maanavjugalshah/SwarmAero/ros2_ws/install/px4_msgs/local/lib/python3.10/dist-packages/px4_msgs/msg/_iridiumsbd_status_s.c\n'}
[1.716990] (px4_msgs) StdoutLine: {'line': b'-- Up-to-date symlink: /home/maanavjugalshah/SwarmAero/ros2_ws/install/px4_msgs/local/lib/python3.10/dist-packages/px4_msgs/msg/_irlock_report.py\n'}
[1.717172] (px4_msgs) StdoutLine: {'line': b'-- Up-to-date symlink: /home/maanavjugalshah/SwarmAero/ros2_ws/install/px4_msgs/local/lib/python3.10/dist-packages/px4_msgs/msg/_irlock_report_s.c\n'}
[1.717249] (px4_msgs) StdoutLine: {'line': b'-- Up-to-date symlink: /home/maanavjugalshah/SwarmAero/ros2_ws/install/px4_msgs/local/lib/python3.10/dist-packages/px4_msgs/msg/_landing_gear.py\n'}
[1.717324] (px4_msgs) StdoutLine: {'line': b'-- Up-to-date symlink: /home/maanavjugalshah/SwarmAero/ros2_ws/install/px4_msgs/local/lib/python3.10/dist-packages/px4_msgs/msg/_landing_gear_s.c\n'}
[1.717446] (px4_msgs) StdoutLine: {'line': b'-- Up-to-date symlink: /home/maanavjugalshah/SwarmAero/ros2_ws/install/px4_msgs/local/lib/python3.10/dist-packages/px4_msgs/msg/_landing_gear_wheel.py\n'}
[1.717488] (px4_msgs) StdoutLine: {'line': b'-- Up-to-date symlink: /home/maanavjugalshah/SwarmAero/ros2_ws/install/px4_msgs/local/lib/python3.10/dist-packages/px4_msgs/msg/_landing_gear_wheel_s.c\n'}
[1.717526] (px4_msgs) StdoutLine: {'line': b'-- Up-to-date symlink: /home/maanavjugalshah/SwarmAero/ros2_ws/install/px4_msgs/local/lib/python3.10/dist-packages/px4_msgs/msg/_landing_target_innovations.py\n'}
[1.717563] (px4_msgs) StdoutLine: {'line': b'-- Up-to-date symlink: /home/maanavjugalshah/SwarmAero/ros2_ws/install/px4_msgs/local/lib/python3.10/dist-packages/px4_msgs/msg/_landing_target_innovations_s.c\n'}
[1.717876] (px4_msgs) StdoutLine: {'line': b'-- Up-to-date symlink: /home/maanavjugalshah/SwarmAero/ros2_ws/install/px4_msgs/local/lib/python3.10/dist-packages/px4_msgs/msg/_landing_target_pose.py\n'}
[1.718433] (px4_msgs) StdoutLine: {'line': b'-- Up-to-date symlink: /home/maanavjugalshah/SwarmAero/ros2_ws/install/px4_msgs/local/lib/python3.10/dist-packages/px4_msgs/msg/_landing_target_pose_s.c\n'}
[1.718836] (px4_msgs) StdoutLine: {'line': b'-- Up-to-date symlink: /home/maanavjugalshah/SwarmAero/ros2_ws/install/px4_msgs/local/lib/python3.10/dist-packages/px4_msgs/msg/_lateral_control_configuration.py\n'}
[1.719092] (px4_msgs) StdoutLine: {'line': b'-- Up-to-date symlink: /home/maanavjugalshah/SwarmAero/ros2_ws/install/px4_msgs/local/lib/python3.10/dist-packages/px4_msgs/msg/_lateral_control_configuration_s.c\n'}
[1.719294] (px4_msgs) StdoutLine: {'line': b'-- Up-to-date symlink: /home/maanavjugalshah/SwarmAero/ros2_ws/install/px4_msgs/local/lib/python3.10/dist-packages/px4_msgs/msg/_launch_detection_status.py\n'}
[1.719540] (px4_msgs) StdoutLine: {'line': b'-- Up-to-date symlink: /home/maanavjugalshah/SwarmAero/ros2_ws/install/px4_msgs/local/lib/python3.10/dist-packages/px4_msgs/msg/_launch_detection_status_s.c\n'}
[1.719768] (px4_msgs) StdoutLine: {'line': b'-- Up-to-date symlink: /home/maanavjugalshah/SwarmAero/ros2_ws/install/px4_msgs/local/lib/python3.10/dist-packages/px4_msgs/msg/_led_control.py\n'}
[1.719855] (px4_msgs) StdoutLine: {'line': b'-- Up-to-date symlink: /home/maanavjugalshah/SwarmAero/ros2_ws/install/px4_msgs/local/lib/python3.10/dist-packages/px4_msgs/msg/_led_control_s.c\n'}
[1.719973] (px4_msgs) StdoutLine: {'line': b'-- Up-to-date symlink: /home/maanavjugalshah/SwarmAero/ros2_ws/install/px4_msgs/local/lib/python3.10/dist-packages/px4_msgs/msg/_log_message.py\n'}
[1.720090] (px4_msgs) StdoutLine: {'line': b'-- Up-to-date symlink: /home/maanavjugalshah/SwarmAero/ros2_ws/install/px4_msgs/local/lib/python3.10/dist-packages/px4_msgs/msg/_log_message_s.c\n'}
[1.720279] (px4_msgs) StdoutLine: {'line': b'-- Up-to-date symlink: /home/maanavjugalshah/SwarmAero/ros2_ws/install/px4_msgs/local/lib/python3.10/dist-packages/px4_msgs/msg/_logger_status.py\n'}
[1.720517] (px4_msgs) StdoutLine: {'line': b'-- Up-to-date symlink: /home/maanavjugalshah/SwarmAero/ros2_ws/install/px4_msgs/local/lib/python3.10/dist-packages/px4_msgs/msg/_logger_status_s.c\n'}
[1.720615] (px4_msgs) StdoutLine: {'line': b'-- Up-to-date symlink: /home/maanavjugalshah/SwarmAero/ros2_ws/install/px4_msgs/local/lib/python3.10/dist-packages/px4_msgs/msg/_longitudinal_control_configuration.py\n'}
[1.720861] (px4_msgs) StdoutLine: {'line': b'-- Up-to-date symlink: /home/maanavjugalshah/SwarmAero/ros2_ws/install/px4_msgs/local/lib/python3.10/dist-packages/px4_msgs/msg/_longitudinal_control_configuration_s.c\n'}
[1.720933] (px4_msgs) StdoutLine: {'line': b'-- Up-to-date symlink: /home/maanavjugalshah/SwarmAero/ros2_ws/install/px4_msgs/local/lib/python3.10/dist-packages/px4_msgs/msg/_mag_worker_data.py\n'}
[1.721086] (px4_msgs) StdoutLine: {'line': b'-- Up-to-date symlink: /home/maanavjugalshah/SwarmAero/ros2_ws/install/px4_msgs/local/lib/python3.10/dist-packages/px4_msgs/msg/_mag_worker_data_s.c\n'}
[1.721208] (px4_msgs) StdoutLine: {'line': b'-- Up-to-date symlink: /home/maanavjugalshah/SwarmAero/ros2_ws/install/px4_msgs/local/lib/python3.10/dist-packages/px4_msgs/msg/_magnetometer_bias_estimate.py\n'}
[1.721279] (px4_msgs) StdoutLine: {'line': b'-- Up-to-date symlink: /home/maanavjugalshah/SwarmAero/ros2_ws/install/px4_msgs/local/lib/python3.10/dist-packages/px4_msgs/msg/_magnetometer_bias_estimate_s.c\n'}
[1.721519] (px4_msgs) StdoutLine: {'line': b'-- Up-to-date symlink: /home/maanavjugalshah/SwarmAero/ros2_ws/install/px4_msgs/local/lib/python3.10/dist-packages/px4_msgs/msg/_manual_control_setpoint.py\n'}
[1.721574] (px4_msgs) StdoutLine: {'line': b'-- Up-to-date symlink: /home/maanavjugalshah/SwarmAero/ros2_ws/install/px4_msgs/local/lib/python3.10/dist-packages/px4_msgs/msg/_manual_control_setpoint_s.c\n'}
[1.721613] (px4_msgs) StdoutLine: {'line': b'-- Up-to-date symlink: /home/maanavjugalshah/SwarmAero/ros2_ws/install/px4_msgs/local/lib/python3.10/dist-packages/px4_msgs/msg/_manual_control_switches.py\n'}
[1.721869] (px4_msgs) StdoutLine: {'line': b'-- Up-to-date symlink: /home/maanavjugalshah/SwarmAero/ros2_ws/install/px4_msgs/local/lib/python3.10/dist-packages/px4_msgs/msg/_manual_control_switches_s.c\n'}
[1.721947] (px4_msgs) StdoutLine: {'line': b'-- Up-to-date symlink: /home/maanavjugalshah/SwarmAero/ros2_ws/install/px4_msgs/local/lib/python3.10/dist-packages/px4_msgs/msg/_mavlink_log.py\n'}
[1.721989] (px4_msgs) StdoutLine: {'line': b'-- Up-to-date symlink: /home/maanavjugalshah/SwarmAero/ros2_ws/install/px4_msgs/local/lib/python3.10/dist-packages/px4_msgs/msg/_mavlink_log_s.c\n'}
[1.722134] (px4_msgs) StdoutLine: {'line': b'-- Up-to-date symlink: /home/maanavjugalshah/SwarmAero/ros2_ws/install/px4_msgs/local/lib/python3.10/dist-packages/px4_msgs/msg/_mavlink_tunnel.py\n'}
[1.722269] (px4_msgs) StdoutLine: {'line': b'-- Up-to-date symlink: /home/maanavjugalshah/SwarmAero/ros2_ws/install/px4_msgs/local/lib/python3.10/dist-packages/px4_msgs/msg/_mavlink_tunnel_s.c\n'}
[1.722313] (px4_msgs) StdoutLine: {'line': b'-- Up-to-date symlink: /home/maanavjugalshah/SwarmAero/ros2_ws/install/px4_msgs/local/lib/python3.10/dist-packages/px4_msgs/msg/_message_format_request.py\n'}
[1.722351] (px4_msgs) StdoutLine: {'line': b'-- Up-to-date symlink: /home/maanavjugalshah/SwarmAero/ros2_ws/install/px4_msgs/local/lib/python3.10/dist-packages/px4_msgs/msg/_message_format_request_s.c\n'}
[1.722388] (px4_msgs) StdoutLine: {'line': b'-- Up-to-date symlink: /home/maanavjugalshah/SwarmAero/ros2_ws/install/px4_msgs/local/lib/python3.10/dist-packages/px4_msgs/msg/_message_format_response.py\n'}
[1.722421] (px4_msgs) StdoutLine: {'line': b'-- Up-to-date symlink: /home/maanavjugalshah/SwarmAero/ros2_ws/install/px4_msgs/local/lib/python3.10/dist-packages/px4_msgs/msg/_message_format_response_s.c\n'}
[1.722562] (px4_msgs) StdoutLine: {'line': b'-- Up-to-date symlink: /home/maanavjugalshah/SwarmAero/ros2_ws/install/px4_msgs/local/lib/python3.10/dist-packages/px4_msgs/msg/_mission.py\n'}
[1.722979] (px4_msgs) StdoutLine: {'line': b'-- Up-to-date symlink: /home/maanavjugalshah/SwarmAero/ros2_ws/install/px4_msgs/local/lib/python3.10/dist-packages/px4_msgs/msg/_mission_result.py\n'}
[1.723076] (px4_msgs) StdoutLine: {'line': b'-- Up-to-date symlink: /home/maanavjugalshah/SwarmAero/ros2_ws/install/px4_msgs/local/lib/python3.10/dist-packages/px4_msgs/msg/_mission_result_s.c\n'}
[1.723120] (px4_msgs) StdoutLine: {'line': b'-- Up-to-date symlink: /home/maanavjugalshah/SwarmAero/ros2_ws/install/px4_msgs/local/lib/python3.10/dist-packages/px4_msgs/msg/_mission_s.c\n'}
[1.723167] (px4_msgs) StdoutLine: {'line': b'-- Up-to-date symlink: /home/maanavjugalshah/SwarmAero/ros2_ws/install/px4_msgs/local/lib/python3.10/dist-packages/px4_msgs/msg/_mode_completed.py\n'}
[1.723204] (px4_msgs) StdoutLine: {'line': b'-- Up-to-date symlink: /home/maanavjugalshah/SwarmAero/ros2_ws/install/px4_msgs/local/lib/python3.10/dist-packages/px4_msgs/msg/_mode_completed_s.c\n'}
[1.723240] (px4_msgs) StdoutLine: {'line': b'-- Up-to-date symlink: /home/maanavjugalshah/SwarmAero/ros2_ws/install/px4_msgs/local/lib/python3.10/dist-packages/px4_msgs/msg/_mount_orientation.py\n'}
[1.723273] (px4_msgs) StdoutLine: {'line': b'-- Up-to-date symlink: /home/maanavjugalshah/SwarmAero/ros2_ws/install/px4_msgs/local/lib/python3.10/dist-packages/px4_msgs/msg/_mount_orientation_s.c\n'}
[1.723309] (px4_msgs) StdoutLine: {'line': b'-- Up-to-date symlink: /home/maanavjugalshah/SwarmAero/ros2_ws/install/px4_msgs/local/lib/python3.10/dist-packages/px4_msgs/msg/_navigator_mission_item.py\n'}
[1.723382] (px4_msgs) StdoutLine: {'line': b'-- Up-to-date symlink: /home/maanavjugalshah/SwarmAero/ros2_ws/install/px4_msgs/local/lib/python3.10/dist-packages/px4_msgs/msg/_navigator_mission_item_s.c\n'}
[1.723511] (px4_msgs) StdoutLine: {'line': b'-- Up-to-date symlink: /home/maanavjugalshah/SwarmAero/ros2_ws/install/px4_msgs/local/lib/python3.10/dist-packages/px4_msgs/msg/_navigator_status.py\n'}
[1.723618] (px4_msgs) StdoutLine: {'line': b'-- Up-to-date symlink: /home/maanavjugalshah/SwarmAero/ros2_ws/install/px4_msgs/local/lib/python3.10/dist-packages/px4_msgs/msg/_navigator_status_s.c\n'}
[1.723856] (px4_msgs) StdoutLine: {'line': b'-- Up-to-date symlink: /home/maanavjugalshah/SwarmAero/ros2_ws/install/px4_msgs/local/lib/python3.10/dist-packages/px4_msgs/msg/_neural_control.py\n'}
[1.723899] (px4_msgs) StdoutLine: {'line': b'-- Up-to-date symlink: /home/maanavjugalshah/SwarmAero/ros2_ws/install/px4_msgs/local/lib/python3.10/dist-packages/px4_msgs/msg/_neural_control_s.c\n'}
[1.723937] (px4_msgs) StdoutLine: {'line': b'-- Up-to-date symlink: /home/maanavjugalshah/SwarmAero/ros2_ws/install/px4_msgs/local/lib/python3.10/dist-packages/px4_msgs/msg/_normalized_unsigned_setpoint.py\n'}
[1.724222] (px4_msgs) StdoutLine: {'line': b'-- Up-to-date symlink: /home/maanavjugalshah/SwarmAero/ros2_ws/install/px4_msgs/local/lib/python3.10/dist-packages/px4_msgs/msg/_normalized_unsigned_setpoint_s.c\n'}
[1.724460] (px4_msgs) StdoutLine: {'line': b'-- Up-to-date symlink: /home/maanavjugalshah/SwarmAero/ros2_ws/install/px4_msgs/local/lib/python3.10/dist-packages/px4_msgs/msg/_obstacle_distance.py\n'}
[1.724519] (px4_msgs) StdoutLine: {'line': b'-- Up-to-date symlink: /home/maanavjugalshah/SwarmAero/ros2_ws/install/px4_msgs/local/lib/python3.10/dist-packages/px4_msgs/msg/_obstacle_distance_s.c\n'}
[1.724590] (px4_msgs) StdoutLine: {'line': b'-- Up-to-date symlink: /home/maanavjugalshah/SwarmAero/ros2_ws/install/px4_msgs/local/lib/python3.10/dist-packages/px4_msgs/msg/_offboard_control_mode.py\n'}
[1.724691] (px4_msgs) StdoutLine: {'line': b'-- Up-to-date symlink: /home/maanavjugalshah/SwarmAero/ros2_ws/install/px4_msgs/local/lib/python3.10/dist-packages/px4_msgs/msg/_offboard_control_mode_s.c\n'}
[1.724765] (px4_msgs) StdoutLine: {'line': b'-- Up-to-date symlink: /home/maanavjugalshah/SwarmAero/ros2_ws/install/px4_msgs/local/lib/python3.10/dist-packages/px4_msgs/msg/_onboard_computer_status.py\n'}
[1.725082] (px4_msgs) StdoutLine: {'line': b'-- Up-to-date symlink: /home/maanavjugalshah/SwarmAero/ros2_ws/install/px4_msgs/local/lib/python3.10/dist-packages/px4_msgs/msg/_onboard_computer_status_s.c\n'}
[1.725230] (px4_msgs) StdoutLine: {'line': b'-- Up-to-date symlink: /home/maanavjugalshah/SwarmAero/ros2_ws/install/px4_msgs/local/lib/python3.10/dist-packages/px4_msgs/msg/_open_drone_id_arm_status.py\n'}
[1.725348] (px4_msgs) StdoutLine: {'line': b'-- Up-to-date symlink: /home/maanavjugalshah/SwarmAero/ros2_ws/install/px4_msgs/local/lib/python3.10/dist-packages/px4_msgs/msg/_open_drone_id_arm_status_s.c\n'}
[1.725429] (px4_msgs) StdoutLine: {'line': b'-- Up-to-date symlink: /home/maanavjugalshah/SwarmAero/ros2_ws/install/px4_msgs/local/lib/python3.10/dist-packages/px4_msgs/msg/_open_drone_id_operator_id.py\n'}
[1.725707] (px4_msgs) StdoutLine: {'line': b'-- Up-to-date symlink: /home/maanavjugalshah/SwarmAero/ros2_ws/install/px4_msgs/local/lib/python3.10/dist-packages/px4_msgs/msg/_open_drone_id_operator_id_s.c\n'}
[1.725815] (px4_msgs) StdoutLine: {'line': b'-- Up-to-date symlink: /home/maanavjugalshah/SwarmAero/ros2_ws/install/px4_msgs/local/lib/python3.10/dist-packages/px4_msgs/msg/_open_drone_id_self_id.py\n'}
[1.725926] (px4_msgs) StdoutLine: {'line': b'-- Up-to-date symlink: /home/maanavjugalshah/SwarmAero/ros2_ws/install/px4_msgs/local/lib/python3.10/dist-packages/px4_msgs/msg/_open_drone_id_self_id_s.c\n'}
[1.725999] (px4_msgs) StdoutLine: {'line': b'-- Up-to-date symlink: /home/maanavjugalshah/SwarmAero/ros2_ws/install/px4_msgs/local/lib/python3.10/dist-packages/px4_msgs/msg/_open_drone_id_system.py\n'}
[1.726090] (px4_msgs) StdoutLine: {'line': b'-- Up-to-date symlink: /home/maanavjugalshah/SwarmAero/ros2_ws/install/px4_msgs/local/lib/python3.10/dist-packages/px4_msgs/msg/_open_drone_id_system_s.c\n'}
[1.726408] (px4_msgs) StdoutLine: {'line': b'-- Up-to-date symlink: /home/maanavjugalshah/SwarmAero/ros2_ws/install/px4_msgs/local/lib/python3.10/dist-packages/px4_msgs/msg/_orb_test.py\n'}
[1.726459] (px4_msgs) StdoutLine: {'line': b'-- Up-to-date symlink: /home/maanavjugalshah/SwarmAero/ros2_ws/install/px4_msgs/local/lib/python3.10/dist-packages/px4_msgs/msg/_orb_test_large.py\n'}
[1.726500] (px4_msgs) StdoutLine: {'line': b'-- Up-to-date symlink: /home/maanavjugalshah/SwarmAero/ros2_ws/install/px4_msgs/local/lib/python3.10/dist-packages/px4_msgs/msg/_orb_test_large_s.c\n'}
[1.726536] (px4_msgs) StdoutLine: {'line': b'-- Up-to-date symlink: /home/maanavjugalshah/SwarmAero/ros2_ws/install/px4_msgs/local/lib/python3.10/dist-packages/px4_msgs/msg/_orb_test_medium.py\n'}
[1.726630] (px4_msgs) StdoutLine: {'line': b'-- Up-to-date symlink: /home/maanavjugalshah/SwarmAero/ros2_ws/install/px4_msgs/local/lib/python3.10/dist-packages/px4_msgs/msg/_orb_test_medium_s.c\n'}
[1.726860] (px4_msgs) StdoutLine: {'line': b'-- Up-to-date symlink: /home/maanavjugalshah/SwarmAero/ros2_ws/install/px4_msgs/local/lib/python3.10/dist-packages/px4_msgs/msg/_orb_test_s.c\n'}
[1.727025] (px4_msgs) StdoutLine: {'line': b'-- Up-to-date symlink: /home/maanavjugalshah/SwarmAero/ros2_ws/install/px4_msgs/local/lib/python3.10/dist-packages/px4_msgs/msg/_orbit_status.py\n'}
[1.727076] (px4_msgs) StdoutLine: {'line': b'-- Up-to-date symlink: /home/maanavjugalshah/SwarmAero/ros2_ws/install/px4_msgs/local/lib/python3.10/dist-packages/px4_msgs/msg/_orbit_status_s.c\n'}
[1.727142] (px4_msgs) StdoutLine: {'line': b'-- Up-to-date symlink: /home/maanavjugalshah/SwarmAero/ros2_ws/install/px4_msgs/local/lib/python3.10/dist-packages/px4_msgs/msg/_parameter_reset_request.py\n'}
[1.727324] (px4_msgs) StdoutLine: {'line': b'-- Up-to-date symlink: /home/maanavjugalshah/SwarmAero/ros2_ws/install/px4_msgs/local/lib/python3.10/dist-packages/px4_msgs/msg/_parameter_reset_request_s.c\n'}
[1.727467] (px4_msgs) StdoutLine: {'line': b'-- Up-to-date symlink: /home/maanavjugalshah/SwarmAero/ros2_ws/install/px4_msgs/local/lib/python3.10/dist-packages/px4_msgs/msg/_parameter_set_used_request.py\n'}
[1.727636] (px4_msgs) StdoutLine: {'line': b'-- Up-to-date symlink: /home/maanavjugalshah/SwarmAero/ros2_ws/install/px4_msgs/local/lib/python3.10/dist-packages/px4_msgs/msg/_parameter_set_used_request_s.c\n'}
[1.727841] (px4_msgs) StdoutLine: {'line': b'-- Up-to-date symlink: /home/maanavjugalshah/SwarmAero/ros2_ws/install/px4_msgs/local/lib/python3.10/dist-packages/px4_msgs/msg/_parameter_set_value_request.py\n'}
[1.728043] (px4_msgs) StdoutLine: {'line': b'-- Up-to-date symlink: /home/maanavjugalshah/SwarmAero/ros2_ws/install/px4_msgs/local/lib/python3.10/dist-packages/px4_msgs/msg/_parameter_set_value_request_s.c\n'}
[1.728096] (px4_msgs) StdoutLine: {'line': b'-- Up-to-date symlink: /home/maanavjugalshah/SwarmAero/ros2_ws/install/px4_msgs/local/lib/python3.10/dist-packages/px4_msgs/msg/_parameter_set_value_response.py\n'}
[1.728133] (px4_msgs) StdoutLine: {'line': b'-- Up-to-date symlink: /home/maanavjugalshah/SwarmAero/ros2_ws/install/px4_msgs/local/lib/python3.10/dist-packages/px4_msgs/msg/_parameter_set_value_response_s.c\n'}
[1.728278] (px4_msgs) StdoutLine: {'line': b'-- Up-to-date symlink: /home/maanavjugalshah/SwarmAero/ros2_ws/install/px4_msgs/local/lib/python3.10/dist-packages/px4_msgs/msg/_parameter_update.py\n'}
[1.728328] (px4_msgs) StdoutLine: {'line': b'-- Up-to-date symlink: /home/maanavjugalshah/SwarmAero/ros2_ws/install/px4_msgs/local/lib/python3.10/dist-packages/px4_msgs/msg/_parameter_update_s.c\n'}
[1.728386] (px4_msgs) StdoutLine: {'line': b'-- Up-to-date symlink: /home/maanavjugalshah/SwarmAero/ros2_ws/install/px4_msgs/local/lib/python3.10/dist-packages/px4_msgs/msg/_ping.py\n'}
[1.728500] (px4_msgs) StdoutLine: {'line': b'-- Up-to-date symlink: /home/maanavjugalshah/SwarmAero/ros2_ws/install/px4_msgs/local/lib/python3.10/dist-packages/px4_msgs/msg/_ping_s.c\n'}
[1.728611] (px4_msgs) StdoutLine: {'line': b'-- Up-to-date symlink: /home/maanavjugalshah/SwarmAero/ros2_ws/install/px4_msgs/local/lib/python3.10/dist-packages/px4_msgs/msg/_position_controller_landing_status.py\n'}
[1.728793] (px4_msgs) StdoutLine: {'line': b'-- Up-to-date symlink: /home/maanavjugalshah/SwarmAero/ros2_ws/install/px4_msgs/local/lib/python3.10/dist-packages/px4_msgs/msg/_position_controller_landing_status_s.c\n'}
[1.728837] (px4_msgs) StdoutLine: {'line': b'-- Up-to-date symlink: /home/maanavjugalshah/SwarmAero/ros2_ws/install/px4_msgs/local/lib/python3.10/dist-packages/px4_msgs/msg/_position_controller_status.py\n'}
[1.728875] (px4_msgs) StdoutLine: {'line': b'-- Up-to-date symlink: /home/maanavjugalshah/SwarmAero/ros2_ws/install/px4_msgs/local/lib/python3.10/dist-packages/px4_msgs/msg/_position_controller_status_s.c\n'}
[1.729085] (px4_msgs) StdoutLine: {'line': b'-- Up-to-date symlink: /home/maanavjugalshah/SwarmAero/ros2_ws/install/px4_msgs/local/lib/python3.10/dist-packages/px4_msgs/msg/_position_setpoint.py\n'}
[1.729130] (px4_msgs) StdoutLine: {'line': b'-- Up-to-date symlink: /home/maanavjugalshah/SwarmAero/ros2_ws/install/px4_msgs/local/lib/python3.10/dist-packages/px4_msgs/msg/_position_setpoint_s.c\n'}
[1.729167] (px4_msgs) StdoutLine: {'line': b'-- Up-to-date symlink: /home/maanavjugalshah/SwarmAero/ros2_ws/install/px4_msgs/local/lib/python3.10/dist-packages/px4_msgs/msg/_position_setpoint_triplet.py\n'}
[1.729272] (px4_msgs) StdoutLine: {'line': b'-- Up-to-date symlink: /home/maanavjugalshah/SwarmAero/ros2_ws/install/px4_msgs/local/lib/python3.10/dist-packages/px4_msgs/msg/_position_setpoint_triplet_s.c\n'}
[1.729374] (px4_msgs) StdoutLine: {'line': b'-- Up-to-date symlink: /home/maanavjugalshah/SwarmAero/ros2_ws/install/px4_msgs/local/lib/python3.10/dist-packages/px4_msgs/msg/_power_button_state.py\n'}
[1.729569] (px4_msgs) StdoutLine: {'line': b'-- Up-to-date symlink: /home/maanavjugalshah/SwarmAero/ros2_ws/install/px4_msgs/local/lib/python3.10/dist-packages/px4_msgs/msg/_power_button_state_s.c\n'}
[1.729656] (px4_msgs) StdoutLine: {'line': b'-- Up-to-date symlink: /home/maanavjugalshah/SwarmAero/ros2_ws/install/px4_msgs/local/lib/python3.10/dist-packages/px4_msgs/msg/_power_monitor.py\n'}
[1.729743] (px4_msgs) StdoutLine: {'line': b'-- Up-to-date symlink: /home/maanavjugalshah/SwarmAero/ros2_ws/install/px4_msgs/local/lib/python3.10/dist-packages/px4_msgs/msg/_power_monitor_s.c\n'}
[1.729981] (px4_msgs) StdoutLine: {'line': b'-- Up-to-date symlink: /home/maanavjugalshah/SwarmAero/ros2_ws/install/px4_msgs/local/lib/python3.10/dist-packages/px4_msgs/msg/_pps_capture.py\n'}
[1.730349] (px4_msgs) StdoutLine: {'line': b'-- Up-to-date symlink: /home/maanavjugalshah/SwarmAero/ros2_ws/install/px4_msgs/local/lib/python3.10/dist-packages/px4_msgs/msg/_pps_capture_s.c\n'}
[1.730469] (px4_msgs) StdoutLine: {'line': b'-- Up-to-date symlink: /home/maanavjugalshah/SwarmAero/ros2_ws/install/px4_msgs/local/lib/python3.10/dist-packages/px4_msgs/msg/_pure_pursuit_status.py\n'}
[1.730600] (px4_msgs) StdoutLine: {'line': b'-- Up-to-date symlink: /home/maanavjugalshah/SwarmAero/ros2_ws/install/px4_msgs/local/lib/python3.10/dist-packages/px4_msgs/msg/_pure_pursuit_status_s.c\n'}
[1.730689] (px4_msgs) StdoutLine: {'line': b'-- Up-to-date symlink: /home/maanavjugalshah/SwarmAero/ros2_ws/install/px4_msgs/local/lib/python3.10/dist-packages/px4_msgs/msg/_pwm_input.py\n'}
[1.730937] (px4_msgs) StdoutLine: {'line': b'-- Up-to-date symlink: /home/maanavjugalshah/SwarmAero/ros2_ws/install/px4_msgs/local/lib/python3.10/dist-packages/px4_msgs/msg/_pwm_input_s.c\n'}
[1.731076] (px4_msgs) StdoutLine: {'line': b'-- Up-to-date symlink: /home/maanavjugalshah/SwarmAero/ros2_ws/install/px4_msgs/local/lib/python3.10/dist-packages/px4_msgs/msg/_px4io_status.py\n'}
[1.731196] (px4_msgs) StdoutLine: {'line': b'-- Up-to-date symlink: /home/maanavjugalshah/SwarmAero/ros2_ws/install/px4_msgs/local/lib/python3.10/dist-packages/px4_msgs/msg/_px4io_status_s.c\n'}
[1.731330] (px4_msgs) StdoutLine: {'line': b'-- Up-to-date symlink: /home/maanavjugalshah/SwarmAero/ros2_ws/install/px4_msgs/local/lib/python3.10/dist-packages/px4_msgs/msg/_qshell_req.py\n'}
[1.731459] (px4_msgs) StdoutLine: {'line': b'-- Up-to-date symlink: /home/maanavjugalshah/SwarmAero/ros2_ws/install/px4_msgs/local/lib/python3.10/dist-packages/px4_msgs/msg/_qshell_req_s.c\n'}
[1.731722] (px4_msgs) StdoutLine: {'line': b'-- Up-to-date symlink: /home/maanavjugalshah/SwarmAero/ros2_ws/install/px4_msgs/local/lib/python3.10/dist-packages/px4_msgs/msg/_qshell_retval.py\n'}
[1.731823] (px4_msgs) StdoutLine: {'line': b'-- Up-to-date symlink: /home/maanavjugalshah/SwarmAero/ros2_ws/install/px4_msgs/local/lib/python3.10/dist-packages/px4_msgs/msg/_qshell_retval_s.c\n'}
[1.731866] (px4_msgs) StdoutLine: {'line': b'-- Up-to-date symlink: /home/maanavjugalshah/SwarmAero/ros2_ws/install/px4_msgs/local/lib/python3.10/dist-packages/px4_msgs/msg/_radio_status.py\n'}
[1.732058] (px4_msgs) StdoutLine: {'line': b'-- Up-to-date symlink: /home/maanavjugalshah/SwarmAero/ros2_ws/install/px4_msgs/local/lib/python3.10/dist-packages/px4_msgs/msg/_radio_status_s.c\n'}
[1.732107] (px4_msgs) StdoutLine: {'line': b'-- Up-to-date symlink: /home/maanavjugalshah/SwarmAero/ros2_ws/install/px4_msgs/local/lib/python3.10/dist-packages/px4_msgs/msg/_ranging_beacon.py\n'}
[1.732144] (px4_msgs) StdoutLine: {'line': b'-- Up-to-date symlink: /home/maanavjugalshah/SwarmAero/ros2_ws/install/px4_msgs/local/lib/python3.10/dist-packages/px4_msgs/msg/_ranging_beacon_s.c\n'}
[1.732182] (px4_msgs) StdoutLine: {'line': b'-- Up-to-date symlink: /home/maanavjugalshah/SwarmAero/ros2_ws/install/px4_msgs/local/lib/python3.10/dist-packages/px4_msgs/msg/_raptor_input.py\n'}
[1.732454] (px4_msgs) StdoutLine: {'line': b'-- Up-to-date symlink: /home/maanavjugalshah/SwarmAero/ros2_ws/install/px4_msgs/local/lib/python3.10/dist-packages/px4_msgs/msg/_raptor_input_s.c\n'}
[1.732615] (px4_msgs) StdoutLine: {'line': b'-- Up-to-date symlink: /home/maanavjugalshah/SwarmAero/ros2_ws/install/px4_msgs/local/lib/python3.10/dist-packages/px4_msgs/msg/_raptor_status.py\n'}
[1.732750] (px4_msgs) StdoutLine: {'line': b'-- Up-to-date symlink: /home/maanavjugalshah/SwarmAero/ros2_ws/install/px4_msgs/local/lib/python3.10/dist-packages/px4_msgs/msg/_raptor_status_s.c\n'}
[1.732795] (px4_msgs) StdoutLine: {'line': b'-- Up-to-date symlink: /home/maanavjugalshah/SwarmAero/ros2_ws/install/px4_msgs/local/lib/python3.10/dist-packages/px4_msgs/msg/_rate_ctrl_status.py\n'}
[1.732873] (px4_msgs) StdoutLine: {'line': b'-- Up-to-date symlink: /home/maanavjugalshah/SwarmAero/ros2_ws/install/px4_msgs/local/lib/python3.10/dist-packages/px4_msgs/msg/_rate_ctrl_status_s.c\n'}
[1.732916] (px4_msgs) StdoutLine: {'line': b'-- Up-to-date symlink: /home/maanavjugalshah/SwarmAero/ros2_ws/install/px4_msgs/local/lib/python3.10/dist-packages/px4_msgs/msg/_rc_channels.py\n'}
[1.733007] (px4_msgs) StdoutLine: {'line': b'-- Up-to-date symlink: /home/maanavjugalshah/SwarmAero/ros2_ws/install/px4_msgs/local/lib/python3.10/dist-packages/px4_msgs/msg/_rc_channels_s.c\n'}
[1.733163] (px4_msgs) StdoutLine: {'line': b'-- Up-to-date symlink: /home/maanavjugalshah/SwarmAero/ros2_ws/install/px4_msgs/local/lib/python3.10/dist-packages/px4_msgs/msg/_rc_parameter_map.py\n'}
[1.733202] (px4_msgs) StdoutLine: {'line': b'-- Up-to-date symlink: /home/maanavjugalshah/SwarmAero/ros2_ws/install/px4_msgs/local/lib/python3.10/dist-packages/px4_msgs/msg/_rc_parameter_map_s.c\n'}
[1.733237] (px4_msgs) StdoutLine: {'line': b'-- Up-to-date symlink: /home/maanavjugalshah/SwarmAero/ros2_ws/install/px4_msgs/local/lib/python3.10/dist-packages/px4_msgs/msg/_register_ext_component_reply.py\n'}
[1.733319] (px4_msgs) StdoutLine: {'line': b'-- Up-to-date symlink: /home/maanavjugalshah/SwarmAero/ros2_ws/install/px4_msgs/local/lib/python3.10/dist-packages/px4_msgs/msg/_register_ext_component_reply_s.c\n'}
[1.733407] (px4_msgs) StdoutLine: {'line': b'-- Up-to-date symlink: /home/maanavjugalshah/SwarmAero/ros2_ws/install/px4_msgs/local/lib/python3.10/dist-packages/px4_msgs/msg/_register_ext_component_request.py\n'}
[1.733449] (px4_msgs) StdoutLine: {'line': b'-- Up-to-date symlink: /home/maanavjugalshah/SwarmAero/ros2_ws/install/px4_msgs/local/lib/python3.10/dist-packages/px4_msgs/msg/_register_ext_component_request_s.c\n'}
[1.733519] (px4_msgs) StdoutLine: {'line': b'-- Up-to-date symlink: /home/maanavjugalshah/SwarmAero/ros2_ws/install/px4_msgs/local/lib/python3.10/dist-packages/px4_msgs/msg/_rover_attitude_setpoint.py\n'}
[1.733721] (px4_msgs) StdoutLine: {'line': b'-- Up-to-date symlink: /home/maanavjugalshah/SwarmAero/ros2_ws/install/px4_msgs/local/lib/python3.10/dist-packages/px4_msgs/msg/_rover_attitude_setpoint_s.c\n'}
[1.733839] (px4_msgs) StdoutLine: {'line': b'-- Up-to-date symlink: /home/maanavjugalshah/SwarmAero/ros2_ws/install/px4_msgs/local/lib/python3.10/dist-packages/px4_msgs/msg/_rover_attitude_status.py\n'}
[1.733913] (px4_msgs) StdoutLine: {'line': b'-- Up-to-date symlink: /home/maanavjugalshah/SwarmAero/ros2_ws/install/px4_msgs/local/lib/python3.10/dist-packages/px4_msgs/msg/_rover_attitude_status_s.c\n'}
[1.734021] (px4_msgs) StdoutLine: {'line': b'-- Up-to-date symlink: /home/maanavjugalshah/SwarmAero/ros2_ws/install/px4_msgs/local/lib/python3.10/dist-packages/px4_msgs/msg/_rover_position_setpoint.py\n'}
[1.734103] (px4_msgs) StdoutLine: {'line': b'-- Up-to-date symlink: /home/maanavjugalshah/SwarmAero/ros2_ws/install/px4_msgs/local/lib/python3.10/dist-packages/px4_msgs/msg/_rover_position_setpoint_s.c\n'}
[1.734196] (px4_msgs) StdoutLine: {'line': b'-- Up-to-date symlink: /home/maanavjugalshah/SwarmAero/ros2_ws/install/px4_msgs/local/lib/python3.10/dist-packages/px4_msgs/msg/_rover_rate_setpoint.py\n'}
[1.734397] (px4_msgs) StdoutLine: {'line': b'-- Up-to-date symlink: /home/maanavjugalshah/SwarmAero/ros2_ws/install/px4_msgs/local/lib/python3.10/dist-packages/px4_msgs/msg/_rover_rate_setpoint_s.c\n'}
[1.734484] (px4_msgs) StdoutLine: {'line': b'-- Up-to-date symlink: /home/maanavjugalshah/SwarmAero/ros2_ws/install/px4_msgs/local/lib/python3.10/dist-packages/px4_msgs/msg/_rover_rate_status.py\n'}
[1.734898] (px4_msgs) StdoutLine: {'line': b'-- Up-to-date symlink: /home/maanavjugalshah/SwarmAero/ros2_ws/install/px4_msgs/local/lib/python3.10/dist-packages/px4_msgs/msg/_rover_rate_status_s.c\n'}
[1.735124] (px4_msgs) StdoutLine: {'line': b'-- Up-to-date symlink: /home/maanavjugalshah/SwarmAero/ros2_ws/install/px4_msgs/local/lib/python3.10/dist-packages/px4_msgs/msg/_rover_speed_setpoint.py\n'}
[1.735174] (px4_msgs) StdoutLine: {'line': b'-- Up-to-date symlink: /home/maanavjugalshah/SwarmAero/ros2_ws/install/px4_msgs/local/lib/python3.10/dist-packages/px4_msgs/msg/_rover_speed_setpoint_s.c\n'}
[1.735239] (px4_msgs) StdoutLine: {'line': b'-- Up-to-date symlink: /home/maanavjugalshah/SwarmAero/ros2_ws/install/px4_msgs/local/lib/python3.10/dist-packages/px4_msgs/msg/_rover_speed_status.py\n'}
[1.735414] (px4_msgs) StdoutLine: {'line': b'-- Up-to-date symlink: /home/maanavjugalshah/SwarmAero/ros2_ws/install/px4_msgs/local/lib/python3.10/dist-packages/px4_msgs/msg/_rover_speed_status_s.c\n'}
[1.735859] (px4_msgs) StdoutLine: {'line': b'-- Up-to-date symlink: /home/maanavjugalshah/SwarmAero/ros2_ws/install/px4_msgs/local/lib/python3.10/dist-packages/px4_msgs/msg/_rover_steering_setpoint.py\n'}
[1.735980] (px4_msgs) StdoutLine: {'line': b'-- Up-to-date symlink: /home/maanavjugalshah/SwarmAero/ros2_ws/install/px4_msgs/local/lib/python3.10/dist-packages/px4_msgs/msg/_rover_steering_setpoint_s.c\n'}
[1.736026] (px4_msgs) StdoutLine: {'line': b'-- Up-to-date symlink: /home/maanavjugalshah/SwarmAero/ros2_ws/install/px4_msgs/local/lib/python3.10/dist-packages/px4_msgs/msg/_rover_throttle_setpoint.py\n'}
[1.736062] (px4_msgs) StdoutLine: {'line': b'-- Up-to-date symlink: /home/maanavjugalshah/SwarmAero/ros2_ws/install/px4_msgs/local/lib/python3.10/dist-packages/px4_msgs/msg/_rover_throttle_setpoint_s.c\n'}
[1.736258] (px4_msgs) StdoutLine: {'line': b'-- Up-to-date symlink: /home/maanavjugalshah/SwarmAero/ros2_ws/install/px4_msgs/local/lib/python3.10/dist-packages/px4_msgs/msg/_rpm.py\n'}
[1.736456] (px4_msgs) StdoutLine: {'line': b'-- Up-to-date symlink: /home/maanavjugalshah/SwarmAero/ros2_ws/install/px4_msgs/local/lib/python3.10/dist-packages/px4_msgs/msg/_rpm_s.c\n'}
[1.736579] (px4_msgs) StdoutLine: {'line': b'-- Up-to-date symlink: /home/maanavjugalshah/SwarmAero/ros2_ws/install/px4_msgs/local/lib/python3.10/dist-packages/px4_msgs/msg/_rtl_status.py\n'}
[1.736691] (px4_msgs) StdoutLine: {'line': b'-- Up-to-date symlink: /home/maanavjugalshah/SwarmAero/ros2_ws/install/px4_msgs/local/lib/python3.10/dist-packages/px4_msgs/msg/_rtl_status_s.c\n'}
[1.736878] (px4_msgs) StdoutLine: {'line': b'-- Up-to-date symlink: /home/maanavjugalshah/SwarmAero/ros2_ws/install/px4_msgs/local/lib/python3.10/dist-packages/px4_msgs/msg/_rtl_time_estimate.py\n'}
[1.737076] (px4_msgs) StdoutLine: {'line': b'-- Up-to-date symlink: /home/maanavjugalshah/SwarmAero/ros2_ws/install/px4_msgs/local/lib/python3.10/dist-packages/px4_msgs/msg/_rtl_time_estimate_s.c\n'}
[1.737450] (px4_msgs) StdoutLine: {'line': b'-- Up-to-date symlink: /home/maanavjugalshah/SwarmAero/ros2_ws/install/px4_msgs/local/lib/python3.10/dist-packages/px4_msgs/msg/_satellite_info.py\n'}
[1.737601] (px4_msgs) StdoutLine: {'line': b'-- Up-to-date symlink: /home/maanavjugalshah/SwarmAero/ros2_ws/install/px4_msgs/local/lib/python3.10/dist-packages/px4_msgs/msg/_satellite_info_s.c\n'}
[1.737682] (px4_msgs) StdoutLine: {'line': b'-- Up-to-date symlink: /home/maanavjugalshah/SwarmAero/ros2_ws/install/px4_msgs/local/lib/python3.10/dist-packages/px4_msgs/msg/_sensor_accel.py\n'}
[1.737936] (px4_msgs) StdoutLine: {'line': b'-- Up-to-date symlink: /home/maanavjugalshah/SwarmAero/ros2_ws/install/px4_msgs/local/lib/python3.10/dist-packages/px4_msgs/msg/_sensor_accel_fifo.py\n'}
[1.738010] (px4_msgs) StdoutLine: {'line': b'-- Up-to-date symlink: /home/maanavjugalshah/SwarmAero/ros2_ws/install/px4_msgs/local/lib/python3.10/dist-packages/px4_msgs/msg/_sensor_accel_fifo_s.c\n'}
[1.738048] (px4_msgs) StdoutLine: {'line': b'-- Up-to-date symlink: /home/maanavjugalshah/SwarmAero/ros2_ws/install/px4_msgs/local/lib/python3.10/dist-packages/px4_msgs/msg/_sensor_accel_s.c\n'}
[1.738083] (px4_msgs) StdoutLine: {'line': b'-- Up-to-date symlink: /home/maanavjugalshah/SwarmAero/ros2_ws/install/px4_msgs/local/lib/python3.10/dist-packages/px4_msgs/msg/_sensor_airflow.py\n'}
[1.738578] (px4_msgs) StdoutLine: {'line': b'-- Up-to-date symlink: /home/maanavjugalshah/SwarmAero/ros2_ws/install/px4_msgs/local/lib/python3.10/dist-packages/px4_msgs/msg/_sensor_airflow_s.c\n'}
[1.738663] (px4_msgs) StdoutLine: {'line': b'-- Up-to-date symlink: /home/maanavjugalshah/SwarmAero/ros2_ws/install/px4_msgs/local/lib/python3.10/dist-packages/px4_msgs/msg/_sensor_baro.py\n'}
[1.738703] (px4_msgs) StdoutLine: {'line': b'-- Up-to-date symlink: /home/maanavjugalshah/SwarmAero/ros2_ws/install/px4_msgs/local/lib/python3.10/dist-packages/px4_msgs/msg/_sensor_baro_s.c\n'}
[1.738740] (px4_msgs) StdoutLine: {'line': b'-- Up-to-date symlink: /home/maanavjugalshah/SwarmAero/ros2_ws/install/px4_msgs/local/lib/python3.10/dist-packages/px4_msgs/msg/_sensor_combined.py\n'}
[1.738933] (px4_msgs) StdoutLine: {'line': b'-- Up-to-date symlink: /home/maanavjugalshah/SwarmAero/ros2_ws/install/px4_msgs/local/lib/python3.10/dist-packages/px4_msgs/msg/_sensor_combined_s.c\n'}
[1.738986] (px4_msgs) StdoutLine: {'line': b'-- Up-to-date symlink: /home/maanavjugalshah/SwarmAero/ros2_ws/install/px4_msgs/local/lib/python3.10/dist-packages/px4_msgs/msg/_sensor_correction.py\n'}
[1.739024] (px4_msgs) StdoutLine: {'line': b'-- Up-to-date symlink: /home/maanavjugalshah/SwarmAero/ros2_ws/install/px4_msgs/local/lib/python3.10/dist-packages/px4_msgs/msg/_sensor_correction_s.c\n'}
[1.739096] (px4_msgs) StdoutLine: {'line': b'-- Up-to-date symlink: /home/maanavjugalshah/SwarmAero/ros2_ws/install/px4_msgs/local/lib/python3.10/dist-packages/px4_msgs/msg/_sensor_gnss_relative.py\n'}
[1.739243] (px4_msgs) StdoutLine: {'line': b'-- Up-to-date symlink: /home/maanavjugalshah/SwarmAero/ros2_ws/install/px4_msgs/local/lib/python3.10/dist-packages/px4_msgs/msg/_sensor_gnss_relative_s.c\n'}
[1.739284] (px4_msgs) StdoutLine: {'line': b'-- Up-to-date symlink: /home/maanavjugalshah/SwarmAero/ros2_ws/install/px4_msgs/local/lib/python3.10/dist-packages/px4_msgs/msg/_sensor_gnss_status.py\n'}
[1.739323] (px4_msgs) StdoutLine: {'line': b'-- Up-to-date symlink: /home/maanavjugalshah/SwarmAero/ros2_ws/install/px4_msgs/local/lib/python3.10/dist-packages/px4_msgs/msg/_sensor_gnss_status_s.c\n'}
[1.739557] (px4_msgs) StdoutLine: {'line': b'-- Up-to-date symlink: /home/maanavjugalshah/SwarmAero/ros2_ws/install/px4_msgs/local/lib/python3.10/dist-packages/px4_msgs/msg/_sensor_gps.py\n'}
[1.739751] (px4_msgs) StdoutLine: {'line': b'-- Up-to-date symlink: /home/maanavjugalshah/SwarmAero/ros2_ws/install/px4_msgs/local/lib/python3.10/dist-packages/px4_msgs/msg/_sensor_gps_s.c\n'}
[1.739826] (px4_msgs) StdoutLine: {'line': b'-- Up-to-date symlink: /home/maanavjugalshah/SwarmAero/ros2_ws/install/px4_msgs/local/lib/python3.10/dist-packages/px4_msgs/msg/_sensor_gyro.py\n'}
[1.740114] (px4_msgs) StdoutLine: {'line': b'-- Up-to-date symlink: /home/maanavjugalshah/SwarmAero/ros2_ws/install/px4_msgs/local/lib/python3.10/dist-packages/px4_msgs/msg/_sensor_gyro_fft.py\n'}
[1.740241] (px4_msgs) StdoutLine: {'line': b'-- Up-to-date symlink: /home/maanavjugalshah/SwarmAero/ros2_ws/install/px4_msgs/local/lib/python3.10/dist-packages/px4_msgs/msg/_sensor_gyro_fft_s.c\n'}
[1.740393] (px4_msgs) StdoutLine: {'line': b'-- Up-to-date symlink: /home/maanavjugalshah/SwarmAero/ros2_ws/install/px4_msgs/local/lib/python3.10/dist-packages/px4_msgs/msg/_sensor_gyro_fifo.py\n'}
[1.740433] (px4_msgs) StdoutLine: {'line': b'-- Up-to-date symlink: /home/maanavjugalshah/SwarmAero/ros2_ws/install/px4_msgs/local/lib/python3.10/dist-packages/px4_msgs/msg/_sensor_gyro_fifo_s.c\n'}
[1.740536] (px4_msgs) StdoutLine: {'line': b'-- Up-to-date symlink: /home/maanavjugalshah/SwarmAero/ros2_ws/install/px4_msgs/local/lib/python3.10/dist-packages/px4_msgs/msg/_sensor_gyro_s.c\n'}
[1.740635] (px4_msgs) StdoutLine: {'line': b'-- Up-to-date symlink: /home/maanavjugalshah/SwarmAero/ros2_ws/install/px4_msgs/local/lib/python3.10/dist-packages/px4_msgs/msg/_sensor_hygrometer.py\n'}
[1.740736] (px4_msgs) StdoutLine: {'line': b'-- Up-to-date symlink: /home/maanavjugalshah/SwarmAero/ros2_ws/install/px4_msgs/local/lib/python3.10/dist-packages/px4_msgs/msg/_sensor_hygrometer_s.c\n'}
[1.740820] (px4_msgs) StdoutLine: {'line': b'-- Up-to-date symlink: /home/maanavjugalshah/SwarmAero/ros2_ws/install/px4_msgs/local/lib/python3.10/dist-packages/px4_msgs/msg/_sensor_mag.py\n'}
[1.741072] (px4_msgs) StdoutLine: {'line': b'-- Up-to-date symlink: /home/maanavjugalshah/SwarmAero/ros2_ws/install/px4_msgs/local/lib/python3.10/dist-packages/px4_msgs/msg/_sensor_mag_s.c\n'}
[1.741238] (px4_msgs) StdoutLine: {'line': b'-- Up-to-date symlink: /home/maanavjugalshah/SwarmAero/ros2_ws/install/px4_msgs/local/lib/python3.10/dist-packages/px4_msgs/msg/_sensor_optical_flow.py\n'}
[1.741289] (px4_msgs) StdoutLine: {'line': b'-- Up-to-date symlink: /home/maanavjugalshah/SwarmAero/ros2_ws/install/px4_msgs/local/lib/python3.10/dist-packages/px4_msgs/msg/_sensor_optical_flow_s.c\n'}
[1.741660] (px4_msgs) StdoutLine: {'line': b'-- Up-to-date symlink: /home/maanavjugalshah/SwarmAero/ros2_ws/install/px4_msgs/local/lib/python3.10/dist-packages/px4_msgs/msg/_sensor_preflight_mag.py\n'}
[1.742021] (px4_msgs) StdoutLine: {'line': b'-- Up-to-date symlink: /home/maanavjugalshah/SwarmAero/ros2_ws/install/px4_msgs/local/lib/python3.10/dist-packages/px4_msgs/msg/_sensor_preflight_mag_s.c\n'}
[1.742158] (px4_msgs) StdoutLine: {'line': b'-- Up-to-date symlink: /home/maanavjugalshah/SwarmAero/ros2_ws/install/px4_msgs/local/lib/python3.10/dist-packages/px4_msgs/msg/_sensor_selection.py\n'}
[1.742228] (px4_msgs) StdoutLine: {'line': b'-- Up-to-date symlink: /home/maanavjugalshah/SwarmAero/ros2_ws/install/px4_msgs/local/lib/python3.10/dist-packages/px4_msgs/msg/_sensor_selection_s.c\n'}
[1.742404] (px4_msgs) StdoutLine: {'line': b'-- Up-to-date symlink: /home/maanavjugalshah/SwarmAero/ros2_ws/install/px4_msgs/local/lib/python3.10/dist-packages/px4_msgs/msg/_sensor_temp.py\n'}
[1.742461] (px4_msgs) StdoutLine: {'line': b'-- Up-to-date symlink: /home/maanavjugalshah/SwarmAero/ros2_ws/install/px4_msgs/local/lib/python3.10/dist-packages/px4_msgs/msg/_sensor_temp_s.c\n'}
[1.742528] (px4_msgs) StdoutLine: {'line': b'-- Up-to-date symlink: /home/maanavjugalshah/SwarmAero/ros2_ws/install/px4_msgs/local/lib/python3.10/dist-packages/px4_msgs/msg/_sensor_uwb.py\n'}
[1.742613] (px4_msgs) StdoutLine: {'line': b'-- Up-to-date symlink: /home/maanavjugalshah/SwarmAero/ros2_ws/install/px4_msgs/local/lib/python3.10/dist-packages/px4_msgs/msg/_sensor_uwb_s.c\n'}
[1.742700] (px4_msgs) StdoutLine: {'line': b'-- Up-to-date symlink: /home/maanavjugalshah/SwarmAero/ros2_ws/install/px4_msgs/local/lib/python3.10/dist-packages/px4_msgs/msg/_sensors_status.py\n'}
[1.742971] (px4_msgs) StdoutLine: {'line': b'-- Up-to-date symlink: /home/maanavjugalshah/SwarmAero/ros2_ws/install/px4_msgs/local/lib/python3.10/dist-packages/px4_msgs/msg/_sensors_status_imu.py\n'}
[1.743025] (px4_msgs) StdoutLine: {'line': b'-- Up-to-date symlink: /home/maanavjugalshah/SwarmAero/ros2_ws/install/px4_msgs/local/lib/python3.10/dist-packages/px4_msgs/msg/_sensors_status_imu_s.c\n'}
[1.743143] (px4_msgs) StdoutLine: {'line': b'-- Up-to-date symlink: /home/maanavjugalshah/SwarmAero/ros2_ws/install/px4_msgs/local/lib/python3.10/dist-packages/px4_msgs/msg/_sensors_status_s.c\n'}
[1.743255] (px4_msgs) StdoutLine: {'line': b'-- Up-to-date symlink: /home/maanavjugalshah/SwarmAero/ros2_ws/install/px4_msgs/local/lib/python3.10/dist-packages/px4_msgs/msg/_system_power.py\n'}
[1.743505] (px4_msgs) StdoutLine: {'line': b'-- Up-to-date symlink: /home/maanavjugalshah/SwarmAero/ros2_ws/install/px4_msgs/local/lib/python3.10/dist-packages/px4_msgs/msg/_system_power_s.c\n'}
[1.743714] (px4_msgs) StdoutLine: {'line': b'-- Up-to-date symlink: /home/maanavjugalshah/SwarmAero/ros2_ws/install/px4_msgs/local/lib/python3.10/dist-packages/px4_msgs/msg/_takeoff_status.py\n'}
[1.743847] (px4_msgs) StdoutLine: {'line': b'-- Up-to-date symlink: /home/maanavjugalshah/SwarmAero/ros2_ws/install/px4_msgs/local/lib/python3.10/dist-packages/px4_msgs/msg/_takeoff_status_s.c\n'}
[1.744012] (px4_msgs) StdoutLine: {'line': b'-- Up-to-date symlink: /home/maanavjugalshah/SwarmAero/ros2_ws/install/px4_msgs/local/lib/python3.10/dist-packages/px4_msgs/msg/_task_stack_info.py\n'}
[1.744073] (px4_msgs) StdoutLine: {'line': b'-- Up-to-date symlink: /home/maanavjugalshah/SwarmAero/ros2_ws/install/px4_msgs/local/lib/python3.10/dist-packages/px4_msgs/msg/_task_stack_info_s.c\n'}
[1.744192] (px4_msgs) StdoutLine: {'line': b'-- Up-to-date symlink: /home/maanavjugalshah/SwarmAero/ros2_ws/install/px4_msgs/local/lib/python3.10/dist-packages/px4_msgs/msg/_tecs_status.py\n'}
[1.744291] (px4_msgs) StdoutLine: {'line': b'-- Up-to-date symlink: /home/maanavjugalshah/SwarmAero/ros2_ws/install/px4_msgs/local/lib/python3.10/dist-packages/px4_msgs/msg/_tecs_status_s.c\n'}
[1.744496] (px4_msgs) StdoutLine: {'line': b'-- Up-to-date symlink: /home/maanavjugalshah/SwarmAero/ros2_ws/install/px4_msgs/local/lib/python3.10/dist-packages/px4_msgs/msg/_telemetry_status.py\n'}
[1.744560] (px4_msgs) StdoutLine: {'line': b'-- Up-to-date symlink: /home/maanavjugalshah/SwarmAero/ros2_ws/install/px4_msgs/local/lib/python3.10/dist-packages/px4_msgs/msg/_telemetry_status_s.c\n'}
[1.744598] (px4_msgs) StdoutLine: {'line': b'-- Up-to-date symlink: /home/maanavjugalshah/SwarmAero/ros2_ws/install/px4_msgs/local/lib/python3.10/dist-packages/px4_msgs/msg/_tiltrotor_extra_controls.py\n'}
[1.744767] (px4_msgs) StdoutLine: {'line': b'-- Up-to-date symlink: /home/maanavjugalshah/SwarmAero/ros2_ws/install/px4_msgs/local/lib/python3.10/dist-packages/px4_msgs/msg/_tiltrotor_extra_controls_s.c\n'}
[1.744922] (px4_msgs) StdoutLine: {'line': b'-- Up-to-date symlink: /home/maanavjugalshah/SwarmAero/ros2_ws/install/px4_msgs/local/lib/python3.10/dist-packages/px4_msgs/msg/_timesync_status.py\n'}
[1.744988] (px4_msgs) StdoutLine: {'line': b'-- Up-to-date symlink: /home/maanavjugalshah/SwarmAero/ros2_ws/install/px4_msgs/local/lib/python3.10/dist-packages/px4_msgs/msg/_timesync_status_s.c\n'}
[1.745166] (px4_msgs) StdoutLine: {'line': b'-- Up-to-date symlink: /home/maanavjugalshah/SwarmAero/ros2_ws/install/px4_msgs/local/lib/python3.10/dist-packages/px4_msgs/msg/_trajectory_setpoint.py\n'}
[1.745240] (px4_msgs) StdoutLine: {'line': b'-- Up-to-date symlink: /home/maanavjugalshah/SwarmAero/ros2_ws/install/px4_msgs/local/lib/python3.10/dist-packages/px4_msgs/msg/_trajectory_setpoint6dof.py\n'}
[1.745545] (px4_msgs) StdoutLine: {'line': b'-- Up-to-date symlink: /home/maanavjugalshah/SwarmAero/ros2_ws/install/px4_msgs/local/lib/python3.10/dist-packages/px4_msgs/msg/_trajectory_setpoint6dof_s.c\n'}
[1.746020] (px4_msgs) StdoutLine: {'line': b'-- Up-to-date symlink: /home/maanavjugalshah/SwarmAero/ros2_ws/install/px4_msgs/local/lib/python3.10/dist-packages/px4_msgs/msg/_trajectory_setpoint_s.c\n'}
[1.746319] (px4_msgs) StdoutLine: {'line': b'-- Up-to-date symlink: /home/maanavjugalshah/SwarmAero/ros2_ws/install/px4_msgs/local/lib/python3.10/dist-packages/px4_msgs/msg/_transponder_report.py\n'}
[1.746539] (px4_msgs) StdoutLine: {'line': b'-- Up-to-date symlink: /home/maanavjugalshah/SwarmAero/ros2_ws/install/px4_msgs/local/lib/python3.10/dist-packages/px4_msgs/msg/_transponder_report_s.c\n'}
[1.746636] (px4_msgs) StdoutLine: {'line': b'-- Up-to-date symlink: /home/maanavjugalshah/SwarmAero/ros2_ws/install/px4_msgs/local/lib/python3.10/dist-packages/px4_msgs/msg/_tune_control.py\n'}
[1.746678] (px4_msgs) StdoutLine: {'line': b'-- Up-to-date symlink: /home/maanavjugalshah/SwarmAero/ros2_ws/install/px4_msgs/local/lib/python3.10/dist-packages/px4_msgs/msg/_tune_control_s.c\n'}
[1.746716] (px4_msgs) StdoutLine: {'line': b'-- Up-to-date symlink: /home/maanavjugalshah/SwarmAero/ros2_ws/install/px4_msgs/local/lib/python3.10/dist-packages/px4_msgs/msg/_uavcan_parameter_request.py\n'}
[1.746851] (px4_msgs) StdoutLine: {'line': b'-- Up-to-date symlink: /home/maanavjugalshah/SwarmAero/ros2_ws/install/px4_msgs/local/lib/python3.10/dist-packages/px4_msgs/msg/_uavcan_parameter_request_s.c\n'}
[1.746893] (px4_msgs) StdoutLine: {'line': b'-- Up-to-date symlink: /home/maanavjugalshah/SwarmAero/ros2_ws/install/px4_msgs/local/lib/python3.10/dist-packages/px4_msgs/msg/_uavcan_parameter_value.py\n'}
[1.746931] (px4_msgs) StdoutLine: {'line': b'-- Up-to-date symlink: /home/maanavjugalshah/SwarmAero/ros2_ws/install/px4_msgs/local/lib/python3.10/dist-packages/px4_msgs/msg/_uavcan_parameter_value_s.c\n'}
[1.747029] (px4_msgs) StdoutLine: {'line': b'-- Up-to-date symlink: /home/maanavjugalshah/SwarmAero/ros2_ws/install/px4_msgs/local/lib/python3.10/dist-packages/px4_msgs/msg/_ulog_stream.py\n'}
[1.747129] (px4_msgs) StdoutLine: {'line': b'-- Up-to-date symlink: /home/maanavjugalshah/SwarmAero/ros2_ws/install/px4_msgs/local/lib/python3.10/dist-packages/px4_msgs/msg/_ulog_stream_ack.py\n'}
[1.747369] (px4_msgs) StdoutLine: {'line': b'-- Up-to-date symlink: /home/maanavjugalshah/SwarmAero/ros2_ws/install/px4_msgs/local/lib/python3.10/dist-packages/px4_msgs/msg/_ulog_stream_ack_s.c\n'}
[1.747527] (px4_msgs) StdoutLine: {'line': b'-- Up-to-date symlink: /home/maanavjugalshah/SwarmAero/ros2_ws/install/px4_msgs/local/lib/python3.10/dist-packages/px4_msgs/msg/_ulog_stream_s.c\n'}
[1.747888] (px4_msgs) StdoutLine: {'line': b'-- Up-to-date symlink: /home/maanavjugalshah/SwarmAero/ros2_ws/install/px4_msgs/local/lib/python3.10/dist-packages/px4_msgs/msg/_unregister_ext_component.py\n'}
[1.748024] (px4_msgs) StdoutLine: {'line': b'-- Up-to-date symlink: /home/maanavjugalshah/SwarmAero/ros2_ws/install/px4_msgs/local/lib/python3.10/dist-packages/px4_msgs/msg/_unregister_ext_component_s.c\n'}
[1.748185] (px4_msgs) StdoutLine: {'line': b'-- Up-to-date symlink: /home/maanavjugalshah/SwarmAero/ros2_ws/install/px4_msgs/local/lib/python3.10/dist-packages/px4_msgs/msg/_vehicle_acceleration.py\n'}
[1.748281] (px4_msgs) StdoutLine: {'line': b'-- Up-to-date symlink: /home/maanavjugalshah/SwarmAero/ros2_ws/install/px4_msgs/local/lib/python3.10/dist-packages/px4_msgs/msg/_vehicle_acceleration_s.c\n'}
[1.748410] (px4_msgs) StdoutLine: {'line': b'-- Up-to-date symlink: /home/maanavjugalshah/SwarmAero/ros2_ws/install/px4_msgs/local/lib/python3.10/dist-packages/px4_msgs/msg/_vehicle_air_data.py\n'}
[1.748449] (px4_msgs) StdoutLine: {'line': b'-- Up-to-date symlink: /home/maanavjugalshah/SwarmAero/ros2_ws/install/px4_msgs/local/lib/python3.10/dist-packages/px4_msgs/msg/_vehicle_air_data_s.c\n'}
[1.748491] (px4_msgs) StdoutLine: {'line': b'-- Up-to-date symlink: /home/maanavjugalshah/SwarmAero/ros2_ws/install/px4_msgs/local/lib/python3.10/dist-packages/px4_msgs/msg/_vehicle_angular_acceleration_setpoint.py\n'}
[1.748660] (px4_msgs) StdoutLine: {'line': b'-- Up-to-date symlink: /home/maanavjugalshah/SwarmAero/ros2_ws/install/px4_msgs/local/lib/python3.10/dist-packages/px4_msgs/msg/_vehicle_angular_acceleration_setpoint_s.c\n'}
[1.748709] (px4_msgs) StdoutLine: {'line': b'-- Up-to-date symlink: /home/maanavjugalshah/SwarmAero/ros2_ws/install/px4_msgs/local/lib/python3.10/dist-packages/px4_msgs/msg/_vehicle_angular_velocity.py\n'}
[1.748747] (px4_msgs) StdoutLine: {'line': b'-- Up-to-date symlink: /home/maanavjugalshah/SwarmAero/ros2_ws/install/px4_msgs/local/lib/python3.10/dist-packages/px4_msgs/msg/_vehicle_angular_velocity_s.c\n'}
[1.748853] (px4_msgs) StdoutLine: {'line': b'-- Up-to-date symlink: /home/maanavjugalshah/SwarmAero/ros2_ws/install/px4_msgs/local/lib/python3.10/dist-packages/px4_msgs/msg/_vehicle_attitude.py\n'}
[1.748896] (px4_msgs) StdoutLine: {'line': b'-- Up-to-date symlink: /home/maanavjugalshah/SwarmAero/ros2_ws/install/px4_msgs/local/lib/python3.10/dist-packages/px4_msgs/msg/_vehicle_attitude_s.c\n'}
[1.748934] (px4_msgs) StdoutLine: {'line': b'-- Up-to-date symlink: /home/maanavjugalshah/SwarmAero/ros2_ws/install/px4_msgs/local/lib/python3.10/dist-packages/px4_msgs/msg/_vehicle_attitude_setpoint.py\n'}
[1.748970] (px4_msgs) StdoutLine: {'line': b'-- Up-to-date symlink: /home/maanavjugalshah/SwarmAero/ros2_ws/install/px4_msgs/local/lib/python3.10/dist-packages/px4_msgs/msg/_vehicle_attitude_setpoint_s.c\n'}
[1.749031] (px4_msgs) StdoutLine: {'line': b'-- Up-to-date symlink: /home/maanavjugalshah/SwarmAero/ros2_ws/install/px4_msgs/local/lib/python3.10/dist-packages/px4_msgs/msg/_vehicle_command.py\n'}
[1.749240] (px4_msgs) StdoutLine: {'line': b'-- Up-to-date symlink: /home/maanavjugalshah/SwarmAero/ros2_ws/install/px4_msgs/local/lib/python3.10/dist-packages/px4_msgs/msg/_vehicle_command_ack.py\n'}
[1.749396] (px4_msgs) StdoutLine: {'line': b'-- Up-to-date symlink: /home/maanavjugalshah/SwarmAero/ros2_ws/install/px4_msgs/local/lib/python3.10/dist-packages/px4_msgs/msg/_vehicle_command_ack_s.c\n'}
[1.749440] (px4_msgs) StdoutLine: {'line': b'-- Up-to-date symlink: /home/maanavjugalshah/SwarmAero/ros2_ws/install/px4_msgs/local/lib/python3.10/dist-packages/px4_msgs/msg/_vehicle_command_s.c\n'}
[1.749520] (px4_msgs) StdoutLine: {'line': b'-- Up-to-date symlink: /home/maanavjugalshah/SwarmAero/ros2_ws/install/px4_msgs/local/lib/python3.10/dist-packages/px4_msgs/msg/_vehicle_constraints.py\n'}
[1.749661] (px4_msgs) StdoutLine: {'line': b'-- Up-to-date symlink: /home/maanavjugalshah/SwarmAero/ros2_ws/install/px4_msgs/local/lib/python3.10/dist-packages/px4_msgs/msg/_vehicle_constraints_s.c\n'}
[1.749728] (px4_msgs) StdoutLine: {'line': b'-- Up-to-date symlink: /home/maanavjugalshah/SwarmAero/ros2_ws/install/px4_msgs/local/lib/python3.10/dist-packages/px4_msgs/msg/_vehicle_control_mode.py\n'}
[1.749934] (px4_msgs) StdoutLine: {'line': b'-- Up-to-date symlink: /home/maanavjugalshah/SwarmAero/ros2_ws/install/px4_msgs/local/lib/python3.10/dist-packages/px4_msgs/msg/_vehicle_control_mode_s.c\n'}
[1.750225] (px4_msgs) StdoutLine: {'line': b'-- Up-to-date symlink: /home/maanavjugalshah/SwarmAero/ros2_ws/install/px4_msgs/local/lib/python3.10/dist-packages/px4_msgs/msg/_vehicle_global_position.py\n'}
[1.750360] (px4_msgs) StdoutLine: {'line': b'-- Up-to-date symlink: /home/maanavjugalshah/SwarmAero/ros2_ws/install/px4_msgs/local/lib/python3.10/dist-packages/px4_msgs/msg/_vehicle_global_position_s.c\n'}
[1.750436] (px4_msgs) StdoutLine: {'line': b'-- Up-to-date symlink: /home/maanavjugalshah/SwarmAero/ros2_ws/install/px4_msgs/local/lib/python3.10/dist-packages/px4_msgs/msg/_vehicle_imu.py\n'}
[1.750553] (px4_msgs) StdoutLine: {'line': b'-- Up-to-date symlink: /home/maanavjugalshah/SwarmAero/ros2_ws/install/px4_msgs/local/lib/python3.10/dist-packages/px4_msgs/msg/_vehicle_imu_s.c\n'}
[1.750630] (px4_msgs) StdoutLine: {'line': b'-- Up-to-date symlink: /home/maanavjugalshah/SwarmAero/ros2_ws/install/px4_msgs/local/lib/python3.10/dist-packages/px4_msgs/msg/_vehicle_imu_status.py\n'}
[1.750700] (px4_msgs) StdoutLine: {'line': b'-- Up-to-date symlink: /home/maanavjugalshah/SwarmAero/ros2_ws/install/px4_msgs/local/lib/python3.10/dist-packages/px4_msgs/msg/_vehicle_imu_status_s.c\n'}
[1.750768] (px4_msgs) StdoutLine: {'line': b'-- Up-to-date symlink: /home/maanavjugalshah/SwarmAero/ros2_ws/install/px4_msgs/local/lib/python3.10/dist-packages/px4_msgs/msg/_vehicle_land_detected.py\n'}
[1.751071] (px4_msgs) StdoutLine: {'line': b'-- Up-to-date symlink: /home/maanavjugalshah/SwarmAero/ros2_ws/install/px4_msgs/local/lib/python3.10/dist-packages/px4_msgs/msg/_vehicle_land_detected_s.c\n'}
[1.751218] (px4_msgs) StdoutLine: {'line': b'-- Up-to-date symlink: /home/maanavjugalshah/SwarmAero/ros2_ws/install/px4_msgs/local/lib/python3.10/dist-packages/px4_msgs/msg/_vehicle_local_position.py\n'}
[1.751297] (px4_msgs) StdoutLine: {'line': b'-- Up-to-date symlink: /home/maanavjugalshah/SwarmAero/ros2_ws/install/px4_msgs/local/lib/python3.10/dist-packages/px4_msgs/msg/_vehicle_local_position_s.c\n'}
[1.751435] (px4_msgs) StdoutLine: {'line': b'-- Up-to-date symlink: /home/maanavjugalshah/SwarmAero/ros2_ws/install/px4_msgs/local/lib/python3.10/dist-packages/px4_msgs/msg/_vehicle_local_position_setpoint.py\n'}
[1.751482] (px4_msgs) StdoutLine: {'line': b'-- Up-to-date symlink: /home/maanavjugalshah/SwarmAero/ros2_ws/install/px4_msgs/local/lib/python3.10/dist-packages/px4_msgs/msg/_vehicle_local_position_setpoint_s.c\n'}
[1.751519] (px4_msgs) StdoutLine: {'line': b'-- Up-to-date symlink: /home/maanavjugalshah/SwarmAero/ros2_ws/install/px4_msgs/local/lib/python3.10/dist-packages/px4_msgs/msg/_vehicle_magnetometer.py\n'}
[1.751715] (px4_msgs) StdoutLine: {'line': b'-- Up-to-date symlink: /home/maanavjugalshah/SwarmAero/ros2_ws/install/px4_msgs/local/lib/python3.10/dist-packages/px4_msgs/msg/_vehicle_magnetometer_s.c\n'}
[1.751763] (px4_msgs) StdoutLine: {'line': b'-- Up-to-date symlink: /home/maanavjugalshah/SwarmAero/ros2_ws/install/px4_msgs/local/lib/python3.10/dist-packages/px4_msgs/msg/_vehicle_odometry.py\n'}
[1.751800] (px4_msgs) StdoutLine: {'line': b'-- Up-to-date symlink: /home/maanavjugalshah/SwarmAero/ros2_ws/install/px4_msgs/local/lib/python3.10/dist-packages/px4_msgs/msg/_vehicle_odometry_s.c\n'}
[1.751855] (px4_msgs) StdoutLine: {'line': b'-- Up-to-date symlink: /home/maanavjugalshah/SwarmAero/ros2_ws/install/px4_msgs/local/lib/python3.10/dist-packages/px4_msgs/msg/_vehicle_optical_flow.py\n'}
[1.752048] (px4_msgs) StdoutLine: {'line': b'-- Up-to-date symlink: /home/maanavjugalshah/SwarmAero/ros2_ws/install/px4_msgs/local/lib/python3.10/dist-packages/px4_msgs/msg/_vehicle_optical_flow_s.c\n'}
[1.752271] (px4_msgs) StdoutLine: {'line': b'-- Up-to-date symlink: /home/maanavjugalshah/SwarmAero/ros2_ws/install/px4_msgs/local/lib/python3.10/dist-packages/px4_msgs/msg/_vehicle_optical_flow_vel.py\n'}
[1.752394] (px4_msgs) StdoutLine: {'line': b'-- Up-to-date symlink: /home/maanavjugalshah/SwarmAero/ros2_ws/install/px4_msgs/local/lib/python3.10/dist-packages/px4_msgs/msg/_vehicle_optical_flow_vel_s.c\n'}
[1.752560] (px4_msgs) StdoutLine: {'line': b'-- Up-to-date symlink: /home/maanavjugalshah/SwarmAero/ros2_ws/install/px4_msgs/local/lib/python3.10/dist-packages/px4_msgs/msg/_vehicle_rates_setpoint.py\n'}
[1.752747] (px4_msgs) StdoutLine: {'line': b'-- Up-to-date symlink: /home/maanavjugalshah/SwarmAero/ros2_ws/install/px4_msgs/local/lib/python3.10/dist-packages/px4_msgs/msg/_vehicle_rates_setpoint_s.c\n'}
[1.752880] (px4_msgs) StdoutLine: {'line': b'-- Up-to-date symlink: /home/maanavjugalshah/SwarmAero/ros2_ws/install/px4_msgs/local/lib/python3.10/dist-packages/px4_msgs/msg/_vehicle_roi.py\n'}
[1.753047] (px4_msgs) StdoutLine: {'line': b'-- Up-to-date symlink: /home/maanavjugalshah/SwarmAero/ros2_ws/install/px4_msgs/local/lib/python3.10/dist-packages/px4_msgs/msg/_vehicle_roi_s.c\n'}
[1.753098] (px4_msgs) StdoutLine: {'line': b'-- Up-to-date symlink: /home/maanavjugalshah/SwarmAero/ros2_ws/install/px4_msgs/local/lib/python3.10/dist-packages/px4_msgs/msg/_vehicle_status.py\n'}
[1.753236] (px4_msgs) StdoutLine: {'line': b'-- Up-to-date symlink: /home/maanavjugalshah/SwarmAero/ros2_ws/install/px4_msgs/local/lib/python3.10/dist-packages/px4_msgs/msg/_vehicle_status_s.c\n'}
[1.753390] (px4_msgs) StdoutLine: {'line': b'-- Up-to-date symlink: /home/maanavjugalshah/SwarmAero/ros2_ws/install/px4_msgs/local/lib/python3.10/dist-packages/px4_msgs/msg/_vehicle_thrust_setpoint.py\n'}
[1.753616] (px4_msgs) StdoutLine: {'line': b'-- Up-to-date symlink: /home/maanavjugalshah/SwarmAero/ros2_ws/install/px4_msgs/local/lib/python3.10/dist-packages/px4_msgs/msg/_vehicle_thrust_setpoint_s.c\n'}
[1.753659] (px4_msgs) StdoutLine: {'line': b'-- Up-to-date symlink: /home/maanavjugalshah/SwarmAero/ros2_ws/install/px4_msgs/local/lib/python3.10/dist-packages/px4_msgs/msg/_vehicle_torque_setpoint.py\n'}
[1.753694] (px4_msgs) StdoutLine: {'line': b'-- Up-to-date symlink: /home/maanavjugalshah/SwarmAero/ros2_ws/install/px4_msgs/local/lib/python3.10/dist-packages/px4_msgs/msg/_vehicle_torque_setpoint_s.c\n'}
[1.753729] (px4_msgs) StdoutLine: {'line': b'-- Up-to-date symlink: /home/maanavjugalshah/SwarmAero/ros2_ws/install/px4_msgs/local/lib/python3.10/dist-packages/px4_msgs/msg/_velocity_limits.py\n'}
[1.753817] (px4_msgs) StdoutLine: {'line': b'-- Up-to-date symlink: /home/maanavjugalshah/SwarmAero/ros2_ws/install/px4_msgs/local/lib/python3.10/dist-packages/px4_msgs/msg/_velocity_limits_s.c\n'}
[1.754295] (px4_msgs) StdoutLine: {'line': b'-- Up-to-date symlink: /home/maanavjugalshah/SwarmAero/ros2_ws/install/px4_msgs/local/lib/python3.10/dist-packages/px4_msgs/msg/_vtol_vehicle_status.py\n'}
[1.754416] (px4_msgs) StdoutLine: {'line': b'-- Up-to-date symlink: /home/maanavjugalshah/SwarmAero/ros2_ws/install/px4_msgs/local/lib/python3.10/dist-packages/px4_msgs/msg/_vtol_vehicle_status_s.c\n'}
[1.754592] (px4_msgs) StdoutLine: {'line': b'-- Up-to-date symlink: /home/maanavjugalshah/SwarmAero/ros2_ws/install/px4_msgs/local/lib/python3.10/dist-packages/px4_msgs/msg/_vtx.py\n'}
[1.754732] (px4_msgs) StdoutLine: {'line': b'-- Up-to-date symlink: /home/maanavjugalshah/SwarmAero/ros2_ws/install/px4_msgs/local/lib/python3.10/dist-packages/px4_msgs/msg/_vtx_s.c\n'}
[1.754806] (px4_msgs) StdoutLine: {'line': b'-- Up-to-date symlink: /home/maanavjugalshah/SwarmAero/ros2_ws/install/px4_msgs/local/lib/python3.10/dist-packages/px4_msgs/msg/_wheel_encoders.py\n'}
[1.754848] (px4_msgs) StdoutLine: {'line': b'-- Up-to-date symlink: /home/maanavjugalshah/SwarmAero/ros2_ws/install/px4_msgs/local/lib/python3.10/dist-packages/px4_msgs/msg/_wheel_encoders_s.c\n'}
[1.754964] (px4_msgs) StdoutLine: {'line': b'-- Up-to-date symlink: /home/maanavjugalshah/SwarmAero/ros2_ws/install/px4_msgs/local/lib/python3.10/dist-packages/px4_msgs/msg/_wind.py\n'}
[1.755036] (px4_msgs) StdoutLine: {'line': b'-- Up-to-date symlink: /home/maanavjugalshah/SwarmAero/ros2_ws/install/px4_msgs/local/lib/python3.10/dist-packages/px4_msgs/msg/_wind_s.c\n'}
[1.755366] (px4_msgs) StdoutLine: {'line': b'-- Up-to-date symlink: /home/maanavjugalshah/SwarmAero/ros2_ws/install/px4_msgs/local/lib/python3.10/dist-packages/px4_msgs/msg/_yaw_estimator_status.py\n'}
[1.755420] (px4_msgs) StdoutLine: {'line': b'-- Up-to-date symlink: /home/maanavjugalshah/SwarmAero/ros2_ws/install/px4_msgs/local/lib/python3.10/dist-packages/px4_msgs/msg/_yaw_estimator_status_s.c\n'}
[1.755529] (px4_msgs) StdoutLine: {'line': b'-- Up-to-date symlink: /home/maanavjugalshah/SwarmAero/ros2_ws/install/px4_msgs/local/lib/python3.10/dist-packages/px4_msgs/px4_msgs_s__rosidl_typesupport_c.cpython-310-x86_64-linux-gnu.so\n'}
[1.755710] (px4_msgs) StdoutLine: {'line': b'-- Up-to-date symlink: /home/maanavjugalshah/SwarmAero/ros2_ws/install/px4_msgs/local/lib/python3.10/dist-packages/px4_msgs/px4_msgs_s__rosidl_typesupport_fastrtps_c.cpython-310-x86_64-linux-gnu.so\n'}
[1.755786] (px4_msgs) StdoutLine: {'line': b'-- Up-to-date symlink: /home/maanavjugalshah/SwarmAero/ros2_ws/install/px4_msgs/local/lib/python3.10/dist-packages/px4_msgs/px4_msgs_s__rosidl_typesupport_introspection_c.cpython-310-x86_64-linux-gnu.so\n'}
[1.755956] (px4_msgs) StdoutLine: {'line': b'-- Up-to-date symlink: /home/maanavjugalshah/SwarmAero/ros2_ws/install/px4_msgs/local/lib/python3.10/dist-packages/px4_msgs/srv/__init__.py\n'}
[1.756094] (px4_msgs) StdoutLine: {'line': b'-- Up-to-date symlink: /home/maanavjugalshah/SwarmAero/ros2_ws/install/px4_msgs/local/lib/python3.10/dist-packages/px4_msgs/srv/_vehicle_command.py\n'}
[1.756203] (px4_msgs) StdoutLine: {'line': b'-- Up-to-date symlink: /home/maanavjugalshah/SwarmAero/ros2_ws/install/px4_msgs/local/lib/python3.10/dist-packages/px4_msgs/srv/_vehicle_command_s.c\n'}
[1.756278] (px4_msgs) StdoutLine: {'line': b'-- Up-to-date symlink: /home/maanavjugalshah/SwarmAero/ros2_ws/install/px4_msgs/local/lib/python3.10/dist-packages/px4_msgs/px4_msgs_s__rosidl_typesupport_fastrtps_c.cpython-310-x86_64-linux-gnu.so\n'}
[1.756381] (px4_msgs) StdoutLine: {'line': b'-- Up-to-date symlink: /home/maanavjugalshah/SwarmAero/ros2_ws/install/px4_msgs/local/lib/python3.10/dist-packages/px4_msgs/px4_msgs_s__rosidl_typesupport_introspection_c.cpython-310-x86_64-linux-gnu.so\n'}
[1.756466] (px4_msgs) StdoutLine: {'line': b'-- Up-to-date symlink: /home/maanavjugalshah/SwarmAero/ros2_ws/install/px4_msgs/local/lib/python3.10/dist-packages/px4_msgs/px4_msgs_s__rosidl_typesupport_c.cpython-310-x86_64-linux-gnu.so\n'}
[1.756613] (px4_msgs) StdoutLine: {'line': b'-- Up-to-date symlink: /home/maanavjugalshah/SwarmAero/ros2_ws/install/px4_msgs/share/ament_index/resource_index/rust_packages/px4_msgs\n'}
[1.756653] (px4_msgs) StdoutLine: {'line': b'-- Up-to-date symlink: /home/maanavjugalshah/SwarmAero/ros2_ws/install/px4_msgs/share/px4_msgs/rust/Cargo.toml\n'}
[1.756908] (px4_msgs) StdoutLine: {'line': b'-- Up-to-date symlink: /home/maanavjugalshah/SwarmAero/ros2_ws/install/px4_msgs/share/px4_msgs/rust/build.rs\n'}
[1.757085] (px4_msgs) StdoutLine: {'line': b'-- Up-to-date symlink: /home/maanavjugalshah/SwarmAero/ros2_ws/install/px4_msgs/share/px4_msgs/rust/src/lib.rs\n'}
[1.757363] (px4_msgs) StdoutLine: {'line': b'-- Up-to-date symlink: /home/maanavjugalshah/SwarmAero/ros2_ws/install/px4_msgs/share/px4_msgs/rust/src/msg.rs\n'}
[1.757520] (px4_msgs) StdoutLine: {'line': b'-- Up-to-date symlink: /home/maanavjugalshah/SwarmAero/ros2_ws/install/px4_msgs/share/px4_msgs/rust/src/msg/rmw.rs\n'}
[1.757584] (px4_msgs) StdoutLine: {'line': b'-- Up-to-date symlink: /home/maanavjugalshah/SwarmAero/ros2_ws/install/px4_msgs/share/px4_msgs/rust/src/srv.rs\n'}
[1.757863] (px4_msgs) StdoutLine: {'line': b'-- Up-to-date symlink: /home/maanavjugalshah/SwarmAero/ros2_ws/install/px4_msgs/share/px4_msgs/rust/src/srv/rmw.rs\n'}
[1.757976] (px4_msgs) StdoutLine: {'line': b'-- Up-to-date symlink: /home/maanavjugalshah/SwarmAero/ros2_ws/install/px4_msgs/share/px4_msgs/msg/ActionRequest.idl\n'}
[1.758473] (px4_msgs) StdoutLine: {'line': b'-- Up-to-date symlink: /home/maanavjugalshah/SwarmAero/ros2_ws/install/px4_msgs/share/px4_msgs/msg/ActuatorArmed.idl\n'}
[1.758583] (px4_msgs) StdoutLine: {'line': b'-- Up-to-date symlink: /home/maanavjugalshah/SwarmAero/ros2_ws/install/px4_msgs/share/px4_msgs/msg/ActuatorControlsStatus.idl\n'}
[1.758639] (px4_msgs) StdoutLine: {'line': b'-- Up-to-date symlink: /home/maanavjugalshah/SwarmAero/ros2_ws/install/px4_msgs/share/px4_msgs/msg/ActuatorMotors.idl\n'}
[1.758753] (px4_msgs) StdoutLine: {'line': b'-- Up-to-date symlink: /home/maanavjugalshah/SwarmAero/ros2_ws/install/px4_msgs/share/px4_msgs/msg/ActuatorOutputs.idl\n'}
[1.758919] (px4_msgs) StdoutLine: {'line': b'-- Up-to-date symlink: /home/maanavjugalshah/SwarmAero/ros2_ws/install/px4_msgs/share/px4_msgs/msg/ActuatorServos.idl\n'}
[1.759045] (px4_msgs) StdoutLine: {'line': b'-- Up-to-date symlink: /home/maanavjugalshah/SwarmAero/ros2_ws/install/px4_msgs/share/px4_msgs/msg/ActuatorServosTrim.idl\n'}
[1.759248] (px4_msgs) StdoutLine: {'line': b'-- Up-to-date symlink: /home/maanavjugalshah/SwarmAero/ros2_ws/install/px4_msgs/share/px4_msgs/msg/ActuatorTest.idl\n'}
[1.759337] (px4_msgs) StdoutLine: {'line': b'-- Up-to-date symlink: /home/maanavjugalshah/SwarmAero/ros2_ws/install/px4_msgs/share/px4_msgs/msg/AdcReport.idl\n'}
[1.759487] (px4_msgs) StdoutLine: {'line': b'-- Up-to-date symlink: /home/maanavjugalshah/SwarmAero/ros2_ws/install/px4_msgs/share/px4_msgs/msg/Airspeed.idl\n'}
[1.759572] (px4_msgs) StdoutLine: {'line': b'-- Up-to-date symlink: /home/maanavjugalshah/SwarmAero/ros2_ws/install/px4_msgs/share/px4_msgs/msg/AirspeedValidated.idl\n'}
[1.759725] (px4_msgs) StdoutLine: {'line': b'-- Up-to-date symlink: /home/maanavjugalshah/SwarmAero/ros2_ws/install/px4_msgs/share/px4_msgs/msg/AirspeedWind.idl\n'}
[1.759828] (px4_msgs) StdoutLine: {'line': b'-- Up-to-date symlink: /home/maanavjugalshah/SwarmAero/ros2_ws/install/px4_msgs/share/px4_msgs/msg/ArmingCheckReply.idl\n'}
[1.759931] (px4_msgs) StdoutLine: {'line': b'-- Up-to-date symlink: /home/maanavjugalshah/SwarmAero/ros2_ws/install/px4_msgs/share/px4_msgs/msg/ArmingCheckRequest.idl\n'}
[1.760175] (px4_msgs) StdoutLine: {'line': b'-- Up-to-date symlink: /home/maanavjugalshah/SwarmAero/ros2_ws/install/px4_msgs/share/px4_msgs/msg/AutotuneAttitudeControlStatus.idl\n'}
[1.760231] (px4_msgs) StdoutLine: {'line': b'-- Up-to-date symlink: /home/maanavjugalshah/SwarmAero/ros2_ws/install/px4_msgs/share/px4_msgs/msg/AuxGlobalPosition.idl\n'}
[1.760269] (px4_msgs) StdoutLine: {'line': b'-- Up-to-date symlink: /home/maanavjugalshah/SwarmAero/ros2_ws/install/px4_msgs/share/px4_msgs/msg/BatteryInfo.idl\n'}
[1.760521] (px4_msgs) StdoutLine: {'line': b'-- Up-to-date symlink: /home/maanavjugalshah/SwarmAero/ros2_ws/install/px4_msgs/share/px4_msgs/msg/BatteryStatus.idl\n'}
[1.760658] (px4_msgs) StdoutLine: {'line': b'-- Up-to-date symlink: /home/maanavjugalshah/SwarmAero/ros2_ws/install/px4_msgs/share/px4_msgs/msg/ButtonEvent.idl\n'}
[1.760790] (px4_msgs) StdoutLine: {'line': b'-- Up-to-date symlink: /home/maanavjugalshah/SwarmAero/ros2_ws/install/px4_msgs/share/px4_msgs/msg/CameraCapture.idl\n'}
[1.760924] (px4_msgs) StdoutLine: {'line': b'-- Up-to-date symlink: /home/maanavjugalshah/SwarmAero/ros2_ws/install/px4_msgs/share/px4_msgs/msg/CameraStatus.idl\n'}
[1.761066] (px4_msgs) StdoutLine: {'line': b'-- Up-to-date symlink: /home/maanavjugalshah/SwarmAero/ros2_ws/install/px4_msgs/share/px4_msgs/msg/CameraTrigger.idl\n'}
[1.761110] (px4_msgs) StdoutLine: {'line': b'-- Up-to-date symlink: /home/maanavjugalshah/SwarmAero/ros2_ws/install/px4_msgs/share/px4_msgs/msg/CanInterfaceStatus.idl\n'}
[1.761150] (px4_msgs) StdoutLine: {'line': b'-- Up-to-date symlink: /home/maanavjugalshah/SwarmAero/ros2_ws/install/px4_msgs/share/px4_msgs/msg/CellularStatus.idl\n'}
[1.761184] (px4_msgs) StdoutLine: {'line': b'-- Up-to-date symlink: /home/maanavjugalshah/SwarmAero/ros2_ws/install/px4_msgs/share/px4_msgs/msg/CollisionConstraints.idl\n'}
[1.761301] (px4_msgs) StdoutLine: {'line': b'-- Up-to-date symlink: /home/maanavjugalshah/SwarmAero/ros2_ws/install/px4_msgs/share/px4_msgs/msg/ConfigOverrides.idl\n'}
[1.761390] (px4_msgs) StdoutLine: {'line': b'-- Up-to-date symlink: /home/maanavjugalshah/SwarmAero/ros2_ws/install/px4_msgs/share/px4_msgs/msg/ControlAllocatorStatus.idl\n'}
[1.761463] (px4_msgs) StdoutLine: {'line': b'-- Up-to-date symlink: /home/maanavjugalshah/SwarmAero/ros2_ws/install/px4_msgs/share/px4_msgs/msg/Cpuload.idl\n'}
[1.761852] (px4_msgs) StdoutLine: {'line': b'-- Up-to-date symlink: /home/maanavjugalshah/SwarmAero/ros2_ws/install/px4_msgs/share/px4_msgs/msg/DatamanRequest.idl\n'}
[1.762024] (px4_msgs) StdoutLine: {'line': b'-- Up-to-date symlink: /home/maanavjugalshah/SwarmAero/ros2_ws/install/px4_msgs/share/px4_msgs/msg/DatamanResponse.idl\n'}
[1.762148] (px4_msgs) StdoutLine: {'line': b'-- Up-to-date symlink: /home/maanavjugalshah/SwarmAero/ros2_ws/install/px4_msgs/share/px4_msgs/msg/DebugArray.idl\n'}
[1.762350] (px4_msgs) StdoutLine: {'line': b'-- Up-to-date symlink: /home/maanavjugalshah/SwarmAero/ros2_ws/install/px4_msgs/share/px4_msgs/msg/DebugKeyValue.idl\n'}
[1.762562] (px4_msgs) StdoutLine: {'line': b'-- Up-to-date symlink: /home/maanavjugalshah/SwarmAero/ros2_ws/install/px4_msgs/share/px4_msgs/msg/DebugValue.idl\n'}
[1.762812] (px4_msgs) StdoutLine: {'line': b'-- Up-to-date symlink: /home/maanavjugalshah/SwarmAero/ros2_ws/install/px4_msgs/share/px4_msgs/msg/DebugVect.idl\n'}
[1.762953] (px4_msgs) StdoutLine: {'line': b'-- Up-to-date symlink: /home/maanavjugalshah/SwarmAero/ros2_ws/install/px4_msgs/share/px4_msgs/msg/DeviceInformation.idl\n'}
[1.763075] (px4_msgs) StdoutLine: {'line': b'-- Up-to-date symlink: /home/maanavjugalshah/SwarmAero/ros2_ws/install/px4_msgs/share/px4_msgs/msg/DifferentialPressure.idl\n'}
[1.763120] (px4_msgs) StdoutLine: {'line': b'-- Up-to-date symlink: /home/maanavjugalshah/SwarmAero/ros2_ws/install/px4_msgs/share/px4_msgs/msg/DistanceSensor.idl\n'}
[1.763396] (px4_msgs) StdoutLine: {'line': b'-- Up-to-date symlink: /home/maanavjugalshah/SwarmAero/ros2_ws/install/px4_msgs/share/px4_msgs/msg/DistanceSensorModeChangeRequest.idl\n'}
[1.763504] (px4_msgs) StdoutLine: {'line': b'-- Up-to-date symlink: /home/maanavjugalshah/SwarmAero/ros2_ws/install/px4_msgs/share/px4_msgs/msg/DronecanNodeStatus.idl\n'}
[1.763548] (px4_msgs) StdoutLine: {'line': b'-- Up-to-date symlink: /home/maanavjugalshah/SwarmAero/ros2_ws/install/px4_msgs/share/px4_msgs/msg/Ekf2Timestamps.idl\n'}
[1.763675] (px4_msgs) StdoutLine: {'line': b'-- Up-to-date symlink: /home/maanavjugalshah/SwarmAero/ros2_ws/install/px4_msgs/share/px4_msgs/msg/EscEepromRead.idl\n'}
[1.763786] (px4_msgs) StdoutLine: {'line': b'-- Up-to-date symlink: /home/maanavjugalshah/SwarmAero/ros2_ws/install/px4_msgs/share/px4_msgs/msg/EscEepromWrite.idl\n'}
[1.763825] (px4_msgs) StdoutLine: {'line': b'-- Up-to-date symlink: /home/maanavjugalshah/SwarmAero/ros2_ws/install/px4_msgs/share/px4_msgs/msg/EscReport.idl\n'}
[1.763862] (px4_msgs) StdoutLine: {'line': b'-- Up-to-date symlink: /home/maanavjugalshah/SwarmAero/ros2_ws/install/px4_msgs/share/px4_msgs/msg/EscStatus.idl\n'}
[1.763998] (px4_msgs) StdoutLine: {'line': b'-- Up-to-date symlink: /home/maanavjugalshah/SwarmAero/ros2_ws/install/px4_msgs/share/px4_msgs/msg/EstimatorAidSource1d.idl\n'}
[1.764127] (px4_msgs) StdoutLine: {'line': b'-- Up-to-date symlink: /home/maanavjugalshah/SwarmAero/ros2_ws/install/px4_msgs/share/px4_msgs/msg/EstimatorAidSource2d.idl\n'}
[1.764254] (px4_msgs) StdoutLine: {'line': b'-- Up-to-date symlink: /home/maanavjugalshah/SwarmAero/ros2_ws/install/px4_msgs/share/px4_msgs/msg/EstimatorAidSource3d.idl\n'}
[1.764470] (px4_msgs) StdoutLine: {'line': b'-- Up-to-date symlink: /home/maanavjugalshah/SwarmAero/ros2_ws/install/px4_msgs/share/px4_msgs/msg/EstimatorBias.idl\n'}
[1.764577] (px4_msgs) StdoutLine: {'line': b'-- Up-to-date symlink: /home/maanavjugalshah/SwarmAero/ros2_ws/install/px4_msgs/share/px4_msgs/msg/EstimatorBias3d.idl\n'}
[1.764623] (px4_msgs) StdoutLine: {'line': b'-- Up-to-date symlink: /home/maanavjugalshah/SwarmAero/ros2_ws/install/px4_msgs/share/px4_msgs/msg/EstimatorEventFlags.idl\n'}
[1.764710] (px4_msgs) StdoutLine: {'line': b'-- Up-to-date symlink: /home/maanavjugalshah/SwarmAero/ros2_ws/install/px4_msgs/share/px4_msgs/msg/EstimatorFusionControl.idl\n'}
[1.764781] (px4_msgs) StdoutLine: {'line': b'-- Up-to-date symlink: /home/maanavjugalshah/SwarmAero/ros2_ws/install/px4_msgs/share/px4_msgs/msg/EstimatorGpsStatus.idl\n'}
[1.764856] (px4_msgs) StdoutLine: {'line': b'-- Up-to-date symlink: /home/maanavjugalshah/SwarmAero/ros2_ws/install/px4_msgs/share/px4_msgs/msg/EstimatorInnovations.idl\n'}
[1.764933] (px4_msgs) StdoutLine: {'line': b'-- Up-to-date symlink: /home/maanavjugalshah/SwarmAero/ros2_ws/install/px4_msgs/share/px4_msgs/msg/EstimatorSelectorStatus.idl\n'}
[1.765085] (px4_msgs) StdoutLine: {'line': b'-- Up-to-date symlink: /home/maanavjugalshah/SwarmAero/ros2_ws/install/px4_msgs/share/px4_msgs/msg/EstimatorSensorBias.idl\n'}
[1.765202] (px4_msgs) StdoutLine: {'line': b'-- Up-to-date symlink: /home/maanavjugalshah/SwarmAero/ros2_ws/install/px4_msgs/share/px4_msgs/msg/EstimatorStates.idl\n'}
[1.765607] (px4_msgs) StdoutLine: {'line': b'-- Up-to-date symlink: /home/maanavjugalshah/SwarmAero/ros2_ws/install/px4_msgs/share/px4_msgs/msg/EstimatorStatus.idl\n'}
[1.765735] (px4_msgs) StdoutLine: {'line': b'-- Up-to-date symlink: /home/maanavjugalshah/SwarmAero/ros2_ws/install/px4_msgs/share/px4_msgs/msg/EstimatorStatusFlags.idl\n'}
[1.765819] (px4_msgs) StdoutLine: {'line': b'-- Up-to-date symlink: /home/maanavjugalshah/SwarmAero/ros2_ws/install/px4_msgs/share/px4_msgs/msg/Event.idl\n'}
[1.765922] (px4_msgs) StdoutLine: {'line': b'-- Up-to-date symlink: /home/maanavjugalshah/SwarmAero/ros2_ws/install/px4_msgs/share/px4_msgs/msg/FailsafeFlags.idl\n'}
[1.766091] (px4_msgs) StdoutLine: {'line': b'-- Up-to-date symlink: /home/maanavjugalshah/SwarmAero/ros2_ws/install/px4_msgs/share/px4_msgs/msg/FailureDetectorStatus.idl\n'}
[1.766384] (px4_msgs) StdoutLine: {'line': b'-- Up-to-date symlink: /home/maanavjugalshah/SwarmAero/ros2_ws/install/px4_msgs/share/px4_msgs/msg/FigureEightStatus.idl\n'}
[1.766686] (px4_msgs) StdoutLine: {'line': b'-- Up-to-date symlink: /home/maanavjugalshah/SwarmAero/ros2_ws/install/px4_msgs/share/px4_msgs/msg/FixedWingLateralGuidanceStatus.idl\n'}
[1.766762] (px4_msgs) StdoutLine: {'line': b'-- Up-to-date symlink: /home/maanavjugalshah/SwarmAero/ros2_ws/install/px4_msgs/share/px4_msgs/msg/FixedWingLateralSetpoint.idl\n'}
[1.766876] (px4_msgs) StdoutLine: {'line': b'-- Up-to-date symlink: /home/maanavjugalshah/SwarmAero/ros2_ws/install/px4_msgs/share/px4_msgs/msg/FixedWingLateralStatus.idl\n'}
[1.766980] (px4_msgs) StdoutLine: {'line': b'-- Up-to-date symlink: /home/maanavjugalshah/SwarmAero/ros2_ws/install/px4_msgs/share/px4_msgs/msg/FixedWingLongitudinalSetpoint.idl\n'}
[1.767086] (px4_msgs) StdoutLine: {'line': b'-- Up-to-date symlink: /home/maanavjugalshah/SwarmAero/ros2_ws/install/px4_msgs/share/px4_msgs/msg/FixedWingRunwayControl.idl\n'}
[1.767171] (px4_msgs) StdoutLine: {'line': b'-- Up-to-date symlink: /home/maanavjugalshah/SwarmAero/ros2_ws/install/px4_msgs/share/px4_msgs/msg/FlightPhaseEstimation.idl\n'}
[1.767446] (px4_msgs) StdoutLine: {'line': b'-- Up-to-date symlink: /home/maanavjugalshah/SwarmAero/ros2_ws/install/px4_msgs/share/px4_msgs/msg/FollowTarget.idl\n'}
[1.767636] (px4_msgs) StdoutLine: {'line': b'-- Up-to-date symlink: /home/maanavjugalshah/SwarmAero/ros2_ws/install/px4_msgs/share/px4_msgs/msg/FollowTargetEstimator.idl\n'}
[1.767759] (px4_msgs) StdoutLine: {'line': b'-- Up-to-date symlink: /home/maanavjugalshah/SwarmAero/ros2_ws/install/px4_msgs/share/px4_msgs/msg/FollowTargetStatus.idl\n'}
[1.767895] (px4_msgs) StdoutLine: {'line': b'-- Up-to-date symlink: /home/maanavjugalshah/SwarmAero/ros2_ws/install/px4_msgs/share/px4_msgs/msg/FuelTankStatus.idl\n'}
[1.768034] (px4_msgs) StdoutLine: {'line': b'-- Up-to-date symlink: /home/maanavjugalshah/SwarmAero/ros2_ws/install/px4_msgs/share/px4_msgs/msg/GainCompression.idl\n'}
[1.768159] (px4_msgs) StdoutLine: {'line': b'-- Up-to-date symlink: /home/maanavjugalshah/SwarmAero/ros2_ws/install/px4_msgs/share/px4_msgs/msg/GeneratorStatus.idl\n'}
[1.768277] (px4_msgs) StdoutLine: {'line': b'-- Up-to-date symlink: /home/maanavjugalshah/SwarmAero/ros2_ws/install/px4_msgs/share/px4_msgs/msg/GeofenceResult.idl\n'}
[1.768377] (px4_msgs) StdoutLine: {'line': b'-- Up-to-date symlink: /home/maanavjugalshah/SwarmAero/ros2_ws/install/px4_msgs/share/px4_msgs/msg/GeofenceStatus.idl\n'}
[1.768629] (px4_msgs) StdoutLine: {'line': b'-- Up-to-date symlink: /home/maanavjugalshah/SwarmAero/ros2_ws/install/px4_msgs/share/px4_msgs/msg/GimbalControls.idl\n'}
[1.768730] (px4_msgs) StdoutLine: {'line': b'-- Up-to-date symlink: /home/maanavjugalshah/SwarmAero/ros2_ws/install/px4_msgs/share/px4_msgs/msg/GimbalDeviceAttitudeStatus.idl\n'}
[1.769347] (px4_msgs) StdoutLine: {'line': b'-- Up-to-date symlink: /home/maanavjugalshah/SwarmAero/ros2_ws/install/px4_msgs/share/px4_msgs/msg/GimbalDeviceInformation.idl\n'}
[1.769500] (px4_msgs) StdoutLine: {'line': b'-- Up-to-date symlink: /home/maanavjugalshah/SwarmAero/ros2_ws/install/px4_msgs/share/px4_msgs/msg/GimbalDeviceSetAttitude.idl\n'}
[1.769615] (px4_msgs) StdoutLine: {'line': b'-- Up-to-date symlink: /home/maanavjugalshah/SwarmAero/ros2_ws/install/px4_msgs/share/px4_msgs/msg/GimbalManagerInformation.idl\n'}
[1.769691] (px4_msgs) StdoutLine: {'line': b'-- Up-to-date symlink: /home/maanavjugalshah/SwarmAero/ros2_ws/install/px4_msgs/share/px4_msgs/msg/GimbalManagerSetAttitude.idl\n'}
[1.769777] (px4_msgs) StdoutLine: {'line': b'-- Up-to-date symlink: /home/maanavjugalshah/SwarmAero/ros2_ws/install/px4_msgs/share/px4_msgs/msg/GimbalManagerSetManualControl.idl\n'}
[1.769986] (px4_msgs) StdoutLine: {'line': b'-- Up-to-date symlink: /home/maanavjugalshah/SwarmAero/ros2_ws/install/px4_msgs/share/px4_msgs/msg/GimbalManagerStatus.idl\n'}
[1.770083] (px4_msgs) StdoutLine: {'line': b'-- Up-to-date symlink: /home/maanavjugalshah/SwarmAero/ros2_ws/install/px4_msgs/share/px4_msgs/msg/GotoSetpoint.idl\n'}
[1.770469] (px4_msgs) StdoutLine: {'line': b'-- Up-to-date symlink: /home/maanavjugalshah/SwarmAero/ros2_ws/install/px4_msgs/share/px4_msgs/msg/GpioConfig.idl\n'}
[1.770600] (px4_msgs) StdoutLine: {'line': b'-- Up-to-date symlink: /home/maanavjugalshah/SwarmAero/ros2_ws/install/px4_msgs/share/px4_msgs/msg/GpioIn.idl\n'}
[1.770716] (px4_msgs) StdoutLine: {'line': b'-- Up-to-date symlink: /home/maanavjugalshah/SwarmAero/ros2_ws/install/px4_msgs/share/px4_msgs/msg/GpioOut.idl\n'}
[1.770784] (px4_msgs) StdoutLine: {'line': b'-- Up-to-date symlink: /home/maanavjugalshah/SwarmAero/ros2_ws/install/px4_msgs/share/px4_msgs/msg/GpioRequest.idl\n'}
[1.770867] (px4_msgs) StdoutLine: {'line': b'-- Up-to-date symlink: /home/maanavjugalshah/SwarmAero/ros2_ws/install/px4_msgs/share/px4_msgs/msg/GpsDump.idl\n'}
[1.770953] (px4_msgs) StdoutLine: {'line': b'-- Up-to-date symlink: /home/maanavjugalshah/SwarmAero/ros2_ws/install/px4_msgs/share/px4_msgs/msg/GpsInjectData.idl\n'}
[1.771019] (px4_msgs) StdoutLine: {'line': b'-- Up-to-date symlink: /home/maanavjugalshah/SwarmAero/ros2_ws/install/px4_msgs/share/px4_msgs/msg/Gripper.idl\n'}
[1.771342] (px4_msgs) StdoutLine: {'line': b'-- Up-to-date symlink: /home/maanavjugalshah/SwarmAero/ros2_ws/install/px4_msgs/share/px4_msgs/msg/HealthReport.idl\n'}
[1.771462] (px4_msgs) StdoutLine: {'line': b'-- Up-to-date symlink: /home/maanavjugalshah/SwarmAero/ros2_ws/install/px4_msgs/share/px4_msgs/msg/HeaterStatus.idl\n'}
[1.771717] (px4_msgs) StdoutLine: {'line': b'-- Up-to-date symlink: /home/maanavjugalshah/SwarmAero/ros2_ws/install/px4_msgs/share/px4_msgs/msg/HomePosition.idl\n'}
[1.771772] (px4_msgs) StdoutLine: {'line': b'-- Up-to-date symlink: /home/maanavjugalshah/SwarmAero/ros2_ws/install/px4_msgs/share/px4_msgs/msg/HoverThrustEstimate.idl\n'}
[1.771818] (px4_msgs) StdoutLine: {'line': b'-- Up-to-date symlink: /home/maanavjugalshah/SwarmAero/ros2_ws/install/px4_msgs/share/px4_msgs/msg/InputRc.idl\n'}
[1.771855] (px4_msgs) StdoutLine: {'line': b'-- Up-to-date symlink: /home/maanavjugalshah/SwarmAero/ros2_ws/install/px4_msgs/share/px4_msgs/msg/InternalCombustionEngineControl.idl\n'}
[1.771887] (px4_msgs) StdoutLine: {'line': b'-- Up-to-date symlink: /home/maanavjugalshah/SwarmAero/ros2_ws/install/px4_msgs/share/px4_msgs/msg/InternalCombustionEngineStatus.idl\n'}
[1.772098] (px4_msgs) StdoutLine: {'line': b'-- Up-to-date symlink: /home/maanavjugalshah/SwarmAero/ros2_ws/install/px4_msgs/share/px4_msgs/msg/IridiumsbdStatus.idl\n'}
[1.772253] (px4_msgs) StdoutLine: {'line': b'-- Up-to-date symlink: /home/maanavjugalshah/SwarmAero/ros2_ws/install/px4_msgs/share/px4_msgs/msg/IrlockReport.idl\n'}
[1.772479] (px4_msgs) StdoutLine: {'line': b'-- Up-to-date symlink: /home/maanavjugalshah/SwarmAero/ros2_ws/install/px4_msgs/share/px4_msgs/msg/LandingGear.idl\n'}
[1.772861] (px4_msgs) StdoutLine: {'line': b'-- Up-to-date symlink: /home/maanavjugalshah/SwarmAero/ros2_ws/install/px4_msgs/share/px4_msgs/msg/LandingGearWheel.idl\n'}
[1.772939] (px4_msgs) StdoutLine: {'line': b'-- Up-to-date symlink: /home/maanavjugalshah/SwarmAero/ros2_ws/install/px4_msgs/share/px4_msgs/msg/LandingTargetInnovations.idl\n'}
[1.773045] (px4_msgs) StdoutLine: {'line': b'-- Up-to-date symlink: /home/maanavjugalshah/SwarmAero/ros2_ws/install/px4_msgs/share/px4_msgs/msg/LandingTargetPose.idl\n'}
[1.773226] (px4_msgs) StdoutLine: {'line': b'-- Up-to-date symlink: /home/maanavjugalshah/SwarmAero/ros2_ws/install/px4_msgs/share/px4_msgs/msg/LateralControlConfiguration.idl\n'}
[1.773305] (px4_msgs) StdoutLine: {'line': b'-- Up-to-date symlink: /home/maanavjugalshah/SwarmAero/ros2_ws/install/px4_msgs/share/px4_msgs/msg/LaunchDetectionStatus.idl\n'}
[1.773412] (px4_msgs) StdoutLine: {'line': b'-- Up-to-date symlink: /home/maanavjugalshah/SwarmAero/ros2_ws/install/px4_msgs/share/px4_msgs/msg/LedControl.idl\n'}
[1.773710] (px4_msgs) StdoutLine: {'line': b'-- Up-to-date symlink: /home/maanavjugalshah/SwarmAero/ros2_ws/install/px4_msgs/share/px4_msgs/msg/LogMessage.idl\n'}
[1.773760] (px4_msgs) StdoutLine: {'line': b'-- Up-to-date symlink: /home/maanavjugalshah/SwarmAero/ros2_ws/install/px4_msgs/share/px4_msgs/msg/LoggerStatus.idl\n'}
[1.773832] (px4_msgs) StdoutLine: {'line': b'-- Up-to-date symlink: /home/maanavjugalshah/SwarmAero/ros2_ws/install/px4_msgs/share/px4_msgs/msg/LongitudinalControlConfiguration.idl\n'}
[1.773954] (px4_msgs) StdoutLine: {'line': b'-- Up-to-date symlink: /home/maanavjugalshah/SwarmAero/ros2_ws/install/px4_msgs/share/px4_msgs/msg/MagWorkerData.idl\n'}
[1.774025] (px4_msgs) StdoutLine: {'line': b'-- Up-to-date symlink: /home/maanavjugalshah/SwarmAero/ros2_ws/install/px4_msgs/share/px4_msgs/msg/MagnetometerBiasEstimate.idl\n'}
[1.774180] (px4_msgs) StdoutLine: {'line': b'-- Up-to-date symlink: /home/maanavjugalshah/SwarmAero/ros2_ws/install/px4_msgs/share/px4_msgs/msg/ManualControlSetpoint.idl\n'}
[1.774253] (px4_msgs) StdoutLine: {'line': b'-- Up-to-date symlink: /home/maanavjugalshah/SwarmAero/ros2_ws/install/px4_msgs/share/px4_msgs/msg/ManualControlSwitches.idl\n'}
[1.774297] (px4_msgs) StdoutLine: {'line': b'-- Up-to-date symlink: /home/maanavjugalshah/SwarmAero/ros2_ws/install/px4_msgs/share/px4_msgs/msg/MavlinkLog.idl\n'}
[1.774466] (px4_msgs) StdoutLine: {'line': b'-- Up-to-date symlink: /home/maanavjugalshah/SwarmAero/ros2_ws/install/px4_msgs/share/px4_msgs/msg/MavlinkTunnel.idl\n'}
[1.774517] (px4_msgs) StdoutLine: {'line': b'-- Up-to-date symlink: /home/maanavjugalshah/SwarmAero/ros2_ws/install/px4_msgs/share/px4_msgs/msg/MessageFormatRequest.idl\n'}
[1.774554] (px4_msgs) StdoutLine: {'line': b'-- Up-to-date symlink: /home/maanavjugalshah/SwarmAero/ros2_ws/install/px4_msgs/share/px4_msgs/msg/MessageFormatResponse.idl\n'}
[1.774589] (px4_msgs) StdoutLine: {'line': b'-- Up-to-date symlink: /home/maanavjugalshah/SwarmAero/ros2_ws/install/px4_msgs/share/px4_msgs/msg/Mission.idl\n'}
[1.774631] (px4_msgs) StdoutLine: {'line': b'-- Up-to-date symlink: /home/maanavjugalshah/SwarmAero/ros2_ws/install/px4_msgs/share/px4_msgs/msg/MissionResult.idl\n'}
[1.774671] (px4_msgs) StdoutLine: {'line': b'-- Up-to-date symlink: /home/maanavjugalshah/SwarmAero/ros2_ws/install/px4_msgs/share/px4_msgs/msg/ModeCompleted.idl\n'}
[1.774756] (px4_msgs) StdoutLine: {'line': b'-- Up-to-date symlink: /home/maanavjugalshah/SwarmAero/ros2_ws/install/px4_msgs/share/px4_msgs/msg/MountOrientation.idl\n'}
[1.774938] (px4_msgs) StdoutLine: {'line': b'-- Up-to-date symlink: /home/maanavjugalshah/SwarmAero/ros2_ws/install/px4_msgs/share/px4_msgs/msg/NavigatorMissionItem.idl\n'}
[1.775102] (px4_msgs) StdoutLine: {'line': b'-- Up-to-date symlink: /home/maanavjugalshah/SwarmAero/ros2_ws/install/px4_msgs/share/px4_msgs/msg/NavigatorStatus.idl\n'}
[1.775316] (px4_msgs) StdoutLine: {'line': b'-- Up-to-date symlink: /home/maanavjugalshah/SwarmAero/ros2_ws/install/px4_msgs/share/px4_msgs/msg/NeuralControl.idl\n'}
[1.775363] (px4_msgs) StdoutLine: {'line': b'-- Up-to-date symlink: /home/maanavjugalshah/SwarmAero/ros2_ws/install/px4_msgs/share/px4_msgs/msg/NormalizedUnsignedSetpoint.idl\n'}
[1.775399] (px4_msgs) StdoutLine: {'line': b'-- Up-to-date symlink: /home/maanavjugalshah/SwarmAero/ros2_ws/install/px4_msgs/share/px4_msgs/msg/ObstacleDistance.idl\n'}
[1.775461] (px4_msgs) StdoutLine: {'line': b'-- Up-to-date symlink: /home/maanavjugalshah/SwarmAero/ros2_ws/install/px4_msgs/share/px4_msgs/msg/OffboardControlMode.idl\n'}
[1.775559] (px4_msgs) StdoutLine: {'line': b'-- Up-to-date symlink: /home/maanavjugalshah/SwarmAero/ros2_ws/install/px4_msgs/share/px4_msgs/msg/OnboardComputerStatus.idl\n'}
[1.775677] (px4_msgs) StdoutLine: {'line': b'-- Up-to-date symlink: /home/maanavjugalshah/SwarmAero/ros2_ws/install/px4_msgs/share/px4_msgs/msg/OpenDroneIdArmStatus.idl\n'}
[1.775795] (px4_msgs) StdoutLine: {'line': b'-- Up-to-date symlink: /home/maanavjugalshah/SwarmAero/ros2_ws/install/px4_msgs/share/px4_msgs/msg/OpenDroneIdOperatorId.idl\n'}
[1.775846] (px4_msgs) StdoutLine: {'line': b'-- Up-to-date symlink: /home/maanavjugalshah/SwarmAero/ros2_ws/install/px4_msgs/share/px4_msgs/msg/OpenDroneIdSelfId.idl\n'}
[1.776103] (px4_msgs) StdoutLine: {'line': b'-- Up-to-date symlink: /home/maanavjugalshah/SwarmAero/ros2_ws/install/px4_msgs/share/px4_msgs/msg/OpenDroneIdSystem.idl\n'}
[1.776177] (px4_msgs) StdoutLine: {'line': b'-- Up-to-date symlink: /home/maanavjugalshah/SwarmAero/ros2_ws/install/px4_msgs/share/px4_msgs/msg/OrbTest.idl\n'}
[1.776245] (px4_msgs) StdoutLine: {'line': b'-- Up-to-date symlink: /home/maanavjugalshah/SwarmAero/ros2_ws/install/px4_msgs/share/px4_msgs/msg/OrbTestLarge.idl\n'}
[1.776318] (px4_msgs) StdoutLine: {'line': b'-- Up-to-date symlink: /home/maanavjugalshah/SwarmAero/ros2_ws/install/px4_msgs/share/px4_msgs/msg/OrbTestMedium.idl\n'}
[1.776361] (px4_msgs) StdoutLine: {'line': b'-- Up-to-date symlink: /home/maanavjugalshah/SwarmAero/ros2_ws/install/px4_msgs/share/px4_msgs/msg/OrbitStatus.idl\n'}
[1.776444] (px4_msgs) StdoutLine: {'line': b'-- Up-to-date symlink: /home/maanavjugalshah/SwarmAero/ros2_ws/install/px4_msgs/share/px4_msgs/msg/ParameterResetRequest.idl\n'}
[1.776487] (px4_msgs) StdoutLine: {'line': b'-- Up-to-date symlink: /home/maanavjugalshah/SwarmAero/ros2_ws/install/px4_msgs/share/px4_msgs/msg/ParameterSetUsedRequest.idl\n'}
[1.776523] (px4_msgs) StdoutLine: {'line': b'-- Up-to-date symlink: /home/maanavjugalshah/SwarmAero/ros2_ws/install/px4_msgs/share/px4_msgs/msg/ParameterSetValueRequest.idl\n'}
[1.776560] (px4_msgs) StdoutLine: {'line': b'-- Up-to-date symlink: /home/maanavjugalshah/SwarmAero/ros2_ws/install/px4_msgs/share/px4_msgs/msg/ParameterSetValueResponse.idl\n'}
[1.776597] (px4_msgs) StdoutLine: {'line': b'-- Up-to-date symlink: /home/maanavjugalshah/SwarmAero/ros2_ws/install/px4_msgs/share/px4_msgs/msg/ParameterUpdate.idl\n'}
[1.776633] (px4_msgs) StdoutLine: {'line': b'-- Up-to-date symlink: /home/maanavjugalshah/SwarmAero/ros2_ws/install/px4_msgs/share/px4_msgs/msg/Ping.idl\n'}
[1.776703] (px4_msgs) StdoutLine: {'line': b'-- Up-to-date symlink: /home/maanavjugalshah/SwarmAero/ros2_ws/install/px4_msgs/share/px4_msgs/msg/PositionControllerLandingStatus.idl\n'}
[1.776739] (px4_msgs) StdoutLine: {'line': b'-- Up-to-date symlink: /home/maanavjugalshah/SwarmAero/ros2_ws/install/px4_msgs/share/px4_msgs/msg/PositionControllerStatus.idl\n'}
[1.776774] (px4_msgs) StdoutLine: {'line': b'-- Up-to-date symlink: /home/maanavjugalshah/SwarmAero/ros2_ws/install/px4_msgs/share/px4_msgs/msg/PositionSetpoint.idl\n'}
[1.776833] (px4_msgs) StdoutLine: {'line': b'-- Up-to-date symlink: /home/maanavjugalshah/SwarmAero/ros2_ws/install/px4_msgs/share/px4_msgs/msg/PositionSetpointTriplet.idl\n'}
[1.776873] (px4_msgs) StdoutLine: {'line': b'-- Up-to-date symlink: /home/maanavjugalshah/SwarmAero/ros2_ws/install/px4_msgs/share/px4_msgs/msg/PowerButtonState.idl\n'}
[1.776923] (px4_msgs) StdoutLine: {'line': b'-- Up-to-date symlink: /home/maanavjugalshah/SwarmAero/ros2_ws/install/px4_msgs/share/px4_msgs/msg/PowerMonitor.idl\n'}
[1.776971] (px4_msgs) StdoutLine: {'line': b'-- Up-to-date symlink: /home/maanavjugalshah/SwarmAero/ros2_ws/install/px4_msgs/share/px4_msgs/msg/PpsCapture.idl\n'}
[1.777007] (px4_msgs) StdoutLine: {'line': b'-- Up-to-date symlink: /home/maanavjugalshah/SwarmAero/ros2_ws/install/px4_msgs/share/px4_msgs/msg/PurePursuitStatus.idl\n'}
[1.777043] (px4_msgs) StdoutLine: {'line': b'-- Up-to-date symlink: /home/maanavjugalshah/SwarmAero/ros2_ws/install/px4_msgs/share/px4_msgs/msg/PwmInput.idl\n'}
[1.777076] (px4_msgs) StdoutLine: {'line': b'-- Up-to-date symlink: /home/maanavjugalshah/SwarmAero/ros2_ws/install/px4_msgs/share/px4_msgs/msg/Px4ioStatus.idl\n'}
[1.777110] (px4_msgs) StdoutLine: {'line': b'-- Up-to-date symlink: /home/maanavjugalshah/SwarmAero/ros2_ws/install/px4_msgs/share/px4_msgs/msg/QshellReq.idl\n'}
[1.777149] (px4_msgs) StdoutLine: {'line': b'-- Up-to-date symlink: /home/maanavjugalshah/SwarmAero/ros2_ws/install/px4_msgs/share/px4_msgs/msg/QshellRetval.idl\n'}
[1.777184] (px4_msgs) StdoutLine: {'line': b'-- Up-to-date symlink: /home/maanavjugalshah/SwarmAero/ros2_ws/install/px4_msgs/share/px4_msgs/msg/RadioStatus.idl\n'}
[1.777218] (px4_msgs) StdoutLine: {'line': b'-- Up-to-date symlink: /home/maanavjugalshah/SwarmAero/ros2_ws/install/px4_msgs/share/px4_msgs/msg/RangingBeacon.idl\n'}
[1.777252] (px4_msgs) StdoutLine: {'line': b'-- Up-to-date symlink: /home/maanavjugalshah/SwarmAero/ros2_ws/install/px4_msgs/share/px4_msgs/msg/RaptorInput.idl\n'}
[1.777283] (px4_msgs) StdoutLine: {'line': b'-- Up-to-date symlink: /home/maanavjugalshah/SwarmAero/ros2_ws/install/px4_msgs/share/px4_msgs/msg/RaptorStatus.idl\n'}
[1.777315] (px4_msgs) StdoutLine: {'line': b'-- Up-to-date symlink: /home/maanavjugalshah/SwarmAero/ros2_ws/install/px4_msgs/share/px4_msgs/msg/RateCtrlStatus.idl\n'}
[1.777349] (px4_msgs) StdoutLine: {'line': b'-- Up-to-date symlink: /home/maanavjugalshah/SwarmAero/ros2_ws/install/px4_msgs/share/px4_msgs/msg/RcChannels.idl\n'}
[1.777380] (px4_msgs) StdoutLine: {'line': b'-- Up-to-date symlink: /home/maanavjugalshah/SwarmAero/ros2_ws/install/px4_msgs/share/px4_msgs/msg/RcParameterMap.idl\n'}
[1.777411] (px4_msgs) StdoutLine: {'line': b'-- Up-to-date symlink: /home/maanavjugalshah/SwarmAero/ros2_ws/install/px4_msgs/share/px4_msgs/msg/RegisterExtComponentReply.idl\n'}
[1.777472] (px4_msgs) StdoutLine: {'line': b'-- Up-to-date symlink: /home/maanavjugalshah/SwarmAero/ros2_ws/install/px4_msgs/share/px4_msgs/msg/RegisterExtComponentRequest.idl\n'}
[1.777540] (px4_msgs) StdoutLine: {'line': b'-- Up-to-date symlink: /home/maanavjugalshah/SwarmAero/ros2_ws/install/px4_msgs/share/px4_msgs/msg/RoverAttitudeSetpoint.idl\n'}
[1.777583] (px4_msgs) StdoutLine: {'line': b'-- Up-to-date symlink: /home/maanavjugalshah/SwarmAero/ros2_ws/install/px4_msgs/share/px4_msgs/msg/RoverAttitudeStatus.idl\n'}
[1.777619] (px4_msgs) StdoutLine: {'line': b'-- Up-to-date symlink: /home/maanavjugalshah/SwarmAero/ros2_ws/install/px4_msgs/share/px4_msgs/msg/RoverPositionSetpoint.idl\n'}
[1.777658] (px4_msgs) StdoutLine: {'line': b'-- Up-to-date symlink: /home/maanavjugalshah/SwarmAero/ros2_ws/install/px4_msgs/share/px4_msgs/msg/RoverRateSetpoint.idl\n'}
[1.777721] (px4_msgs) StdoutLine: {'line': b'-- Up-to-date symlink: /home/maanavjugalshah/SwarmAero/ros2_ws/install/px4_msgs/share/px4_msgs/msg/RoverRateStatus.idl\n'}
[1.777763] (px4_msgs) StdoutLine: {'line': b'-- Up-to-date symlink: /home/maanavjugalshah/SwarmAero/ros2_ws/install/px4_msgs/share/px4_msgs/msg/RoverSpeedSetpoint.idl\n'}
[1.777821] (px4_msgs) StdoutLine: {'line': b'-- Up-to-date symlink: /home/maanavjugalshah/SwarmAero/ros2_ws/install/px4_msgs/share/px4_msgs/msg/RoverSpeedStatus.idl\n'}
[1.777860] (px4_msgs) StdoutLine: {'line': b'-- Up-to-date symlink: /home/maanavjugalshah/SwarmAero/ros2_ws/install/px4_msgs/share/px4_msgs/msg/RoverSteeringSetpoint.idl\n'}
[1.777906] (px4_msgs) StdoutLine: {'line': b'-- Up-to-date symlink: /home/maanavjugalshah/SwarmAero/ros2_ws/install/px4_msgs/share/px4_msgs/msg/RoverThrottleSetpoint.idl\n'}
[1.777957] (px4_msgs) StdoutLine: {'line': b'-- Up-to-date symlink: /home/maanavjugalshah/SwarmAero/ros2_ws/install/px4_msgs/share/px4_msgs/msg/Rpm.idl\n'}
[1.777994] (px4_msgs) StdoutLine: {'line': b'-- Up-to-date symlink: /home/maanavjugalshah/SwarmAero/ros2_ws/install/px4_msgs/share/px4_msgs/msg/RtlStatus.idl\n'}
[1.778030] (px4_msgs) StdoutLine: {'line': b'-- Up-to-date symlink: /home/maanavjugalshah/SwarmAero/ros2_ws/install/px4_msgs/share/px4_msgs/msg/RtlTimeEstimate.idl\n'}
[1.778066] (px4_msgs) StdoutLine: {'line': b'-- Up-to-date symlink: /home/maanavjugalshah/SwarmAero/ros2_ws/install/px4_msgs/share/px4_msgs/msg/SatelliteInfo.idl\n'}
[1.778138] (px4_msgs) StdoutLine: {'line': b'-- Up-to-date symlink: /home/maanavjugalshah/SwarmAero/ros2_ws/install/px4_msgs/share/px4_msgs/msg/SensorAccel.idl\n'}
[1.778176] (px4_msgs) StdoutLine: {'line': b'-- Up-to-date symlink: /home/maanavjugalshah/SwarmAero/ros2_ws/install/px4_msgs/share/px4_msgs/msg/SensorAccelFifo.idl\n'}
[1.778210] (px4_msgs) StdoutLine: {'line': b'-- Up-to-date symlink: /home/maanavjugalshah/SwarmAero/ros2_ws/install/px4_msgs/share/px4_msgs/msg/SensorAirflow.idl\n'}
[1.778245] (px4_msgs) StdoutLine: {'line': b'-- Up-to-date symlink: /home/maanavjugalshah/SwarmAero/ros2_ws/install/px4_msgs/share/px4_msgs/msg/SensorBaro.idl\n'}
[1.778306] (px4_msgs) StdoutLine: {'line': b'-- Up-to-date symlink: /home/maanavjugalshah/SwarmAero/ros2_ws/install/px4_msgs/share/px4_msgs/msg/SensorCombined.idl\n'}
[1.778408] (px4_msgs) StdoutLine: {'line': b'-- Up-to-date symlink: /home/maanavjugalshah/SwarmAero/ros2_ws/install/px4_msgs/share/px4_msgs/msg/SensorCorrection.idl\n'}
[1.778499] (px4_msgs) StdoutLine: {'line': b'-- Up-to-date symlink: /home/maanavjugalshah/SwarmAero/ros2_ws/install/px4_msgs/share/px4_msgs/msg/SensorGnssRelative.idl\n'}
[1.778540] (px4_msgs) StdoutLine: {'line': b'-- Up-to-date symlink: /home/maanavjugalshah/SwarmAero/ros2_ws/install/px4_msgs/share/px4_msgs/msg/SensorGnssStatus.idl\n'}
[1.778605] (px4_msgs) StdoutLine: {'line': b'-- Up-to-date symlink: /home/maanavjugalshah/SwarmAero/ros2_ws/install/px4_msgs/share/px4_msgs/msg/SensorGps.idl\n'}
[1.778643] (px4_msgs) StdoutLine: {'line': b'-- Up-to-date symlink: /home/maanavjugalshah/SwarmAero/ros2_ws/install/px4_msgs/share/px4_msgs/msg/SensorGyro.idl\n'}
[1.778678] (px4_msgs) StdoutLine: {'line': b'-- Up-to-date symlink: /home/maanavjugalshah/SwarmAero/ros2_ws/install/px4_msgs/share/px4_msgs/msg/SensorGyroFft.idl\n'}
[1.778718] (px4_msgs) StdoutLine: {'line': b'-- Up-to-date symlink: /home/maanavjugalshah/SwarmAero/ros2_ws/install/px4_msgs/share/px4_msgs/msg/SensorGyroFifo.idl\n'}
[1.778752] (px4_msgs) StdoutLine: {'line': b'-- Up-to-date symlink: /home/maanavjugalshah/SwarmAero/ros2_ws/install/px4_msgs/share/px4_msgs/msg/SensorHygrometer.idl\n'}
[1.778788] (px4_msgs) StdoutLine: {'line': b'-- Up-to-date symlink: /home/maanavjugalshah/SwarmAero/ros2_ws/install/px4_msgs/share/px4_msgs/msg/SensorMag.idl\n'}
[1.778826] (px4_msgs) StdoutLine: {'line': b'-- Up-to-date symlink: /home/maanavjugalshah/SwarmAero/ros2_ws/install/px4_msgs/share/px4_msgs/msg/SensorOpticalFlow.idl\n'}
[1.778862] (px4_msgs) StdoutLine: {'line': b'-- Up-to-date symlink: /home/maanavjugalshah/SwarmAero/ros2_ws/install/px4_msgs/share/px4_msgs/msg/SensorPreflightMag.idl\n'}
[1.778916] (px4_msgs) StdoutLine: {'line': b'-- Up-to-date symlink: /home/maanavjugalshah/SwarmAero/ros2_ws/install/px4_msgs/share/px4_msgs/msg/SensorSelection.idl\n'}
[1.778991] (px4_msgs) StdoutLine: {'line': b'-- Up-to-date symlink: /home/maanavjugalshah/SwarmAero/ros2_ws/install/px4_msgs/share/px4_msgs/msg/SensorTemp.idl\n'}
[1.779036] (px4_msgs) StdoutLine: {'line': b'-- Up-to-date symlink: /home/maanavjugalshah/SwarmAero/ros2_ws/install/px4_msgs/share/px4_msgs/msg/SensorUwb.idl\n'}
[1.779074] (px4_msgs) StdoutLine: {'line': b'-- Up-to-date symlink: /home/maanavjugalshah/SwarmAero/ros2_ws/install/px4_msgs/share/px4_msgs/msg/SensorsStatus.idl\n'}
[1.779109] (px4_msgs) StdoutLine: {'line': b'-- Up-to-date symlink: /home/maanavjugalshah/SwarmAero/ros2_ws/install/px4_msgs/share/px4_msgs/msg/SensorsStatusImu.idl\n'}
[1.779143] (px4_msgs) StdoutLine: {'line': b'-- Up-to-date symlink: /home/maanavjugalshah/SwarmAero/ros2_ws/install/px4_msgs/share/px4_msgs/msg/SystemPower.idl\n'}
[1.779178] (px4_msgs) StdoutLine: {'line': b'-- Up-to-date symlink: /home/maanavjugalshah/SwarmAero/ros2_ws/install/px4_msgs/share/px4_msgs/msg/TakeoffStatus.idl\n'}
[1.779210] (px4_msgs) StdoutLine: {'line': b'-- Up-to-date symlink: /home/maanavjugalshah/SwarmAero/ros2_ws/install/px4_msgs/share/px4_msgs/msg/TaskStackInfo.idl\n'}
[1.779243] (px4_msgs) StdoutLine: {'line': b'-- Up-to-date symlink: /home/maanavjugalshah/SwarmAero/ros2_ws/install/px4_msgs/share/px4_msgs/msg/TecsStatus.idl\n'}
[1.779276] (px4_msgs) StdoutLine: {'line': b'-- Up-to-date symlink: /home/maanavjugalshah/SwarmAero/ros2_ws/install/px4_msgs/share/px4_msgs/msg/TelemetryStatus.idl\n'}
[1.779309] (px4_msgs) StdoutLine: {'line': b'-- Up-to-date symlink: /home/maanavjugalshah/SwarmAero/ros2_ws/install/px4_msgs/share/px4_msgs/msg/TiltrotorExtraControls.idl\n'}
[1.779341] (px4_msgs) StdoutLine: {'line': b'-- Up-to-date symlink: /home/maanavjugalshah/SwarmAero/ros2_ws/install/px4_msgs/share/px4_msgs/msg/TimesyncStatus.idl\n'}
[1.779373] (px4_msgs) StdoutLine: {'line': b'-- Up-to-date symlink: /home/maanavjugalshah/SwarmAero/ros2_ws/install/px4_msgs/share/px4_msgs/msg/TrajectorySetpoint.idl\n'}
[1.779405] (px4_msgs) StdoutLine: {'line': b'-- Up-to-date symlink: /home/maanavjugalshah/SwarmAero/ros2_ws/install/px4_msgs/share/px4_msgs/msg/TrajectorySetpoint6dof.idl\n'}
[1.779437] (px4_msgs) StdoutLine: {'line': b'-- Up-to-date symlink: /home/maanavjugalshah/SwarmAero/ros2_ws/install/px4_msgs/share/px4_msgs/msg/TransponderReport.idl\n'}
[1.779469] (px4_msgs) StdoutLine: {'line': b'-- Up-to-date symlink: /home/maanavjugalshah/SwarmAero/ros2_ws/install/px4_msgs/share/px4_msgs/msg/TuneControl.idl\n'}
[1.779500] (px4_msgs) StdoutLine: {'line': b'-- Up-to-date symlink: /home/maanavjugalshah/SwarmAero/ros2_ws/install/px4_msgs/share/px4_msgs/msg/UavcanParameterRequest.idl\n'}
[1.779531] (px4_msgs) StdoutLine: {'line': b'-- Up-to-date symlink: /home/maanavjugalshah/SwarmAero/ros2_ws/install/px4_msgs/share/px4_msgs/msg/UavcanParameterValue.idl\n'}
[1.779561] (px4_msgs) StdoutLine: {'line': b'-- Up-to-date symlink: /home/maanavjugalshah/SwarmAero/ros2_ws/install/px4_msgs/share/px4_msgs/msg/UlogStream.idl\n'}
[1.779666] (px4_msgs) StdoutLine: {'line': b'-- Up-to-date symlink: /home/maanavjugalshah/SwarmAero/ros2_ws/install/px4_msgs/share/px4_msgs/msg/UlogStreamAck.idl\n'}
[1.779712] (px4_msgs) StdoutLine: {'line': b'-- Up-to-date symlink: /home/maanavjugalshah/SwarmAero/ros2_ws/install/px4_msgs/share/px4_msgs/msg/UnregisterExtComponent.idl\n'}
[1.779748] (px4_msgs) StdoutLine: {'line': b'-- Up-to-date symlink: /home/maanavjugalshah/SwarmAero/ros2_ws/install/px4_msgs/share/px4_msgs/msg/VehicleAcceleration.idl\n'}
[1.779783] (px4_msgs) StdoutLine: {'line': b'-- Up-to-date symlink: /home/maanavjugalshah/SwarmAero/ros2_ws/install/px4_msgs/share/px4_msgs/msg/VehicleAirData.idl\n'}
[1.779823] (px4_msgs) StdoutLine: {'line': b'-- Up-to-date symlink: /home/maanavjugalshah/SwarmAero/ros2_ws/install/px4_msgs/share/px4_msgs/msg/VehicleAngularAccelerationSetpoint.idl\n'}
[1.779859] (px4_msgs) StdoutLine: {'line': b'-- Up-to-date symlink: /home/maanavjugalshah/SwarmAero/ros2_ws/install/px4_msgs/share/px4_msgs/msg/VehicleAngularVelocity.idl\n'}
[1.779905] (px4_msgs) StdoutLine: {'line': b'-- Up-to-date symlink: /home/maanavjugalshah/SwarmAero/ros2_ws/install/px4_msgs/share/px4_msgs/msg/VehicleAttitude.idl\n'}
[1.779954] (px4_msgs) StdoutLine: {'line': b'-- Up-to-date symlink: /home/maanavjugalshah/SwarmAero/ros2_ws/install/px4_msgs/share/px4_msgs/msg/VehicleAttitudeSetpoint.idl\n'}
[1.779990] (px4_msgs) StdoutLine: {'line': b'-- Up-to-date symlink: /home/maanavjugalshah/SwarmAero/ros2_ws/install/px4_msgs/share/px4_msgs/msg/VehicleCommand.idl\n'}
[1.780026] (px4_msgs) StdoutLine: {'line': b'-- Up-to-date symlink: /home/maanavjugalshah/SwarmAero/ros2_ws/install/px4_msgs/share/px4_msgs/msg/VehicleCommandAck.idl\n'}
[1.780065] (px4_msgs) StdoutLine: {'line': b'-- Up-to-date symlink: /home/maanavjugalshah/SwarmAero/ros2_ws/install/px4_msgs/share/px4_msgs/msg/VehicleConstraints.idl\n'}
[1.780102] (px4_msgs) StdoutLine: {'line': b'-- Up-to-date symlink: /home/maanavjugalshah/SwarmAero/ros2_ws/install/px4_msgs/share/px4_msgs/msg/VehicleControlMode.idl\n'}
[1.780136] (px4_msgs) StdoutLine: {'line': b'-- Up-to-date symlink: /home/maanavjugalshah/SwarmAero/ros2_ws/install/px4_msgs/share/px4_msgs/msg/VehicleGlobalPosition.idl\n'}
[1.780170] (px4_msgs) StdoutLine: {'line': b'-- Up-to-date symlink: /home/maanavjugalshah/SwarmAero/ros2_ws/install/px4_msgs/share/px4_msgs/msg/VehicleImu.idl\n'}
[1.780202] (px4_msgs) StdoutLine: {'line': b'-- Up-to-date symlink: /home/maanavjugalshah/SwarmAero/ros2_ws/install/px4_msgs/share/px4_msgs/msg/VehicleImuStatus.idl\n'}
[1.780234] (px4_msgs) StdoutLine: {'line': b'-- Up-to-date symlink: /home/maanavjugalshah/SwarmAero/ros2_ws/install/px4_msgs/share/px4_msgs/msg/VehicleLandDetected.idl\n'}
[1.780268] (px4_msgs) StdoutLine: {'line': b'-- Up-to-date symlink: /home/maanavjugalshah/SwarmAero/ros2_ws/install/px4_msgs/share/px4_msgs/msg/VehicleLocalPosition.idl\n'}
[1.780300] (px4_msgs) StdoutLine: {'line': b'-- Up-to-date symlink: /home/maanavjugalshah/SwarmAero/ros2_ws/install/px4_msgs/share/px4_msgs/msg/VehicleLocalPositionSetpoint.idl\n'}
[1.780332] (px4_msgs) StdoutLine: {'line': b'-- Up-to-date symlink: /home/maanavjugalshah/SwarmAero/ros2_ws/install/px4_msgs/share/px4_msgs/msg/VehicleMagnetometer.idl\n'}
[1.780363] (px4_msgs) StdoutLine: {'line': b'-- Up-to-date symlink: /home/maanavjugalshah/SwarmAero/ros2_ws/install/px4_msgs/share/px4_msgs/msg/VehicleOdometry.idl\n'}
[1.780395] (px4_msgs) StdoutLine: {'line': b'-- Up-to-date symlink: /home/maanavjugalshah/SwarmAero/ros2_ws/install/px4_msgs/share/px4_msgs/msg/VehicleOpticalFlow.idl\n'}
[1.780430] (px4_msgs) StdoutLine: {'line': b'-- Up-to-date symlink: /home/maanavjugalshah/SwarmAero/ros2_ws/install/px4_msgs/share/px4_msgs/msg/VehicleOpticalFlowVel.idl\n'}
[1.780463] (px4_msgs) StdoutLine: {'line': b'-- Up-to-date symlink: /home/maanavjugalshah/SwarmAero/ros2_ws/install/px4_msgs/share/px4_msgs/msg/VehicleRatesSetpoint.idl\n'}
[1.780495] (px4_msgs) StdoutLine: {'line': b'-- Up-to-date symlink: /home/maanavjugalshah/SwarmAero/ros2_ws/install/px4_msgs/share/px4_msgs/msg/VehicleRoi.idl\n'}
[1.780527] (px4_msgs) StdoutLine: {'line': b'-- Up-to-date symlink: /home/maanavjugalshah/SwarmAero/ros2_ws/install/px4_msgs/share/px4_msgs/msg/VehicleStatus.idl\n'}
[1.780558] (px4_msgs) StdoutLine: {'line': b'-- Up-to-date symlink: /home/maanavjugalshah/SwarmAero/ros2_ws/install/px4_msgs/share/px4_msgs/msg/VehicleThrustSetpoint.idl\n'}
[1.780588] (px4_msgs) StdoutLine: {'line': b'-- Up-to-date symlink: /home/maanavjugalshah/SwarmAero/ros2_ws/install/px4_msgs/share/px4_msgs/msg/VehicleTorqueSetpoint.idl\n'}
[1.780619] (px4_msgs) StdoutLine: {'line': b'-- Up-to-date symlink: /home/maanavjugalshah/SwarmAero/ros2_ws/install/px4_msgs/share/px4_msgs/msg/VelocityLimits.idl\n'}
[1.780652] (px4_msgs) StdoutLine: {'line': b'-- Up-to-date symlink: /home/maanavjugalshah/SwarmAero/ros2_ws/install/px4_msgs/share/px4_msgs/msg/VtolVehicleStatus.idl\n'}
[1.780683] (px4_msgs) StdoutLine: {'line': b'-- Up-to-date symlink: /home/maanavjugalshah/SwarmAero/ros2_ws/install/px4_msgs/share/px4_msgs/msg/Vtx.idl\n'}
[1.780713] (px4_msgs) StdoutLine: {'line': b'-- Up-to-date symlink: /home/maanavjugalshah/SwarmAero/ros2_ws/install/px4_msgs/share/px4_msgs/msg/WheelEncoders.idl\n'}
[1.780743] (px4_msgs) StdoutLine: {'line': b'-- Up-to-date symlink: /home/maanavjugalshah/SwarmAero/ros2_ws/install/px4_msgs/share/px4_msgs/msg/Wind.idl\n'}
[1.780774] (px4_msgs) StdoutLine: {'line': b'-- Up-to-date symlink: /home/maanavjugalshah/SwarmAero/ros2_ws/install/px4_msgs/share/px4_msgs/msg/YawEstimatorStatus.idl\n'}
[1.780804] (px4_msgs) StdoutLine: {'line': b'-- Up-to-date symlink: /home/maanavjugalshah/SwarmAero/ros2_ws/install/px4_msgs/share/px4_msgs/srv/VehicleCommand.idl\n'}
[1.780834] (px4_msgs) StdoutLine: {'line': b'-- Up-to-date symlink: /home/maanavjugalshah/SwarmAero/ros2_ws/install/px4_msgs/share/px4_msgs/msg/ActionRequest.msg\n'}
[1.780864] (px4_msgs) StdoutLine: {'line': b'-- Up-to-date symlink: /home/maanavjugalshah/SwarmAero/ros2_ws/install/px4_msgs/share/px4_msgs/msg/ActuatorArmed.msg\n'}
[1.780913] (px4_msgs) StdoutLine: {'line': b'-- Up-to-date symlink: /home/maanavjugalshah/SwarmAero/ros2_ws/install/px4_msgs/share/px4_msgs/msg/ActuatorControlsStatus.msg\n'}
[1.780956] (px4_msgs) StdoutLine: {'line': b'-- Up-to-date symlink: /home/maanavjugalshah/SwarmAero/ros2_ws/install/px4_msgs/share/px4_msgs/msg/ActuatorMotors.msg\n'}
[1.780991] (px4_msgs) StdoutLine: {'line': b'-- Up-to-date symlink: /home/maanavjugalshah/SwarmAero/ros2_ws/install/px4_msgs/share/px4_msgs/msg/ActuatorOutputs.msg\n'}
[1.781025] (px4_msgs) StdoutLine: {'line': b'-- Up-to-date symlink: /home/maanavjugalshah/SwarmAero/ros2_ws/install/px4_msgs/share/px4_msgs/msg/ActuatorServos.msg\n'}
[1.781056] (px4_msgs) StdoutLine: {'line': b'-- Up-to-date symlink: /home/maanavjugalshah/SwarmAero/ros2_ws/install/px4_msgs/share/px4_msgs/msg/ActuatorServosTrim.msg\n'}
[1.781088] (px4_msgs) StdoutLine: {'line': b'-- Up-to-date symlink: /home/maanavjugalshah/SwarmAero/ros2_ws/install/px4_msgs/share/px4_msgs/msg/ActuatorTest.msg\n'}
[1.781120] (px4_msgs) StdoutLine: {'line': b'-- Up-to-date symlink: /home/maanavjugalshah/SwarmAero/ros2_ws/install/px4_msgs/share/px4_msgs/msg/AdcReport.msg\n'}
[1.781154] (px4_msgs) StdoutLine: {'line': b'-- Up-to-date symlink: /home/maanavjugalshah/SwarmAero/ros2_ws/install/px4_msgs/share/px4_msgs/msg/Airspeed.msg\n'}
[1.781186] (px4_msgs) StdoutLine: {'line': b'-- Up-to-date symlink: /home/maanavjugalshah/SwarmAero/ros2_ws/install/px4_msgs/share/px4_msgs/msg/AirspeedValidated.msg\n'}
[1.781221] (px4_msgs) StdoutLine: {'line': b'-- Up-to-date symlink: /home/maanavjugalshah/SwarmAero/ros2_ws/install/px4_msgs/share/px4_msgs/msg/AirspeedWind.msg\n'}
[1.781253] (px4_msgs) StdoutLine: {'line': b'-- Up-to-date symlink: /home/maanavjugalshah/SwarmAero/ros2_ws/install/px4_msgs/share/px4_msgs/msg/ArmingCheckReply.msg\n'}
[1.781307] (px4_msgs) StdoutLine: {'line': b'-- Up-to-date symlink: /home/maanavjugalshah/SwarmAero/ros2_ws/install/px4_msgs/share/px4_msgs/msg/ArmingCheckRequest.msg\n'}
[1.781346] (px4_msgs) StdoutLine: {'line': b'-- Up-to-date symlink: /home/maanavjugalshah/SwarmAero/ros2_ws/install/px4_msgs/share/px4_msgs/msg/AutotuneAttitudeControlStatus.msg\n'}
[1.781383] (px4_msgs) StdoutLine: {'line': b'-- Up-to-date symlink: /home/maanavjugalshah/SwarmAero/ros2_ws/install/px4_msgs/share/px4_msgs/msg/AuxGlobalPosition.msg\n'}
[1.781417] (px4_msgs) StdoutLine: {'line': b'-- Up-to-date symlink: /home/maanavjugalshah/SwarmAero/ros2_ws/install/px4_msgs/share/px4_msgs/msg/BatteryInfo.msg\n'}
[1.781452] (px4_msgs) StdoutLine: {'line': b'-- Up-to-date symlink: /home/maanavjugalshah/SwarmAero/ros2_ws/install/px4_msgs/share/px4_msgs/msg/BatteryStatus.msg\n'}
[1.781489] (px4_msgs) StdoutLine: {'line': b'-- Up-to-date symlink: /home/maanavjugalshah/SwarmAero/ros2_ws/install/px4_msgs/share/px4_msgs/msg/ButtonEvent.msg\n'}
[1.781556] (px4_msgs) StdoutLine: {'line': b'-- Up-to-date symlink: /home/maanavjugalshah/SwarmAero/ros2_ws/install/px4_msgs/share/px4_msgs/msg/CameraCapture.msg\n'}
[1.781593] (px4_msgs) StdoutLine: {'line': b'-- Up-to-date symlink: /home/maanavjugalshah/SwarmAero/ros2_ws/install/px4_msgs/share/px4_msgs/msg/CameraStatus.msg\n'}
[1.781657] (px4_msgs) StdoutLine: {'line': b'-- Up-to-date symlink: /home/maanavjugalshah/SwarmAero/ros2_ws/install/px4_msgs/share/px4_msgs/msg/CameraTrigger.msg\n'}
[1.781698] (px4_msgs) StdoutLine: {'line': b'-- Up-to-date symlink: /home/maanavjugalshah/SwarmAero/ros2_ws/install/px4_msgs/share/px4_msgs/msg/CanInterfaceStatus.msg\n'}
[1.781735] (px4_msgs) StdoutLine: {'line': b'-- Up-to-date symlink: /home/maanavjugalshah/SwarmAero/ros2_ws/install/px4_msgs/share/px4_msgs/msg/CellularStatus.msg\n'}
[1.781798] (px4_msgs) StdoutLine: {'line': b'-- Up-to-date symlink: /home/maanavjugalshah/SwarmAero/ros2_ws/install/px4_msgs/share/px4_msgs/msg/CollisionConstraints.msg\n'}
[1.781835] (px4_msgs) StdoutLine: {'line': b'-- Up-to-date symlink: /home/maanavjugalshah/SwarmAero/ros2_ws/install/px4_msgs/share/px4_msgs/msg/ConfigOverrides.msg\n'}
[1.781870] (px4_msgs) StdoutLine: {'line': b'-- Up-to-date symlink: /home/maanavjugalshah/SwarmAero/ros2_ws/install/px4_msgs/share/px4_msgs/msg/ControlAllocatorStatus.msg\n'}
[1.781929] (px4_msgs) StdoutLine: {'line': b'-- Up-to-date symlink: /home/maanavjugalshah/SwarmAero/ros2_ws/install/px4_msgs/share/px4_msgs/msg/Cpuload.msg\n'}
[1.781972] (px4_msgs) StdoutLine: {'line': b'-- Up-to-date symlink: /home/maanavjugalshah/SwarmAero/ros2_ws/install/px4_msgs/share/px4_msgs/msg/DatamanRequest.msg\n'}
[1.782008] (px4_msgs) StdoutLine: {'line': b'-- Up-to-date symlink: /home/maanavjugalshah/SwarmAero/ros2_ws/install/px4_msgs/share/px4_msgs/msg/DatamanResponse.msg\n'}
[1.782045] (px4_msgs) StdoutLine: {'line': b'-- Up-to-date symlink: /home/maanavjugalshah/SwarmAero/ros2_ws/install/px4_msgs/share/px4_msgs/msg/DebugArray.msg\n'}
[1.782080] (px4_msgs) StdoutLine: {'line': b'-- Up-to-date symlink: /home/maanavjugalshah/SwarmAero/ros2_ws/install/px4_msgs/share/px4_msgs/msg/DebugKeyValue.msg\n'}
[1.782114] (px4_msgs) StdoutLine: {'line': b'-- Up-to-date symlink: /home/maanavjugalshah/SwarmAero/ros2_ws/install/px4_msgs/share/px4_msgs/msg/DebugValue.msg\n'}
[1.782147] (px4_msgs) StdoutLine: {'line': b'-- Up-to-date symlink: /home/maanavjugalshah/SwarmAero/ros2_ws/install/px4_msgs/share/px4_msgs/msg/DebugVect.msg\n'}
[1.782181] (px4_msgs) StdoutLine: {'line': b'-- Up-to-date symlink: /home/maanavjugalshah/SwarmAero/ros2_ws/install/px4_msgs/share/px4_msgs/msg/DeviceInformation.msg\n'}
[1.782216] (px4_msgs) StdoutLine: {'line': b'-- Up-to-date symlink: /home/maanavjugalshah/SwarmAero/ros2_ws/install/px4_msgs/share/px4_msgs/msg/DifferentialPressure.msg\n'}
[1.782250] (px4_msgs) StdoutLine: {'line': b'-- Up-to-date symlink: /home/maanavjugalshah/SwarmAero/ros2_ws/install/px4_msgs/share/px4_msgs/msg/DistanceSensor.msg\n'}
[1.782283] (px4_msgs) StdoutLine: {'line': b'-- Up-to-date symlink: /home/maanavjugalshah/SwarmAero/ros2_ws/install/px4_msgs/share/px4_msgs/msg/DistanceSensorModeChangeRequest.msg\n'}
[1.782315] (px4_msgs) StdoutLine: {'line': b'-- Up-to-date symlink: /home/maanavjugalshah/SwarmAero/ros2_ws/install/px4_msgs/share/px4_msgs/msg/DronecanNodeStatus.msg\n'}
[1.782347] (px4_msgs) StdoutLine: {'line': b'-- Up-to-date symlink: /home/maanavjugalshah/SwarmAero/ros2_ws/install/px4_msgs/share/px4_msgs/msg/Ekf2Timestamps.msg\n'}
[1.782382] (px4_msgs) StdoutLine: {'line': b'-- Up-to-date symlink: /home/maanavjugalshah/SwarmAero/ros2_ws/install/px4_msgs/share/px4_msgs/msg/EscEepromRead.msg\n'}
[1.782418] (px4_msgs) StdoutLine: {'line': b'-- Up-to-date symlink: /home/maanavjugalshah/SwarmAero/ros2_ws/install/px4_msgs/share/px4_msgs/msg/EscEepromWrite.msg\n'}
[1.782450] (px4_msgs) StdoutLine: {'line': b'-- Up-to-date symlink: /home/maanavjugalshah/SwarmAero/ros2_ws/install/px4_msgs/share/px4_msgs/msg/EscReport.msg\n'}
[1.782486] (px4_msgs) StdoutLine: {'line': b'-- Up-to-date symlink: /home/maanavjugalshah/SwarmAero/ros2_ws/install/px4_msgs/share/px4_msgs/msg/EscStatus.msg\n'}
[1.782519] (px4_msgs) StdoutLine: {'line': b'-- Up-to-date symlink: /home/maanavjugalshah/SwarmAero/ros2_ws/install/px4_msgs/share/px4_msgs/msg/EstimatorAidSource1d.msg\n'}
[1.782554] (px4_msgs) StdoutLine: {'line': b'-- Up-to-date symlink: /home/maanavjugalshah/SwarmAero/ros2_ws/install/px4_msgs/share/px4_msgs/msg/EstimatorAidSource2d.msg\n'}
[1.782585] (px4_msgs) StdoutLine: {'line': b'-- Up-to-date symlink: /home/maanavjugalshah/SwarmAero/ros2_ws/install/px4_msgs/share/px4_msgs/msg/EstimatorAidSource3d.msg\n'}
[1.782617] (px4_msgs) StdoutLine: {'line': b'-- Up-to-date symlink: /home/maanavjugalshah/SwarmAero/ros2_ws/install/px4_msgs/share/px4_msgs/msg/EstimatorBias.msg\n'}
[1.782680] (px4_msgs) StdoutLine: {'line': b'-- Up-to-date symlink: /home/maanavjugalshah/SwarmAero/ros2_ws/install/px4_msgs/share/px4_msgs/msg/EstimatorBias3d.msg\n'}
[1.782750] (px4_msgs) StdoutLine: {'line': b'-- Up-to-date symlink: /home/maanavjugalshah/SwarmAero/ros2_ws/install/px4_msgs/share/px4_msgs/msg/EstimatorEventFlags.msg\n'}
[1.782822] (px4_msgs) StdoutLine: {'line': b'-- Up-to-date symlink: /home/maanavjugalshah/SwarmAero/ros2_ws/install/px4_msgs/share/px4_msgs/msg/EstimatorFusionControl.msg\n'}
[1.782912] (px4_msgs) StdoutLine: {'line': b'-- Up-to-date symlink: /home/maanavjugalshah/SwarmAero/ros2_ws/install/px4_msgs/share/px4_msgs/msg/EstimatorGpsStatus.msg\n'}
[1.782961] (px4_msgs) StdoutLine: {'line': b'-- Up-to-date symlink: /home/maanavjugalshah/SwarmAero/ros2_ws/install/px4_msgs/share/px4_msgs/msg/EstimatorInnovations.msg\n'}
[1.782999] (px4_msgs) StdoutLine: {'line': b'-- Up-to-date symlink: /home/maanavjugalshah/SwarmAero/ros2_ws/install/px4_msgs/share/px4_msgs/msg/EstimatorSelectorStatus.msg\n'}
[1.783035] (px4_msgs) StdoutLine: {'line': b'-- Up-to-date symlink: /home/maanavjugalshah/SwarmAero/ros2_ws/install/px4_msgs/share/px4_msgs/msg/EstimatorSensorBias.msg\n'}
[1.783070] (px4_msgs) StdoutLine: {'line': b'-- Up-to-date symlink: /home/maanavjugalshah/SwarmAero/ros2_ws/install/px4_msgs/share/px4_msgs/msg/EstimatorStates.msg\n'}
[1.783111] (px4_msgs) StdoutLine: {'line': b'-- Up-to-date symlink: /home/maanavjugalshah/SwarmAero/ros2_ws/install/px4_msgs/share/px4_msgs/msg/EstimatorStatus.msg\n'}
[1.783146] (px4_msgs) StdoutLine: {'line': b'-- Up-to-date symlink: /home/maanavjugalshah/SwarmAero/ros2_ws/install/px4_msgs/share/px4_msgs/msg/EstimatorStatusFlags.msg\n'}
[1.783180] (px4_msgs) StdoutLine: {'line': b'-- Up-to-date symlink: /home/maanavjugalshah/SwarmAero/ros2_ws/install/px4_msgs/share/px4_msgs/msg/Event.msg\n'}
[1.783214] (px4_msgs) StdoutLine: {'line': b'-- Up-to-date symlink: /home/maanavjugalshah/SwarmAero/ros2_ws/install/px4_msgs/share/px4_msgs/msg/FailsafeFlags.msg\n'}
[1.783247] (px4_msgs) StdoutLine: {'line': b'-- Up-to-date symlink: /home/maanavjugalshah/SwarmAero/ros2_ws/install/px4_msgs/share/px4_msgs/msg/FailureDetectorStatus.msg\n'}
[1.783280] (px4_msgs) StdoutLine: {'line': b'-- Up-to-date symlink: /home/maanavjugalshah/SwarmAero/ros2_ws/install/px4_msgs/share/px4_msgs/msg/FigureEightStatus.msg\n'}
[1.783347] (px4_msgs) StdoutLine: {'line': b'-- Up-to-date symlink: /home/maanavjugalshah/SwarmAero/ros2_ws/install/px4_msgs/share/px4_msgs/msg/FixedWingLateralGuidanceStatus.msg\n'}
[1.783614] (px4_msgs) StdoutLine: {'line': b'-- Up-to-date symlink: /home/maanavjugalshah/SwarmAero/ros2_ws/install/px4_msgs/share/px4_msgs/msg/FixedWingLateralSetpoint.msg\n'}
[1.783797] (px4_msgs) StdoutLine: {'line': b'-- Up-to-date symlink: /home/maanavjugalshah/SwarmAero/ros2_ws/install/px4_msgs/share/px4_msgs/msg/FixedWingLateralStatus.msg\n'}
[1.783847] (px4_msgs) StdoutLine: {'line': b'-- Up-to-date symlink: /home/maanavjugalshah/SwarmAero/ros2_ws/install/px4_msgs/share/px4_msgs/msg/FixedWingLongitudinalSetpoint.msg\n'}
[1.783886] (px4_msgs) StdoutLine: {'line': b'-- Up-to-date symlink: /home/maanavjugalshah/SwarmAero/ros2_ws/install/px4_msgs/share/px4_msgs/msg/FixedWingRunwayControl.msg\n'}
[1.783995] (px4_msgs) StdoutLine: {'line': b'-- Up-to-date symlink: /home/maanavjugalshah/SwarmAero/ros2_ws/install/px4_msgs/share/px4_msgs/msg/FlightPhaseEstimation.msg\n'}
[1.784159] (px4_msgs) StdoutLine: {'line': b'-- Up-to-date symlink: /home/maanavjugalshah/SwarmAero/ros2_ws/install/px4_msgs/share/px4_msgs/msg/FollowTarget.msg\n'}
[1.784209] (px4_msgs) StdoutLine: {'line': b'-- Up-to-date symlink: /home/maanavjugalshah/SwarmAero/ros2_ws/install/px4_msgs/share/px4_msgs/msg/FollowTargetEstimator.msg\n'}
[1.784247] (px4_msgs) StdoutLine: {'line': b'-- Up-to-date symlink: /home/maanavjugalshah/SwarmAero/ros2_ws/install/px4_msgs/share/px4_msgs/msg/FollowTargetStatus.msg\n'}
[1.784290] (px4_msgs) StdoutLine: {'line': b'-- Up-to-date symlink: /home/maanavjugalshah/SwarmAero/ros2_ws/install/px4_msgs/share/px4_msgs/msg/FuelTankStatus.msg\n'}
[1.784471] (px4_msgs) StdoutLine: {'line': b'-- Up-to-date symlink: /home/maanavjugalshah/SwarmAero/ros2_ws/install/px4_msgs/share/px4_msgs/msg/GainCompression.msg\n'}
[1.784590] (px4_msgs) StdoutLine: {'line': b'-- Up-to-date symlink: /home/maanavjugalshah/SwarmAero/ros2_ws/install/px4_msgs/share/px4_msgs/msg/GeneratorStatus.msg\n'}
[1.784628] (px4_msgs) StdoutLine: {'line': b'-- Up-to-date symlink: /home/maanavjugalshah/SwarmAero/ros2_ws/install/px4_msgs/share/px4_msgs/msg/GeofenceResult.msg\n'}
[1.784664] (px4_msgs) StdoutLine: {'line': b'-- Up-to-date symlink: /home/maanavjugalshah/SwarmAero/ros2_ws/install/px4_msgs/share/px4_msgs/msg/GeofenceStatus.msg\n'}
[1.784699] (px4_msgs) StdoutLine: {'line': b'-- Up-to-date symlink: /home/maanavjugalshah/SwarmAero/ros2_ws/install/px4_msgs/share/px4_msgs/msg/GimbalControls.msg\n'}
[1.784821] (px4_msgs) StdoutLine: {'line': b'-- Up-to-date symlink: /home/maanavjugalshah/SwarmAero/ros2_ws/install/px4_msgs/share/px4_msgs/msg/GimbalDeviceAttitudeStatus.msg\n'}
[1.784865] (px4_msgs) StdoutLine: {'line': b'-- Up-to-date symlink: /home/maanavjugalshah/SwarmAero/ros2_ws/install/px4_msgs/share/px4_msgs/msg/GimbalDeviceInformation.msg\n'}
[1.784907] (px4_msgs) StdoutLine: {'line': b'-- Up-to-date symlink: /home/maanavjugalshah/SwarmAero/ros2_ws/install/px4_msgs/share/px4_msgs/msg/GimbalDeviceSetAttitude.msg\n'}
[1.784988] (px4_msgs) StdoutLine: {'line': b'-- Up-to-date symlink: /home/maanavjugalshah/SwarmAero/ros2_ws/install/px4_msgs/share/px4_msgs/msg/GimbalManagerInformation.msg\n'}
[1.785102] (px4_msgs) StdoutLine: {'line': b'-- Up-to-date symlink: /home/maanavjugalshah/SwarmAero/ros2_ws/install/px4_msgs/share/px4_msgs/msg/GimbalManagerSetAttitude.msg\n'}
[1.785194] (px4_msgs) StdoutLine: {'line': b'-- Up-to-date symlink: /home/maanavjugalshah/SwarmAero/ros2_ws/install/px4_msgs/share/px4_msgs/msg/GimbalManagerSetManualControl.msg\n'}
[1.785240] (px4_msgs) StdoutLine: {'line': b'-- Up-to-date symlink: /home/maanavjugalshah/SwarmAero/ros2_ws/install/px4_msgs/share/px4_msgs/msg/GimbalManagerStatus.msg\n'}
[1.785278] (px4_msgs) StdoutLine: {'line': b'-- Up-to-date symlink: /home/maanavjugalshah/SwarmAero/ros2_ws/install/px4_msgs/share/px4_msgs/msg/GotoSetpoint.msg\n'}
[1.785313] (px4_msgs) StdoutLine: {'line': b'-- Up-to-date symlink: /home/maanavjugalshah/SwarmAero/ros2_ws/install/px4_msgs/share/px4_msgs/msg/GpioConfig.msg\n'}
[1.785348] (px4_msgs) StdoutLine: {'line': b'-- Up-to-date symlink: /home/maanavjugalshah/SwarmAero/ros2_ws/install/px4_msgs/share/px4_msgs/msg/GpioIn.msg\n'}
[1.785562] (px4_msgs) StdoutLine: {'line': b'-- Up-to-date symlink: /home/maanavjugalshah/SwarmAero/ros2_ws/install/px4_msgs/share/px4_msgs/msg/GpioOut.msg\n'}
[1.785661] (px4_msgs) StdoutLine: {'line': b'-- Up-to-date symlink: /home/maanavjugalshah/SwarmAero/ros2_ws/install/px4_msgs/share/px4_msgs/msg/GpioRequest.msg\n'}
[1.786239] (px4_msgs) StdoutLine: {'line': b'-- Up-to-date symlink: /home/maanavjugalshah/SwarmAero/ros2_ws/install/px4_msgs/share/px4_msgs/msg/GpsDump.msg\n'}
[1.786310] (px4_msgs) StdoutLine: {'line': b'-- Up-to-date symlink: /home/maanavjugalshah/SwarmAero/ros2_ws/install/px4_msgs/share/px4_msgs/msg/GpsInjectData.msg\n'}
[1.786356] (px4_msgs) StdoutLine: {'line': b'-- Up-to-date symlink: /home/maanavjugalshah/SwarmAero/ros2_ws/install/px4_msgs/share/px4_msgs/msg/Gripper.msg\n'}
[1.786664] (px4_msgs) StdoutLine: {'line': b'-- Up-to-date symlink: /home/maanavjugalshah/SwarmAero/ros2_ws/install/px4_msgs/share/px4_msgs/msg/HealthReport.msg\n'}
[1.786765] (px4_msgs) StdoutLine: {'line': b'-- Up-to-date symlink: /home/maanavjugalshah/SwarmAero/ros2_ws/install/px4_msgs/share/px4_msgs/msg/HeaterStatus.msg\n'}
[1.786836] (px4_msgs) StdoutLine: {'line': b'-- Up-to-date symlink: /home/maanavjugalshah/SwarmAero/ros2_ws/install/px4_msgs/share/px4_msgs/msg/HomePosition.msg\n'}
[1.786875] (px4_msgs) StdoutLine: {'line': b'-- Up-to-date symlink: /home/maanavjugalshah/SwarmAero/ros2_ws/install/px4_msgs/share/px4_msgs/msg/HoverThrustEstimate.msg\n'}
[1.786952] (px4_msgs) StdoutLine: {'line': b'-- Up-to-date symlink: /home/maanavjugalshah/SwarmAero/ros2_ws/install/px4_msgs/share/px4_msgs/msg/InputRc.msg\n'}
[1.787021] (px4_msgs) StdoutLine: {'line': b'-- Up-to-date symlink: /home/maanavjugalshah/SwarmAero/ros2_ws/install/px4_msgs/share/px4_msgs/msg/InternalCombustionEngineControl.msg\n'}
[1.787065] (px4_msgs) StdoutLine: {'line': b'-- Up-to-date symlink: /home/maanavjugalshah/SwarmAero/ros2_ws/install/px4_msgs/share/px4_msgs/msg/InternalCombustionEngineStatus.msg\n'}
[1.787102] (px4_msgs) StdoutLine: {'line': b'-- Up-to-date symlink: /home/maanavjugalshah/SwarmAero/ros2_ws/install/px4_msgs/share/px4_msgs/msg/IridiumsbdStatus.msg\n'}
[1.787136] (px4_msgs) StdoutLine: {'line': b'-- Up-to-date symlink: /home/maanavjugalshah/SwarmAero/ros2_ws/install/px4_msgs/share/px4_msgs/msg/IrlockReport.msg\n'}
[1.787171] (px4_msgs) StdoutLine: {'line': b'-- Up-to-date symlink: /home/maanavjugalshah/SwarmAero/ros2_ws/install/px4_msgs/share/px4_msgs/msg/LandingGear.msg\n'}
[1.787204] (px4_msgs) StdoutLine: {'line': b'-- Up-to-date symlink: /home/maanavjugalshah/SwarmAero/ros2_ws/install/px4_msgs/share/px4_msgs/msg/LandingGearWheel.msg\n'}
[1.787239] (px4_msgs) StdoutLine: {'line': b'-- Up-to-date symlink: /home/maanavjugalshah/SwarmAero/ros2_ws/install/px4_msgs/share/px4_msgs/msg/LandingTargetInnovations.msg\n'}
[1.787282] (px4_msgs) StdoutLine: {'line': b'-- Up-to-date symlink: /home/maanavjugalshah/SwarmAero/ros2_ws/install/px4_msgs/share/px4_msgs/msg/LandingTargetPose.msg\n'}
[1.787346] (px4_msgs) StdoutLine: {'line': b'-- Up-to-date symlink: /home/maanavjugalshah/SwarmAero/ros2_ws/install/px4_msgs/share/px4_msgs/msg/LateralControlConfiguration.msg\n'}
[1.787417] (px4_msgs) StdoutLine: {'line': b'-- Up-to-date symlink: /home/maanavjugalshah/SwarmAero/ros2_ws/install/px4_msgs/share/px4_msgs/msg/LaunchDetectionStatus.msg\n'}
[1.787460] (px4_msgs) StdoutLine: {'line': b'-- Up-to-date symlink: /home/maanavjugalshah/SwarmAero/ros2_ws/install/px4_msgs/share/px4_msgs/msg/LedControl.msg\n'}
[1.787497] (px4_msgs) StdoutLine: {'line': b'-- Up-to-date symlink: /home/maanavjugalshah/SwarmAero/ros2_ws/install/px4_msgs/share/px4_msgs/msg/LogMessage.msg\n'}
[1.787531] (px4_msgs) StdoutLine: {'line': b'-- Up-to-date symlink: /home/maanavjugalshah/SwarmAero/ros2_ws/install/px4_msgs/share/px4_msgs/msg/LoggerStatus.msg\n'}
[1.787607] (px4_msgs) StdoutLine: {'line': b'-- Up-to-date symlink: /home/maanavjugalshah/SwarmAero/ros2_ws/install/px4_msgs/share/px4_msgs/msg/LongitudinalControlConfiguration.msg\n'}
[1.787696] (px4_msgs) StdoutLine: {'line': b'-- Up-to-date symlink: /home/maanavjugalshah/SwarmAero/ros2_ws/install/px4_msgs/share/px4_msgs/msg/MagWorkerData.msg\n'}
[1.787763] (px4_msgs) StdoutLine: {'line': b'-- Up-to-date symlink: /home/maanavjugalshah/SwarmAero/ros2_ws/install/px4_msgs/share/px4_msgs/msg/MagnetometerBiasEstimate.msg\n'}
[1.787808] (px4_msgs) StdoutLine: {'line': b'-- Up-to-date symlink: /home/maanavjugalshah/SwarmAero/ros2_ws/install/px4_msgs/share/px4_msgs/msg/ManualControlSetpoint.msg\n'}
[1.787843] (px4_msgs) StdoutLine: {'line': b'-- Up-to-date symlink: /home/maanavjugalshah/SwarmAero/ros2_ws/install/px4_msgs/share/px4_msgs/msg/ManualControlSwitches.msg\n'}
[1.787880] (px4_msgs) StdoutLine: {'line': b'-- Up-to-date symlink: /home/maanavjugalshah/SwarmAero/ros2_ws/install/px4_msgs/share/px4_msgs/msg/MavlinkLog.msg\n'}
[1.787914] (px4_msgs) StdoutLine: {'line': b'-- Up-to-date symlink: /home/maanavjugalshah/SwarmAero/ros2_ws/install/px4_msgs/share/px4_msgs/msg/MavlinkTunnel.msg\n'}
[1.787947] (px4_msgs) StdoutLine: {'line': b'-- Up-to-date symlink: /home/maanavjugalshah/SwarmAero/ros2_ws/install/px4_msgs/share/px4_msgs/msg/MessageFormatRequest.msg\n'}
[1.787981] (px4_msgs) StdoutLine: {'line': b'-- Up-to-date symlink: /home/maanavjugalshah/SwarmAero/ros2_ws/install/px4_msgs/share/px4_msgs/msg/MessageFormatResponse.msg\n'}
[1.788014] (px4_msgs) StdoutLine: {'line': b'-- Up-to-date symlink: /home/maanavjugalshah/SwarmAero/ros2_ws/install/px4_msgs/share/px4_msgs/msg/Mission.msg\n'}
[1.788048] (px4_msgs) StdoutLine: {'line': b'-- Up-to-date symlink: /home/maanavjugalshah/SwarmAero/ros2_ws/install/px4_msgs/share/px4_msgs/msg/MissionResult.msg\n'}
[1.788080] (px4_msgs) StdoutLine: {'line': b'-- Up-to-date symlink: /home/maanavjugalshah/SwarmAero/ros2_ws/install/px4_msgs/share/px4_msgs/msg/ModeCompleted.msg\n'}
[1.788112] (px4_msgs) StdoutLine: {'line': b'-- Up-to-date symlink: /home/maanavjugalshah/SwarmAero/ros2_ws/install/px4_msgs/share/px4_msgs/msg/MountOrientation.msg\n'}
[1.788144] (px4_msgs) StdoutLine: {'line': b'-- Up-to-date symlink: /home/maanavjugalshah/SwarmAero/ros2_ws/install/px4_msgs/share/px4_msgs/msg/NavigatorMissionItem.msg\n'}
[1.788176] (px4_msgs) StdoutLine: {'line': b'-- Up-to-date symlink: /home/maanavjugalshah/SwarmAero/ros2_ws/install/px4_msgs/share/px4_msgs/msg/NavigatorStatus.msg\n'}
[1.788208] (px4_msgs) StdoutLine: {'line': b'-- Up-to-date symlink: /home/maanavjugalshah/SwarmAero/ros2_ws/install/px4_msgs/share/px4_msgs/msg/NeuralControl.msg\n'}
[1.788240] (px4_msgs) StdoutLine: {'line': b'-- Up-to-date symlink: /home/maanavjugalshah/SwarmAero/ros2_ws/install/px4_msgs/share/px4_msgs/msg/NormalizedUnsignedSetpoint.msg\n'}
[1.788395] (px4_msgs) StdoutLine: {'line': b'-- Up-to-date symlink: /home/maanavjugalshah/SwarmAero/ros2_ws/install/px4_msgs/share/px4_msgs/msg/ObstacleDistance.msg\n'}
[1.788437] (px4_msgs) StdoutLine: {'line': b'-- Up-to-date symlink: /home/maanavjugalshah/SwarmAero/ros2_ws/install/px4_msgs/share/px4_msgs/msg/OffboardControlMode.msg\n'}
[1.788473] (px4_msgs) StdoutLine: {'line': b'-- Up-to-date symlink: /home/maanavjugalshah/SwarmAero/ros2_ws/install/px4_msgs/share/px4_msgs/msg/OnboardComputerStatus.msg\n'}
[1.788508] (px4_msgs) StdoutLine: {'line': b'-- Up-to-date symlink: /home/maanavjugalshah/SwarmAero/ros2_ws/install/px4_msgs/share/px4_msgs/msg/OpenDroneIdArmStatus.msg\n'}
[1.788541] (px4_msgs) StdoutLine: {'line': b'-- Up-to-date symlink: /home/maanavjugalshah/SwarmAero/ros2_ws/install/px4_msgs/share/px4_msgs/msg/OpenDroneIdOperatorId.msg\n'}
[1.788573] (px4_msgs) StdoutLine: {'line': b'-- Up-to-date symlink: /home/maanavjugalshah/SwarmAero/ros2_ws/install/px4_msgs/share/px4_msgs/msg/OpenDroneIdSelfId.msg\n'}
[1.788636] (px4_msgs) StdoutLine: {'line': b'-- Up-to-date symlink: /home/maanavjugalshah/SwarmAero/ros2_ws/install/px4_msgs/share/px4_msgs/msg/OpenDroneIdSystem.msg\n'}
[1.788677] (px4_msgs) StdoutLine: {'line': b'-- Up-to-date symlink: /home/maanavjugalshah/SwarmAero/ros2_ws/install/px4_msgs/share/px4_msgs/msg/OrbTest.msg\n'}
[1.788716] (px4_msgs) StdoutLine: {'line': b'-- Up-to-date symlink: /home/maanavjugalshah/SwarmAero/ros2_ws/install/px4_msgs/share/px4_msgs/msg/OrbTestLarge.msg\n'}
[1.788751] (px4_msgs) StdoutLine: {'line': b'-- Up-to-date symlink: /home/maanavjugalshah/SwarmAero/ros2_ws/install/px4_msgs/share/px4_msgs/msg/OrbTestMedium.msg\n'}
[1.788786] (px4_msgs) StdoutLine: {'line': b'-- Up-to-date symlink: /home/maanavjugalshah/SwarmAero/ros2_ws/install/px4_msgs/share/px4_msgs/msg/OrbitStatus.msg\n'}
[1.788821] (px4_msgs) StdoutLine: {'line': b'-- Up-to-date symlink: /home/maanavjugalshah/SwarmAero/ros2_ws/install/px4_msgs/share/px4_msgs/msg/ParameterResetRequest.msg\n'}
[1.788856] (px4_msgs) StdoutLine: {'line': b'-- Up-to-date symlink: /home/maanavjugalshah/SwarmAero/ros2_ws/install/px4_msgs/share/px4_msgs/msg/ParameterSetUsedRequest.msg\n'}
[1.788889] (px4_msgs) StdoutLine: {'line': b'-- Up-to-date symlink: /home/maanavjugalshah/SwarmAero/ros2_ws/install/px4_msgs/share/px4_msgs/msg/ParameterSetValueRequest.msg\n'}
[1.788922] (px4_msgs) StdoutLine: {'line': b'-- Up-to-date symlink: /home/maanavjugalshah/SwarmAero/ros2_ws/install/px4_msgs/share/px4_msgs/msg/ParameterSetValueResponse.msg\n'}
[1.788954] (px4_msgs) StdoutLine: {'line': b'-- Up-to-date symlink: /home/maanavjugalshah/SwarmAero/ros2_ws/install/px4_msgs/share/px4_msgs/msg/ParameterUpdate.msg\n'}
[1.788987] (px4_msgs) StdoutLine: {'line': b'-- Up-to-date symlink: /home/maanavjugalshah/SwarmAero/ros2_ws/install/px4_msgs/share/px4_msgs/msg/Ping.msg\n'}
[1.789019] (px4_msgs) StdoutLine: {'line': b'-- Up-to-date symlink: /home/maanavjugalshah/SwarmAero/ros2_ws/install/px4_msgs/share/px4_msgs/msg/PositionControllerLandingStatus.msg\n'}
[1.789051] (px4_msgs) StdoutLine: {'line': b'-- Up-to-date symlink: /home/maanavjugalshah/SwarmAero/ros2_ws/install/px4_msgs/share/px4_msgs/msg/PositionControllerStatus.msg\n'}
[1.789088] (px4_msgs) StdoutLine: {'line': b'-- Up-to-date symlink: /home/maanavjugalshah/SwarmAero/ros2_ws/install/px4_msgs/share/px4_msgs/msg/PositionSetpoint.msg\n'}
[1.789119] (px4_msgs) StdoutLine: {'line': b'-- Up-to-date symlink: /home/maanavjugalshah/SwarmAero/ros2_ws/install/px4_msgs/share/px4_msgs/msg/PositionSetpointTriplet.msg\n'}
[1.789150] (px4_msgs) StdoutLine: {'line': b'-- Up-to-date symlink: /home/maanavjugalshah/SwarmAero/ros2_ws/install/px4_msgs/share/px4_msgs/msg/PowerButtonState.msg\n'}
[1.789181] (px4_msgs) StdoutLine: {'line': b'-- Up-to-date symlink: /home/maanavjugalshah/SwarmAero/ros2_ws/install/px4_msgs/share/px4_msgs/msg/PowerMonitor.msg\n'}
[1.789214] (px4_msgs) StdoutLine: {'line': b'-- Up-to-date symlink: /home/maanavjugalshah/SwarmAero/ros2_ws/install/px4_msgs/share/px4_msgs/msg/PpsCapture.msg\n'}
[1.789246] (px4_msgs) StdoutLine: {'line': b'-- Up-to-date symlink: /home/maanavjugalshah/SwarmAero/ros2_ws/install/px4_msgs/share/px4_msgs/msg/PurePursuitStatus.msg\n'}
[1.789278] (px4_msgs) StdoutLine: {'line': b'-- Up-to-date symlink: /home/maanavjugalshah/SwarmAero/ros2_ws/install/px4_msgs/share/px4_msgs/msg/PwmInput.msg\n'}
[1.789341] (px4_msgs) StdoutLine: {'line': b'-- Up-to-date symlink: /home/maanavjugalshah/SwarmAero/ros2_ws/install/px4_msgs/share/px4_msgs/msg/Px4ioStatus.msg\n'}
[1.789409] (px4_msgs) StdoutLine: {'line': b'-- Up-to-date symlink: /home/maanavjugalshah/SwarmAero/ros2_ws/install/px4_msgs/share/px4_msgs/msg/QshellReq.msg\n'}
[1.789476] (px4_msgs) StdoutLine: {'line': b'-- Up-to-date symlink: /home/maanavjugalshah/SwarmAero/ros2_ws/install/px4_msgs/share/px4_msgs/msg/QshellRetval.msg\n'}
[1.789545] (px4_msgs) StdoutLine: {'line': b'-- Up-to-date symlink: /home/maanavjugalshah/SwarmAero/ros2_ws/install/px4_msgs/share/px4_msgs/msg/RadioStatus.msg\n'}
[1.789617] (px4_msgs) StdoutLine: {'line': b'-- Up-to-date symlink: /home/maanavjugalshah/SwarmAero/ros2_ws/install/px4_msgs/share/px4_msgs/msg/RangingBeacon.msg\n'}
[1.789685] (px4_msgs) StdoutLine: {'line': b'-- Up-to-date symlink: /home/maanavjugalshah/SwarmAero/ros2_ws/install/px4_msgs/share/px4_msgs/msg/RaptorInput.msg\n'}
[1.789754] (px4_msgs) StdoutLine: {'line': b'-- Up-to-date symlink: /home/maanavjugalshah/SwarmAero/ros2_ws/install/px4_msgs/share/px4_msgs/msg/RaptorStatus.msg\n'}
[1.789796] (px4_msgs) StdoutLine: {'line': b'-- Up-to-date symlink: /home/maanavjugalshah/SwarmAero/ros2_ws/install/px4_msgs/share/px4_msgs/msg/RateCtrlStatus.msg\n'}
[1.789836] (px4_msgs) StdoutLine: {'line': b'-- Up-to-date symlink: /home/maanavjugalshah/SwarmAero/ros2_ws/install/px4_msgs/share/px4_msgs/msg/RcChannels.msg\n'}
[1.789876] (px4_msgs) StdoutLine: {'line': b'-- Up-to-date symlink: /home/maanavjugalshah/SwarmAero/ros2_ws/install/px4_msgs/share/px4_msgs/msg/RcParameterMap.msg\n'}
[1.789915] (px4_msgs) StdoutLine: {'line': b'-- Up-to-date symlink: /home/maanavjugalshah/SwarmAero/ros2_ws/install/px4_msgs/share/px4_msgs/msg/RegisterExtComponentReply.msg\n'}
[1.789951] (px4_msgs) StdoutLine: {'line': b'-- Up-to-date symlink: /home/maanavjugalshah/SwarmAero/ros2_ws/install/px4_msgs/share/px4_msgs/msg/RegisterExtComponentRequest.msg\n'}
[1.789988] (px4_msgs) StdoutLine: {'line': b'-- Up-to-date symlink: /home/maanavjugalshah/SwarmAero/ros2_ws/install/px4_msgs/share/px4_msgs/msg/RoverAttitudeSetpoint.msg\n'}
[1.790025] (px4_msgs) StdoutLine: {'line': b'-- Up-to-date symlink: /home/maanavjugalshah/SwarmAero/ros2_ws/install/px4_msgs/share/px4_msgs/msg/RoverAttitudeStatus.msg\n'}
[1.790063] (px4_msgs) StdoutLine: {'line': b'-- Up-to-date symlink: /home/maanavjugalshah/SwarmAero/ros2_ws/install/px4_msgs/share/px4_msgs/msg/RoverPositionSetpoint.msg\n'}
[1.790099] (px4_msgs) StdoutLine: {'line': b'-- Up-to-date symlink: /home/maanavjugalshah/SwarmAero/ros2_ws/install/px4_msgs/share/px4_msgs/msg/RoverRateSetpoint.msg\n'}
[1.790133] (px4_msgs) StdoutLine: {'line': b'-- Up-to-date symlink: /home/maanavjugalshah/SwarmAero/ros2_ws/install/px4_msgs/share/px4_msgs/msg/RoverRateStatus.msg\n'}
[1.790168] (px4_msgs) StdoutLine: {'line': b'-- Up-to-date symlink: /home/maanavjugalshah/SwarmAero/ros2_ws/install/px4_msgs/share/px4_msgs/msg/RoverSpeedSetpoint.msg\n'}
[1.790203] (px4_msgs) StdoutLine: {'line': b'-- Up-to-date symlink: /home/maanavjugalshah/SwarmAero/ros2_ws/install/px4_msgs/share/px4_msgs/msg/RoverSpeedStatus.msg\n'}
[1.790237] (px4_msgs) StdoutLine: {'line': b'-- Up-to-date symlink: /home/maanavjugalshah/SwarmAero/ros2_ws/install/px4_msgs/share/px4_msgs/msg/RoverSteeringSetpoint.msg\n'}
[1.790269] (px4_msgs) StdoutLine: {'line': b'-- Up-to-date symlink: /home/maanavjugalshah/SwarmAero/ros2_ws/install/px4_msgs/share/px4_msgs/msg/RoverThrottleSetpoint.msg\n'}
[1.790303] (px4_msgs) StdoutLine: {'line': b'-- Up-to-date symlink: /home/maanavjugalshah/SwarmAero/ros2_ws/install/px4_msgs/share/px4_msgs/msg/Rpm.msg\n'}
[1.790338] (px4_msgs) StdoutLine: {'line': b'-- Up-to-date symlink: /home/maanavjugalshah/SwarmAero/ros2_ws/install/px4_msgs/share/px4_msgs/msg/RtlStatus.msg\n'}
[1.790399] (px4_msgs) StdoutLine: {'line': b'-- Up-to-date symlink: /home/maanavjugalshah/SwarmAero/ros2_ws/install/px4_msgs/share/px4_msgs/msg/RtlTimeEstimate.msg\n'}
[1.793285] (px4_msgs) StdoutLine: {'line': b'-- Up-to-date symlink: /home/maanavjugalshah/SwarmAero/ros2_ws/install/px4_msgs/share/px4_msgs/msg/SatelliteInfo.msg\n'}
[1.793338] (px4_msgs) StdoutLine: {'line': b'-- Up-to-date symlink: /home/maanavjugalshah/SwarmAero/ros2_ws/install/px4_msgs/share/px4_msgs/msg/SensorAccel.msg\n'}
[1.793766] (px4_msgs) StdoutLine: {'line': b'-- Up-to-date symlink: /home/maanavjugalshah/SwarmAero/ros2_ws/install/px4_msgs/share/px4_msgs/msg/SensorAccelFifo.msg\n'}
[1.793809] (px4_msgs) StdoutLine: {'line': b'-- Up-to-date symlink: /home/maanavjugalshah/SwarmAero/ros2_ws/install/px4_msgs/share/px4_msgs/msg/SensorAirflow.msg\n'}
[1.794402] (px4_msgs) StdoutLine: {'line': b'-- Up-to-date symlink: /home/maanavjugalshah/SwarmAero/ros2_ws/install/px4_msgs/share/px4_msgs/msg/SensorBaro.msg\n'}
[1.794597] (px4_msgs) StdoutLine: {'line': b'-- Up-to-date symlink: /home/maanavjugalshah/SwarmAero/ros2_ws/install/px4_msgs/share/px4_msgs/msg/SensorCombined.msg\n'}
[1.794916] (px4_msgs) StdoutLine: {'line': b'-- Up-to-date symlink: /home/maanavjugalshah/SwarmAero/ros2_ws/install/px4_msgs/share/px4_msgs/msg/SensorCorrection.msg\n'}
[1.795066] (px4_msgs) StdoutLine: {'line': b'-- Up-to-date symlink: /home/maanavjugalshah/SwarmAero/ros2_ws/install/px4_msgs/share/px4_msgs/msg/SensorGnssRelative.msg\n'}
[1.795140] (px4_msgs) StdoutLine: {'line': b'-- Up-to-date symlink: /home/maanavjugalshah/SwarmAero/ros2_ws/install/px4_msgs/share/px4_msgs/msg/SensorGnssStatus.msg\n'}
[1.795210] (px4_msgs) StdoutLine: {'line': b'-- Up-to-date symlink: /home/maanavjugalshah/SwarmAero/ros2_ws/install/px4_msgs/share/px4_msgs/msg/SensorGps.msg\n'}
[1.795253] (px4_msgs) StdoutLine: {'line': b'-- Up-to-date symlink: /home/maanavjugalshah/SwarmAero/ros2_ws/install/px4_msgs/share/px4_msgs/msg/SensorGyro.msg\n'}
[1.795294] (px4_msgs) StdoutLine: {'line': b'-- Up-to-date symlink: /home/maanavjugalshah/SwarmAero/ros2_ws/install/px4_msgs/share/px4_msgs/msg/SensorGyroFft.msg\n'}
[1.795328] (px4_msgs) StdoutLine: {'line': b'-- Up-to-date symlink: /home/maanavjugalshah/SwarmAero/ros2_ws/install/px4_msgs/share/px4_msgs/msg/SensorGyroFifo.msg\n'}
[1.795361] (px4_msgs) StdoutLine: {'line': b'-- Up-to-date symlink: /home/maanavjugalshah/SwarmAero/ros2_ws/install/px4_msgs/share/px4_msgs/msg/SensorHygrometer.msg\n'}
[1.795410] (px4_msgs) StdoutLine: {'line': b'-- Up-to-date symlink: /home/maanavjugalshah/SwarmAero/ros2_ws/install/px4_msgs/share/px4_msgs/msg/SensorMag.msg\n'}
[1.795442] (px4_msgs) StdoutLine: {'line': b'-- Up-to-date symlink: /home/maanavjugalshah/SwarmAero/ros2_ws/install/px4_msgs/share/px4_msgs/msg/SensorOpticalFlow.msg\n'}
[1.795475] (px4_msgs) StdoutLine: {'line': b'-- Up-to-date symlink: /home/maanavjugalshah/SwarmAero/ros2_ws/install/px4_msgs/share/px4_msgs/msg/SensorPreflightMag.msg\n'}
[1.795507] (px4_msgs) StdoutLine: {'line': b'-- Up-to-date symlink: /home/maanavjugalshah/SwarmAero/ros2_ws/install/px4_msgs/share/px4_msgs/msg/SensorSelection.msg\n'}
[1.795542] (px4_msgs) StdoutLine: {'line': b'-- Up-to-date symlink: /home/maanavjugalshah/SwarmAero/ros2_ws/install/px4_msgs/share/px4_msgs/msg/SensorTemp.msg\n'}
[1.795612] (px4_msgs) StdoutLine: {'line': b'-- Up-to-date symlink: /home/maanavjugalshah/SwarmAero/ros2_ws/install/px4_msgs/share/px4_msgs/msg/SensorUwb.msg\n'}
[1.795664] (px4_msgs) StdoutLine: {'line': b'-- Up-to-date symlink: /home/maanavjugalshah/SwarmAero/ros2_ws/install/px4_msgs/share/px4_msgs/msg/SensorsStatus.msg\n'}
[1.795702] (px4_msgs) StdoutLine: {'line': b'-- Up-to-date symlink: /home/maanavjugalshah/SwarmAero/ros2_ws/install/px4_msgs/share/px4_msgs/msg/SensorsStatusImu.msg\n'}
[1.795739] (px4_msgs) StdoutLine: {'line': b'-- Up-to-date symlink: /home/maanavjugalshah/SwarmAero/ros2_ws/install/px4_msgs/share/px4_msgs/msg/SystemPower.msg\n'}
[1.795772] (px4_msgs) StdoutLine: {'line': b'-- Up-to-date symlink: /home/maanavjugalshah/SwarmAero/ros2_ws/install/px4_msgs/share/px4_msgs/msg/TakeoffStatus.msg\n'}
[1.795805] (px4_msgs) StdoutLine: {'line': b'-- Up-to-date symlink: /home/maanavjugalshah/SwarmAero/ros2_ws/install/px4_msgs/share/px4_msgs/msg/TaskStackInfo.msg\n'}
[1.795838] (px4_msgs) StdoutLine: {'line': b'-- Up-to-date symlink: /home/maanavjugalshah/SwarmAero/ros2_ws/install/px4_msgs/share/px4_msgs/msg/TecsStatus.msg\n'}
[1.795873] (px4_msgs) StdoutLine: {'line': b'-- Up-to-date symlink: /home/maanavjugalshah/SwarmAero/ros2_ws/install/px4_msgs/share/px4_msgs/msg/TelemetryStatus.msg\n'}
[1.795907] (px4_msgs) StdoutLine: {'line': b'-- Up-to-date symlink: /home/maanavjugalshah/SwarmAero/ros2_ws/install/px4_msgs/share/px4_msgs/msg/TiltrotorExtraControls.msg\n'}
[1.795939] (px4_msgs) StdoutLine: {'line': b'-- Up-to-date symlink: /home/maanavjugalshah/SwarmAero/ros2_ws/install/px4_msgs/share/px4_msgs/msg/TimesyncStatus.msg\n'}
[1.795973] (px4_msgs) StdoutLine: {'line': b'-- Up-to-date symlink: /home/maanavjugalshah/SwarmAero/ros2_ws/install/px4_msgs/share/px4_msgs/msg/TrajectorySetpoint.msg\n'}
[1.796005] (px4_msgs) StdoutLine: {'line': b'-- Up-to-date symlink: /home/maanavjugalshah/SwarmAero/ros2_ws/install/px4_msgs/share/px4_msgs/msg/TrajectorySetpoint6dof.msg\n'}
[1.796037] (px4_msgs) StdoutLine: {'line': b'-- Up-to-date symlink: /home/maanavjugalshah/SwarmAero/ros2_ws/install/px4_msgs/share/px4_msgs/msg/TransponderReport.msg\n'}
[1.796069] (px4_msgs) StdoutLine: {'line': b'-- Up-to-date symlink: /home/maanavjugalshah/SwarmAero/ros2_ws/install/px4_msgs/share/px4_msgs/msg/TuneControl.msg\n'}
[1.796099] (px4_msgs) StdoutLine: {'line': b'-- Up-to-date symlink: /home/maanavjugalshah/SwarmAero/ros2_ws/install/px4_msgs/share/px4_msgs/msg/UavcanParameterRequest.msg\n'}
[1.796131] (px4_msgs) StdoutLine: {'line': b'-- Up-to-date symlink: /home/maanavjugalshah/SwarmAero/ros2_ws/install/px4_msgs/share/px4_msgs/msg/UavcanParameterValue.msg\n'}
[1.796163] (px4_msgs) StdoutLine: {'line': b'-- Up-to-date symlink: /home/maanavjugalshah/SwarmAero/ros2_ws/install/px4_msgs/share/px4_msgs/msg/UlogStream.msg\n'}
[1.796194] (px4_msgs) StdoutLine: {'line': b'-- Up-to-date symlink: /home/maanavjugalshah/SwarmAero/ros2_ws/install/px4_msgs/share/px4_msgs/msg/UlogStreamAck.msg\n'}
[1.796226] (px4_msgs) StdoutLine: {'line': b'-- Up-to-date symlink: /home/maanavjugalshah/SwarmAero/ros2_ws/install/px4_msgs/share/px4_msgs/msg/UnregisterExtComponent.msg\n'}
[1.796263] (px4_msgs) StdoutLine: {'line': b'-- Up-to-date symlink: /home/maanavjugalshah/SwarmAero/ros2_ws/install/px4_msgs/share/px4_msgs/msg/VehicleAcceleration.msg\n'}
[1.796293] (px4_msgs) StdoutLine: {'line': b'-- Up-to-date symlink: /home/maanavjugalshah/SwarmAero/ros2_ws/install/px4_msgs/share/px4_msgs/msg/VehicleAirData.msg\n'}
[1.796324] (px4_msgs) StdoutLine: {'line': b'-- Up-to-date symlink: /home/maanavjugalshah/SwarmAero/ros2_ws/install/px4_msgs/share/px4_msgs/msg/VehicleAngularAccelerationSetpoint.msg\n'}
[1.796357] (px4_msgs) StdoutLine: {'line': b'-- Up-to-date symlink: /home/maanavjugalshah/SwarmAero/ros2_ws/install/px4_msgs/share/px4_msgs/msg/VehicleAngularVelocity.msg\n'}
[1.796387] (px4_msgs) StdoutLine: {'line': b'-- Up-to-date symlink: /home/maanavjugalshah/SwarmAero/ros2_ws/install/px4_msgs/share/px4_msgs/msg/VehicleAttitude.msg\n'}
[1.796418] (px4_msgs) StdoutLine: {'line': b'-- Up-to-date symlink: /home/maanavjugalshah/SwarmAero/ros2_ws/install/px4_msgs/share/px4_msgs/msg/VehicleAttitudeSetpoint.msg\n'}
[1.796451] (px4_msgs) StdoutLine: {'line': b'-- Up-to-date symlink: /home/maanavjugalshah/SwarmAero/ros2_ws/install/px4_msgs/share/px4_msgs/msg/VehicleCommand.msg\n'}
[1.796481] (px4_msgs) StdoutLine: {'line': b'-- Up-to-date symlink: /home/maanavjugalshah/SwarmAero/ros2_ws/install/px4_msgs/share/px4_msgs/msg/VehicleCommandAck.msg\n'}
[1.796518] (px4_msgs) StdoutLine: {'line': b'-- Up-to-date symlink: /home/maanavjugalshah/SwarmAero/ros2_ws/install/px4_msgs/share/px4_msgs/msg/VehicleConstraints.msg\n'}
[1.796548] (px4_msgs) StdoutLine: {'line': b'-- Up-to-date symlink: /home/maanavjugalshah/SwarmAero/ros2_ws/install/px4_msgs/share/px4_msgs/msg/VehicleControlMode.msg\n'}
[1.796578] (px4_msgs) StdoutLine: {'line': b'-- Up-to-date symlink: /home/maanavjugalshah/SwarmAero/ros2_ws/install/px4_msgs/share/px4_msgs/msg/VehicleGlobalPosition.msg\n'}
[1.796607] (px4_msgs) StdoutLine: {'line': b'-- Up-to-date symlink: /home/maanavjugalshah/SwarmAero/ros2_ws/install/px4_msgs/share/px4_msgs/msg/VehicleImu.msg\n'}
[1.796637] (px4_msgs) StdoutLine: {'line': b'-- Up-to-date symlink: /home/maanavjugalshah/SwarmAero/ros2_ws/install/px4_msgs/share/px4_msgs/msg/VehicleImuStatus.msg\n'}
[1.796667] (px4_msgs) StdoutLine: {'line': b'-- Up-to-date symlink: /home/maanavjugalshah/SwarmAero/ros2_ws/install/px4_msgs/share/px4_msgs/msg/VehicleLandDetected.msg\n'}
[1.796722] (px4_msgs) StdoutLine: {'line': b'-- Up-to-date symlink: /home/maanavjugalshah/SwarmAero/ros2_ws/install/px4_msgs/share/px4_msgs/msg/VehicleLocalPosition.msg\n'}
[1.796765] (px4_msgs) StdoutLine: {'line': b'-- Up-to-date symlink: /home/maanavjugalshah/SwarmAero/ros2_ws/install/px4_msgs/share/px4_msgs/msg/VehicleLocalPositionSetpoint.msg\n'}
[1.796801] (px4_msgs) StdoutLine: {'line': b'-- Up-to-date symlink: /home/maanavjugalshah/SwarmAero/ros2_ws/install/px4_msgs/share/px4_msgs/msg/VehicleMagnetometer.msg\n'}
[1.796835] (px4_msgs) StdoutLine: {'line': b'-- Up-to-date symlink: /home/maanavjugalshah/SwarmAero/ros2_ws/install/px4_msgs/share/px4_msgs/msg/VehicleOdometry.msg\n'}
[1.796915] (px4_msgs) StdoutLine: {'line': b'-- Up-to-date symlink: /home/maanavjugalshah/SwarmAero/ros2_ws/install/px4_msgs/share/px4_msgs/msg/VehicleOpticalFlow.msg\n'}
[1.796963] (px4_msgs) StdoutLine: {'line': b'-- Up-to-date symlink: /home/maanavjugalshah/SwarmAero/ros2_ws/install/px4_msgs/share/px4_msgs/msg/VehicleOpticalFlowVel.msg\n'}
[1.797004] (px4_msgs) StdoutLine: {'line': b'-- Up-to-date symlink: /home/maanavjugalshah/SwarmAero/ros2_ws/install/px4_msgs/share/px4_msgs/msg/VehicleRatesSetpoint.msg\n'}
[1.797040] (px4_msgs) StdoutLine: {'line': b'-- Up-to-date symlink: /home/maanavjugalshah/SwarmAero/ros2_ws/install/px4_msgs/share/px4_msgs/msg/VehicleRoi.msg\n'}
[1.797073] (px4_msgs) StdoutLine: {'line': b'-- Up-to-date symlink: /home/maanavjugalshah/SwarmAero/ros2_ws/install/px4_msgs/share/px4_msgs/msg/VehicleStatus.msg\n'}
[1.797106] (px4_msgs) StdoutLine: {'line': b'-- Up-to-date symlink: /home/maanavjugalshah/SwarmAero/ros2_ws/install/px4_msgs/share/px4_msgs/msg/VehicleThrustSetpoint.msg\n'}
[1.797139] (px4_msgs) StdoutLine: {'line': b'-- Up-to-date symlink: /home/maanavjugalshah/SwarmAero/ros2_ws/install/px4_msgs/share/px4_msgs/msg/VehicleTorqueSetpoint.msg\n'}
[1.797171] (px4_msgs) StdoutLine: {'line': b'-- Up-to-date symlink: /home/maanavjugalshah/SwarmAero/ros2_ws/install/px4_msgs/share/px4_msgs/msg/VelocityLimits.msg\n'}
[1.797202] (px4_msgs) StdoutLine: {'line': b'-- Up-to-date symlink: /home/maanavjugalshah/SwarmAero/ros2_ws/install/px4_msgs/share/px4_msgs/msg/VtolVehicleStatus.msg\n'}
[1.797234] (px4_msgs) StdoutLine: {'line': b'-- Up-to-date symlink: /home/maanavjugalshah/SwarmAero/ros2_ws/install/px4_msgs/share/px4_msgs/msg/Vtx.msg\n'}
[1.797266] (px4_msgs) StdoutLine: {'line': b'-- Up-to-date symlink: /home/maanavjugalshah/SwarmAero/ros2_ws/install/px4_msgs/share/px4_msgs/msg/WheelEncoders.msg\n'}
[1.797299] (px4_msgs) StdoutLine: {'line': b'-- Up-to-date symlink: /home/maanavjugalshah/SwarmAero/ros2_ws/install/px4_msgs/share/px4_msgs/msg/Wind.msg\n'}
[1.797330] (px4_msgs) StdoutLine: {'line': b'-- Up-to-date symlink: /home/maanavjugalshah/SwarmAero/ros2_ws/install/px4_msgs/share/px4_msgs/msg/YawEstimatorStatus.msg\n'}
[1.797362] (px4_msgs) StdoutLine: {'line': b'-- Up-to-date symlink: /home/maanavjugalshah/SwarmAero/ros2_ws/install/px4_msgs/share/px4_msgs/srv/VehicleCommand.srv\n'}
[1.797394] (px4_msgs) StdoutLine: {'line': b'-- Up-to-date symlink: /home/maanavjugalshah/SwarmAero/ros2_ws/install/px4_msgs/share/px4_msgs/srv/VehicleCommand_Request.msg\n'}
[1.797426] (px4_msgs) StdoutLine: {'line': b'-- Up-to-date symlink: /home/maanavjugalshah/SwarmAero/ros2_ws/install/px4_msgs/share/px4_msgs/srv/VehicleCommand_Response.msg\n'}
[1.797462] (px4_msgs) StdoutLine: {'line': b'-- Up-to-date symlink: /home/maanavjugalshah/SwarmAero/ros2_ws/install/px4_msgs/share/ament_index/resource_index/package_run_dependencies/px4_msgs\n'}
[1.797494] (px4_msgs) StdoutLine: {'line': b'-- Up-to-date symlink: /home/maanavjugalshah/SwarmAero/ros2_ws/install/px4_msgs/share/ament_index/resource_index/parent_prefix_path/px4_msgs\n'}
[1.797542] (px4_msgs) StdoutLine: {'line': b'-- Up-to-date symlink: /home/maanavjugalshah/SwarmAero/ros2_ws/install/px4_msgs/share/px4_msgs/environment/ament_prefix_path.sh\n'}
[1.797572] (px4_msgs) StdoutLine: {'line': b'-- Up-to-date symlink: /home/maanavjugalshah/SwarmAero/ros2_ws/install/px4_msgs/share/px4_msgs/environment/ament_prefix_path.dsv\n'}
[1.797603] (px4_msgs) StdoutLine: {'line': b'-- Up-to-date symlink: /home/maanavjugalshah/SwarmAero/ros2_ws/install/px4_msgs/share/px4_msgs/environment/path.sh\n'}
[1.797634] (px4_msgs) StdoutLine: {'line': b'-- Up-to-date symlink: /home/maanavjugalshah/SwarmAero/ros2_ws/install/px4_msgs/share/px4_msgs/environment/path.dsv\n'}
[1.797663] (px4_msgs) StdoutLine: {'line': b'-- Up-to-date symlink: /home/maanavjugalshah/SwarmAero/ros2_ws/install/px4_msgs/share/px4_msgs/local_setup.bash\n'}
[1.797693] (px4_msgs) StdoutLine: {'line': b'-- Up-to-date symlink: /home/maanavjugalshah/SwarmAero/ros2_ws/install/px4_msgs/share/px4_msgs/local_setup.sh\n'}
[1.797722] (px4_msgs) StdoutLine: {'line': b'-- Up-to-date symlink: /home/maanavjugalshah/SwarmAero/ros2_ws/install/px4_msgs/share/px4_msgs/local_setup.zsh\n'}
[1.797752] (px4_msgs) StdoutLine: {'line': b'-- Up-to-date symlink: /home/maanavjugalshah/SwarmAero/ros2_ws/install/px4_msgs/share/px4_msgs/local_setup.dsv\n'}
[1.797781] (px4_msgs) StdoutLine: {'line': b'-- Symlinking: /home/maanavjugalshah/SwarmAero/ros2_ws/install/px4_msgs/share/px4_msgs/package.dsv\n'}
[1.797814] (px4_msgs) StdoutLine: {'line': b'-- Up-to-date symlink: /home/maanavjugalshah/SwarmAero/ros2_ws/install/px4_msgs/share/ament_index/resource_index/packages/px4_msgs\n'}
[1.797845] (px4_msgs) StdoutLine: {'line': b'-- Up-to-date symlink: /home/maanavjugalshah/SwarmAero/ros2_ws/install/px4_msgs/share/px4_msgs/cmake/rosidl_cmake-extras.cmake\n'}
[1.797878] (px4_msgs) StdoutLine: {'line': b'-- Up-to-date symlink: /home/maanavjugalshah/SwarmAero/ros2_ws/install/px4_msgs/share/px4_msgs/cmake/ament_cmake_export_dependencies-extras.cmake\n'}
[1.797909] (px4_msgs) StdoutLine: {'line': b'-- Up-to-date symlink: /home/maanavjugalshah/SwarmAero/ros2_ws/install/px4_msgs/share/px4_msgs/cmake/ament_cmake_export_include_directories-extras.cmake\n'}
[1.797941] (px4_msgs) StdoutLine: {'line': b'-- Up-to-date symlink: /home/maanavjugalshah/SwarmAero/ros2_ws/install/px4_msgs/share/px4_msgs/cmake/ament_cmake_export_libraries-extras.cmake\n'}
[1.797970] (px4_msgs) StdoutLine: {'line': b'-- Up-to-date symlink: /home/maanavjugalshah/SwarmAero/ros2_ws/install/px4_msgs/share/px4_msgs/cmake/ament_cmake_export_targets-extras.cmake\n'}
[1.798004] (px4_msgs) StdoutLine: {'line': b'-- Up-to-date symlink: /home/maanavjugalshah/SwarmAero/ros2_ws/install/px4_msgs/share/px4_msgs/cmake/rosidl_cmake_export_typesupport_targets-extras.cmake\n'}
[1.798035] (px4_msgs) StdoutLine: {'line': b'-- Up-to-date symlink: /home/maanavjugalshah/SwarmAero/ros2_ws/install/px4_msgs/share/px4_msgs/cmake/rosidl_cmake_export_typesupport_libraries-extras.cmake\n'}
[1.798065] (px4_msgs) StdoutLine: {'line': b'-- Up-to-date symlink: /home/maanavjugalshah/SwarmAero/ros2_ws/install/px4_msgs/share/px4_msgs/cmake/px4_msgsConfig.cmake\n'}
[1.798096] (px4_msgs) StdoutLine: {'line': b'-- Up-to-date symlink: /home/maanavjugalshah/SwarmAero/ros2_ws/install/px4_msgs/share/px4_msgs/cmake/px4_msgsConfig-version.cmake\n'}
[1.798125] (px4_msgs) StdoutLine: {'line': b'-- Up-to-date symlink: /home/maanavjugalshah/SwarmAero/ros2_ws/install/px4_msgs/share/px4_msgs/package.xml\n'}
[1.798155] (px4_msgs) StdoutLine: {'line': b'-- Up-to-date: /home/maanavjugalshah/SwarmAero/ros2_ws/install/px4_msgs/lib/libpx4_msgs__rosidl_generator_c.so\n'}
[1.798185] (px4_msgs) StdoutLine: {'line': b'-- Up-to-date: /home/maanavjugalshah/SwarmAero/ros2_ws/install/px4_msgs/lib/libpx4_msgs__rosidl_typesupport_fastrtps_c.so\n'}
[1.798214] (px4_msgs) StdoutLine: {'line': b'-- Up-to-date: /home/maanavjugalshah/SwarmAero/ros2_ws/install/px4_msgs/lib/libpx4_msgs__rosidl_typesupport_fastrtps_cpp.so\n'}
[1.798244] (px4_msgs) StdoutLine: {'line': b'-- Up-to-date: /home/maanavjugalshah/SwarmAero/ros2_ws/install/px4_msgs/lib/libpx4_msgs__rosidl_typesupport_introspection_c.so\n'}
[1.798274] (px4_msgs) StdoutLine: {'line': b'-- Up-to-date: /home/maanavjugalshah/SwarmAero/ros2_ws/install/px4_msgs/lib/libpx4_msgs__rosidl_typesupport_c.so\n'}
[1.798304] (px4_msgs) StdoutLine: {'line': b'-- Up-to-date: /home/maanavjugalshah/SwarmAero/ros2_ws/install/px4_msgs/lib/libpx4_msgs__rosidl_typesupport_introspection_cpp.so\n'}
[1.798333] (px4_msgs) StdoutLine: {'line': b'-- Up-to-date: /home/maanavjugalshah/SwarmAero/ros2_ws/install/px4_msgs/lib/libpx4_msgs__rosidl_typesupport_cpp.so\n'}
[1.803972] (-) TimerEvent: {}
[1.829462] (px4_msgs) StdoutLine: {'line': b"Listing '/home/maanavjugalshah/SwarmAero/ros2_ws/install/px4_msgs/local/lib/python3.10/dist-packages/px4_msgs'...\n"}
[1.829679] (px4_msgs) StdoutLine: {'line': b"Listing '/home/maanavjugalshah/SwarmAero/ros2_ws/install/px4_msgs/local/lib/python3.10/dist-packages/px4_msgs/msg'...\n"}
[1.829758] (px4_msgs) StdoutLine: {'line': b"Listing '/home/maanavjugalshah/SwarmAero/ros2_ws/install/px4_msgs/local/lib/python3.10/dist-packages/px4_msgs/srv'...\n"}
[1.833579] (px4_msgs) StdoutLine: {'line': b'-- Up-to-date: /home/maanavjugalshah/SwarmAero/ros2_ws/install/px4_msgs/lib/libpx4_msgs__rosidl_generator_py.so\n'}
[1.834183] (px4_msgs) StdoutLine: {'line': b'-- Up-to-date: /home/maanavjugalshah/SwarmAero/ros2_ws/install/px4_msgs/share/px4_msgs/cmake/export_px4_msgs__rosidl_generator_cExport.cmake\n'}
[1.834407] (px4_msgs) StdoutLine: {'line': b'-- Up-to-date: /home/maanavjugalshah/SwarmAero/ros2_ws/install/px4_msgs/share/px4_msgs/cmake/export_px4_msgs__rosidl_generator_cExport-noconfig.cmake\n'}
[1.834648] (px4_msgs) StdoutLine: {'line': b'-- Up-to-date: /home/maanavjugalshah/SwarmAero/ros2_ws/install/px4_msgs/share/px4_msgs/cmake/export_px4_msgs__rosidl_typesupport_fastrtps_cExport.cmake\n'}
[1.834760] (px4_msgs) StdoutLine: {'line': b'-- Up-to-date: /home/maanavjugalshah/SwarmAero/ros2_ws/install/px4_msgs/share/px4_msgs/cmake/export_px4_msgs__rosidl_typesupport_fastrtps_cExport-noconfig.cmake\n'}
[1.834866] (px4_msgs) StdoutLine: {'line': b'-- Up-to-date: /home/maanavjugalshah/SwarmAero/ros2_ws/install/px4_msgs/share/px4_msgs/cmake/export_px4_msgs__rosidl_generator_cppExport.cmake\n'}
[1.834935] (px4_msgs) StdoutLine: {'line': b'-- Up-to-date: /home/maanavjugalshah/SwarmAero/ros2_ws/install/px4_msgs/share/px4_msgs/cmake/export_px4_msgs__rosidl_typesupport_fastrtps_cppExport.cmake\n'}
[1.835142] (px4_msgs) StdoutLine: {'line': b'-- Up-to-date: /home/maanavjugalshah/SwarmAero/ros2_ws/install/px4_msgs/share/px4_msgs/cmake/export_px4_msgs__rosidl_typesupport_fastrtps_cppExport-noconfig.cmake\n'}
[1.835222] (px4_msgs) StdoutLine: {'line': b'-- Up-to-date: /home/maanavjugalshah/SwarmAero/ros2_ws/install/px4_msgs/share/px4_msgs/cmake/px4_msgs__rosidl_typesupport_introspection_cExport.cmake\n'}
[1.835293] (px4_msgs) StdoutLine: {'line': b'-- Up-to-date: /home/maanavjugalshah/SwarmAero/ros2_ws/install/px4_msgs/share/px4_msgs/cmake/px4_msgs__rosidl_typesupport_introspection_cExport-noconfig.cmake\n'}
[1.835366] (px4_msgs) StdoutLine: {'line': b'-- Up-to-date: /home/maanavjugalshah/SwarmAero/ros2_ws/install/px4_msgs/share/px4_msgs/cmake/px4_msgs__rosidl_typesupport_cExport.cmake\n'}
[1.835410] (px4_msgs) StdoutLine: {'line': b'-- Up-to-date: /home/maanavjugalshah/SwarmAero/ros2_ws/install/px4_msgs/share/px4_msgs/cmake/px4_msgs__rosidl_typesupport_cExport-noconfig.cmake\n'}
[1.835447] (px4_msgs) StdoutLine: {'line': b'-- Up-to-date: /home/maanavjugalshah/SwarmAero/ros2_ws/install/px4_msgs/share/px4_msgs/cmake/px4_msgs__rosidl_typesupport_introspection_cppExport.cmake\n'}
[1.835483] (px4_msgs) StdoutLine: {'line': b'-- Up-to-date: /home/maanavjugalshah/SwarmAero/ros2_ws/install/px4_msgs/share/px4_msgs/cmake/px4_msgs__rosidl_typesupport_introspection_cppExport-noconfig.cmake\n'}
[1.835518] (px4_msgs) StdoutLine: {'line': b'-- Up-to-date: /home/maanavjugalshah/SwarmAero/ros2_ws/install/px4_msgs/share/px4_msgs/cmake/px4_msgs__rosidl_typesupport_cppExport.cmake\n'}
[1.835553] (px4_msgs) StdoutLine: {'line': b'-- Up-to-date: /home/maanavjugalshah/SwarmAero/ros2_ws/install/px4_msgs/share/px4_msgs/cmake/px4_msgs__rosidl_typesupport_cppExport-noconfig.cmake\n'}
[1.835622] (px4_msgs) StdoutLine: {'line': b'-- Up-to-date: /home/maanavjugalshah/SwarmAero/ros2_ws/install/px4_msgs/share/px4_msgs/cmake/export_px4_msgs__rosidl_generator_pyExport.cmake\n'}
[1.835675] (px4_msgs) StdoutLine: {'line': b'-- Up-to-date: /home/maanavjugalshah/SwarmAero/ros2_ws/install/px4_msgs/share/px4_msgs/cmake/export_px4_msgs__rosidl_generator_pyExport-noconfig.cmake\n'}
[1.837072] (px4_msgs) CommandEnded: {'returncode': 0}
[1.862178] (px4_msgs) JobEnded: {'identifier': 'px4_msgs', 'rc': 0}
[1.864089] (swarm_ekf) JobStarted: {'identifier': 'swarm_ekf'}
[1.904115] (-) TimerEvent: {}
[2.004540] (-) TimerEvent: {}
[2.104905] (-) TimerEvent: {}
[2.205230] (-) TimerEvent: {}
[2.305755] (-) TimerEvent: {}
[2.406438] (-) TimerEvent: {}
[2.507357] (-) TimerEvent: {}
[2.607782] (-) TimerEvent: {}
[2.708155] (-) TimerEvent: {}
[2.808598] (-) TimerEvent: {}
[2.906433] (swarm_ekf) Command: {'cmd': ['/usr/bin/python3', '-W', 'ignore:setup.py install is deprecated', '-W', 'ignore:easy_install command is deprecated', 'setup.py', 'develop', '--editable', '--build-directory', '/home/maanavjugalshah/SwarmAero/ros2_ws/build/swarm_ekf/build', '--no-deps', 'symlink_data'], 'cwd': '/home/maanavjugalshah/SwarmAero/ros2_ws/build/swarm_ekf', 'env': {'LESSOPEN': '| /usr/bin/lesspipe %s', 'USER': 'maanavjugalshah', 'GIT_ASKPASS': '/home/maanavjugalshah/.vscode-server/bin/f6cfa2ea2403534de03f069bdf160d06451ed282/extensions/git/dist/askpass.sh', 'SHLVL': '1', 'LD_LIBRARY_PATH': '/home/maanavjugalshah/SwarmAero/ros2_ws/install/px4_msgs/lib:/home/maanavjugalshah/swarm_ws/install/px4_msgs/lib:/opt/ros/humble/opt/rviz_ogre_vendor/lib:/opt/ros/humble/lib/x86_64-linux-gnu:/opt/ros/humble/lib', 'MOTD_SHOWN': 'update-motd', 'HOME': '/home/maanavjugalshah', 'OLDPWD': '/home/maanavjugalshah/SwarmAero/ros2_ws', 'TERM_PROGRAM_VERSION': '1.121.0', 'VSCODE_IPC_HOOK_CLI': '/run/user/1000/vscode-ipc-aa55078d-f270-4c09-85e7-64291e9d3075.sock', 'ROS_PYTHON_VERSION': '3', 'VSCODE_GIT_ASKPASS_MAIN': '/home/maanavjugalshah/.vscode-server/bin/f6cfa2ea2403534de03f069bdf160d06451ed282/extensions/git/dist/askpass-main.js', 'VSCODE_GIT_ASKPASS_NODE': '/home/maanavjugalshah/.vscode-server/bin/f6cfa2ea2403534de03f069bdf160d06451ed282/node', 'VSCODE_PYTHON_AUTOACTIVATE_GUARD': '1', 'DBUS_SESSION_BUS_ADDRESS': 'unix:path=/run/user/1000/bus', 'COLORTERM': 'truecolor', 'WSL_DISTRO_NAME': 'Ubuntu-22.04', 'WAYLAND_DISPLAY': 'wayland-0', 'COLCON_PREFIX_PATH': '/home/maanavjugalshah/SwarmAero/ros2_ws/install:/home/maanavjugalshah/swarm_ws/install', 'ROS_DISTRO': 'humble', 'LOGNAME': 'maanavjugalshah', 'NAME': 'MaanavXPS13Plus', 'WSL_INTEROP': '/run/WSL/436_interop', 'PULSE_SERVER': 'unix:/mnt/wslg/PulseServer', '_': '/usr/bin/colcon', 'ROS_VERSION': '2', 'TERM': 'xterm-256color', 'ROS_LOCALHOST_ONLY': '0', 'PATH': '/home/maanavjugalshah/.vscode-server/data/User/globalStorage/github.copilot-chat/debugCommand:/home/maanavjugalshah/.vscode-server/data/User/globalStorage/github.copilot-chat/copilotCli:/home/maanavjugalshah/.vscode-server/bin/f6cfa2ea2403534de03f069bdf160d06451ed282/bin/remote-cli:/home/maanavjugalshah/.local/bin:/opt/ros/humble/bin:/usr/local/sbin:/usr/local/bin:/usr/sbin:/usr/bin:/sbin:/bin:/usr/games:/usr/local/games:/usr/lib/wsl/lib:/mnt/c/WINDOWS/system32:/mnt/c/WINDOWS:/mnt/c/WINDOWS/System32/Wbem:/mnt/c/WINDOWS/System32/WindowsPowerShell/v1.0/:/mnt/c/WINDOWS/System32/OpenSSH/:/mnt/c/Program Files/dotnet/:/mnt/c/Program Files/Docker/Docker/resources/bin:/mnt/c/Program Files/MATLAB/R2025b/runtime/win64:/mnt/c/Program Files/MATLAB/R2025b/bin:/mnt/c/Program Files/MATLAB/R2024b/bin:/mnt/c/Program Files/Git/cmd:/mnt/c/Program Files/CMake/bin:/mnt/c/ProgramData/chocolatey/bin:/mnt/c/Program Files/7-Zip:/mnt/c/Program Files/Tailscale/:/mnt/c/Users/maana/AppData/Local/Programs/Python/Launcher/:/mnt/c/Users/maana/AppData/Local/Microsoft/WindowsApps:/mnt/c/Users/maana/AppData/Local/Programs/Microsoft VS Code/bin:/mnt/c/Users/maana/AppData/Local/Microsoft/WinGet/Packages/Ninja-build.Ninja_Microsoft.Winget.Source_8wekyb3d8bbwe:/mnt/c/Users/maana/AppData/Local/Microsoft/WinGet/Packages/oss-winget.gperf_Microsoft.Winget.Source_8wekyb3d8bbwe:/mnt/c/Users/maana/AppData/Local/Microsoft/WinGet/Packages/oss-winget.dtc_Microsoft.Winget.Source_8wekyb3d8bbwe/usr/bin:/mnt/c/Users/maana/AppData/Local/Microsoft/WinGet/Packages/JernejSimoncic.Wget_Microsoft.Winget.Source_8wekyb3d8bbwe:/snap/bin:/opt/xtensa-esp-elf/bin/:/opt/xtensa-esp-elf/bin/:/opt/xtensa-esp-elf/bin/:/opt/xtensa-esp-elf/bin/:/opt/xtensa-esp-elf/bin/:/opt/xtensa-esp-elf/bin/:/opt/xtensa-esp-elf/bin/', 'XDG_RUNTIME_DIR': '/run/user/1000', 'DISPLAY': ':0', 'LANG': 'en_US.UTF-8', 'RMW_IMPLEMENTATION': 'rmw_cyclonedds_cpp', 'LS_COLORS': 'rs=0:di=01;34:ln=01;36:mh=00:pi=40;33:so=01;35:do=01;35:bd=40;33;01:cd=40;33;01:or=40;31;01:mi=00:su=37;41:sg=30;43:ca=30;41:tw=30;42:ow=34;42:st=37;44:ex=01;32:*.tar=01;31:*.tgz=01;31:*.arc=01;31:*.arj=01;31:*.taz=01;31:*.lha=01;31:*.lz4=01;31:*.lzh=01;31:*.lzma=01;31:*.tlz=01;31:*.txz=01;31:*.tzo=01;31:*.t7z=01;31:*.zip=01;31:*.z=01;31:*.dz=01;31:*.gz=01;31:*.lrz=01;31:*.lz=01;31:*.lzo=01;31:*.xz=01;31:*.zst=01;31:*.tzst=01;31:*.bz2=01;31:*.bz=01;31:*.tbz=01;31:*.tbz2=01;31:*.tz=01;31:*.deb=01;31:*.rpm=01;31:*.jar=01;31:*.war=01;31:*.ear=01;31:*.sar=01;31:*.rar=01;31:*.alz=01;31:*.ace=01;31:*.zoo=01;31:*.cpio=01;31:*.7z=01;31:*.rz=01;31:*.cab=01;31:*.wim=01;31:*.swm=01;31:*.dwm=01;31:*.esd=01;31:*.jpg=01;35:*.jpeg=01;35:*.mjpg=01;35:*.mjpeg=01;35:*.gif=01;35:*.bmp=01;35:*.pbm=01;35:*.pgm=01;35:*.ppm=01;35:*.tga=01;35:*.xbm=01;35:*.xpm=01;35:*.tif=01;35:*.tiff=01;35:*.png=01;35:*.svg=01;35:*.svgz=01;35:*.mng=01;35:*.pcx=01;35:*.mov=01;35:*.mpg=01;35:*.mpeg=01;35:*.m2v=01;35:*.mkv=01;35:*.webm=01;35:*.webp=01;35:*.ogm=01;35:*.mp4=01;35:*.m4v=01;35:*.mp4v=01;35:*.vob=01;35:*.qt=01;35:*.nuv=01;35:*.wmv=01;35:*.asf=01;35:*.rm=01;35:*.rmvb=01;35:*.flc=01;35:*.avi=01;35:*.fli=01;35:*.flv=01;35:*.gl=01;35:*.dl=01;35:*.xcf=01;35:*.xwd=01;35:*.yuv=01;35:*.cgm=01;35:*.emf=01;35:*.ogv=01;35:*.ogx=01;35:*.aac=00;36:*.au=00;36:*.flac=00;36:*.m4a=00;36:*.mid=00;36:*.midi=00;36:*.mka=00;36:*.mp3=00;36:*.mpc=00;36:*.ogg=00;36:*.ra=00;36:*.wav=00;36:*.oga=00;36:*.opus=00;36:*.spx=00;36:*.xspf=00;36:', 'VSCODE_GIT_IPC_HANDLE': '/run/user/1000/vscode-git-d7f963ad87.sock', 'TERM_PROGRAM': 'vscode', 'AMENT_PREFIX_PATH': '/home/maanavjugalshah/SwarmAero/ros2_ws/install/swarm_ekf:/home/maanavjugalshah/SwarmAero/ros2_ws/install/px4_msgs:/home/maanavjugalshah/swarm_ws/install/swarm_control:/home/maanavjugalshah/swarm_ws/install/px4_msgs:/opt/ros/humble', 'SHELL': '/bin/bash', 'LESSCLOSE': '/usr/bin/lesspipe %s %s', 'VSCODE_GIT_ASKPASS_EXTRA_ARGS': '', 'PWD': '/home/maanavjugalshah/SwarmAero/ros2_ws/build/swarm_ekf', 'XDG_DATA_DIRS': '/usr/local/share:/usr/share:/var/lib/snapd/desktop', 'PYTHONPATH': '/home/maanavjugalshah/SwarmAero/ros2_ws/build/swarm_ekf/prefix_override:/usr/lib/python3/dist-packages/colcon_core/task/python/colcon_distutils_commands:/home/maanavjugalshah/SwarmAero/ros2_ws/install/swarm_ekf/lib/python3.10/site-packages:/home/maanavjugalshah/SwarmAero/ros2_ws/build/swarm_ekf:/home/maanavjugalshah/SwarmAero/ros2_ws/install/swarm_ekf/lib/python3.10/site-packages:/home/maanavjugalshah/SwarmAero/ros2_ws/install/px4_msgs/local/lib/python3.10/dist-packages:/home/maanavjugalshah/swarm_ws/install/px4_msgs/local/lib/python3.10/dist-packages:/opt/ros/humble/lib/python3.10/site-packages:/opt/ros/humble/local/lib/python3.10/dist-packages', 'COLCON': '1', 'WSL2_GUI_APPS_ENABLED': '1', 'HOSTTYPE': 'x86_64', 'CMAKE_PREFIX_PATH': '/home/maanavjugalshah/SwarmAero/ros2_ws/install/px4_msgs:/home/maanavjugalshah/swarm_ws/install/swarm_control:/home/maanavjugalshah/swarm_ws/install/px4_msgs', 'WSLENV': 'VSCODE_WSL_EXT_LOCATION/up:VSCODE_SERVER_TAR/up'}, 'shell': False}
[2.911954] (-) TimerEvent: {}
[3.013226] (-) TimerEvent: {}
[3.113612] (-) TimerEvent: {}
[3.214133] (-) TimerEvent: {}
[3.254438] (swarm_ekf) StdoutLine: {'line': b'running develop\n'}
[3.314305] (-) TimerEvent: {}
[3.414597] (-) TimerEvent: {}
[3.430819] (swarm_ekf) StdoutLine: {'line': b'running egg_info\n'}
[3.431500] (swarm_ekf) StdoutLine: {'line': b'writing swarm_ekf.egg-info/PKG-INFO\n'}
[3.432117] (swarm_ekf) StdoutLine: {'line': b'writing dependency_links to swarm_ekf.egg-info/dependency_links.txt\n'}
[3.432709] (swarm_ekf) StdoutLine: {'line': b'writing entry points to swarm_ekf.egg-info/entry_points.txt\n'}
[3.433217] (swarm_ekf) StdoutLine: {'line': b'writing requirements to swarm_ekf.egg-info/requires.txt\n'}
[3.433484] (swarm_ekf) StdoutLine: {'line': b'writing top-level names to swarm_ekf.egg-info/top_level.txt\n'}
[3.438385] (swarm_ekf) StdoutLine: {'line': b"reading manifest file 'swarm_ekf.egg-info/SOURCES.txt'\n"}
[3.442049] (swarm_ekf) StdoutLine: {'line': b"writing manifest file 'swarm_ekf.egg-info/SOURCES.txt'\n"}
[3.445985] (swarm_ekf) StdoutLine: {'line': b'running build_ext\n'}
[3.446458] (swarm_ekf) StdoutLine: {'line': b'Creating /home/maanavjugalshah/SwarmAero/ros2_ws/install/swarm_ekf/lib/python3.10/site-packages/swarm-ekf.egg-link (link to .)\n'}
[3.447362] (swarm_ekf) StdoutLine: {'line': b'Installing ekf_node script to /home/maanavjugalshah/SwarmAero/ros2_ws/install/swarm_ekf/lib/swarm_ekf\n'}
[3.447971] (swarm_ekf) StdoutLine: {'line': b'\n'}
[3.448220] (swarm_ekf) StdoutLine: {'line': b'Installed /home/maanavjugalshah/SwarmAero/ros2_ws/build/swarm_ekf\n'}
[3.448420] (swarm_ekf) StdoutLine: {'line': b'running symlink_data\n'}
[3.479897] (swarm_ekf) CommandEnded: {'returncode': 0}
[3.489803] (swarm_ekf) JobEnded: {'identifier': 'swarm_ekf', 'rc': 0}
[3.490975] (-) EventReactorShutdown: {}
