[0.000000] (-) TimerEvent: {}
[0.000518] (px4_msgs) JobQueued: {'identifier': 'px4_msgs', 'dependencies': OrderedDict()}
[0.001103] (swarm_ekf) JobQueued: {'identifier': 'swarm_ekf', 'dependencies': OrderedDict([('px4_msgs', '/home/maanavjugalshah/SwarmAero/ros2_ws/install/px4_msgs')])}
[0.001569] (px4_msgs) JobStarted: {'identifier': 'px4_msgs'}
[0.008948] (px4_msgs) JobProgress: {'identifier': 'px4_msgs', 'progress': 'cmake'}
[0.010194] (px4_msgs) JobProgress: {'identifier': 'px4_msgs', 'progress': 'build'}
[0.011779] (px4_msgs) Command: {'cmd': ['/usr/bin/cmake', '--build', '/home/maanavjugalshah/SwarmAero/ros2_ws/build/px4_msgs', '--', '-j16', '-l16'], 'cwd': '/home/maanavjugalshah/SwarmAero/ros2_ws/build/px4_msgs', 'env': OrderedDict([('LESSOPEN', '| /usr/bin/lesspipe %s'), ('USER', 'maanavjugalshah'), ('GIT_ASKPASS', '/home/maanavjugalshah/.vscode-server/bin/f6cfa2ea2403534de03f069bdf160d06451ed282/extensions/git/dist/askpass.sh'), ('SHLVL', '1'), ('LD_LIBRARY_PATH', '/home/maanavjugalshah/SwarmAero/ros2_ws/install/px4_msgs/lib:/home/maanavjugalshah/swarm_ws/install/px4_msgs/lib:/opt/ros/humble/opt/rviz_ogre_vendor/lib:/opt/ros/humble/lib/x86_64-linux-gnu:/opt/ros/humble/lib'), ('MOTD_SHOWN', 'update-motd'), ('HOME', '/home/maanavjugalshah'), ('OLDPWD', '/home/maanavjugalshah/SwarmAero/ros2_ws'), ('TERM_PROGRAM_VERSION', '1.121.0'), ('VSCODE_IPC_HOOK_CLI', '/run/user/1000/vscode-ipc-aa55078d-f270-4c09-85e7-64291e9d3075.sock'), ('ROS_PYTHON_VERSION', '3'), ('VSCODE_GIT_ASKPASS_MAIN', '/home/maanavjugalshah/.vscode-server/bin/f6cfa2ea2403534de03f069bdf160d06451ed282/extensions/git/dist/askpass-main.js'), ('VSCODE_GIT_ASKPASS_NODE', '/home/maanavjugalshah/.vscode-server/bin/f6cfa2ea2403534de03f069bdf160d06451ed282/node'), ('VSCODE_PYTHON_AUTOACTIVATE_GUARD', '1'), ('DBUS_SESSION_BUS_ADDRESS', 'unix:path=/run/user/1000/bus'), ('COLORTERM', 'truecolor'), ('WSL_DISTRO_NAME', 'Ubuntu-22.04'), ('WAYLAND_DISPLAY', 'wayland-0'), ('COLCON_PREFIX_PATH', '/home/maanavjugalshah/SwarmAero/ros2_ws/install:/home/maanavjugalshah/swarm_ws/install'), ('ROS_DISTRO', 'humble'), ('LOGNAME', 'maanavjugalshah'), ('NAME', 'MaanavXPS13Plus'), ('WSL_INTEROP', '/run/WSL/436_interop'), ('PULSE_SERVER', 'unix:/mnt/wslg/PulseServer'), ('_', '/usr/bin/colcon'), ('ROS_VERSION', '2'), ('TERM', 'xterm-256color'), ('ROS_LOCALHOST_ONLY', '0'), ('PATH', '/home/maanavjugalshah/.vscode-server/data/User/globalStorage/github.copilot-chat/debugCommand:/home/maanavjugalshah/.vscode-server/data/User/globalStorage/github.copilot-chat/copilotCli:/home/maanavjugalshah/.vscode-server/bin/f6cfa2ea2403534de03f069bdf160d06451ed282/bin/remote-cli:/home/maanavjugalshah/.local/bin:/opt/ros/humble/bin:/usr/local/sbin:/usr/local/bin:/usr/sbin:/usr/bin:/sbin:/bin:/usr/games:/usr/local/games:/usr/lib/wsl/lib:/mnt/c/WINDOWS/system32:/mnt/c/WINDOWS:/mnt/c/WINDOWS/System32/Wbem:/mnt/c/WINDOWS/System32/WindowsPowerShell/v1.0/:/mnt/c/WINDOWS/System32/OpenSSH/:/mnt/c/Program Files/dotnet/:/mnt/c/Program Files/Docker/Docker/resources/bin:/mnt/c/Program Files/MATLAB/R2025b/runtime/win64:/mnt/c/Program Files/MATLAB/R2025b/bin:/mnt/c/Program Files/MATLAB/R2024b/bin:/mnt/c/Program Files/Git/cmd:/mnt/c/Program Files/CMake/bin:/mnt/c/ProgramData/chocolatey/bin:/mnt/c/Program Files/7-Zip:/mnt/c/Program Files/Tailscale/:/mnt/c/Users/maana/AppData/Local/Programs/Python/Launcher/:/mnt/c/Users/maana/AppData/Local/Microsoft/WindowsApps:/mnt/c/Users/maana/AppData/Local/Programs/Microsoft VS Code/bin:/mnt/c/Users/maana/AppData/Local/Microsoft/WinGet/Packages/Ninja-build.Ninja_Microsoft.Winget.Source_8wekyb3d8bbwe:/mnt/c/Users/maana/AppData/Local/Microsoft/WinGet/Packages/oss-winget.gperf_Microsoft.Winget.Source_8wekyb3d8bbwe:/mnt/c/Users/maana/AppData/Local/Microsoft/WinGet/Packages/oss-winget.dtc_Microsoft.Winget.Source_8wekyb3d8bbwe/usr/bin:/mnt/c/Users/maana/AppData/Local/Microsoft/WinGet/Packages/JernejSimoncic.Wget_Microsoft.Winget.Source_8wekyb3d8bbwe:/snap/bin:/opt/xtensa-esp-elf/bin/:/opt/xtensa-esp-elf/bin/:/opt/xtensa-esp-elf/bin/:/opt/xtensa-esp-elf/bin/:/opt/xtensa-esp-elf/bin/:/opt/xtensa-esp-elf/bin/:/opt/xtensa-esp-elf/bin/'), ('XDG_RUNTIME_DIR', '/run/user/1000'), ('DISPLAY', ':0'), ('LANG', 'en_US.UTF-8'), ('RMW_IMPLEMENTATION', 'rmw_cyclonedds_cpp'), ('LS_COLORS', 'rs=0:di=01;34:ln=01;36:mh=00:pi=40;33:so=01;35:do=01;35:bd=40;33;01:cd=40;33;01:or=40;31;01:mi=00:su=37;41:sg=30;43:ca=30;41:tw=30;42:ow=34;42:st=37;44:ex=01;32:*.tar=01;31:*.tgz=01;31:*.arc=01;31:*.arj=01;31:*.taz=01;31:*.lha=01;31:*.lz4=01;31:*.lzh=01;31:*.lzma=01;31:*.tlz=01;31:*.txz=01;31:*.tzo=01;31:*.t7z=01;31:*.zip=01;31:*.z=01;31:*.dz=01;31:*.gz=01;31:*.lrz=01;31:*.lz=01;31:*.lzo=01;31:*.xz=01;31:*.zst=01;31:*.tzst=01;31:*.bz2=01;31:*.bz=01;31:*.tbz=01;31:*.tbz2=01;31:*.tz=01;31:*.deb=01;31:*.rpm=01;31:*.jar=01;31:*.war=01;31:*.ear=01;31:*.sar=01;31:*.rar=01;31:*.alz=01;31:*.ace=01;31:*.zoo=01;31:*.cpio=01;31:*.7z=01;31:*.rz=01;31:*.cab=01;31:*.wim=01;31:*.swm=01;31:*.dwm=01;31:*.esd=01;31:*.jpg=01;35:*.jpeg=01;35:*.mjpg=01;35:*.mjpeg=01;35:*.gif=01;35:*.bmp=01;35:*.pbm=01;35:*.pgm=01;35:*.ppm=01;35:*.tga=01;35:*.xbm=01;35:*.xpm=01;35:*.tif=01;35:*.tiff=01;35:*.png=01;35:*.svg=01;35:*.svgz=01;35:*.mng=01;35:*.pcx=01;35:*.mov=01;35:*.mpg=01;35:*.mpeg=01;35:*.m2v=01;35:*.mkv=01;35:*.webm=01;35:*.webp=01;35:*.ogm=01;35:*.mp4=01;35:*.m4v=01;35:*.mp4v=01;35:*.vob=01;35:*.qt=01;35:*.nuv=01;35:*.wmv=01;35:*.asf=01;35:*.rm=01;35:*.rmvb=01;35:*.flc=01;35:*.avi=01;35:*.fli=01;35:*.flv=01;35:*.gl=01;35:*.dl=01;35:*.xcf=01;35:*.xwd=01;35:*.yuv=01;35:*.cgm=01;35:*.emf=01;35:*.ogv=01;35:*.ogx=01;35:*.aac=00;36:*.au=00;36:*.flac=00;36:*.m4a=00;36:*.mid=00;36:*.midi=00;36:*.mka=00;36:*.mp3=00;36:*.mpc=00;36:*.ogg=00;36:*.ra=00;36:*.wav=00;36:*.oga=00;36:*.opus=00;36:*.spx=00;36:*.xspf=00;36:'), ('VSCODE_GIT_IPC_HANDLE', '/run/user/1000/vscode-git-d7f963ad87.sock'), ('TERM_PROGRAM', 'vscode'), ('AMENT_PREFIX_PATH', '/home/maanavjugalshah/SwarmAero/ros2_ws/install/swarm_ekf:/home/maanavjugalshah/SwarmAero/ros2_ws/install/px4_msgs:/home/maanavjugalshah/swarm_ws/install/swarm_control:/home/maanavjugalshah/swarm_ws/install/px4_msgs:/opt/ros/humble'), ('SHELL', '/bin/bash'), ('LESSCLOSE', '/usr/bin/lesspipe %s %s'), ('VSCODE_GIT_ASKPASS_EXTRA_ARGS', ''), ('PWD', '/home/maanavjugalshah/SwarmAero/ros2_ws/build/px4_msgs'), ('XDG_DATA_DIRS', '/usr/local/share:/usr/share:/var/lib/snapd/desktop'), ('PYTHONPATH', '/home/maanavjugalshah/SwarmAero/ros2_ws/build/swarm_ekf:/home/maanavjugalshah/SwarmAero/ros2_ws/install/swarm_ekf/lib/python3.10/site-packages:/home/maanavjugalshah/SwarmAero/ros2_ws/install/px4_msgs/local/lib/python3.10/dist-packages:/home/maanavjugalshah/swarm_ws/install/px4_msgs/local/lib/python3.10/dist-packages:/opt/ros/humble/lib/python3.10/site-packages:/opt/ros/humble/local/lib/python3.10/dist-packages'), ('COLCON', '1'), ('WSL2_GUI_APPS_ENABLED', '1'), ('HOSTTYPE', 'x86_64'), ('CMAKE_PREFIX_PATH', '/home/maanavjugalshah/SwarmAero/ros2_ws/install/px4_msgs:/home/maanavjugalshah/swarm_ws/install/swarm_control:/home/maanavjugalshah/swarm_ws/install/px4_msgs:/home/maanavjugalshah/SwarmAero/ros2_ws/install/swarm_ekf:/opt/ros/humble'), ('WSLENV', 'VSCODE_WSL_EXT_LOCATION/up:VSCODE_SERVER_TAR/up')]), 'shell': False}
[0.099398] (-) TimerEvent: {}
[0.199766] (-) TimerEvent: {}
[0.300187] (-) TimerEvent: {}
[0.400665] (-) TimerEvent: {}
[0.501030] (-) TimerEvent: {}
[0.601400] (-) TimerEvent: {}
[0.701815] (-) TimerEvent: {}
[0.735571] (px4_msgs) StdoutLine: {'line': b'[  1%] Built target px4_msgs__rs\n'}
[0.742202] (px4_msgs) StdoutLine: {'line': b'[  1%] Built target ament_cmake_python_symlink_px4_msgs\n'}
[0.767050] (px4_msgs) StdoutLine: {'line': b'[  1%] Built target px4_msgs__cpp\n'}
[0.802020] (-) TimerEvent: {}
[0.803516] (px4_msgs) StdoutLine: {'line': b'[ 13%] Built target px4_msgs__rosidl_generator_c\n'}
[0.874604] (px4_msgs) StdoutLine: {'line': b'[ 26%] Built target px4_msgs__rosidl_typesupport_c\n'}
[0.890444] (px4_msgs) StdoutLine: {'line': b'[ 38%] Built target px4_msgs__rosidl_typesupport_cpp\n'}
[0.900114] (px4_msgs) StdoutLine: {'line': b'[ 51%] Built target px4_msgs__rosidl_typesupport_introspection_c\n'}
[0.902103] (-) TimerEvent: {}
[0.907761] (px4_msgs) StdoutLine: {'line': b'[ 63%] Built target px4_msgs__rosidl_typesupport_introspection_cpp\n'}
[0.921725] (px4_msgs) StdoutLine: {'line': b'[ 75%] Built target px4_msgs__rosidl_typesupport_fastrtps_cpp\n'}
[0.940453] (px4_msgs) StdoutLine: {'line': b'[ 88%] Built target px4_msgs__rosidl_typesupport_fastrtps_c\n'}
[0.958878] (px4_msgs) StdoutLine: {'line': b'[ 88%] Built target px4_msgs\n'}
[0.988677] (px4_msgs) StdoutLine: {'line': b'[ 88%] Built target px4_msgs__py\n'}
[0.999184] (px4_msgs) StdoutLine: {'line': b'running egg_info\n'}
[0.999829] (px4_msgs) StdoutLine: {'line': b'writing px4_msgs.egg-info/PKG-INFO\n'}
[1.000200] (px4_msgs) StdoutLine: {'line': b'writing dependency_links to px4_msgs.egg-info/dependency_links.txt\n'}
[1.000358] (px4_msgs) StdoutLine: {'line': b'writing top-level names to px4_msgs.egg-info/top_level.txt\n'}
[1.002235] (-) TimerEvent: {}
[1.004406] (px4_msgs) StdoutLine: {'line': b"reading manifest file 'px4_msgs.egg-info/SOURCES.txt'\n"}
[1.007723] (px4_msgs) StdoutLine: {'line': b"writing manifest file 'px4_msgs.egg-info/SOURCES.txt'\n"}
[1.036132] (px4_msgs) StdoutLine: {'line': b'[ 88%] Built target ament_cmake_python_build_px4_msgs_egg\n'}
[1.090095] (px4_msgs) StdoutLine: {'line': b'[100%] Built target px4_msgs__rosidl_generator_py\n'}
[1.102402] (-) TimerEvent: {}
[1.115733] (px4_msgs) StdoutLine: {'line': b'[100%] Built target px4_msgs__rosidl_typesupport_fastrtps_c__pyext\n'}
[1.116063] (px4_msgs) StdoutLine: {'line': b'[100%] Built target px4_msgs__rosidl_typesupport_introspection_c__pyext\n'}
[1.118917] (px4_msgs) StdoutLine: {'line': b'[100%] Built target px4_msgs__rosidl_typesupport_c__pyext\n'}
[1.133014] (px4_msgs) CommandEnded: {'returncode': 0}
[1.134639] (px4_msgs) JobProgress: {'identifier': 'px4_msgs', 'progress': 'install'}
[1.142796] (px4_msgs) Command: {'cmd': ['/usr/bin/cmake', '--install', '/home/maanavjugalshah/SwarmAero/ros2_ws/build/px4_msgs'], 'cwd': '/home/maanavjugalshah/SwarmAero/ros2_ws/build/px4_msgs', 'env': OrderedDict([('LESSOPEN', '| /usr/bin/lesspipe %s'), ('USER', 'maanavjugalshah'), ('GIT_ASKPASS', '/home/maanavjugalshah/.vscode-server/bin/f6cfa2ea2403534de03f069bdf160d06451ed282/extensions/git/dist/askpass.sh'), ('SHLVL', '1'), ('LD_LIBRARY_PATH', '/home/maanavjugalshah/SwarmAero/ros2_ws/install/px4_msgs/lib:/home/maanavjugalshah/swarm_ws/install/px4_msgs/lib:/opt/ros/humble/opt/rviz_ogre_vendor/lib:/opt/ros/humble/lib/x86_64-linux-gnu:/opt/ros/humble/lib'), ('MOTD_SHOWN', 'update-motd'), ('HOME', '/home/maanavjugalshah'), ('OLDPWD', '/home/maanavjugalshah/SwarmAero/ros2_ws'), ('TERM_PROGRAM_VERSION', '1.121.0'), ('VSCODE_IPC_HOOK_CLI', '/run/user/1000/vscode-ipc-aa55078d-f270-4c09-85e7-64291e9d3075.sock'), ('ROS_PYTHON_VERSION', '3'), ('VSCODE_GIT_ASKPASS_MAIN', '/home/maanavjugalshah/.vscode-server/bin/f6cfa2ea2403534de03f069bdf160d06451ed282/extensions/git/dist/askpass-main.js'), ('VSCODE_GIT_ASKPASS_NODE', '/home/maanavjugalshah/.vscode-server/bin/f6cfa2ea2403534de03f069bdf160d06451ed282/node'), ('VSCODE_PYTHON_AUTOACTIVATE_GUARD', '1'), ('DBUS_SESSION_BUS_ADDRESS', 'unix:path=/run/user/1000/bus'), ('COLORTERM', 'truecolor'), ('WSL_DISTRO_NAME', 'Ubuntu-22.04'), ('WAYLAND_DISPLAY', 'wayland-0'), ('COLCON_PREFIX_PATH', '/home/maanavjugalshah/SwarmAero/ros2_ws/install:/home/maanavjugalshah/swarm_ws/install'), ('ROS_DISTRO', 'humble'), ('LOGNAME', 'maanavjugalshah'), ('NAME', 'MaanavXPS13Plus'), ('WSL_INTEROP', '/run/WSL/436_interop'), ('PULSE_SERVER', 'unix:/mnt/wslg/PulseServer'), ('_', '/usr/bin/colcon'), ('ROS_VERSION', '2'), ('TERM', 'xterm-256color'), ('ROS_LOCALHOST_ONLY', '0'), ('PATH', '/home/maanavjugalshah/.vscode-server/data/User/globalStorage/github.copilot-chat/debugCommand:/home/maanavjugalshah/.vscode-server/data/User/globalStorage/github.copilot-chat/copilotCli:/home/maanavjugalshah/.vscode-server/bin/f6cfa2ea2403534de03f069bdf160d06451ed282/bin/remote-cli:/home/maanavjugalshah/.local/bin:/opt/ros/humble/bin:/usr/local/sbin:/usr/local/bin:/usr/sbin:/usr/bin:/sbin:/bin:/usr/games:/usr/local/games:/usr/lib/wsl/lib:/mnt/c/WINDOWS/system32:/mnt/c/WINDOWS:/mnt/c/WINDOWS/System32/Wbem:/mnt/c/WINDOWS/System32/WindowsPowerShell/v1.0/:/mnt/c/WINDOWS/System32/OpenSSH/:/mnt/c/Program Files/dotnet/:/mnt/c/Program Files/Docker/Docker/resources/bin:/mnt/c/Program Files/MATLAB/R2025b/runtime/win64:/mnt/c/Program Files/MATLAB/R2025b/bin:/mnt/c/Program Files/MATLAB/R2024b/bin:/mnt/c/Program Files/Git/cmd:/mnt/c/Program Files/CMake/bin:/mnt/c/ProgramData/chocolatey/bin:/mnt/c/Program Files/7-Zip:/mnt/c/Program Files/Tailscale/:/mnt/c/Users/maana/AppData/Local/Programs/Python/Launcher/:/mnt/c/Users/maana/AppData/Local/Microsoft/WindowsApps:/mnt/c/Users/maana/AppData/Local/Programs/Microsoft VS Code/bin:/mnt/c/Users/maana/AppData/Local/Microsoft/WinGet/Packages/Ninja-build.Ninja_Microsoft.Winget.Source_8wekyb3d8bbwe:/mnt/c/Users/maana/AppData/Local/Microsoft/WinGet/Packages/oss-winget.gperf_Microsoft.Winget.Source_8wekyb3d8bbwe:/mnt/c/Users/maana/AppData/Local/Microsoft/WinGet/Packages/oss-winget.dtc_Microsoft.Winget.Source_8wekyb3d8bbwe/usr/bin:/mnt/c/Users/maana/AppData/Local/Microsoft/WinGet/Packages/JernejSimoncic.Wget_Microsoft.Winget.Source_8wekyb3d8bbwe:/snap/bin:/opt/xtensa-esp-elf/bin/:/opt/xtensa-esp-elf/bin/:/opt/xtensa-esp-elf/bin/:/opt/xtensa-esp-elf/bin/:/opt/xtensa-esp-elf/bin/:/opt/xtensa-esp-elf/bin/:/opt/xtensa-esp-elf/bin/'), ('XDG_RUNTIME_DIR', '/run/user/1000'), ('DISPLAY', ':0'), ('LANG', 'en_US.UTF-8'), ('RMW_IMPLEMENTATION', 'rmw_cyclonedds_cpp'), ('LS_COLORS', 'rs=0:di=01;34:ln=01;36:mh=00:pi=40;33:so=01;35:do=01;35:bd=40;33;01:cd=40;33;01:or=40;31;01:mi=00:su=37;41:sg=30;43:ca=30;41:tw=30;42:ow=34;42:st=37;44:ex=01;32:*.tar=01;31:*.tgz=01;31:*.arc=01;31:*.arj=01;31:*.taz=01;31:*.lha=01;31:*.lz4=01;31:*.lzh=01;31:*.lzma=01;31:*.tlz=01;31:*.txz=01;31:*.tzo=01;31:*.t7z=01;31:*.zip=01;31:*.z=01;31:*.dz=01;31:*.gz=01;31:*.lrz=01;31:*.lz=01;31:*.lzo=01;31:*.xz=01;31:*.zst=01;31:*.tzst=01;31:*.bz2=01;31:*.bz=01;31:*.tbz=01;31:*.tbz2=01;31:*.tz=01;31:*.deb=01;31:*.rpm=01;31:*.jar=01;31:*.war=01;31:*.ear=01;31:*.sar=01;31:*.rar=01;31:*.alz=01;31:*.ace=01;31:*.zoo=01;31:*.cpio=01;31:*.7z=01;31:*.rz=01;31:*.cab=01;31:*.wim=01;31:*.swm=01;31:*.dwm=01;31:*.esd=01;31:*.jpg=01;35:*.jpeg=01;35:*.mjpg=01;35:*.mjpeg=01;35:*.gif=01;35:*.bmp=01;35:*.pbm=01;35:*.pgm=01;35:*.ppm=01;35:*.tga=01;35:*.xbm=01;35:*.xpm=01;35:*.tif=01;35:*.tiff=01;35:*.png=01;35:*.svg=01;35:*.svgz=01;35:*.mng=01;35:*.pcx=01;35:*.mov=01;35:*.mpg=01;35:*.mpeg=01;35:*.m2v=01;35:*.mkv=01;35:*.webm=01;35:*.webp=01;35:*.ogm=01;35:*.mp4=01;35:*.m4v=01;35:*.mp4v=01;35:*.vob=01;35:*.qt=01;35:*.nuv=01;35:*.wmv=01;35:*.asf=01;35:*.rm=01;35:*.rmvb=01;35:*.flc=01;35:*.avi=01;35:*.fli=01;35:*.flv=01;35:*.gl=01;35:*.dl=01;35:*.xcf=01;35:*.xwd=01;35:*.yuv=01;35:*.cgm=01;35:*.emf=01;35:*.ogv=01;35:*.ogx=01;35:*.aac=00;36:*.au=00;36:*.flac=00;36:*.m4a=00;36:*.mid=00;36:*.midi=00;36:*.mka=00;36:*.mp3=00;36:*.mpc=00;36:*.ogg=00;36:*.ra=00;36:*.wav=00;36:*.oga=00;36:*.opus=00;36:*.spx=00;36:*.xspf=00;36:'), ('VSCODE_GIT_IPC_HANDLE', '/run/user/1000/vscode-git-d7f963ad87.sock'), ('TERM_PROGRAM', 'vscode'), ('AMENT_PREFIX_PATH', '/home/maanavjugalshah/SwarmAero/ros2_ws/install/swarm_ekf:/home/maanavjugalshah/SwarmAero/ros2_ws/install/px4_msgs:/home/maanavjugalshah/swarm_ws/install/swarm_control:/home/maanavjugalshah/swarm_ws/install/px4_msgs:/opt/ros/humble'), ('SHELL', '/bin/bash'), ('LESSCLOSE', '/usr/bin/lesspipe %s %s'), ('VSCODE_GIT_ASKPASS_EXTRA_ARGS', ''), ('PWD', '/home/maanavjugalshah/SwarmAero/ros2_ws/build/px4_msgs'), ('XDG_DATA_DIRS', '/usr/local/share:/usr/share:/var/lib/snapd/desktop'), ('PYTHONPATH', '/home/maanavjugalshah/SwarmAero/ros2_ws/build/swarm_ekf:/home/maanavjugalshah/SwarmAero/ros2_ws/install/swarm_ekf/lib/python3.10/site-packages:/home/maanavjugalshah/SwarmAero/ros2_ws/install/px4_msgs/local/lib/python3.10/dist-packages:/home/maanavjugalshah/swarm_ws/install/px4_msgs/local/lib/python3.10/dist-packages:/opt/ros/humble/lib/python3.10/site-packages:/opt/ros/humble/local/lib/python3.10/dist-packages'), ('COLCON', '1'), ('WSL2_GUI_APPS_ENABLED', '1'), ('HOSTTYPE', 'x86_64'), ('CMAKE_PREFIX_PATH', '/home/maanavjugalshah/SwarmAero/ros2_ws/install/px4_msgs:/home/maanavjugalshah/swarm_ws/install/swarm_control:/home/maanavjugalshah/swarm_ws/install/px4_msgs:/home/maanavjugalshah/SwarmAero/ros2_ws/install/swarm_ekf:/opt/ros/humble'), ('WSLENV', 'VSCODE_WSL_EXT_LOCATION/up:VSCODE_SERVER_TAR/up')]), 'shell': False}
[1.149494] (px4_msgs) StdoutLine: {'line': b'-- Install configuration: ""\n'}
[1.152259] (px4_msgs) StdoutLine: {'line': b'-- Execute custom install script\n'}
[1.152501] (px4_msgs) StdoutLine: {'line': b'-- Up-to-date symlink: /home/maanavjugalshah/SwarmAero/ros2_ws/install/px4_msgs/share/ament_index/resource_index/rosidl_interfaces/px4_msgs\n'}
[1.159127] (px4_msgs) StdoutLine: {'line': b'-- Up-to-date symlink: /home/maanavjugalshah/SwarmAero/ros2_ws/install/px4_msgs/include/px4_msgs/px4_msgs/msg/action_request.h\n'}
[1.159291] (px4_msgs) StdoutLine: {'line': b'-- Up-to-date symlink: /home/maanavjugalshah/SwarmAero/ros2_ws/install/px4_msgs/include/px4_msgs/px4_msgs/msg/actuator_armed.h\n'}
[1.159410] (px4_msgs) StdoutLine: {'line': b'-- Up-to-date symlink: /home/maanavjugalshah/SwarmAero/ros2_ws/install/px4_msgs/include/px4_msgs/px4_msgs/msg/actuator_controls_status.h\n'}
[1.159491] (px4_msgs) StdoutLine: {'line': b'-- Up-to-date symlink: /home/maanavjugalshah/SwarmAero/ros2_ws/install/px4_msgs/include/px4_msgs/px4_msgs/msg/actuator_motors.h\n'}
[1.159777] (px4_msgs) StdoutLine: {'line': b'-- Up-to-date symlink: /home/maanavjugalshah/SwarmAero/ros2_ws/install/px4_msgs/include/px4_msgs/px4_msgs/msg/actuator_outputs.h\n'}
[1.160101] (px4_msgs) StdoutLine: {'line': b'-- Up-to-date symlink: /home/maanavjugalshah/SwarmAero/ros2_ws/install/px4_msgs/include/px4_msgs/px4_msgs/msg/actuator_servos.h\n'}
[1.160538] (px4_msgs) StdoutLine: {'line': b'-- Up-to-date symlink: /home/maanavjugalshah/SwarmAero/ros2_ws/install/px4_msgs/include/px4_msgs/px4_msgs/msg/actuator_servos_trim.h\n'}
[1.160667] (px4_msgs) StdoutLine: {'line': b'-- Up-to-date symlink: /home/maanavjugalshah/SwarmAero/ros2_ws/install/px4_msgs/include/px4_msgs/px4_msgs/msg/actuator_test.h\n'}
[1.160772] (px4_msgs) StdoutLine: {'line': b'-- Up-to-date symlink: /home/maanavjugalshah/SwarmAero/ros2_ws/install/px4_msgs/include/px4_msgs/px4_msgs/msg/adc_report.h\n'}
[1.160975] (px4_msgs) StdoutLine: {'line': b'-- Up-to-date symlink: /home/maanavjugalshah/SwarmAero/ros2_ws/install/px4_msgs/include/px4_msgs/px4_msgs/msg/airspeed.h\n'}
[1.161314] (px4_msgs) StdoutLine: {'line': b'-- Up-to-date symlink: /home/maanavjugalshah/SwarmAero/ros2_ws/install/px4_msgs/include/px4_msgs/px4_msgs/msg/airspeed_validated.h\n'}
[1.161474] (px4_msgs) StdoutLine: {'line': b'-- Up-to-date symlink: /home/maanavjugalshah/SwarmAero/ros2_ws/install/px4_msgs/include/px4_msgs/px4_msgs/msg/airspeed_wind.h\n'}
[1.162025] (px4_msgs) StdoutLine: {'line': b'-- Up-to-date symlink: /home/maanavjugalshah/SwarmAero/ros2_ws/install/px4_msgs/include/px4_msgs/px4_msgs/msg/arming_check_reply.h\n'}
[1.162534] (px4_msgs) StdoutLine: {'line': b'-- Up-to-date symlink: /home/maanavjugalshah/SwarmAero/ros2_ws/install/px4_msgs/include/px4_msgs/px4_msgs/msg/arming_check_request.h\n'}
[1.162602] (px4_msgs) StdoutLine: {'line': b'-- Up-to-date symlink: /home/maanavjugalshah/SwarmAero/ros2_ws/install/px4_msgs/include/px4_msgs/px4_msgs/msg/autotune_attitude_control_status.h\n'}
[1.162703] (px4_msgs) StdoutLine: {'line': b'-- Up-to-date symlink: /home/maanavjugalshah/SwarmAero/ros2_ws/install/px4_msgs/include/px4_msgs/px4_msgs/msg/aux_global_position.h\n'}
[1.162821] (px4_msgs) StdoutLine: {'line': b'-- Up-to-date symlink: /home/maanavjugalshah/SwarmAero/ros2_ws/install/px4_msgs/include/px4_msgs/px4_msgs/msg/battery_info.h\n'}
[1.162938] (px4_msgs) StdoutLine: {'line': b'-- Up-to-date symlink: /home/maanavjugalshah/SwarmAero/ros2_ws/install/px4_msgs/include/px4_msgs/px4_msgs/msg/battery_status.h\n'}
[1.163209] (px4_msgs) StdoutLine: {'line': b'-- Up-to-date symlink: /home/maanavjugalshah/SwarmAero/ros2_ws/install/px4_msgs/include/px4_msgs/px4_msgs/msg/button_event.h\n'}
[1.163317] (px4_msgs) StdoutLine: {'line': b'-- Up-to-date symlink: /home/maanavjugalshah/SwarmAero/ros2_ws/install/px4_msgs/include/px4_msgs/px4_msgs/msg/camera_capture.h\n'}
[1.163584] (px4_msgs) StdoutLine: {'line': b'-- Up-to-date symlink: /home/maanavjugalshah/SwarmAero/ros2_ws/install/px4_msgs/include/px4_msgs/px4_msgs/msg/camera_status.h\n'}
[1.163680] (px4_msgs) StdoutLine: {'line': b'-- Up-to-date symlink: /home/maanavjugalshah/SwarmAero/ros2_ws/install/px4_msgs/include/px4_msgs/px4_msgs/msg/camera_trigger.h\n'}
[1.164336] (px4_msgs) StdoutLine: {'line': b'-- Up-to-date symlink: /home/maanavjugalshah/SwarmAero/ros2_ws/install/px4_msgs/include/px4_msgs/px4_msgs/msg/can_interface_status.h\n'}
[1.164504] (px4_msgs) StdoutLine: {'line': b'-- Up-to-date symlink: /home/maanavjugalshah/SwarmAero/ros2_ws/install/px4_msgs/include/px4_msgs/px4_msgs/msg/cellular_status.h\n'}
[1.164588] (px4_msgs) StdoutLine: {'line': b'-- Up-to-date symlink: /home/maanavjugalshah/SwarmAero/ros2_ws/install/px4_msgs/include/px4_msgs/px4_msgs/msg/collision_constraints.h\n'}
[1.164654] (px4_msgs) StdoutLine: {'line': b'-- Up-to-date symlink: /home/maanavjugalshah/SwarmAero/ros2_ws/install/px4_msgs/include/px4_msgs/px4_msgs/msg/config_overrides.h\n'}
[1.164717] (px4_msgs) StdoutLine: {'line': b'-- Up-to-date symlink: /home/maanavjugalshah/SwarmAero/ros2_ws/install/px4_msgs/include/px4_msgs/px4_msgs/msg/control_allocator_status.h\n'}
[1.165625] (px4_msgs) StdoutLine: {'line': b'-- Up-to-date symlink: /home/maanavjugalshah/SwarmAero/ros2_ws/install/px4_msgs/include/px4_msgs/px4_msgs/msg/cpuload.h\n'}
[1.165720] (px4_msgs) StdoutLine: {'line': b'-- Up-to-date symlink: /home/maanavjugalshah/SwarmAero/ros2_ws/install/px4_msgs/include/px4_msgs/px4_msgs/msg/dataman_request.h\n'}
[1.165780] (px4_msgs) StdoutLine: {'line': b'-- Up-to-date symlink: /home/maanavjugalshah/SwarmAero/ros2_ws/install/px4_msgs/include/px4_msgs/px4_msgs/msg/dataman_response.h\n'}
[1.165838] (px4_msgs) StdoutLine: {'line': b'-- Up-to-date symlink: /home/maanavjugalshah/SwarmAero/ros2_ws/install/px4_msgs/include/px4_msgs/px4_msgs/msg/debug_array.h\n'}
[1.165893] (px4_msgs) StdoutLine: {'line': b'-- Up-to-date symlink: /home/maanavjugalshah/SwarmAero/ros2_ws/install/px4_msgs/include/px4_msgs/px4_msgs/msg/debug_key_value.h\n'}
[1.165947] (px4_msgs) StdoutLine: {'line': b'-- Up-to-date symlink: /home/maanavjugalshah/SwarmAero/ros2_ws/install/px4_msgs/include/px4_msgs/px4_msgs/msg/debug_value.h\n'}
[1.166000] (px4_msgs) StdoutLine: {'line': b'-- Up-to-date symlink: /home/maanavjugalshah/SwarmAero/ros2_ws/install/px4_msgs/include/px4_msgs/px4_msgs/msg/debug_vect.h\n'}
[1.166052] (px4_msgs) StdoutLine: {'line': b'-- Up-to-date symlink: /home/maanavjugalshah/SwarmAero/ros2_ws/install/px4_msgs/include/px4_msgs/px4_msgs/msg/detail/action_request__functions.h\n'}
[1.166104] (px4_msgs) StdoutLine: {'line': b'-- Up-to-date symlink: /home/maanavjugalshah/SwarmAero/ros2_ws/install/px4_msgs/include/px4_msgs/px4_msgs/msg/detail/action_request__struct.h\n'}
[1.166158] (px4_msgs) StdoutLine: {'line': b'-- Up-to-date symlink: /home/maanavjugalshah/SwarmAero/ros2_ws/install/px4_msgs/include/px4_msgs/px4_msgs/msg/detail/action_request__type_support.h\n'}
[1.166214] (px4_msgs) StdoutLine: {'line': b'-- Up-to-date symlink: /home/maanavjugalshah/SwarmAero/ros2_ws/install/px4_msgs/include/px4_msgs/px4_msgs/msg/detail/actuator_armed__functions.h\n'}
[1.166269] (px4_msgs) StdoutLine: {'line': b'-- Up-to-date symlink: /home/maanavjugalshah/SwarmAero/ros2_ws/install/px4_msgs/include/px4_msgs/px4_msgs/msg/detail/actuator_armed__struct.h\n'}
[1.166322] (px4_msgs) StdoutLine: {'line': b'-- Up-to-date symlink: /home/maanavjugalshah/SwarmAero/ros2_ws/install/px4_msgs/include/px4_msgs/px4_msgs/msg/detail/actuator_armed__type_support.h\n'}
[1.166374] (px4_msgs) StdoutLine: {'line': b'-- Up-to-date symlink: /home/maanavjugalshah/SwarmAero/ros2_ws/install/px4_msgs/include/px4_msgs/px4_msgs/msg/detail/actuator_controls_status__functions.h\n'}
[1.166458] (px4_msgs) StdoutLine: {'line': b'-- Up-to-date symlink: /home/maanavjugalshah/SwarmAero/ros2_ws/install/px4_msgs/include/px4_msgs/px4_msgs/msg/detail/actuator_controls_status__struct.h\n'}
[1.166518] (px4_msgs) StdoutLine: {'line': b'-- Up-to-date symlink: /home/maanavjugalshah/SwarmAero/ros2_ws/install/px4_msgs/include/px4_msgs/px4_msgs/msg/detail/actuator_controls_status__type_support.h\n'}
[1.166576] (px4_msgs) StdoutLine: {'line': b'-- Up-to-date symlink: /home/maanavjugalshah/SwarmAero/ros2_ws/install/px4_msgs/include/px4_msgs/px4_msgs/msg/detail/actuator_motors__functions.h\n'}
[1.166749] (px4_msgs) StdoutLine: {'line': b'-- Up-to-date symlink: /home/maanavjugalshah/SwarmAero/ros2_ws/install/px4_msgs/include/px4_msgs/px4_msgs/msg/detail/actuator_motors__struct.h\n'}
[1.166946] (px4_msgs) StdoutLine: {'line': b'-- Up-to-date symlink: /home/maanavjugalshah/SwarmAero/ros2_ws/install/px4_msgs/include/px4_msgs/px4_msgs/msg/detail/actuator_motors__type_support.h\n'}
[1.167778] (px4_msgs) StdoutLine: {'line': b'-- Up-to-date symlink: /home/maanavjugalshah/SwarmAero/ros2_ws/install/px4_msgs/include/px4_msgs/px4_msgs/msg/detail/actuator_outputs__functions.h\n'}
[1.168294] (px4_msgs) StdoutLine: {'line': b'-- Up-to-date symlink: /home/maanavjugalshah/SwarmAero/ros2_ws/install/px4_msgs/include/px4_msgs/px4_msgs/msg/detail/actuator_outputs__struct.h\n'}
[1.168801] (px4_msgs) StdoutLine: {'line': b'-- Up-to-date symlink: /home/maanavjugalshah/SwarmAero/ros2_ws/install/px4_msgs/include/px4_msgs/px4_msgs/msg/detail/actuator_outputs__type_support.h\n'}
[1.169076] (px4_msgs) StdoutLine: {'line': b'-- Up-to-date symlink: /home/maanavjugalshah/SwarmAero/ros2_ws/install/px4_msgs/include/px4_msgs/px4_msgs/msg/detail/actuator_servos__functions.h\n'}
[1.169523] (px4_msgs) StdoutLine: {'line': b'-- Up-to-date symlink: /home/maanavjugalshah/SwarmAero/ros2_ws/install/px4_msgs/include/px4_msgs/px4_msgs/msg/detail/actuator_servos__struct.h\n'}
[1.170190] (px4_msgs) StdoutLine: {'line': b'-- Up-to-date symlink: /home/maanavjugalshah/SwarmAero/ros2_ws/install/px4_msgs/include/px4_msgs/px4_msgs/msg/detail/actuator_servos__type_support.h\n'}
[1.170881] (px4_msgs) StdoutLine: {'line': b'-- Up-to-date symlink: /home/maanavjugalshah/SwarmAero/ros2_ws/install/px4_msgs/include/px4_msgs/px4_msgs/msg/detail/actuator_servos_trim__functions.h\n'}
[1.171037] (px4_msgs) StdoutLine: {'line': b'-- Up-to-date symlink: /home/maanavjugalshah/SwarmAero/ros2_ws/install/px4_msgs/include/px4_msgs/px4_msgs/msg/detail/actuator_servos_trim__struct.h\n'}
[1.171184] (px4_msgs) StdoutLine: {'line': b'-- Up-to-date symlink: /home/maanavjugalshah/SwarmAero/ros2_ws/install/px4_msgs/include/px4_msgs/px4_msgs/msg/detail/actuator_servos_trim__type_support.h\n'}
[1.171308] (px4_msgs) StdoutLine: {'line': b'-- Up-to-date symlink: /home/maanavjugalshah/SwarmAero/ros2_ws/install/px4_msgs/include/px4_msgs/px4_msgs/msg/detail/actuator_test__functions.h\n'}
[1.171816] (px4_msgs) StdoutLine: {'line': b'-- Up-to-date symlink: /home/maanavjugalshah/SwarmAero/ros2_ws/install/px4_msgs/include/px4_msgs/px4_msgs/msg/detail/actuator_test__struct.h\n'}
[1.172466] (px4_msgs) StdoutLine: {'line': b'-- Up-to-date symlink: /home/maanavjugalshah/SwarmAero/ros2_ws/install/px4_msgs/include/px4_msgs/px4_msgs/msg/detail/actuator_test__type_support.h\n'}
[1.173040] (px4_msgs) StdoutLine: {'line': b'-- Up-to-date symlink: /home/maanavjugalshah/SwarmAero/ros2_ws/install/px4_msgs/include/px4_msgs/px4_msgs/msg/detail/adc_report__functions.h\n'}
[1.173211] (px4_msgs) StdoutLine: {'line': b'-- Up-to-date symlink: /home/maanavjugalshah/SwarmAero/ros2_ws/install/px4_msgs/include/px4_msgs/px4_msgs/msg/detail/adc_report__struct.h\n'}
[1.173353] (px4_msgs) StdoutLine: {'line': b'-- Up-to-date symlink: /home/maanavjugalshah/SwarmAero/ros2_ws/install/px4_msgs/include/px4_msgs/px4_msgs/msg/detail/adc_report__type_support.h\n'}
[1.173563] (px4_msgs) StdoutLine: {'line': b'-- Up-to-date symlink: /home/maanavjugalshah/SwarmAero/ros2_ws/install/px4_msgs/include/px4_msgs/px4_msgs/msg/detail/airspeed__functions.h\n'}
[1.173745] (px4_msgs) StdoutLine: {'line': b'-- Up-to-date symlink: /home/maanavjugalshah/SwarmAero/ros2_ws/install/px4_msgs/include/px4_msgs/px4_msgs/msg/detail/airspeed__struct.h\n'}
[1.173928] (px4_msgs) StdoutLine: {'line': b'-- Up-to-date symlink: /home/maanavjugalshah/SwarmAero/ros2_ws/install/px4_msgs/include/px4_msgs/px4_msgs/msg/detail/airspeed__type_support.h\n'}
[1.174081] (px4_msgs) StdoutLine: {'line': b'-- Up-to-date symlink: /home/maanavjugalshah/SwarmAero/ros2_ws/install/px4_msgs/include/px4_msgs/px4_msgs/msg/detail/airspeed_validated__functions.h\n'}
[1.174254] (px4_msgs) StdoutLine: {'line': b'-- Up-to-date symlink: /home/maanavjugalshah/SwarmAero/ros2_ws/install/px4_msgs/include/px4_msgs/px4_msgs/msg/detail/airspeed_validated__struct.h\n'}
[1.174397] (px4_msgs) StdoutLine: {'line': b'-- Up-to-date symlink: /home/maanavjugalshah/SwarmAero/ros2_ws/install/px4_msgs/include/px4_msgs/px4_msgs/msg/detail/airspeed_validated__type_support.h\n'}
[1.175222] (px4_msgs) StdoutLine: {'line': b'-- Up-to-date symlink: /home/maanavjugalshah/SwarmAero/ros2_ws/install/px4_msgs/include/px4_msgs/px4_msgs/msg/detail/airspeed_wind__functions.h\n'}
[1.175457] (px4_msgs) StdoutLine: {'line': b'-- Up-to-date symlink: /home/maanavjugalshah/SwarmAero/ros2_ws/install/px4_msgs/include/px4_msgs/px4_msgs/msg/detail/airspeed_wind__struct.h\n'}
[1.176472] (px4_msgs) StdoutLine: {'line': b'-- Up-to-date symlink: /home/maanavjugalshah/SwarmAero/ros2_ws/install/px4_msgs/include/px4_msgs/px4_msgs/msg/detail/airspeed_wind__type_support.h\n'}
[1.176775] (px4_msgs) StdoutLine: {'line': b'-- Up-to-date symlink: /home/maanavjugalshah/SwarmAero/ros2_ws/install/px4_msgs/include/px4_msgs/px4_msgs/msg/detail/arming_check_reply__functions.h\n'}
[1.176924] (px4_msgs) StdoutLine: {'line': b'-- Up-to-date symlink: /home/maanavjugalshah/SwarmAero/ros2_ws/install/px4_msgs/include/px4_msgs/px4_msgs/msg/detail/arming_check_reply__struct.h\n'}
[1.177040] (px4_msgs) StdoutLine: {'line': b'-- Up-to-date symlink: /home/maanavjugalshah/SwarmAero/ros2_ws/install/px4_msgs/include/px4_msgs/px4_msgs/msg/detail/arming_check_reply__type_support.h\n'}
[1.177150] (px4_msgs) StdoutLine: {'line': b'-- Up-to-date symlink: /home/maanavjugalshah/SwarmAero/ros2_ws/install/px4_msgs/include/px4_msgs/px4_msgs/msg/detail/arming_check_request__functions.h\n'}
[1.177498] (px4_msgs) StdoutLine: {'line': b'-- Up-to-date symlink: /home/maanavjugalshah/SwarmAero/ros2_ws/install/px4_msgs/include/px4_msgs/px4_msgs/msg/detail/arming_check_request__struct.h\n'}
[1.177603] (px4_msgs) StdoutLine: {'line': b'-- Up-to-date symlink: /home/maanavjugalshah/SwarmAero/ros2_ws/install/px4_msgs/include/px4_msgs/px4_msgs/msg/detail/arming_check_request__type_support.h\n'}
[1.177711] (px4_msgs) StdoutLine: {'line': b'-- Up-to-date symlink: /home/maanavjugalshah/SwarmAero/ros2_ws/install/px4_msgs/include/px4_msgs/px4_msgs/msg/detail/autotune_attitude_control_status__functions.h\n'}
[1.178026] (px4_msgs) StdoutLine: {'line': b'-- Up-to-date symlink: /home/maanavjugalshah/SwarmAero/ros2_ws/install/px4_msgs/include/px4_msgs/px4_msgs/msg/detail/autotune_attitude_control_status__struct.h\n'}
[1.178219] (px4_msgs) StdoutLine: {'line': b'-- Up-to-date symlink: /home/maanavjugalshah/SwarmAero/ros2_ws/install/px4_msgs/include/px4_msgs/px4_msgs/msg/detail/autotune_attitude_control_status__type_support.h\n'}
[1.178512] (px4_msgs) StdoutLine: {'line': b'-- Up-to-date symlink: /home/maanavjugalshah/SwarmAero/ros2_ws/install/px4_msgs/include/px4_msgs/px4_msgs/msg/detail/aux_global_position__functions.h\n'}
[1.178699] (px4_msgs) StdoutLine: {'line': b'-- Up-to-date symlink: /home/maanavjugalshah/SwarmAero/ros2_ws/install/px4_msgs/include/px4_msgs/px4_msgs/msg/detail/aux_global_position__struct.h\n'}
[1.179086] (px4_msgs) StdoutLine: {'line': b'-- Up-to-date symlink: /home/maanavjugalshah/SwarmAero/ros2_ws/install/px4_msgs/include/px4_msgs/px4_msgs/msg/detail/aux_global_position__type_support.h\n'}
[1.179290] (px4_msgs) StdoutLine: {'line': b'-- Up-to-date symlink: /home/maanavjugalshah/SwarmAero/ros2_ws/install/px4_msgs/include/px4_msgs/px4_msgs/msg/detail/battery_info__functions.h\n'}
[1.179360] (px4_msgs) StdoutLine: {'line': b'-- Up-to-date symlink: /home/maanavjugalshah/SwarmAero/ros2_ws/install/px4_msgs/include/px4_msgs/px4_msgs/msg/detail/battery_info__struct.h\n'}
[1.180249] (px4_msgs) StdoutLine: {'line': b'-- Up-to-date symlink: /home/maanavjugalshah/SwarmAero/ros2_ws/install/px4_msgs/include/px4_msgs/px4_msgs/msg/detail/battery_info__type_support.h\n'}
[1.180616] (px4_msgs) StdoutLine: {'line': b'-- Up-to-date symlink: /home/maanavjugalshah/SwarmAero/ros2_ws/install/px4_msgs/include/px4_msgs/px4_msgs/msg/detail/battery_status__functions.h\n'}
[1.180761] (px4_msgs) StdoutLine: {'line': b'-- Up-to-date symlink: /home/maanavjugalshah/SwarmAero/ros2_ws/install/px4_msgs/include/px4_msgs/px4_msgs/msg/detail/battery_status__struct.h\n'}
[1.180885] (px4_msgs) StdoutLine: {'line': b'-- Up-to-date symlink: /home/maanavjugalshah/SwarmAero/ros2_ws/install/px4_msgs/include/px4_msgs/px4_msgs/msg/detail/battery_status__type_support.h\n'}
[1.180986] (px4_msgs) StdoutLine: {'line': b'-- Up-to-date symlink: /home/maanavjugalshah/SwarmAero/ros2_ws/install/px4_msgs/include/px4_msgs/px4_msgs/msg/detail/button_event__functions.h\n'}
[1.181071] (px4_msgs) StdoutLine: {'line': b'-- Up-to-date symlink: /home/maanavjugalshah/SwarmAero/ros2_ws/install/px4_msgs/include/px4_msgs/px4_msgs/msg/detail/button_event__struct.h\n'}
[1.181153] (px4_msgs) StdoutLine: {'line': b'-- Up-to-date symlink: /home/maanavjugalshah/SwarmAero/ros2_ws/install/px4_msgs/include/px4_msgs/px4_msgs/msg/detail/button_event__type_support.h\n'}
[1.181219] (px4_msgs) StdoutLine: {'line': b'-- Up-to-date symlink: /home/maanavjugalshah/SwarmAero/ros2_ws/install/px4_msgs/include/px4_msgs/px4_msgs/msg/detail/camera_capture__functions.h\n'}
[1.181341] (px4_msgs) StdoutLine: {'line': b'-- Up-to-date symlink: /home/maanavjugalshah/SwarmAero/ros2_ws/install/px4_msgs/include/px4_msgs/px4_msgs/msg/detail/camera_capture__struct.h\n'}
[1.181638] (px4_msgs) StdoutLine: {'line': b'-- Up-to-date symlink: /home/maanavjugalshah/SwarmAero/ros2_ws/install/px4_msgs/include/px4_msgs/px4_msgs/msg/detail/camera_capture__type_support.h\n'}
[1.181810] (px4_msgs) StdoutLine: {'line': b'-- Up-to-date symlink: /home/maanavjugalshah/SwarmAero/ros2_ws/install/px4_msgs/include/px4_msgs/px4_msgs/msg/detail/camera_status__functions.h\n'}
[1.181856] (px4_msgs) StdoutLine: {'line': b'-- Up-to-date symlink: /home/maanavjugalshah/SwarmAero/ros2_ws/install/px4_msgs/include/px4_msgs/px4_msgs/msg/detail/camera_status__struct.h\n'}
[1.181977] (px4_msgs) StdoutLine: {'line': b'-- Up-to-date symlink: /home/maanavjugalshah/SwarmAero/ros2_ws/install/px4_msgs/include/px4_msgs/px4_msgs/msg/detail/camera_status__type_support.h\n'}
[1.182624] (px4_msgs) StdoutLine: {'line': b'-- Up-to-date symlink: /home/maanavjugalshah/SwarmAero/ros2_ws/install/px4_msgs/include/px4_msgs/px4_msgs/msg/detail/camera_trigger__functions.h\n'}
[1.182809] (px4_msgs) StdoutLine: {'line': b'-- Up-to-date symlink: /home/maanavjugalshah/SwarmAero/ros2_ws/install/px4_msgs/include/px4_msgs/px4_msgs/msg/detail/camera_trigger__struct.h\n'}
[1.182991] (px4_msgs) StdoutLine: {'line': b'-- Up-to-date symlink: /home/maanavjugalshah/SwarmAero/ros2_ws/install/px4_msgs/include/px4_msgs/px4_msgs/msg/detail/camera_trigger__type_support.h\n'}
[1.183408] (px4_msgs) StdoutLine: {'line': b'-- Up-to-date symlink: /home/maanavjugalshah/SwarmAero/ros2_ws/install/px4_msgs/include/px4_msgs/px4_msgs/msg/detail/can_interface_status__functions.h\n'}
[1.183517] (px4_msgs) StdoutLine: {'line': b'-- Up-to-date symlink: /home/maanavjugalshah/SwarmAero/ros2_ws/install/px4_msgs/include/px4_msgs/px4_msgs/msg/detail/can_interface_status__struct.h\n'}
[1.183688] (px4_msgs) StdoutLine: {'line': b'-- Up-to-date symlink: /home/maanavjugalshah/SwarmAero/ros2_ws/install/px4_msgs/include/px4_msgs/px4_msgs/msg/detail/can_interface_status__type_support.h\n'}
[1.183978] (px4_msgs) StdoutLine: {'line': b'-- Up-to-date symlink: /home/maanavjugalshah/SwarmAero/ros2_ws/install/px4_msgs/include/px4_msgs/px4_msgs/msg/detail/cellular_status__functions.h\n'}
[1.184412] (px4_msgs) StdoutLine: {'line': b'-- Up-to-date symlink: /home/maanavjugalshah/SwarmAero/ros2_ws/install/px4_msgs/include/px4_msgs/px4_msgs/msg/detail/cellular_status__struct.h\n'}
[1.184878] (px4_msgs) StdoutLine: {'line': b'-- Up-to-date symlink: /home/maanavjugalshah/SwarmAero/ros2_ws/install/px4_msgs/include/px4_msgs/px4_msgs/msg/detail/cellular_status__type_support.h\n'}
[1.185377] (px4_msgs) StdoutLine: {'line': b'-- Up-to-date symlink: /home/maanavjugalshah/SwarmAero/ros2_ws/install/px4_msgs/include/px4_msgs/px4_msgs/msg/detail/collision_constraints__functions.h\n'}
[1.185681] (px4_msgs) StdoutLine: {'line': b'-- Up-to-date symlink: /home/maanavjugalshah/SwarmAero/ros2_ws/install/px4_msgs/include/px4_msgs/px4_msgs/msg/detail/collision_constraints__struct.h\n'}
[1.185959] (px4_msgs) StdoutLine: {'line': b'-- Up-to-date symlink: /home/maanavjugalshah/SwarmAero/ros2_ws/install/px4_msgs/include/px4_msgs/px4_msgs/msg/detail/collision_constraints__type_support.h\n'}
[1.186105] (px4_msgs) StdoutLine: {'line': b'-- Up-to-date symlink: /home/maanavjugalshah/SwarmAero/ros2_ws/install/px4_msgs/include/px4_msgs/px4_msgs/msg/detail/config_overrides__functions.h\n'}
[1.186167] (px4_msgs) StdoutLine: {'line': b'-- Up-to-date symlink: /home/maanavjugalshah/SwarmAero/ros2_ws/install/px4_msgs/include/px4_msgs/px4_msgs/msg/detail/config_overrides__struct.h\n'}
[1.186485] (px4_msgs) StdoutLine: {'line': b'-- Up-to-date symlink: /home/maanavjugalshah/SwarmAero/ros2_ws/install/px4_msgs/include/px4_msgs/px4_msgs/msg/detail/config_overrides__type_support.h\n'}
[1.186544] (px4_msgs) StdoutLine: {'line': b'-- Up-to-date symlink: /home/maanavjugalshah/SwarmAero/ros2_ws/install/px4_msgs/include/px4_msgs/px4_msgs/msg/detail/control_allocator_status__functions.h\n'}
[1.186616] (px4_msgs) StdoutLine: {'line': b'-- Up-to-date symlink: /home/maanavjugalshah/SwarmAero/ros2_ws/install/px4_msgs/include/px4_msgs/px4_msgs/msg/detail/control_allocator_status__struct.h\n'}
[1.186684] (px4_msgs) StdoutLine: {'line': b'-- Up-to-date symlink: /home/maanavjugalshah/SwarmAero/ros2_ws/install/px4_msgs/include/px4_msgs/px4_msgs/msg/detail/control_allocator_status__type_support.h\n'}
[1.186737] (px4_msgs) StdoutLine: {'line': b'-- Up-to-date symlink: /home/maanavjugalshah/SwarmAero/ros2_ws/install/px4_msgs/include/px4_msgs/px4_msgs/msg/detail/cpuload__functions.h\n'}
[1.186827] (px4_msgs) StdoutLine: {'line': b'-- Up-to-date symlink: /home/maanavjugalshah/SwarmAero/ros2_ws/install/px4_msgs/include/px4_msgs/px4_msgs/msg/detail/cpuload__struct.h\n'}
[1.186920] (px4_msgs) StdoutLine: {'line': b'-- Up-to-date symlink: /home/maanavjugalshah/SwarmAero/ros2_ws/install/px4_msgs/include/px4_msgs/px4_msgs/msg/detail/cpuload__type_support.h\n'}
[1.187031] (px4_msgs) StdoutLine: {'line': b'-- Up-to-date symlink: /home/maanavjugalshah/SwarmAero/ros2_ws/install/px4_msgs/include/px4_msgs/px4_msgs/msg/detail/dataman_request__functions.h\n'}
[1.187126] (px4_msgs) StdoutLine: {'line': b'-- Up-to-date symlink: /home/maanavjugalshah/SwarmAero/ros2_ws/install/px4_msgs/include/px4_msgs/px4_msgs/msg/detail/dataman_request__struct.h\n'}
[1.187236] (px4_msgs) StdoutLine: {'line': b'-- Up-to-date symlink: /home/maanavjugalshah/SwarmAero/ros2_ws/install/px4_msgs/include/px4_msgs/px4_msgs/msg/detail/dataman_request__type_support.h\n'}
[1.187298] (px4_msgs) StdoutLine: {'line': b'-- Up-to-date symlink: /home/maanavjugalshah/SwarmAero/ros2_ws/install/px4_msgs/include/px4_msgs/px4_msgs/msg/detail/dataman_response__functions.h\n'}
[1.187714] (px4_msgs) StdoutLine: {'line': b'-- Up-to-date symlink: /home/maanavjugalshah/SwarmAero/ros2_ws/install/px4_msgs/include/px4_msgs/px4_msgs/msg/detail/dataman_response__struct.h\n'}
[1.188192] (px4_msgs) StdoutLine: {'line': b'-- Up-to-date symlink: /home/maanavjugalshah/SwarmAero/ros2_ws/install/px4_msgs/include/px4_msgs/px4_msgs/msg/detail/dataman_response__type_support.h\n'}
[1.188431] (px4_msgs) StdoutLine: {'line': b'-- Up-to-date symlink: /home/maanavjugalshah/SwarmAero/ros2_ws/install/px4_msgs/include/px4_msgs/px4_msgs/msg/detail/debug_array__functions.h\n'}
[1.188502] (px4_msgs) StdoutLine: {'line': b'-- Up-to-date symlink: /home/maanavjugalshah/SwarmAero/ros2_ws/install/px4_msgs/include/px4_msgs/px4_msgs/msg/detail/debug_array__struct.h\n'}
[1.188633] (px4_msgs) StdoutLine: {'line': b'-- Up-to-date symlink: /home/maanavjugalshah/SwarmAero/ros2_ws/install/px4_msgs/include/px4_msgs/px4_msgs/msg/detail/debug_array__type_support.h\n'}
[1.188841] (px4_msgs) StdoutLine: {'line': b'-- Up-to-date symlink: /home/maanavjugalshah/SwarmAero/ros2_ws/install/px4_msgs/include/px4_msgs/px4_msgs/msg/detail/debug_key_value__functions.h\n'}
[1.188904] (px4_msgs) StdoutLine: {'line': b'-- Up-to-date symlink: /home/maanavjugalshah/SwarmAero/ros2_ws/install/px4_msgs/include/px4_msgs/px4_msgs/msg/detail/debug_key_value__struct.h\n'}
[1.188958] (px4_msgs) StdoutLine: {'line': b'-- Up-to-date symlink: /home/maanavjugalshah/SwarmAero/ros2_ws/install/px4_msgs/include/px4_msgs/px4_msgs/msg/detail/debug_key_value__type_support.h\n'}
[1.189007] (px4_msgs) StdoutLine: {'line': b'-- Up-to-date symlink: /home/maanavjugalshah/SwarmAero/ros2_ws/install/px4_msgs/include/px4_msgs/px4_msgs/msg/detail/debug_value__functions.h\n'}
[1.189055] (px4_msgs) StdoutLine: {'line': b'-- Up-to-date symlink: /home/maanavjugalshah/SwarmAero/ros2_ws/install/px4_msgs/include/px4_msgs/px4_msgs/msg/detail/debug_value__struct.h\n'}
[1.189210] (px4_msgs) StdoutLine: {'line': b'-- Up-to-date symlink: /home/maanavjugalshah/SwarmAero/ros2_ws/install/px4_msgs/include/px4_msgs/px4_msgs/msg/detail/debug_value__type_support.h\n'}
[1.189267] (px4_msgs) StdoutLine: {'line': b'-- Up-to-date symlink: /home/maanavjugalshah/SwarmAero/ros2_ws/install/px4_msgs/include/px4_msgs/px4_msgs/msg/detail/debug_vect__functions.h\n'}
[1.189317] (px4_msgs) StdoutLine: {'line': b'-- Up-to-date symlink: /home/maanavjugalshah/SwarmAero/ros2_ws/install/px4_msgs/include/px4_msgs/px4_msgs/msg/detail/debug_vect__struct.h\n'}
[1.189376] (px4_msgs) StdoutLine: {'line': b'-- Up-to-date symlink: /home/maanavjugalshah/SwarmAero/ros2_ws/install/px4_msgs/include/px4_msgs/px4_msgs/msg/detail/debug_vect__type_support.h\n'}
[1.189427] (px4_msgs) StdoutLine: {'line': b'-- Up-to-date symlink: /home/maanavjugalshah/SwarmAero/ros2_ws/install/px4_msgs/include/px4_msgs/px4_msgs/msg/detail/device_information__functions.h\n'}
[1.189475] (px4_msgs) StdoutLine: {'line': b'-- Up-to-date symlink: /home/maanavjugalshah/SwarmAero/ros2_ws/install/px4_msgs/include/px4_msgs/px4_msgs/msg/detail/device_information__struct.h\n'}
[1.189524] (px4_msgs) StdoutLine: {'line': b'-- Up-to-date symlink: /home/maanavjugalshah/SwarmAero/ros2_ws/install/px4_msgs/include/px4_msgs/px4_msgs/msg/detail/device_information__type_support.h\n'}
[1.189573] (px4_msgs) StdoutLine: {'line': b'-- Up-to-date symlink: /home/maanavjugalshah/SwarmAero/ros2_ws/install/px4_msgs/include/px4_msgs/px4_msgs/msg/detail/differential_pressure__functions.h\n'}
[1.189862] (px4_msgs) StdoutLine: {'line': b'-- Up-to-date symlink: /home/maanavjugalshah/SwarmAero/ros2_ws/install/px4_msgs/include/px4_msgs/px4_msgs/msg/detail/differential_pressure__struct.h\n'}
[1.189972] (px4_msgs) StdoutLine: {'line': b'-- Up-to-date symlink: /home/maanavjugalshah/SwarmAero/ros2_ws/install/px4_msgs/include/px4_msgs/px4_msgs/msg/detail/differential_pressure__type_support.h\n'}
[1.190086] (px4_msgs) StdoutLine: {'line': b'-- Up-to-date symlink: /home/maanavjugalshah/SwarmAero/ros2_ws/install/px4_msgs/include/px4_msgs/px4_msgs/msg/detail/distance_sensor__functions.h\n'}
[1.190153] (px4_msgs) StdoutLine: {'line': b'-- Up-to-date symlink: /home/maanavjugalshah/SwarmAero/ros2_ws/install/px4_msgs/include/px4_msgs/px4_msgs/msg/detail/distance_sensor__struct.h\n'}
[1.190242] (px4_msgs) StdoutLine: {'line': b'-- Up-to-date symlink: /home/maanavjugalshah/SwarmAero/ros2_ws/install/px4_msgs/include/px4_msgs/px4_msgs/msg/detail/distance_sensor__type_support.h\n'}
[1.190334] (px4_msgs) StdoutLine: {'line': b'-- Up-to-date symlink: /home/maanavjugalshah/SwarmAero/ros2_ws/install/px4_msgs/include/px4_msgs/px4_msgs/msg/detail/distance_sensor_mode_change_request__functions.h\n'}
[1.190440] (px4_msgs) StdoutLine: {'line': b'-- Up-to-date symlink: /home/maanavjugalshah/SwarmAero/ros2_ws/install/px4_msgs/include/px4_msgs/px4_msgs/msg/detail/distance_sensor_mode_change_request__struct.h\n'}
[1.190495] (px4_msgs) StdoutLine: {'line': b'-- Up-to-date symlink: /home/maanavjugalshah/SwarmAero/ros2_ws/install/px4_msgs/include/px4_msgs/px4_msgs/msg/detail/distance_sensor_mode_change_request__type_support.h\n'}
[1.190545] (px4_msgs) StdoutLine: {'line': b'-- Up-to-date symlink: /home/maanavjugalshah/SwarmAero/ros2_ws/install/px4_msgs/include/px4_msgs/px4_msgs/msg/detail/dronecan_node_status__functions.h\n'}
[1.190595] (px4_msgs) StdoutLine: {'line': b'-- Up-to-date symlink: /home/maanavjugalshah/SwarmAero/ros2_ws/install/px4_msgs/include/px4_msgs/px4_msgs/msg/detail/dronecan_node_status__struct.h\n'}
[1.190746] (px4_msgs) StdoutLine: {'line': b'-- Up-to-date symlink: /home/maanavjugalshah/SwarmAero/ros2_ws/install/px4_msgs/include/px4_msgs/px4_msgs/msg/detail/dronecan_node_status__type_support.h\n'}
[1.190889] (px4_msgs) StdoutLine: {'line': b'-- Up-to-date symlink: /home/maanavjugalshah/SwarmAero/ros2_ws/install/px4_msgs/include/px4_msgs/px4_msgs/msg/detail/ekf2_timestamps__functions.h\n'}
[1.191079] (px4_msgs) StdoutLine: {'line': b'-- Up-to-date symlink: /home/maanavjugalshah/SwarmAero/ros2_ws/install/px4_msgs/include/px4_msgs/px4_msgs/msg/detail/ekf2_timestamps__struct.h\n'}
[1.191784] (px4_msgs) StdoutLine: {'line': b'-- Up-to-date symlink: /home/maanavjugalshah/SwarmAero/ros2_ws/install/px4_msgs/include/px4_msgs/px4_msgs/msg/detail/ekf2_timestamps__type_support.h\n'}
[1.192195] (px4_msgs) StdoutLine: {'line': b'-- Up-to-date symlink: /home/maanavjugalshah/SwarmAero/ros2_ws/install/px4_msgs/include/px4_msgs/px4_msgs/msg/detail/esc_eeprom_read__functions.h\n'}
[1.192302] (px4_msgs) StdoutLine: {'line': b'-- Up-to-date symlink: /home/maanavjugalshah/SwarmAero/ros2_ws/install/px4_msgs/include/px4_msgs/px4_msgs/msg/detail/esc_eeprom_read__struct.h\n'}
[1.192503] (px4_msgs) StdoutLine: {'line': b'-- Up-to-date symlink: /home/maanavjugalshah/SwarmAero/ros2_ws/install/px4_msgs/include/px4_msgs/px4_msgs/msg/detail/esc_eeprom_read__type_support.h\n'}
[1.192745] (px4_msgs) StdoutLine: {'line': b'-- Up-to-date symlink: /home/maanavjugalshah/SwarmAero/ros2_ws/install/px4_msgs/include/px4_msgs/px4_msgs/msg/detail/esc_eeprom_write__functions.h\n'}
[1.192823] (px4_msgs) StdoutLine: {'line': b'-- Up-to-date symlink: /home/maanavjugalshah/SwarmAero/ros2_ws/install/px4_msgs/include/px4_msgs/px4_msgs/msg/detail/esc_eeprom_write__struct.h\n'}
[1.193018] (px4_msgs) StdoutLine: {'line': b'-- Up-to-date symlink: /home/maanavjugalshah/SwarmAero/ros2_ws/install/px4_msgs/include/px4_msgs/px4_msgs/msg/detail/esc_eeprom_write__type_support.h\n'}
[1.193296] (px4_msgs) StdoutLine: {'line': b'-- Up-to-date symlink: /home/maanavjugalshah/SwarmAero/ros2_ws/install/px4_msgs/include/px4_msgs/px4_msgs/msg/detail/esc_report__functions.h\n'}
[1.194017] (px4_msgs) StdoutLine: {'line': b'-- Up-to-date symlink: /home/maanavjugalshah/SwarmAero/ros2_ws/install/px4_msgs/include/px4_msgs/px4_msgs/msg/detail/esc_report__struct.h\n'}
[1.194646] (px4_msgs) StdoutLine: {'line': b'-- Up-to-date symlink: /home/maanavjugalshah/SwarmAero/ros2_ws/install/px4_msgs/include/px4_msgs/px4_msgs/msg/detail/esc_report__type_support.h\n'}
[1.194955] (px4_msgs) StdoutLine: {'line': b'-- Up-to-date symlink: /home/maanavjugalshah/SwarmAero/ros2_ws/install/px4_msgs/include/px4_msgs/px4_msgs/msg/detail/esc_status__functions.h\n'}
[1.195094] (px4_msgs) StdoutLine: {'line': b'-- Up-to-date symlink: /home/maanavjugalshah/SwarmAero/ros2_ws/install/px4_msgs/include/px4_msgs/px4_msgs/msg/detail/esc_status__struct.h\n'}
[1.195474] (px4_msgs) StdoutLine: {'line': b'-- Up-to-date symlink: /home/maanavjugalshah/SwarmAero/ros2_ws/install/px4_msgs/include/px4_msgs/px4_msgs/msg/detail/esc_status__type_support.h\n'}
[1.195913] (px4_msgs) StdoutLine: {'line': b'-- Up-to-date symlink: /home/maanavjugalshah/SwarmAero/ros2_ws/install/px4_msgs/include/px4_msgs/px4_msgs/msg/detail/estimator_aid_source1d__functions.h\n'}
[1.196378] (px4_msgs) StdoutLine: {'line': b'-- Up-to-date symlink: /home/maanavjugalshah/SwarmAero/ros2_ws/install/px4_msgs/include/px4_msgs/px4_msgs/msg/detail/estimator_aid_source1d__struct.h\n'}
[1.196555] (px4_msgs) StdoutLine: {'line': b'-- Up-to-date symlink: /home/maanavjugalshah/SwarmAero/ros2_ws/install/px4_msgs/include/px4_msgs/px4_msgs/msg/detail/estimator_aid_source1d__type_support.h\n'}
[1.196625] (px4_msgs) StdoutLine: {'line': b'-- Up-to-date symlink: /home/maanavjugalshah/SwarmAero/ros2_ws/install/px4_msgs/include/px4_msgs/px4_msgs/msg/detail/estimator_aid_source2d__functions.h\n'}
[1.196674] (px4_msgs) StdoutLine: {'line': b'-- Up-to-date symlink: /home/maanavjugalshah/SwarmAero/ros2_ws/install/px4_msgs/include/px4_msgs/px4_msgs/msg/detail/estimator_aid_source2d__struct.h\n'}
[1.197439] (px4_msgs) StdoutLine: {'line': b'-- Up-to-date symlink: /home/maanavjugalshah/SwarmAero/ros2_ws/install/px4_msgs/include/px4_msgs/px4_msgs/msg/detail/estimator_aid_source2d__type_support.h\n'}
[1.198114] (px4_msgs) StdoutLine: {'line': b'-- Up-to-date symlink: /home/maanavjugalshah/SwarmAero/ros2_ws/install/px4_msgs/include/px4_msgs/px4_msgs/msg/detail/estimator_aid_source3d__functions.h\n'}
[1.198358] (px4_msgs) StdoutLine: {'line': b'-- Up-to-date symlink: /home/maanavjugalshah/SwarmAero/ros2_ws/install/px4_msgs/include/px4_msgs/px4_msgs/msg/detail/estimator_aid_source3d__struct.h\n'}
[1.198626] (px4_msgs) StdoutLine: {'line': b'-- Up-to-date symlink: /home/maanavjugalshah/SwarmAero/ros2_ws/install/px4_msgs/include/px4_msgs/px4_msgs/msg/detail/estimator_aid_source3d__type_support.h\n'}
[1.199052] (px4_msgs) StdoutLine: {'line': b'-- Up-to-date symlink: /home/maanavjugalshah/SwarmAero/ros2_ws/install/px4_msgs/include/px4_msgs/px4_msgs/msg/detail/estimator_bias3d__functions.h\n'}
[1.199809] (px4_msgs) StdoutLine: {'line': b'-- Up-to-date symlink: /home/maanavjugalshah/SwarmAero/ros2_ws/install/px4_msgs/include/px4_msgs/px4_msgs/msg/detail/estimator_bias3d__struct.h\n'}
[1.199968] (px4_msgs) StdoutLine: {'line': b'-- Up-to-date symlink: /home/maanavjugalshah/SwarmAero/ros2_ws/install/px4_msgs/include/px4_msgs/px4_msgs/msg/detail/estimator_bias3d__type_support.h\n'}
[1.200192] (px4_msgs) StdoutLine: {'line': b'-- Up-to-date symlink: /home/maanavjugalshah/SwarmAero/ros2_ws/install/px4_msgs/include/px4_msgs/px4_msgs/msg/detail/estimator_bias__functions.h\n'}
[1.200527] (px4_msgs) StdoutLine: {'line': b'-- Up-to-date symlink: /home/maanavjugalshah/SwarmAero/ros2_ws/install/px4_msgs/include/px4_msgs/px4_msgs/msg/detail/estimator_bias__struct.h\n'}
[1.200678] (px4_msgs) StdoutLine: {'line': b'-- Up-to-date symlink: /home/maanavjugalshah/SwarmAero/ros2_ws/install/px4_msgs/include/px4_msgs/px4_msgs/msg/detail/estimator_bias__type_support.h\n'}
[1.200805] (px4_msgs) StdoutLine: {'line': b'-- Up-to-date symlink: /home/maanavjugalshah/SwarmAero/ros2_ws/install/px4_msgs/include/px4_msgs/px4_msgs/msg/detail/estimator_event_flags__functions.h\n'}
[1.200890] (px4_msgs) StdoutLine: {'line': b'-- Up-to-date symlink: /home/maanavjugalshah/SwarmAero/ros2_ws/install/px4_msgs/include/px4_msgs/px4_msgs/msg/detail/estimator_event_flags__struct.h\n'}
[1.201171] (px4_msgs) StdoutLine: {'line': b'-- Up-to-date symlink: /home/maanavjugalshah/SwarmAero/ros2_ws/install/px4_msgs/include/px4_msgs/px4_msgs/msg/detail/estimator_event_flags__type_support.h\n'}
[1.201272] (px4_msgs) StdoutLine: {'line': b'-- Up-to-date symlink: /home/maanavjugalshah/SwarmAero/ros2_ws/install/px4_msgs/include/px4_msgs/px4_msgs/msg/detail/estimator_fusion_control__functions.h\n'}
[1.201691] (px4_msgs) StdoutLine: {'line': b'-- Up-to-date symlink: /home/maanavjugalshah/SwarmAero/ros2_ws/install/px4_msgs/include/px4_msgs/px4_msgs/msg/detail/estimator_fusion_control__struct.h\n'}
[1.201819] (px4_msgs) StdoutLine: {'line': b'-- Up-to-date symlink: /home/maanavjugalshah/SwarmAero/ros2_ws/install/px4_msgs/include/px4_msgs/px4_msgs/msg/detail/estimator_fusion_control__type_support.h\n'}
[1.202449] (-) TimerEvent: {}
[1.202751] (px4_msgs) StdoutLine: {'line': b'-- Up-to-date symlink: /home/maanavjugalshah/SwarmAero/ros2_ws/install/px4_msgs/include/px4_msgs/px4_msgs/msg/detail/estimator_gps_status__functions.h\n'}
[1.203269] (px4_msgs) StdoutLine: {'line': b'-- Up-to-date symlink: /home/maanavjugalshah/SwarmAero/ros2_ws/install/px4_msgs/include/px4_msgs/px4_msgs/msg/detail/estimator_gps_status__struct.h\n'}
[1.203945] (px4_msgs) StdoutLine: {'line': b'-- Up-to-date symlink: /home/maanavjugalshah/SwarmAero/ros2_ws/install/px4_msgs/include/px4_msgs/px4_msgs/msg/detail/estimator_gps_status__type_support.h\n'}
[1.204146] (px4_msgs) StdoutLine: {'line': b'-- Up-to-date symlink: /home/maanavjugalshah/SwarmAero/ros2_ws/install/px4_msgs/include/px4_msgs/px4_msgs/msg/detail/estimator_innovations__functions.h\n'}
[1.204409] (px4_msgs) StdoutLine: {'line': b'-- Up-to-date symlink: /home/maanavjugalshah/SwarmAero/ros2_ws/install/px4_msgs/include/px4_msgs/px4_msgs/msg/detail/estimator_innovations__struct.h\n'}
[1.204690] (px4_msgs) StdoutLine: {'line': b'-- Up-to-date symlink: /home/maanavjugalshah/SwarmAero/ros2_ws/install/px4_msgs/include/px4_msgs/px4_msgs/msg/detail/estimator_innovations__type_support.h\n'}
[1.205055] (px4_msgs) StdoutLine: {'line': b'-- Up-to-date symlink: /home/maanavjugalshah/SwarmAero/ros2_ws/install/px4_msgs/include/px4_msgs/px4_msgs/msg/detail/estimator_selector_status__functions.h\n'}
[1.205173] (px4_msgs) StdoutLine: {'line': b'-- Up-to-date symlink: /home/maanavjugalshah/SwarmAero/ros2_ws/install/px4_msgs/include/px4_msgs/px4_msgs/msg/detail/estimator_selector_status__struct.h\n'}
[1.205248] (px4_msgs) StdoutLine: {'line': b'-- Up-to-date symlink: /home/maanavjugalshah/SwarmAero/ros2_ws/install/px4_msgs/include/px4_msgs/px4_msgs/msg/detail/estimator_selector_status__type_support.h\n'}
[1.205359] (px4_msgs) StdoutLine: {'line': b'-- Up-to-date symlink: /home/maanavjugalshah/SwarmAero/ros2_ws/install/px4_msgs/include/px4_msgs/px4_msgs/msg/detail/estimator_sensor_bias__functions.h\n'}
[1.205413] (px4_msgs) StdoutLine: {'line': b'-- Up-to-date symlink: /home/maanavjugalshah/SwarmAero/ros2_ws/install/px4_msgs/include/px4_msgs/px4_msgs/msg/detail/estimator_sensor_bias__struct.h\n'}
[1.205457] (px4_msgs) StdoutLine: {'line': b'-- Up-to-date symlink: /home/maanavjugalshah/SwarmAero/ros2_ws/install/px4_msgs/include/px4_msgs/px4_msgs/msg/detail/estimator_sensor_bias__type_support.h\n'}
[1.205494] (px4_msgs) StdoutLine: {'line': b'-- Up-to-date symlink: /home/maanavjugalshah/SwarmAero/ros2_ws/install/px4_msgs/include/px4_msgs/px4_msgs/msg/detail/estimator_states__functions.h\n'}
[1.205530] (px4_msgs) StdoutLine: {'line': b'-- Up-to-date symlink: /home/maanavjugalshah/SwarmAero/ros2_ws/install/px4_msgs/include/px4_msgs/px4_msgs/msg/detail/estimator_states__struct.h\n'}
[1.205566] (px4_msgs) StdoutLine: {'line': b'-- Up-to-date symlink: /home/maanavjugalshah/SwarmAero/ros2_ws/install/px4_msgs/include/px4_msgs/px4_msgs/msg/detail/estimator_states__type_support.h\n'}
[1.205603] (px4_msgs) StdoutLine: {'line': b'-- Up-to-date symlink: /home/maanavjugalshah/SwarmAero/ros2_ws/install/px4_msgs/include/px4_msgs/px4_msgs/msg/detail/estimator_status__functions.h\n'}
[1.205640] (px4_msgs) StdoutLine: {'line': b'-- Up-to-date symlink: /home/maanavjugalshah/SwarmAero/ros2_ws/install/px4_msgs/include/px4_msgs/px4_msgs/msg/detail/estimator_status__struct.h\n'}
[1.205675] (px4_msgs) StdoutLine: {'line': b'-- Up-to-date symlink: /home/maanavjugalshah/SwarmAero/ros2_ws/install/px4_msgs/include/px4_msgs/px4_msgs/msg/detail/estimator_status__type_support.h\n'}
[1.205709] (px4_msgs) StdoutLine: {'line': b'-- Up-to-date symlink: /home/maanavjugalshah/SwarmAero/ros2_ws/install/px4_msgs/include/px4_msgs/px4_msgs/msg/detail/estimator_status_flags__functions.h\n'}
[1.205743] (px4_msgs) StdoutLine: {'line': b'-- Up-to-date symlink: /home/maanavjugalshah/SwarmAero/ros2_ws/install/px4_msgs/include/px4_msgs/px4_msgs/msg/detail/estimator_status_flags__struct.h\n'}
[1.205776] (px4_msgs) StdoutLine: {'line': b'-- Up-to-date symlink: /home/maanavjugalshah/SwarmAero/ros2_ws/install/px4_msgs/include/px4_msgs/px4_msgs/msg/detail/estimator_status_flags__type_support.h\n'}
[1.206094] (px4_msgs) StdoutLine: {'line': b'-- Up-to-date symlink: /home/maanavjugalshah/SwarmAero/ros2_ws/install/px4_msgs/include/px4_msgs/px4_msgs/msg/detail/event__functions.h\n'}
[1.206508] (px4_msgs) StdoutLine: {'line': b'-- Up-to-date symlink: /home/maanavjugalshah/SwarmAero/ros2_ws/install/px4_msgs/include/px4_msgs/px4_msgs/msg/detail/event__struct.h\n'}
[1.206705] (px4_msgs) StdoutLine: {'line': b'-- Up-to-date symlink: /home/maanavjugalshah/SwarmAero/ros2_ws/install/px4_msgs/include/px4_msgs/px4_msgs/msg/detail/event__type_support.h\n'}
[1.206984] (px4_msgs) StdoutLine: {'line': b'-- Up-to-date symlink: /home/maanavjugalshah/SwarmAero/ros2_ws/install/px4_msgs/include/px4_msgs/px4_msgs/msg/detail/failsafe_flags__functions.h\n'}
[1.207130] (px4_msgs) StdoutLine: {'line': b'-- Up-to-date symlink: /home/maanavjugalshah/SwarmAero/ros2_ws/install/px4_msgs/include/px4_msgs/px4_msgs/msg/detail/failsafe_flags__struct.h\n'}
[1.207214] (px4_msgs) StdoutLine: {'line': b'-- Up-to-date symlink: /home/maanavjugalshah/SwarmAero/ros2_ws/install/px4_msgs/include/px4_msgs/px4_msgs/msg/detail/failsafe_flags__type_support.h\n'}
[1.207353] (px4_msgs) StdoutLine: {'line': b'-- Up-to-date symlink: /home/maanavjugalshah/SwarmAero/ros2_ws/install/px4_msgs/include/px4_msgs/px4_msgs/msg/detail/failure_detector_status__functions.h\n'}
[1.207668] (px4_msgs) StdoutLine: {'line': b'-- Up-to-date symlink: /home/maanavjugalshah/SwarmAero/ros2_ws/install/px4_msgs/include/px4_msgs/px4_msgs/msg/detail/failure_detector_status__struct.h\n'}
[1.207767] (px4_msgs) StdoutLine: {'line': b'-- Up-to-date symlink: /home/maanavjugalshah/SwarmAero/ros2_ws/install/px4_msgs/include/px4_msgs/px4_msgs/msg/detail/failure_detector_status__type_support.h\n'}
[1.207960] (px4_msgs) StdoutLine: {'line': b'-- Up-to-date symlink: /home/maanavjugalshah/SwarmAero/ros2_ws/install/px4_msgs/include/px4_msgs/px4_msgs/msg/detail/figure_eight_status__functions.h\n'}
[1.208012] (px4_msgs) StdoutLine: {'line': b'-- Up-to-date symlink: /home/maanavjugalshah/SwarmAero/ros2_ws/install/px4_msgs/include/px4_msgs/px4_msgs/msg/detail/figure_eight_status__struct.h\n'}
[1.208269] (px4_msgs) StdoutLine: {'line': b'-- Up-to-date symlink: /home/maanavjugalshah/SwarmAero/ros2_ws/install/px4_msgs/include/px4_msgs/px4_msgs/msg/detail/figure_eight_status__type_support.h\n'}
[1.208363] (px4_msgs) StdoutLine: {'line': b'-- Up-to-date symlink: /home/maanavjugalshah/SwarmAero/ros2_ws/install/px4_msgs/include/px4_msgs/px4_msgs/msg/detail/fixed_wing_lateral_guidance_status__functions.h\n'}
[1.208503] (px4_msgs) StdoutLine: {'line': b'-- Up-to-date symlink: /home/maanavjugalshah/SwarmAero/ros2_ws/install/px4_msgs/include/px4_msgs/px4_msgs/msg/detail/fixed_wing_lateral_guidance_status__struct.h\n'}
[1.208550] (px4_msgs) StdoutLine: {'line': b'-- Up-to-date symlink: /home/maanavjugalshah/SwarmAero/ros2_ws/install/px4_msgs/include/px4_msgs/px4_msgs/msg/detail/fixed_wing_lateral_guidance_status__type_support.h\n'}
[1.208680] (px4_msgs) StdoutLine: {'line': b'-- Up-to-date symlink: /home/maanavjugalshah/SwarmAero/ros2_ws/install/px4_msgs/include/px4_msgs/px4_msgs/msg/detail/fixed_wing_lateral_setpoint__functions.h\n'}
[1.208983] (px4_msgs) StdoutLine: {'line': b'-- Up-to-date symlink: /home/maanavjugalshah/SwarmAero/ros2_ws/install/px4_msgs/include/px4_msgs/px4_msgs/msg/detail/fixed_wing_lateral_setpoint__struct.h\n'}
[1.209198] (px4_msgs) StdoutLine: {'line': b'-- Up-to-date symlink: /home/maanavjugalshah/SwarmAero/ros2_ws/install/px4_msgs/include/px4_msgs/px4_msgs/msg/detail/fixed_wing_lateral_setpoint__type_support.h\n'}
[1.209281] (px4_msgs) StdoutLine: {'line': b'-- Up-to-date symlink: /home/maanavjugalshah/SwarmAero/ros2_ws/install/px4_msgs/include/px4_msgs/px4_msgs/msg/detail/fixed_wing_lateral_status__functions.h\n'}
[1.209385] (px4_msgs) StdoutLine: {'line': b'-- Up-to-date symlink: /home/maanavjugalshah/SwarmAero/ros2_ws/install/px4_msgs/include/px4_msgs/px4_msgs/msg/detail/fixed_wing_lateral_status__struct.h\n'}
[1.209480] (px4_msgs) StdoutLine: {'line': b'-- Up-to-date symlink: /home/maanavjugalshah/SwarmAero/ros2_ws/install/px4_msgs/include/px4_msgs/px4_msgs/msg/detail/fixed_wing_lateral_status__type_support.h\n'}
[1.209570] (px4_msgs) StdoutLine: {'line': b'-- Up-to-date symlink: /home/maanavjugalshah/SwarmAero/ros2_ws/install/px4_msgs/include/px4_msgs/px4_msgs/msg/detail/fixed_wing_longitudinal_setpoint__functions.h\n'}
[1.209770] (px4_msgs) StdoutLine: {'line': b'-- Up-to-date symlink: /home/maanavjugalshah/SwarmAero/ros2_ws/install/px4_msgs/include/px4_msgs/px4_msgs/msg/detail/fixed_wing_longitudinal_setpoint__struct.h\n'}
[1.209869] (px4_msgs) StdoutLine: {'line': b'-- Up-to-date symlink: /home/maanavjugalshah/SwarmAero/ros2_ws/install/px4_msgs/include/px4_msgs/px4_msgs/msg/detail/fixed_wing_longitudinal_setpoint__type_support.h\n'}
[1.210145] (px4_msgs) StdoutLine: {'line': b'-- Up-to-date symlink: /home/maanavjugalshah/SwarmAero/ros2_ws/install/px4_msgs/include/px4_msgs/px4_msgs/msg/detail/fixed_wing_runway_control__functions.h\n'}
[1.210283] (px4_msgs) StdoutLine: {'line': b'-- Up-to-date symlink: /home/maanavjugalshah/SwarmAero/ros2_ws/install/px4_msgs/include/px4_msgs/px4_msgs/msg/detail/fixed_wing_runway_control__struct.h\n'}
[1.210481] (px4_msgs) StdoutLine: {'line': b'-- Up-to-date symlink: /home/maanavjugalshah/SwarmAero/ros2_ws/install/px4_msgs/include/px4_msgs/px4_msgs/msg/detail/fixed_wing_runway_control__type_support.h\n'}
[1.210560] (px4_msgs) StdoutLine: {'line': b'-- Up-to-date symlink: /home/maanavjugalshah/SwarmAero/ros2_ws/install/px4_msgs/include/px4_msgs/px4_msgs/msg/detail/flight_phase_estimation__functions.h\n'}
[1.210875] (px4_msgs) StdoutLine: {'line': b'-- Up-to-date symlink: /home/maanavjugalshah/SwarmAero/ros2_ws/install/px4_msgs/include/px4_msgs/px4_msgs/msg/detail/flight_phase_estimation__struct.h\n'}
[1.211091] (px4_msgs) StdoutLine: {'line': b'-- Up-to-date symlink: /home/maanavjugalshah/SwarmAero/ros2_ws/install/px4_msgs/include/px4_msgs/px4_msgs/msg/detail/flight_phase_estimation__type_support.h\n'}
[1.211198] (px4_msgs) StdoutLine: {'line': b'-- Up-to-date symlink: /home/maanavjugalshah/SwarmAero/ros2_ws/install/px4_msgs/include/px4_msgs/px4_msgs/msg/detail/follow_target__functions.h\n'}
[1.211282] (px4_msgs) StdoutLine: {'line': b'-- Up-to-date symlink: /home/maanavjugalshah/SwarmAero/ros2_ws/install/px4_msgs/include/px4_msgs/px4_msgs/msg/detail/follow_target__struct.h\n'}
[1.211378] (px4_msgs) StdoutLine: {'line': b'-- Up-to-date symlink: /home/maanavjugalshah/SwarmAero/ros2_ws/install/px4_msgs/include/px4_msgs/px4_msgs/msg/detail/follow_target__type_support.h\n'}
[1.211679] (px4_msgs) StdoutLine: {'line': b'-- Up-to-date symlink: /home/maanavjugalshah/SwarmAero/ros2_ws/install/px4_msgs/include/px4_msgs/px4_msgs/msg/detail/follow_target_estimator__functions.h\n'}
[1.211818] (px4_msgs) StdoutLine: {'line': b'-- Up-to-date symlink: /home/maanavjugalshah/SwarmAero/ros2_ws/install/px4_msgs/include/px4_msgs/px4_msgs/msg/detail/follow_target_estimator__struct.h\n'}
[1.211861] (px4_msgs) StdoutLine: {'line': b'-- Up-to-date symlink: /home/maanavjugalshah/SwarmAero/ros2_ws/install/px4_msgs/include/px4_msgs/px4_msgs/msg/detail/follow_target_estimator__type_support.h\n'}
[1.212275] (px4_msgs) StdoutLine: {'line': b'-- Up-to-date symlink: /home/maanavjugalshah/SwarmAero/ros2_ws/install/px4_msgs/include/px4_msgs/px4_msgs/msg/detail/follow_target_status__functions.h\n'}
[1.212331] (px4_msgs) StdoutLine: {'line': b'-- Up-to-date symlink: /home/maanavjugalshah/SwarmAero/ros2_ws/install/px4_msgs/include/px4_msgs/px4_msgs/msg/detail/follow_target_status__struct.h\n'}
[1.212507] (px4_msgs) StdoutLine: {'line': b'-- Up-to-date symlink: /home/maanavjugalshah/SwarmAero/ros2_ws/install/px4_msgs/include/px4_msgs/px4_msgs/msg/detail/follow_target_status__type_support.h\n'}
[1.212602] (px4_msgs) StdoutLine: {'line': b'-- Up-to-date symlink: /home/maanavjugalshah/SwarmAero/ros2_ws/install/px4_msgs/include/px4_msgs/px4_msgs/msg/detail/fuel_tank_status__functions.h\n'}
[1.212703] (px4_msgs) StdoutLine: {'line': b'-- Up-to-date symlink: /home/maanavjugalshah/SwarmAero/ros2_ws/install/px4_msgs/include/px4_msgs/px4_msgs/msg/detail/fuel_tank_status__struct.h\n'}
[1.213262] (px4_msgs) StdoutLine: {'line': b'-- Up-to-date symlink: /home/maanavjugalshah/SwarmAero/ros2_ws/install/px4_msgs/include/px4_msgs/px4_msgs/msg/detail/fuel_tank_status__type_support.h\n'}
[1.213658] (px4_msgs) StdoutLine: {'line': b'-- Up-to-date symlink: /home/maanavjugalshah/SwarmAero/ros2_ws/install/px4_msgs/include/px4_msgs/px4_msgs/msg/detail/gain_compression__functions.h\n'}
[1.214682] (px4_msgs) StdoutLine: {'line': b'-- Up-to-date symlink: /home/maanavjugalshah/SwarmAero/ros2_ws/install/px4_msgs/include/px4_msgs/px4_msgs/msg/detail/gain_compression__struct.h\n'}
[1.215181] (px4_msgs) StdoutLine: {'line': b'-- Up-to-date symlink: /home/maanavjugalshah/SwarmAero/ros2_ws/install/px4_msgs/include/px4_msgs/px4_msgs/msg/detail/gain_compression__type_support.h\n'}
[1.215321] (px4_msgs) StdoutLine: {'line': b'-- Up-to-date symlink: /home/maanavjugalshah/SwarmAero/ros2_ws/install/px4_msgs/include/px4_msgs/px4_msgs/msg/detail/generator_status__functions.h\n'}
[1.215708] (px4_msgs) StdoutLine: {'line': b'-- Up-to-date symlink: /home/maanavjugalshah/SwarmAero/ros2_ws/install/px4_msgs/include/px4_msgs/px4_msgs/msg/detail/generator_status__struct.h\n'}
[1.215784] (px4_msgs) StdoutLine: {'line': b'-- Up-to-date symlink: /home/maanavjugalshah/SwarmAero/ros2_ws/install/px4_msgs/include/px4_msgs/px4_msgs/msg/detail/generator_status__type_support.h\n'}
[1.215873] (px4_msgs) StdoutLine: {'line': b'-- Up-to-date symlink: /home/maanavjugalshah/SwarmAero/ros2_ws/install/px4_msgs/include/px4_msgs/px4_msgs/msg/detail/geofence_result__functions.h\n'}
[1.216065] (px4_msgs) StdoutLine: {'line': b'-- Up-to-date symlink: /home/maanavjugalshah/SwarmAero/ros2_ws/install/px4_msgs/include/px4_msgs/px4_msgs/msg/detail/geofence_result__struct.h\n'}
[1.216329] (px4_msgs) StdoutLine: {'line': b'-- Up-to-date symlink: /home/maanavjugalshah/SwarmAero/ros2_ws/install/px4_msgs/include/px4_msgs/px4_msgs/msg/detail/geofence_result__type_support.h\n'}
[1.216596] (px4_msgs) StdoutLine: {'line': b'-- Up-to-date symlink: /home/maanavjugalshah/SwarmAero/ros2_ws/install/px4_msgs/include/px4_msgs/px4_msgs/msg/detail/geofence_status__functions.h\n'}
[1.216707] (px4_msgs) StdoutLine: {'line': b'-- Up-to-date symlink: /home/maanavjugalshah/SwarmAero/ros2_ws/install/px4_msgs/include/px4_msgs/px4_msgs/msg/detail/geofence_status__struct.h\n'}
[1.217327] (px4_msgs) StdoutLine: {'line': b'-- Up-to-date symlink: /home/maanavjugalshah/SwarmAero/ros2_ws/install/px4_msgs/include/px4_msgs/px4_msgs/msg/detail/geofence_status__type_support.h\n'}
[1.217980] (px4_msgs) StdoutLine: {'line': b'-- Up-to-date symlink: /home/maanavjugalshah/SwarmAero/ros2_ws/install/px4_msgs/include/px4_msgs/px4_msgs/msg/detail/gimbal_controls__functions.h\n'}
[1.218337] (px4_msgs) StdoutLine: {'line': b'-- Up-to-date symlink: /home/maanavjugalshah/SwarmAero/ros2_ws/install/px4_msgs/include/px4_msgs/px4_msgs/msg/detail/gimbal_controls__struct.h\n'}
[1.218463] (px4_msgs) StdoutLine: {'line': b'-- Up-to-date symlink: /home/maanavjugalshah/SwarmAero/ros2_ws/install/px4_msgs/include/px4_msgs/px4_msgs/msg/detail/gimbal_controls__type_support.h\n'}
[1.218548] (px4_msgs) StdoutLine: {'line': b'-- Up-to-date symlink: /home/maanavjugalshah/SwarmAero/ros2_ws/install/px4_msgs/include/px4_msgs/px4_msgs/msg/detail/gimbal_device_attitude_status__functions.h\n'}
[1.218801] (px4_msgs) StdoutLine: {'line': b'-- Up-to-date symlink: /home/maanavjugalshah/SwarmAero/ros2_ws/install/px4_msgs/include/px4_msgs/px4_msgs/msg/detail/gimbal_device_attitude_status__struct.h\n'}
[1.219022] (px4_msgs) StdoutLine: {'line': b'-- Up-to-date symlink: /home/maanavjugalshah/SwarmAero/ros2_ws/install/px4_msgs/include/px4_msgs/px4_msgs/msg/detail/gimbal_device_attitude_status__type_support.h\n'}
[1.219238] (px4_msgs) StdoutLine: {'line': b'-- Up-to-date symlink: /home/maanavjugalshah/SwarmAero/ros2_ws/install/px4_msgs/include/px4_msgs/px4_msgs/msg/detail/gimbal_device_information__functions.h\n'}
[1.219536] (px4_msgs) StdoutLine: {'line': b'-- Up-to-date symlink: /home/maanavjugalshah/SwarmAero/ros2_ws/install/px4_msgs/include/px4_msgs/px4_msgs/msg/detail/gimbal_device_information__struct.h\n'}
[1.219782] (px4_msgs) StdoutLine: {'line': b'-- Up-to-date symlink: /home/maanavjugalshah/SwarmAero/ros2_ws/install/px4_msgs/include/px4_msgs/px4_msgs/msg/detail/gimbal_device_information__type_support.h\n'}
[1.220072] (px4_msgs) StdoutLine: {'line': b'-- Up-to-date symlink: /home/maanavjugalshah/SwarmAero/ros2_ws/install/px4_msgs/include/px4_msgs/px4_msgs/msg/detail/gimbal_device_set_attitude__functions.h\n'}
[1.220135] (px4_msgs) StdoutLine: {'line': b'-- Up-to-date symlink: /home/maanavjugalshah/SwarmAero/ros2_ws/install/px4_msgs/include/px4_msgs/px4_msgs/msg/detail/gimbal_device_set_attitude__struct.h\n'}
[1.220258] (px4_msgs) StdoutLine: {'line': b'-- Up-to-date symlink: /home/maanavjugalshah/SwarmAero/ros2_ws/install/px4_msgs/include/px4_msgs/px4_msgs/msg/detail/gimbal_device_set_attitude__type_support.h\n'}
[1.220414] (px4_msgs) StdoutLine: {'line': b'-- Up-to-date symlink: /home/maanavjugalshah/SwarmAero/ros2_ws/install/px4_msgs/include/px4_msgs/px4_msgs/msg/detail/gimbal_manager_information__functions.h\n'}
[1.220467] (px4_msgs) StdoutLine: {'line': b'-- Up-to-date symlink: /home/maanavjugalshah/SwarmAero/ros2_ws/install/px4_msgs/include/px4_msgs/px4_msgs/msg/detail/gimbal_manager_information__struct.h\n'}
[1.220536] (px4_msgs) StdoutLine: {'line': b'-- Up-to-date symlink: /home/maanavjugalshah/SwarmAero/ros2_ws/install/px4_msgs/include/px4_msgs/px4_msgs/msg/detail/gimbal_manager_information__type_support.h\n'}
[1.220704] (px4_msgs) StdoutLine: {'line': b'-- Up-to-date symlink: /home/maanavjugalshah/SwarmAero/ros2_ws/install/px4_msgs/include/px4_msgs/px4_msgs/msg/detail/gimbal_manager_set_attitude__functions.h\n'}
[1.220750] (px4_msgs) StdoutLine: {'line': b'-- Up-to-date symlink: /home/maanavjugalshah/SwarmAero/ros2_ws/install/px4_msgs/include/px4_msgs/px4_msgs/msg/detail/gimbal_manager_set_attitude__struct.h\n'}
[1.220797] (px4_msgs) StdoutLine: {'line': b'-- Up-to-date symlink: /home/maanavjugalshah/SwarmAero/ros2_ws/install/px4_msgs/include/px4_msgs/px4_msgs/msg/detail/gimbal_manager_set_attitude__type_support.h\n'}
[1.220918] (px4_msgs) StdoutLine: {'line': b'-- Up-to-date symlink: /home/maanavjugalshah/SwarmAero/ros2_ws/install/px4_msgs/include/px4_msgs/px4_msgs/msg/detail/gimbal_manager_set_manual_control__functions.h\n'}
[1.220958] (px4_msgs) StdoutLine: {'line': b'-- Up-to-date symlink: /home/maanavjugalshah/SwarmAero/ros2_ws/install/px4_msgs/include/px4_msgs/px4_msgs/msg/detail/gimbal_manager_set_manual_control__struct.h\n'}
[1.220995] (px4_msgs) StdoutLine: {'line': b'-- Up-to-date symlink: /home/maanavjugalshah/SwarmAero/ros2_ws/install/px4_msgs/include/px4_msgs/px4_msgs/msg/detail/gimbal_manager_set_manual_control__type_support.h\n'}
[1.221289] (px4_msgs) StdoutLine: {'line': b'-- Up-to-date symlink: /home/maanavjugalshah/SwarmAero/ros2_ws/install/px4_msgs/include/px4_msgs/px4_msgs/msg/detail/gimbal_manager_status__functions.h\n'}
[1.221473] (px4_msgs) StdoutLine: {'line': b'-- Up-to-date symlink: /home/maanavjugalshah/SwarmAero/ros2_ws/install/px4_msgs/include/px4_msgs/px4_msgs/msg/detail/gimbal_manager_status__struct.h\n'}
[1.221525] (px4_msgs) StdoutLine: {'line': b'-- Up-to-date symlink: /home/maanavjugalshah/SwarmAero/ros2_ws/install/px4_msgs/include/px4_msgs/px4_msgs/msg/detail/gimbal_manager_status__type_support.h\n'}
[1.221569] (px4_msgs) StdoutLine: {'line': b'-- Up-to-date symlink: /home/maanavjugalshah/SwarmAero/ros2_ws/install/px4_msgs/include/px4_msgs/px4_msgs/msg/detail/goto_setpoint__functions.h\n'}
[1.221637] (px4_msgs) StdoutLine: {'line': b'-- Up-to-date symlink: /home/maanavjugalshah/SwarmAero/ros2_ws/install/px4_msgs/include/px4_msgs/px4_msgs/msg/detail/goto_setpoint__struct.h\n'}
[1.221856] (px4_msgs) StdoutLine: {'line': b'-- Up-to-date symlink: /home/maanavjugalshah/SwarmAero/ros2_ws/install/px4_msgs/include/px4_msgs/px4_msgs/msg/detail/goto_setpoint__type_support.h\n'}
[1.222382] (px4_msgs) StdoutLine: {'line': b'-- Up-to-date symlink: /home/maanavjugalshah/SwarmAero/ros2_ws/install/px4_msgs/include/px4_msgs/px4_msgs/msg/detail/gpio_config__functions.h\n'}
[1.222545] (px4_msgs) StdoutLine: {'line': b'-- Up-to-date symlink: /home/maanavjugalshah/SwarmAero/ros2_ws/install/px4_msgs/include/px4_msgs/px4_msgs/msg/detail/gpio_config__struct.h\n'}
[1.222669] (px4_msgs) StdoutLine: {'line': b'-- Up-to-date symlink: /home/maanavjugalshah/SwarmAero/ros2_ws/install/px4_msgs/include/px4_msgs/px4_msgs/msg/detail/gpio_config__type_support.h\n'}
[1.223136] (px4_msgs) StdoutLine: {'line': b'-- Up-to-date symlink: /home/maanavjugalshah/SwarmAero/ros2_ws/install/px4_msgs/include/px4_msgs/px4_msgs/msg/detail/gpio_in__functions.h\n'}
[1.223328] (px4_msgs) StdoutLine: {'line': b'-- Up-to-date symlink: /home/maanavjugalshah/SwarmAero/ros2_ws/install/px4_msgs/include/px4_msgs/px4_msgs/msg/detail/gpio_in__struct.h\n'}
[1.223383] (px4_msgs) StdoutLine: {'line': b'-- Up-to-date symlink: /home/maanavjugalshah/SwarmAero/ros2_ws/install/px4_msgs/include/px4_msgs/px4_msgs/msg/detail/gpio_in__type_support.h\n'}
[1.223495] (px4_msgs) StdoutLine: {'line': b'-- Up-to-date symlink: /home/maanavjugalshah/SwarmAero/ros2_ws/install/px4_msgs/include/px4_msgs/px4_msgs/msg/detail/gpio_out__functions.h\n'}
[1.223592] (px4_msgs) StdoutLine: {'line': b'-- Up-to-date symlink: /home/maanavjugalshah/SwarmAero/ros2_ws/install/px4_msgs/include/px4_msgs/px4_msgs/msg/detail/gpio_out__struct.h\n'}
[1.223727] (px4_msgs) StdoutLine: {'line': b'-- Up-to-date symlink: /home/maanavjugalshah/SwarmAero/ros2_ws/install/px4_msgs/include/px4_msgs/px4_msgs/msg/detail/gpio_out__type_support.h\n'}
[1.223781] (px4_msgs) StdoutLine: {'line': b'-- Up-to-date symlink: /home/maanavjugalshah/SwarmAero/ros2_ws/install/px4_msgs/include/px4_msgs/px4_msgs/msg/detail/gpio_request__functions.h\n'}
[1.223903] (px4_msgs) StdoutLine: {'line': b'-- Up-to-date symlink: /home/maanavjugalshah/SwarmAero/ros2_ws/install/px4_msgs/include/px4_msgs/px4_msgs/msg/detail/gpio_request__struct.h\n'}
[1.223995] (px4_msgs) StdoutLine: {'line': b'-- Up-to-date symlink: /home/maanavjugalshah/SwarmAero/ros2_ws/install/px4_msgs/include/px4_msgs/px4_msgs/msg/detail/gpio_request__type_support.h\n'}
[1.224195] (px4_msgs) StdoutLine: {'line': b'-- Up-to-date symlink: /home/maanavjugalshah/SwarmAero/ros2_ws/install/px4_msgs/include/px4_msgs/px4_msgs/msg/detail/gps_dump__functions.h\n'}
[1.224294] (px4_msgs) StdoutLine: {'line': b'-- Up-to-date symlink: /home/maanavjugalshah/SwarmAero/ros2_ws/install/px4_msgs/include/px4_msgs/px4_msgs/msg/detail/gps_dump__struct.h\n'}
[1.224537] (px4_msgs) StdoutLine: {'line': b'-- Up-to-date symlink: /home/maanavjugalshah/SwarmAero/ros2_ws/install/px4_msgs/include/px4_msgs/px4_msgs/msg/detail/gps_dump__type_support.h\n'}
[1.224593] (px4_msgs) StdoutLine: {'line': b'-- Up-to-date symlink: /home/maanavjugalshah/SwarmAero/ros2_ws/install/px4_msgs/include/px4_msgs/px4_msgs/msg/detail/gps_inject_data__functions.h\n'}
[1.224691] (px4_msgs) StdoutLine: {'line': b'-- Up-to-date symlink: /home/maanavjugalshah/SwarmAero/ros2_ws/install/px4_msgs/include/px4_msgs/px4_msgs/msg/detail/gps_inject_data__struct.h\n'}
[1.224806] (px4_msgs) StdoutLine: {'line': b'-- Up-to-date symlink: /home/maanavjugalshah/SwarmAero/ros2_ws/install/px4_msgs/include/px4_msgs/px4_msgs/msg/detail/gps_inject_data__type_support.h\n'}
[1.224897] (px4_msgs) StdoutLine: {'line': b'-- Up-to-date symlink: /home/maanavjugalshah/SwarmAero/ros2_ws/install/px4_msgs/include/px4_msgs/px4_msgs/msg/detail/gripper__functions.h\n'}
[1.224985] (px4_msgs) StdoutLine: {'line': b'-- Up-to-date symlink: /home/maanavjugalshah/SwarmAero/ros2_ws/install/px4_msgs/include/px4_msgs/px4_msgs/msg/detail/gripper__struct.h\n'}
[1.225066] (px4_msgs) StdoutLine: {'line': b'-- Up-to-date symlink: /home/maanavjugalshah/SwarmAero/ros2_ws/install/px4_msgs/include/px4_msgs/px4_msgs/msg/detail/gripper__type_support.h\n'}
[1.225110] (px4_msgs) StdoutLine: {'line': b'-- Up-to-date symlink: /home/maanavjugalshah/SwarmAero/ros2_ws/install/px4_msgs/include/px4_msgs/px4_msgs/msg/detail/health_report__functions.h\n'}
[1.225155] (px4_msgs) StdoutLine: {'line': b'-- Up-to-date symlink: /home/maanavjugalshah/SwarmAero/ros2_ws/install/px4_msgs/include/px4_msgs/px4_msgs/msg/detail/health_report__struct.h\n'}
[1.225195] (px4_msgs) StdoutLine: {'line': b'-- Up-to-date symlink: /home/maanavjugalshah/SwarmAero/ros2_ws/install/px4_msgs/include/px4_msgs/px4_msgs/msg/detail/health_report__type_support.h\n'}
[1.225231] (px4_msgs) StdoutLine: {'line': b'-- Up-to-date symlink: /home/maanavjugalshah/SwarmAero/ros2_ws/install/px4_msgs/include/px4_msgs/px4_msgs/msg/detail/heater_status__functions.h\n'}
[1.225315] (px4_msgs) StdoutLine: {'line': b'-- Up-to-date symlink: /home/maanavjugalshah/SwarmAero/ros2_ws/install/px4_msgs/include/px4_msgs/px4_msgs/msg/detail/heater_status__struct.h\n'}
[1.225405] (px4_msgs) StdoutLine: {'line': b'-- Up-to-date symlink: /home/maanavjugalshah/SwarmAero/ros2_ws/install/px4_msgs/include/px4_msgs/px4_msgs/msg/detail/heater_status__type_support.h\n'}
[1.225512] (px4_msgs) StdoutLine: {'line': b'-- Up-to-date symlink: /home/maanavjugalshah/SwarmAero/ros2_ws/install/px4_msgs/include/px4_msgs/px4_msgs/msg/detail/home_position__functions.h\n'}
[1.225756] (px4_msgs) StdoutLine: {'line': b'-- Up-to-date symlink: /home/maanavjugalshah/SwarmAero/ros2_ws/install/px4_msgs/include/px4_msgs/px4_msgs/msg/detail/home_position__struct.h\n'}
[1.226076] (px4_msgs) StdoutLine: {'line': b'-- Up-to-date symlink: /home/maanavjugalshah/SwarmAero/ros2_ws/install/px4_msgs/include/px4_msgs/px4_msgs/msg/detail/home_position__type_support.h\n'}
[1.226154] (px4_msgs) StdoutLine: {'line': b'-- Up-to-date symlink: /home/maanavjugalshah/SwarmAero/ros2_ws/install/px4_msgs/include/px4_msgs/px4_msgs/msg/detail/hover_thrust_estimate__functions.h\n'}
[1.226296] (px4_msgs) StdoutLine: {'line': b'-- Up-to-date symlink: /home/maanavjugalshah/SwarmAero/ros2_ws/install/px4_msgs/include/px4_msgs/px4_msgs/msg/detail/hover_thrust_estimate__struct.h\n'}
[1.226339] (px4_msgs) StdoutLine: {'line': b'-- Up-to-date symlink: /home/maanavjugalshah/SwarmAero/ros2_ws/install/px4_msgs/include/px4_msgs/px4_msgs/msg/detail/hover_thrust_estimate__type_support.h\n'}
[1.226489] (px4_msgs) StdoutLine: {'line': b'-- Up-to-date symlink: /home/maanavjugalshah/SwarmAero/ros2_ws/install/px4_msgs/include/px4_msgs/px4_msgs/msg/detail/input_rc__functions.h\n'}
[1.226549] (px4_msgs) StdoutLine: {'line': b'-- Up-to-date symlink: /home/maanavjugalshah/SwarmAero/ros2_ws/install/px4_msgs/include/px4_msgs/px4_msgs/msg/detail/input_rc__struct.h\n'}
[1.226721] (px4_msgs) StdoutLine: {'line': b'-- Up-to-date symlink: /home/maanavjugalshah/SwarmAero/ros2_ws/install/px4_msgs/include/px4_msgs/px4_msgs/msg/detail/input_rc__type_support.h\n'}
[1.226789] (px4_msgs) StdoutLine: {'line': b'-- Up-to-date symlink: /home/maanavjugalshah/SwarmAero/ros2_ws/install/px4_msgs/include/px4_msgs/px4_msgs/msg/detail/internal_combustion_engine_control__functions.h\n'}
[1.226978] (px4_msgs) StdoutLine: {'line': b'-- Up-to-date symlink: /home/maanavjugalshah/SwarmAero/ros2_ws/install/px4_msgs/include/px4_msgs/px4_msgs/msg/detail/internal_combustion_engine_control__struct.h\n'}
[1.227164] (px4_msgs) StdoutLine: {'line': b'-- Up-to-date symlink: /home/maanavjugalshah/SwarmAero/ros2_ws/install/px4_msgs/include/px4_msgs/px4_msgs/msg/detail/internal_combustion_engine_control__type_support.h\n'}
[1.227292] (px4_msgs) StdoutLine: {'line': b'-- Up-to-date symlink: /home/maanavjugalshah/SwarmAero/ros2_ws/install/px4_msgs/include/px4_msgs/px4_msgs/msg/detail/internal_combustion_engine_status__functions.h\n'}
[1.227372] (px4_msgs) StdoutLine: {'line': b'-- Up-to-date symlink: /home/maanavjugalshah/SwarmAero/ros2_ws/install/px4_msgs/include/px4_msgs/px4_msgs/msg/detail/internal_combustion_engine_status__struct.h\n'}
[1.227559] (px4_msgs) StdoutLine: {'line': b'-- Up-to-date symlink: /home/maanavjugalshah/SwarmAero/ros2_ws/install/px4_msgs/include/px4_msgs/px4_msgs/msg/detail/internal_combustion_engine_status__type_support.h\n'}
[1.227752] (px4_msgs) StdoutLine: {'line': b'-- Up-to-date symlink: /home/maanavjugalshah/SwarmAero/ros2_ws/install/px4_msgs/include/px4_msgs/px4_msgs/msg/detail/iridiumsbd_status__functions.h\n'}
[1.228006] (px4_msgs) StdoutLine: {'line': b'-- Up-to-date symlink: /home/maanavjugalshah/SwarmAero/ros2_ws/install/px4_msgs/include/px4_msgs/px4_msgs/msg/detail/iridiumsbd_status__struct.h\n'}
[1.228148] (px4_msgs) StdoutLine: {'line': b'-- Up-to-date symlink: /home/maanavjugalshah/SwarmAero/ros2_ws/install/px4_msgs/include/px4_msgs/px4_msgs/msg/detail/iridiumsbd_status__type_support.h\n'}
[1.228218] (px4_msgs) StdoutLine: {'line': b'-- Up-to-date symlink: /home/maanavjugalshah/SwarmAero/ros2_ws/install/px4_msgs/include/px4_msgs/px4_msgs/msg/detail/irlock_report__functions.h\n'}
[1.228258] (px4_msgs) StdoutLine: {'line': b'-- Up-to-date symlink: /home/maanavjugalshah/SwarmAero/ros2_ws/install/px4_msgs/include/px4_msgs/px4_msgs/msg/detail/irlock_report__struct.h\n'}
[1.228295] (px4_msgs) StdoutLine: {'line': b'-- Up-to-date symlink: /home/maanavjugalshah/SwarmAero/ros2_ws/install/px4_msgs/include/px4_msgs/px4_msgs/msg/detail/irlock_report__type_support.h\n'}
[1.228408] (px4_msgs) StdoutLine: {'line': b'-- Up-to-date symlink: /home/maanavjugalshah/SwarmAero/ros2_ws/install/px4_msgs/include/px4_msgs/px4_msgs/msg/detail/landing_gear__functions.h\n'}
[1.228453] (px4_msgs) StdoutLine: {'line': b'-- Up-to-date symlink: /home/maanavjugalshah/SwarmAero/ros2_ws/install/px4_msgs/include/px4_msgs/px4_msgs/msg/detail/landing_gear__struct.h\n'}
[1.228535] (px4_msgs) StdoutLine: {'line': b'-- Up-to-date symlink: /home/maanavjugalshah/SwarmAero/ros2_ws/install/px4_msgs/include/px4_msgs/px4_msgs/msg/detail/landing_gear__type_support.h\n'}
[1.228652] (px4_msgs) StdoutLine: {'line': b'-- Up-to-date symlink: /home/maanavjugalshah/SwarmAero/ros2_ws/install/px4_msgs/include/px4_msgs/px4_msgs/msg/detail/landing_gear_wheel__functions.h\n'}
[1.228724] (px4_msgs) StdoutLine: {'line': b'-- Up-to-date symlink: /home/maanavjugalshah/SwarmAero/ros2_ws/install/px4_msgs/include/px4_msgs/px4_msgs/msg/detail/landing_gear_wheel__struct.h\n'}
[1.228811] (px4_msgs) StdoutLine: {'line': b'-- Up-to-date symlink: /home/maanavjugalshah/SwarmAero/ros2_ws/install/px4_msgs/include/px4_msgs/px4_msgs/msg/detail/landing_gear_wheel__type_support.h\n'}
[1.228899] (px4_msgs) StdoutLine: {'line': b'-- Up-to-date symlink: /home/maanavjugalshah/SwarmAero/ros2_ws/install/px4_msgs/include/px4_msgs/px4_msgs/msg/detail/landing_target_innovations__functions.h\n'}
[1.229085] (px4_msgs) StdoutLine: {'line': b'-- Up-to-date symlink: /home/maanavjugalshah/SwarmAero/ros2_ws/install/px4_msgs/include/px4_msgs/px4_msgs/msg/detail/landing_target_innovations__struct.h\n'}
[1.229305] (px4_msgs) StdoutLine: {'line': b'-- Up-to-date symlink: /home/maanavjugalshah/SwarmAero/ros2_ws/install/px4_msgs/include/px4_msgs/px4_msgs/msg/detail/landing_target_innovations__type_support.h\n'}
[1.229370] (px4_msgs) StdoutLine: {'line': b'-- Up-to-date symlink: /home/maanavjugalshah/SwarmAero/ros2_ws/install/px4_msgs/include/px4_msgs/px4_msgs/msg/detail/landing_target_pose__functions.h\n'}
[1.229409] (px4_msgs) StdoutLine: {'line': b'-- Up-to-date symlink: /home/maanavjugalshah/SwarmAero/ros2_ws/install/px4_msgs/include/px4_msgs/px4_msgs/msg/detail/landing_target_pose__struct.h\n'}
[1.229585] (px4_msgs) StdoutLine: {'line': b'-- Up-to-date symlink: /home/maanavjugalshah/SwarmAero/ros2_ws/install/px4_msgs/include/px4_msgs/px4_msgs/msg/detail/landing_target_pose__type_support.h\n'}
[1.229788] (px4_msgs) StdoutLine: {'line': b'-- Up-to-date symlink: /home/maanavjugalshah/SwarmAero/ros2_ws/install/px4_msgs/include/px4_msgs/px4_msgs/msg/detail/lateral_control_configuration__functions.h\n'}
[1.230051] (px4_msgs) StdoutLine: {'line': b'-- Up-to-date symlink: /home/maanavjugalshah/SwarmAero/ros2_ws/install/px4_msgs/include/px4_msgs/px4_msgs/msg/detail/lateral_control_configuration__struct.h\n'}
[1.230451] (px4_msgs) StdoutLine: {'line': b'-- Up-to-date symlink: /home/maanavjugalshah/SwarmAero/ros2_ws/install/px4_msgs/include/px4_msgs/px4_msgs/msg/detail/lateral_control_configuration__type_support.h\n'}
[1.230576] (px4_msgs) StdoutLine: {'line': b'-- Up-to-date symlink: /home/maanavjugalshah/SwarmAero/ros2_ws/install/px4_msgs/include/px4_msgs/px4_msgs/msg/detail/launch_detection_status__functions.h\n'}
[1.230670] (px4_msgs) StdoutLine: {'line': b'-- Up-to-date symlink: /home/maanavjugalshah/SwarmAero/ros2_ws/install/px4_msgs/include/px4_msgs/px4_msgs/msg/detail/launch_detection_status__struct.h\n'}
[1.230886] (px4_msgs) StdoutLine: {'line': b'-- Up-to-date symlink: /home/maanavjugalshah/SwarmAero/ros2_ws/install/px4_msgs/include/px4_msgs/px4_msgs/msg/detail/launch_detection_status__type_support.h\n'}
[1.231354] (px4_msgs) StdoutLine: {'line': b'-- Up-to-date symlink: /home/maanavjugalshah/SwarmAero/ros2_ws/install/px4_msgs/include/px4_msgs/px4_msgs/msg/detail/led_control__functions.h\n'}
[1.231630] (px4_msgs) StdoutLine: {'line': b'-- Up-to-date symlink: /home/maanavjugalshah/SwarmAero/ros2_ws/install/px4_msgs/include/px4_msgs/px4_msgs/msg/detail/led_control__struct.h\n'}
[1.231772] (px4_msgs) StdoutLine: {'line': b'-- Up-to-date symlink: /home/maanavjugalshah/SwarmAero/ros2_ws/install/px4_msgs/include/px4_msgs/px4_msgs/msg/detail/led_control__type_support.h\n'}
[1.231814] (px4_msgs) StdoutLine: {'line': b'-- Up-to-date symlink: /home/maanavjugalshah/SwarmAero/ros2_ws/install/px4_msgs/include/px4_msgs/px4_msgs/msg/detail/log_message__functions.h\n'}
[1.231852] (px4_msgs) StdoutLine: {'line': b'-- Up-to-date symlink: /home/maanavjugalshah/SwarmAero/ros2_ws/install/px4_msgs/include/px4_msgs/px4_msgs/msg/detail/log_message__struct.h\n'}
[1.231900] (px4_msgs) StdoutLine: {'line': b'-- Up-to-date symlink: /home/maanavjugalshah/SwarmAero/ros2_ws/install/px4_msgs/include/px4_msgs/px4_msgs/msg/detail/log_message__type_support.h\n'}
[1.232168] (px4_msgs) StdoutLine: {'line': b'-- Up-to-date symlink: /home/maanavjugalshah/SwarmAero/ros2_ws/install/px4_msgs/include/px4_msgs/px4_msgs/msg/detail/logger_status__functions.h\n'}
[1.232335] (px4_msgs) StdoutLine: {'line': b'-- Up-to-date symlink: /home/maanavjugalshah/SwarmAero/ros2_ws/install/px4_msgs/include/px4_msgs/px4_msgs/msg/detail/logger_status__struct.h\n'}
[1.232382] (px4_msgs) StdoutLine: {'line': b'-- Up-to-date symlink: /home/maanavjugalshah/SwarmAero/ros2_ws/install/px4_msgs/include/px4_msgs/px4_msgs/msg/detail/logger_status__type_support.h\n'}
[1.232500] (px4_msgs) StdoutLine: {'line': b'-- Up-to-date symlink: /home/maanavjugalshah/SwarmAero/ros2_ws/install/px4_msgs/include/px4_msgs/px4_msgs/msg/detail/longitudinal_control_configuration__functions.h\n'}
[1.232588] (px4_msgs) StdoutLine: {'line': b'-- Up-to-date symlink: /home/maanavjugalshah/SwarmAero/ros2_ws/install/px4_msgs/include/px4_msgs/px4_msgs/msg/detail/longitudinal_control_configuration__struct.h\n'}
[1.232771] (px4_msgs) StdoutLine: {'line': b'-- Up-to-date symlink: /home/maanavjugalshah/SwarmAero/ros2_ws/install/px4_msgs/include/px4_msgs/px4_msgs/msg/detail/longitudinal_control_configuration__type_support.h\n'}
[1.232816] (px4_msgs) StdoutLine: {'line': b'-- Up-to-date symlink: /home/maanavjugalshah/SwarmAero/ros2_ws/install/px4_msgs/include/px4_msgs/px4_msgs/msg/detail/mag_worker_data__functions.h\n'}
[1.232902] (px4_msgs) StdoutLine: {'line': b'-- Up-to-date symlink: /home/maanavjugalshah/SwarmAero/ros2_ws/install/px4_msgs/include/px4_msgs/px4_msgs/msg/detail/mag_worker_data__struct.h\n'}
[1.233033] (px4_msgs) StdoutLine: {'line': b'-- Up-to-date symlink: /home/maanavjugalshah/SwarmAero/ros2_ws/install/px4_msgs/include/px4_msgs/px4_msgs/msg/detail/mag_worker_data__type_support.h\n'}
[1.233177] (px4_msgs) StdoutLine: {'line': b'-- Up-to-date symlink: /home/maanavjugalshah/SwarmAero/ros2_ws/install/px4_msgs/include/px4_msgs/px4_msgs/msg/detail/magnetometer_bias_estimate__functions.h\n'}
[1.233864] (px4_msgs) StdoutLine: {'line': b'-- Up-to-date symlink: /home/maanavjugalshah/SwarmAero/ros2_ws/install/px4_msgs/include/px4_msgs/px4_msgs/msg/detail/magnetometer_bias_estimate__struct.h\n'}
[1.233981] (px4_msgs) StdoutLine: {'line': b'-- Up-to-date symlink: /home/maanavjugalshah/SwarmAero/ros2_ws/install/px4_msgs/include/px4_msgs/px4_msgs/msg/detail/magnetometer_bias_estimate__type_support.h\n'}
[1.234257] (px4_msgs) StdoutLine: {'line': b'-- Up-to-date symlink: /home/maanavjugalshah/SwarmAero/ros2_ws/install/px4_msgs/include/px4_msgs/px4_msgs/msg/detail/manual_control_setpoint__functions.h\n'}
[1.234585] (px4_msgs) StdoutLine: {'line': b'-- Up-to-date symlink: /home/maanavjugalshah/SwarmAero/ros2_ws/install/px4_msgs/include/px4_msgs/px4_msgs/msg/detail/manual_control_setpoint__struct.h\n'}
[1.234667] (px4_msgs) StdoutLine: {'line': b'-- Up-to-date symlink: /home/maanavjugalshah/SwarmAero/ros2_ws/install/px4_msgs/include/px4_msgs/px4_msgs/msg/detail/manual_control_setpoint__type_support.h\n'}
[1.234794] (px4_msgs) StdoutLine: {'line': b'-- Up-to-date symlink: /home/maanavjugalshah/SwarmAero/ros2_ws/install/px4_msgs/include/px4_msgs/px4_msgs/msg/detail/manual_control_switches__functions.h\n'}
[1.234842] (px4_msgs) StdoutLine: {'line': b'-- Up-to-date symlink: /home/maanavjugalshah/SwarmAero/ros2_ws/install/px4_msgs/include/px4_msgs/px4_msgs/msg/detail/manual_control_switches__struct.h\n'}
[1.234948] (px4_msgs) StdoutLine: {'line': b'-- Up-to-date symlink: /home/maanavjugalshah/SwarmAero/ros2_ws/install/px4_msgs/include/px4_msgs/px4_msgs/msg/detail/manual_control_switches__type_support.h\n'}
[1.235063] (px4_msgs) StdoutLine: {'line': b'-- Up-to-date symlink: /home/maanavjugalshah/SwarmAero/ros2_ws/install/px4_msgs/include/px4_msgs/px4_msgs/msg/detail/mavlink_log__functions.h\n'}
[1.235149] (px4_msgs) StdoutLine: {'line': b'-- Up-to-date symlink: /home/maanavjugalshah/SwarmAero/ros2_ws/install/px4_msgs/include/px4_msgs/px4_msgs/msg/detail/mavlink_log__struct.h\n'}
[1.235343] (px4_msgs) StdoutLine: {'line': b'-- Up-to-date symlink: /home/maanavjugalshah/SwarmAero/ros2_ws/install/px4_msgs/include/px4_msgs/px4_msgs/msg/detail/mavlink_log__type_support.h\n'}
[1.235613] (px4_msgs) StdoutLine: {'line': b'-- Up-to-date symlink: /home/maanavjugalshah/SwarmAero/ros2_ws/install/px4_msgs/include/px4_msgs/px4_msgs/msg/detail/mavlink_tunnel__functions.h\n'}
[1.235690] (px4_msgs) StdoutLine: {'line': b'-- Up-to-date symlink: /home/maanavjugalshah/SwarmAero/ros2_ws/install/px4_msgs/include/px4_msgs/px4_msgs/msg/detail/mavlink_tunnel__struct.h\n'}
[1.235733] (px4_msgs) StdoutLine: {'line': b'-- Up-to-date symlink: /home/maanavjugalshah/SwarmAero/ros2_ws/install/px4_msgs/include/px4_msgs/px4_msgs/msg/detail/mavlink_tunnel__type_support.h\n'}
[1.235905] (px4_msgs) StdoutLine: {'line': b'-- Up-to-date symlink: /home/maanavjugalshah/SwarmAero/ros2_ws/install/px4_msgs/include/px4_msgs/px4_msgs/msg/detail/message_format_request__functions.h\n'}
[1.235982] (px4_msgs) StdoutLine: {'line': b'-- Up-to-date symlink: /home/maanavjugalshah/SwarmAero/ros2_ws/install/px4_msgs/include/px4_msgs/px4_msgs/msg/detail/message_format_request__struct.h\n'}
[1.236121] (px4_msgs) StdoutLine: {'line': b'-- Up-to-date symlink: /home/maanavjugalshah/SwarmAero/ros2_ws/install/px4_msgs/include/px4_msgs/px4_msgs/msg/detail/message_format_request__type_support.h\n'}
[1.236247] (px4_msgs) StdoutLine: {'line': b'-- Up-to-date symlink: /home/maanavjugalshah/SwarmAero/ros2_ws/install/px4_msgs/include/px4_msgs/px4_msgs/msg/detail/message_format_response__functions.h\n'}
[1.236290] (px4_msgs) StdoutLine: {'line': b'-- Up-to-date symlink: /home/maanavjugalshah/SwarmAero/ros2_ws/install/px4_msgs/include/px4_msgs/px4_msgs/msg/detail/message_format_response__struct.h\n'}
[1.236412] (px4_msgs) StdoutLine: {'line': b'-- Up-to-date symlink: /home/maanavjugalshah/SwarmAero/ros2_ws/install/px4_msgs/include/px4_msgs/px4_msgs/msg/detail/message_format_response__type_support.h\n'}
[1.236505] (px4_msgs) StdoutLine: {'line': b'-- Up-to-date symlink: /home/maanavjugalshah/SwarmAero/ros2_ws/install/px4_msgs/include/px4_msgs/px4_msgs/msg/detail/mission__functions.h\n'}
[1.236713] (px4_msgs) StdoutLine: {'line': b'-- Up-to-date symlink: /home/maanavjugalshah/SwarmAero/ros2_ws/install/px4_msgs/include/px4_msgs/px4_msgs/msg/detail/mission__struct.h\n'}
[1.236954] (px4_msgs) StdoutLine: {'line': b'-- Up-to-date symlink: /home/maanavjugalshah/SwarmAero/ros2_ws/install/px4_msgs/include/px4_msgs/px4_msgs/msg/detail/mission__type_support.h\n'}
[1.237167] (px4_msgs) StdoutLine: {'line': b'-- Up-to-date symlink: /home/maanavjugalshah/SwarmAero/ros2_ws/install/px4_msgs/include/px4_msgs/px4_msgs/msg/detail/mission_result__functions.h\n'}
[1.237550] (px4_msgs) StdoutLine: {'line': b'-- Up-to-date symlink: /home/maanavjugalshah/SwarmAero/ros2_ws/install/px4_msgs/include/px4_msgs/px4_msgs/msg/detail/mission_result__struct.h\n'}
[1.237967] (px4_msgs) StdoutLine: {'line': b'-- Up-to-date symlink: /home/maanavjugalshah/SwarmAero/ros2_ws/install/px4_msgs/include/px4_msgs/px4_msgs/msg/detail/mission_result__type_support.h\n'}
[1.238096] (px4_msgs) StdoutLine: {'line': b'-- Up-to-date symlink: /home/maanavjugalshah/SwarmAero/ros2_ws/install/px4_msgs/include/px4_msgs/px4_msgs/msg/detail/mode_completed__functions.h\n'}
[1.238273] (px4_msgs) StdoutLine: {'line': b'-- Up-to-date symlink: /home/maanavjugalshah/SwarmAero/ros2_ws/install/px4_msgs/include/px4_msgs/px4_msgs/msg/detail/mode_completed__struct.h\n'}
[1.238380] (px4_msgs) StdoutLine: {'line': b'-- Up-to-date symlink: /home/maanavjugalshah/SwarmAero/ros2_ws/install/px4_msgs/include/px4_msgs/px4_msgs/msg/detail/mode_completed__type_support.h\n'}
[1.238598] (px4_msgs) StdoutLine: {'line': b'-- Up-to-date symlink: /home/maanavjugalshah/SwarmAero/ros2_ws/install/px4_msgs/include/px4_msgs/px4_msgs/msg/detail/mount_orientation__functions.h\n'}
[1.238646] (px4_msgs) StdoutLine: {'line': b'-- Up-to-date symlink: /home/maanavjugalshah/SwarmAero/ros2_ws/install/px4_msgs/include/px4_msgs/px4_msgs/msg/detail/mount_orientation__struct.h\n'}
[1.238889] (px4_msgs) StdoutLine: {'line': b'-- Up-to-date symlink: /home/maanavjugalshah/SwarmAero/ros2_ws/install/px4_msgs/include/px4_msgs/px4_msgs/msg/detail/mount_orientation__type_support.h\n'}
[1.238943] (px4_msgs) StdoutLine: {'line': b'-- Up-to-date symlink: /home/maanavjugalshah/SwarmAero/ros2_ws/install/px4_msgs/include/px4_msgs/px4_msgs/msg/detail/navigator_mission_item__functions.h\n'}
[1.238991] (px4_msgs) StdoutLine: {'line': b'-- Up-to-date symlink: /home/maanavjugalshah/SwarmAero/ros2_ws/install/px4_msgs/include/px4_msgs/px4_msgs/msg/detail/navigator_mission_item__struct.h\n'}
[1.239038] (px4_msgs) StdoutLine: {'line': b'-- Up-to-date symlink: /home/maanavjugalshah/SwarmAero/ros2_ws/install/px4_msgs/include/px4_msgs/px4_msgs/msg/detail/navigator_mission_item__type_support.h\n'}
[1.239165] (px4_msgs) StdoutLine: {'line': b'-- Up-to-date symlink: /home/maanavjugalshah/SwarmAero/ros2_ws/install/px4_msgs/include/px4_msgs/px4_msgs/msg/detail/navigator_status__functions.h\n'}
[1.239211] (px4_msgs) StdoutLine: {'line': b'-- Up-to-date symlink: /home/maanavjugalshah/SwarmAero/ros2_ws/install/px4_msgs/include/px4_msgs/px4_msgs/msg/detail/navigator_status__struct.h\n'}
[1.239255] (px4_msgs) StdoutLine: {'line': b'-- Up-to-date symlink: /home/maanavjugalshah/SwarmAero/ros2_ws/install/px4_msgs/include/px4_msgs/px4_msgs/msg/detail/navigator_status__type_support.h\n'}
[1.239354] (px4_msgs) StdoutLine: {'line': b'-- Up-to-date symlink: /home/maanavjugalshah/SwarmAero/ros2_ws/install/px4_msgs/include/px4_msgs/px4_msgs/msg/detail/neural_control__functions.h\n'}
[1.241054] (px4_msgs) StdoutLine: {'line': b'-- Up-to-date symlink: /home/maanavjugalshah/SwarmAero/ros2_ws/install/px4_msgs/include/px4_msgs/px4_msgs/msg/detail/neural_control__struct.h\n'}
[1.241176] (px4_msgs) StdoutLine: {'line': b'-- Up-to-date symlink: /home/maanavjugalshah/SwarmAero/ros2_ws/install/px4_msgs/include/px4_msgs/px4_msgs/msg/detail/neural_control__type_support.h\n'}
[1.241295] (px4_msgs) StdoutLine: {'line': b'-- Up-to-date symlink: /home/maanavjugalshah/SwarmAero/ros2_ws/install/px4_msgs/include/px4_msgs/px4_msgs/msg/detail/normalized_unsigned_setpoint__functions.h\n'}
[1.241493] (px4_msgs) StdoutLine: {'line': b'-- Up-to-date symlink: /home/maanavjugalshah/SwarmAero/ros2_ws/install/px4_msgs/include/px4_msgs/px4_msgs/msg/detail/normalized_unsigned_setpoint__struct.h\n'}
[1.241604] (px4_msgs) StdoutLine: {'line': b'-- Up-to-date symlink: /home/maanavjugalshah/SwarmAero/ros2_ws/install/px4_msgs/include/px4_msgs/px4_msgs/msg/detail/normalized_unsigned_setpoint__type_support.h\n'}
[1.241867] (px4_msgs) StdoutLine: {'line': b'-- Up-to-date symlink: /home/maanavjugalshah/SwarmAero/ros2_ws/install/px4_msgs/include/px4_msgs/px4_msgs/msg/detail/obstacle_distance__functions.h\n'}
[1.241994] (px4_msgs) StdoutLine: {'line': b'-- Up-to-date symlink: /home/maanavjugalshah/SwarmAero/ros2_ws/install/px4_msgs/include/px4_msgs/px4_msgs/msg/detail/obstacle_distance__struct.h\n'}
[1.242040] (px4_msgs) StdoutLine: {'line': b'-- Up-to-date symlink: /home/maanavjugalshah/SwarmAero/ros2_ws/install/px4_msgs/include/px4_msgs/px4_msgs/msg/detail/obstacle_distance__type_support.h\n'}
[1.242256] (px4_msgs) StdoutLine: {'line': b'-- Up-to-date symlink: /home/maanavjugalshah/SwarmAero/ros2_ws/install/px4_msgs/include/px4_msgs/px4_msgs/msg/detail/offboard_control_mode__functions.h\n'}
[1.242357] (px4_msgs) StdoutLine: {'line': b'-- Up-to-date symlink: /home/maanavjugalshah/SwarmAero/ros2_ws/install/px4_msgs/include/px4_msgs/px4_msgs/msg/detail/offboard_control_mode__struct.h\n'}
[1.242520] (px4_msgs) StdoutLine: {'line': b'-- Up-to-date symlink: /home/maanavjugalshah/SwarmAero/ros2_ws/install/px4_msgs/include/px4_msgs/px4_msgs/msg/detail/offboard_control_mode__type_support.h\n'}
[1.242623] (px4_msgs) StdoutLine: {'line': b'-- Up-to-date symlink: /home/maanavjugalshah/SwarmAero/ros2_ws/install/px4_msgs/include/px4_msgs/px4_msgs/msg/detail/onboard_computer_status__functions.h\n'}
[1.242934] (px4_msgs) StdoutLine: {'line': b'-- Up-to-date symlink: /home/maanavjugalshah/SwarmAero/ros2_ws/install/px4_msgs/include/px4_msgs/px4_msgs/msg/detail/onboard_computer_status__struct.h\n'}
[1.243052] (px4_msgs) StdoutLine: {'line': b'-- Up-to-date symlink: /home/maanavjugalshah/SwarmAero/ros2_ws/install/px4_msgs/include/px4_msgs/px4_msgs/msg/detail/onboard_computer_status__type_support.h\n'}
[1.243155] (px4_msgs) StdoutLine: {'line': b'-- Up-to-date symlink: /home/maanavjugalshah/SwarmAero/ros2_ws/install/px4_msgs/include/px4_msgs/px4_msgs/msg/detail/open_drone_id_arm_status__functions.h\n'}
[1.243314] (px4_msgs) StdoutLine: {'line': b'-- Up-to-date symlink: /home/maanavjugalshah/SwarmAero/ros2_ws/install/px4_msgs/include/px4_msgs/px4_msgs/msg/detail/open_drone_id_arm_status__struct.h\n'}
[1.243390] (px4_msgs) StdoutLine: {'line': b'-- Up-to-date symlink: /home/maanavjugalshah/SwarmAero/ros2_ws/install/px4_msgs/include/px4_msgs/px4_msgs/msg/detail/open_drone_id_arm_status__type_support.h\n'}
[1.243533] (px4_msgs) StdoutLine: {'line': b'-- Up-to-date symlink: /home/maanavjugalshah/SwarmAero/ros2_ws/install/px4_msgs/include/px4_msgs/px4_msgs/msg/detail/open_drone_id_operator_id__functions.h\n'}
[1.243696] (px4_msgs) StdoutLine: {'line': b'-- Up-to-date symlink: /home/maanavjugalshah/SwarmAero/ros2_ws/install/px4_msgs/include/px4_msgs/px4_msgs/msg/detail/open_drone_id_operator_id__struct.h\n'}
[1.243803] (px4_msgs) StdoutLine: {'line': b'-- Up-to-date symlink: /home/maanavjugalshah/SwarmAero/ros2_ws/install/px4_msgs/include/px4_msgs/px4_msgs/msg/detail/open_drone_id_operator_id__type_support.h\n'}
[1.243968] (px4_msgs) StdoutLine: {'line': b'-- Up-to-date symlink: /home/maanavjugalshah/SwarmAero/ros2_ws/install/px4_msgs/include/px4_msgs/px4_msgs/msg/detail/open_drone_id_self_id__functions.h\n'}
[1.244194] (px4_msgs) StdoutLine: {'line': b'-- Up-to-date symlink: /home/maanavjugalshah/SwarmAero/ros2_ws/install/px4_msgs/include/px4_msgs/px4_msgs/msg/detail/open_drone_id_self_id__struct.h\n'}
[1.244281] (px4_msgs) StdoutLine: {'line': b'-- Up-to-date symlink: /home/maanavjugalshah/SwarmAero/ros2_ws/install/px4_msgs/include/px4_msgs/px4_msgs/msg/detail/open_drone_id_self_id__type_support.h\n'}
[1.244570] (px4_msgs) StdoutLine: {'line': b'-- Up-to-date symlink: /home/maanavjugalshah/SwarmAero/ros2_ws/install/px4_msgs/include/px4_msgs/px4_msgs/msg/detail/open_drone_id_system__functions.h\n'}
[1.244650] (px4_msgs) StdoutLine: {'line': b'-- Up-to-date symlink: /home/maanavjugalshah/SwarmAero/ros2_ws/install/px4_msgs/include/px4_msgs/px4_msgs/msg/detail/open_drone_id_system__struct.h\n'}
[1.244882] (px4_msgs) StdoutLine: {'line': b'-- Up-to-date symlink: /home/maanavjugalshah/SwarmAero/ros2_ws/install/px4_msgs/include/px4_msgs/px4_msgs/msg/detail/open_drone_id_system__type_support.h\n'}
[1.244969] (px4_msgs) StdoutLine: {'line': b'-- Up-to-date symlink: /home/maanavjugalshah/SwarmAero/ros2_ws/install/px4_msgs/include/px4_msgs/px4_msgs/msg/detail/orb_test__functions.h\n'}
[1.245285] (px4_msgs) StdoutLine: {'line': b'-- Up-to-date symlink: /home/maanavjugalshah/SwarmAero/ros2_ws/install/px4_msgs/include/px4_msgs/px4_msgs/msg/detail/orb_test__struct.h\n'}
[1.245487] (px4_msgs) StdoutLine: {'line': b'-- Up-to-date symlink: /home/maanavjugalshah/SwarmAero/ros2_ws/install/px4_msgs/include/px4_msgs/px4_msgs/msg/detail/orb_test__type_support.h\n'}
[1.245536] (px4_msgs) StdoutLine: {'line': b'-- Up-to-date symlink: /home/maanavjugalshah/SwarmAero/ros2_ws/install/px4_msgs/include/px4_msgs/px4_msgs/msg/detail/orb_test_large__functions.h\n'}
[1.245687] (px4_msgs) StdoutLine: {'line': b'-- Up-to-date symlink: /home/maanavjugalshah/SwarmAero/ros2_ws/install/px4_msgs/include/px4_msgs/px4_msgs/msg/detail/orb_test_large__struct.h\n'}
[1.245871] (px4_msgs) StdoutLine: {'line': b'-- Up-to-date symlink: /home/maanavjugalshah/SwarmAero/ros2_ws/install/px4_msgs/include/px4_msgs/px4_msgs/msg/detail/orb_test_large__type_support.h\n'}
[1.245962] (px4_msgs) StdoutLine: {'line': b'-- Up-to-date symlink: /home/maanavjugalshah/SwarmAero/ros2_ws/install/px4_msgs/include/px4_msgs/px4_msgs/msg/detail/orb_test_medium__functions.h\n'}
[1.246062] (px4_msgs) StdoutLine: {'line': b'-- Up-to-date symlink: /home/maanavjugalshah/SwarmAero/ros2_ws/install/px4_msgs/include/px4_msgs/px4_msgs/msg/detail/orb_test_medium__struct.h\n'}
[1.246365] (px4_msgs) StdoutLine: {'line': b'-- Up-to-date symlink: /home/maanavjugalshah/SwarmAero/ros2_ws/install/px4_msgs/include/px4_msgs/px4_msgs/msg/detail/orb_test_medium__type_support.h\n'}
[1.246514] (px4_msgs) StdoutLine: {'line': b'-- Up-to-date symlink: /home/maanavjugalshah/SwarmAero/ros2_ws/install/px4_msgs/include/px4_msgs/px4_msgs/msg/detail/orbit_status__functions.h\n'}
[1.246560] (px4_msgs) StdoutLine: {'line': b'-- Up-to-date symlink: /home/maanavjugalshah/SwarmAero/ros2_ws/install/px4_msgs/include/px4_msgs/px4_msgs/msg/detail/orbit_status__struct.h\n'}
[1.246719] (px4_msgs) StdoutLine: {'line': b'-- Up-to-date symlink: /home/maanavjugalshah/SwarmAero/ros2_ws/install/px4_msgs/include/px4_msgs/px4_msgs/msg/detail/orbit_status__type_support.h\n'}
[1.246897] (px4_msgs) StdoutLine: {'line': b'-- Up-to-date symlink: /home/maanavjugalshah/SwarmAero/ros2_ws/install/px4_msgs/include/px4_msgs/px4_msgs/msg/detail/parameter_reset_request__functions.h\n'}
[1.246942] (px4_msgs) StdoutLine: {'line': b'-- Up-to-date symlink: /home/maanavjugalshah/SwarmAero/ros2_ws/install/px4_msgs/include/px4_msgs/px4_msgs/msg/detail/parameter_reset_request__struct.h\n'}
[1.247044] (px4_msgs) StdoutLine: {'line': b'-- Up-to-date symlink: /home/maanavjugalshah/SwarmAero/ros2_ws/install/px4_msgs/include/px4_msgs/px4_msgs/msg/detail/parameter_reset_request__type_support.h\n'}
[1.247232] (px4_msgs) StdoutLine: {'line': b'-- Up-to-date symlink: /home/maanavjugalshah/SwarmAero/ros2_ws/install/px4_msgs/include/px4_msgs/px4_msgs/msg/detail/parameter_set_used_request__functions.h\n'}
[1.247664] (px4_msgs) StdoutLine: {'line': b'-- Up-to-date symlink: /home/maanavjugalshah/SwarmAero/ros2_ws/install/px4_msgs/include/px4_msgs/px4_msgs/msg/detail/parameter_set_used_request__struct.h\n'}
[1.247777] (px4_msgs) StdoutLine: {'line': b'-- Up-to-date symlink: /home/maanavjugalshah/SwarmAero/ros2_ws/install/px4_msgs/include/px4_msgs/px4_msgs/msg/detail/parameter_set_used_request__type_support.h\n'}
[1.247993] (px4_msgs) StdoutLine: {'line': b'-- Up-to-date symlink: /home/maanavjugalshah/SwarmAero/ros2_ws/install/px4_msgs/include/px4_msgs/px4_msgs/msg/detail/parameter_set_value_request__functions.h\n'}
[1.248126] (px4_msgs) StdoutLine: {'line': b'-- Up-to-date symlink: /home/maanavjugalshah/SwarmAero/ros2_ws/install/px4_msgs/include/px4_msgs/px4_msgs/msg/detail/parameter_set_value_request__struct.h\n'}
[1.248218] (px4_msgs) StdoutLine: {'line': b'-- Up-to-date symlink: /home/maanavjugalshah/SwarmAero/ros2_ws/install/px4_msgs/include/px4_msgs/px4_msgs/msg/detail/parameter_set_value_request__type_support.h\n'}
[1.248438] (px4_msgs) StdoutLine: {'line': b'-- Up-to-date symlink: /home/maanavjugalshah/SwarmAero/ros2_ws/install/px4_msgs/include/px4_msgs/px4_msgs/msg/detail/parameter_set_value_response__functions.h\n'}
[1.248668] (px4_msgs) StdoutLine: {'line': b'-- Up-to-date symlink: /home/maanavjugalshah/SwarmAero/ros2_ws/install/px4_msgs/include/px4_msgs/px4_msgs/msg/detail/parameter_set_value_response__struct.h\n'}
[1.248762] (px4_msgs) StdoutLine: {'line': b'-- Up-to-date symlink: /home/maanavjugalshah/SwarmAero/ros2_ws/install/px4_msgs/include/px4_msgs/px4_msgs/msg/detail/parameter_set_value_response__type_support.h\n'}
[1.249006] (px4_msgs) StdoutLine: {'line': b'-- Up-to-date symlink: /home/maanavjugalshah/SwarmAero/ros2_ws/install/px4_msgs/include/px4_msgs/px4_msgs/msg/detail/parameter_update__functions.h\n'}
[1.249092] (px4_msgs) StdoutLine: {'line': b'-- Up-to-date symlink: /home/maanavjugalshah/SwarmAero/ros2_ws/install/px4_msgs/include/px4_msgs/px4_msgs/msg/detail/parameter_update__struct.h\n'}
[1.249180] (px4_msgs) StdoutLine: {'line': b'-- Up-to-date symlink: /home/maanavjugalshah/SwarmAero/ros2_ws/install/px4_msgs/include/px4_msgs/px4_msgs/msg/detail/parameter_update__type_support.h\n'}
[1.249571] (px4_msgs) StdoutLine: {'line': b'-- Up-to-date symlink: /home/maanavjugalshah/SwarmAero/ros2_ws/install/px4_msgs/include/px4_msgs/px4_msgs/msg/detail/ping__functions.h\n'}
[1.249665] (px4_msgs) StdoutLine: {'line': b'-- Up-to-date symlink: /home/maanavjugalshah/SwarmAero/ros2_ws/install/px4_msgs/include/px4_msgs/px4_msgs/msg/detail/ping__struct.h\n'}
[1.249706] (px4_msgs) StdoutLine: {'line': b'-- Up-to-date symlink: /home/maanavjugalshah/SwarmAero/ros2_ws/install/px4_msgs/include/px4_msgs/px4_msgs/msg/detail/ping__type_support.h\n'}
[1.249742] (px4_msgs) StdoutLine: {'line': b'-- Up-to-date symlink: /home/maanavjugalshah/SwarmAero/ros2_ws/install/px4_msgs/include/px4_msgs/px4_msgs/msg/detail/position_controller_landing_status__functions.h\n'}
[1.249777] (px4_msgs) StdoutLine: {'line': b'-- Up-to-date symlink: /home/maanavjugalshah/SwarmAero/ros2_ws/install/px4_msgs/include/px4_msgs/px4_msgs/msg/detail/position_controller_landing_status__struct.h\n'}
[1.249844] (px4_msgs) StdoutLine: {'line': b'-- Up-to-date symlink: /home/maanavjugalshah/SwarmAero/ros2_ws/install/px4_msgs/include/px4_msgs/px4_msgs/msg/detail/position_controller_landing_status__type_support.h\n'}
[1.250009] (px4_msgs) StdoutLine: {'line': b'-- Up-to-date symlink: /home/maanavjugalshah/SwarmAero/ros2_ws/install/px4_msgs/include/px4_msgs/px4_msgs/msg/detail/position_controller_status__functions.h\n'}
[1.250098] (px4_msgs) StdoutLine: {'line': b'-- Up-to-date symlink: /home/maanavjugalshah/SwarmAero/ros2_ws/install/px4_msgs/include/px4_msgs/px4_msgs/msg/detail/position_controller_status__struct.h\n'}
[1.250257] (px4_msgs) StdoutLine: {'line': b'-- Up-to-date symlink: /home/maanavjugalshah/SwarmAero/ros2_ws/install/px4_msgs/include/px4_msgs/px4_msgs/msg/detail/position_controller_status__type_support.h\n'}
[1.250386] (px4_msgs) StdoutLine: {'line': b'-- Up-to-date symlink: /home/maanavjugalshah/SwarmAero/ros2_ws/install/px4_msgs/include/px4_msgs/px4_msgs/msg/detail/position_setpoint__functions.h\n'}
[1.250493] (px4_msgs) StdoutLine: {'line': b'-- Up-to-date symlink: /home/maanavjugalshah/SwarmAero/ros2_ws/install/px4_msgs/include/px4_msgs/px4_msgs/msg/detail/position_setpoint__struct.h\n'}
[1.250662] (px4_msgs) StdoutLine: {'line': b'-- Up-to-date symlink: /home/maanavjugalshah/SwarmAero/ros2_ws/install/px4_msgs/include/px4_msgs/px4_msgs/msg/detail/position_setpoint__type_support.h\n'}
[1.251004] (px4_msgs) StdoutLine: {'line': b'-- Up-to-date symlink: /home/maanavjugalshah/SwarmAero/ros2_ws/install/px4_msgs/include/px4_msgs/px4_msgs/msg/detail/position_setpoint_triplet__functions.h\n'}
[1.251117] (px4_msgs) StdoutLine: {'line': b'-- Up-to-date symlink: /home/maanavjugalshah/SwarmAero/ros2_ws/install/px4_msgs/include/px4_msgs/px4_msgs/msg/detail/position_setpoint_triplet__struct.h\n'}
[1.251249] (px4_msgs) StdoutLine: {'line': b'-- Up-to-date symlink: /home/maanavjugalshah/SwarmAero/ros2_ws/install/px4_msgs/include/px4_msgs/px4_msgs/msg/detail/position_setpoint_triplet__type_support.h\n'}
[1.251358] (px4_msgs) StdoutLine: {'line': b'-- Up-to-date symlink: /home/maanavjugalshah/SwarmAero/ros2_ws/install/px4_msgs/include/px4_msgs/px4_msgs/msg/detail/power_button_state__functions.h\n'}
[1.251499] (px4_msgs) StdoutLine: {'line': b'-- Up-to-date symlink: /home/maanavjugalshah/SwarmAero/ros2_ws/install/px4_msgs/include/px4_msgs/px4_msgs/msg/detail/power_button_state__struct.h\n'}
[1.251619] (px4_msgs) StdoutLine: {'line': b'-- Up-to-date symlink: /home/maanavjugalshah/SwarmAero/ros2_ws/install/px4_msgs/include/px4_msgs/px4_msgs/msg/detail/power_button_state__type_support.h\n'}
[1.251740] (px4_msgs) StdoutLine: {'line': b'-- Up-to-date symlink: /home/maanavjugalshah/SwarmAero/ros2_ws/install/px4_msgs/include/px4_msgs/px4_msgs/msg/detail/power_monitor__functions.h\n'}
[1.251928] (px4_msgs) StdoutLine: {'line': b'-- Up-to-date symlink: /home/maanavjugalshah/SwarmAero/ros2_ws/install/px4_msgs/include/px4_msgs/px4_msgs/msg/detail/power_monitor__struct.h\n'}
[1.252097] (px4_msgs) StdoutLine: {'line': b'-- Up-to-date symlink: /home/maanavjugalshah/SwarmAero/ros2_ws/install/px4_msgs/include/px4_msgs/px4_msgs/msg/detail/power_monitor__type_support.h\n'}
[1.252165] (px4_msgs) StdoutLine: {'line': b'-- Up-to-date symlink: /home/maanavjugalshah/SwarmAero/ros2_ws/install/px4_msgs/include/px4_msgs/px4_msgs/msg/detail/pps_capture__functions.h\n'}
[1.252271] (px4_msgs) StdoutLine: {'line': b'-- Up-to-date symlink: /home/maanavjugalshah/SwarmAero/ros2_ws/install/px4_msgs/include/px4_msgs/px4_msgs/msg/detail/pps_capture__struct.h\n'}
[1.252312] (px4_msgs) StdoutLine: {'line': b'-- Up-to-date symlink: /home/maanavjugalshah/SwarmAero/ros2_ws/install/px4_msgs/include/px4_msgs/px4_msgs/msg/detail/pps_capture__type_support.h\n'}
[1.252350] (px4_msgs) StdoutLine: {'line': b'-- Up-to-date symlink: /home/maanavjugalshah/SwarmAero/ros2_ws/install/px4_msgs/include/px4_msgs/px4_msgs/msg/detail/pure_pursuit_status__functions.h\n'}
[1.252388] (px4_msgs) StdoutLine: {'line': b'-- Up-to-date symlink: /home/maanavjugalshah/SwarmAero/ros2_ws/install/px4_msgs/include/px4_msgs/px4_msgs/msg/detail/pure_pursuit_status__struct.h\n'}
[1.252506] (px4_msgs) StdoutLine: {'line': b'-- Up-to-date symlink: /home/maanavjugalshah/SwarmAero/ros2_ws/install/px4_msgs/include/px4_msgs/px4_msgs/msg/detail/pure_pursuit_status__type_support.h\n'}
[1.252608] (px4_msgs) StdoutLine: {'line': b'-- Up-to-date symlink: /home/maanavjugalshah/SwarmAero/ros2_ws/install/px4_msgs/include/px4_msgs/px4_msgs/msg/detail/pwm_input__functions.h\n'}
[1.252706] (px4_msgs) StdoutLine: {'line': b'-- Up-to-date symlink: /home/maanavjugalshah/SwarmAero/ros2_ws/install/px4_msgs/include/px4_msgs/px4_msgs/msg/detail/pwm_input__struct.h\n'}
[1.252759] (px4_msgs) StdoutLine: {'line': b'-- Up-to-date symlink: /home/maanavjugalshah/SwarmAero/ros2_ws/install/px4_msgs/include/px4_msgs/px4_msgs/msg/detail/pwm_input__type_support.h\n'}
[1.252913] (px4_msgs) StdoutLine: {'line': b'-- Up-to-date symlink: /home/maanavjugalshah/SwarmAero/ros2_ws/install/px4_msgs/include/px4_msgs/px4_msgs/msg/detail/px4io_status__functions.h\n'}
[1.252957] (px4_msgs) StdoutLine: {'line': b'-- Up-to-date symlink: /home/maanavjugalshah/SwarmAero/ros2_ws/install/px4_msgs/include/px4_msgs/px4_msgs/msg/detail/px4io_status__struct.h\n'}
[1.252994] (px4_msgs) StdoutLine: {'line': b'-- Up-to-date symlink: /home/maanavjugalshah/SwarmAero/ros2_ws/install/px4_msgs/include/px4_msgs/px4_msgs/msg/detail/px4io_status__type_support.h\n'}
[1.253130] (px4_msgs) StdoutLine: {'line': b'-- Up-to-date symlink: /home/maanavjugalshah/SwarmAero/ros2_ws/install/px4_msgs/include/px4_msgs/px4_msgs/msg/detail/qshell_req__functions.h\n'}
[1.253294] (px4_msgs) StdoutLine: {'line': b'-- Up-to-date symlink: /home/maanavjugalshah/SwarmAero/ros2_ws/install/px4_msgs/include/px4_msgs/px4_msgs/msg/detail/qshell_req__struct.h\n'}
[1.253456] (px4_msgs) StdoutLine: {'line': b'-- Up-to-date symlink: /home/maanavjugalshah/SwarmAero/ros2_ws/install/px4_msgs/include/px4_msgs/px4_msgs/msg/detail/qshell_req__type_support.h\n'}
[1.253549] (px4_msgs) StdoutLine: {'line': b'-- Up-to-date symlink: /home/maanavjugalshah/SwarmAero/ros2_ws/install/px4_msgs/include/px4_msgs/px4_msgs/msg/detail/qshell_retval__functions.h\n'}
[1.253726] (px4_msgs) StdoutLine: {'line': b'-- Up-to-date symlink: /home/maanavjugalshah/SwarmAero/ros2_ws/install/px4_msgs/include/px4_msgs/px4_msgs/msg/detail/qshell_retval__struct.h\n'}
[1.253818] (px4_msgs) StdoutLine: {'line': b'-- Up-to-date symlink: /home/maanavjugalshah/SwarmAero/ros2_ws/install/px4_msgs/include/px4_msgs/px4_msgs/msg/detail/qshell_retval__type_support.h\n'}
[1.253911] (px4_msgs) StdoutLine: {'line': b'-- Up-to-date symlink: /home/maanavjugalshah/SwarmAero/ros2_ws/install/px4_msgs/include/px4_msgs/px4_msgs/msg/detail/radio_status__functions.h\n'}
[1.253955] (px4_msgs) StdoutLine: {'line': b'-- Up-to-date symlink: /home/maanavjugalshah/SwarmAero/ros2_ws/install/px4_msgs/include/px4_msgs/px4_msgs/msg/detail/radio_status__struct.h\n'}
[1.253992] (px4_msgs) StdoutLine: {'line': b'-- Up-to-date symlink: /home/maanavjugalshah/SwarmAero/ros2_ws/install/px4_msgs/include/px4_msgs/px4_msgs/msg/detail/radio_status__type_support.h\n'}
[1.254161] (px4_msgs) StdoutLine: {'line': b'-- Up-to-date symlink: /home/maanavjugalshah/SwarmAero/ros2_ws/install/px4_msgs/include/px4_msgs/px4_msgs/msg/detail/ranging_beacon__functions.h\n'}
[1.254291] (px4_msgs) StdoutLine: {'line': b'-- Up-to-date symlink: /home/maanavjugalshah/SwarmAero/ros2_ws/install/px4_msgs/include/px4_msgs/px4_msgs/msg/detail/ranging_beacon__struct.h\n'}
[1.254412] (px4_msgs) StdoutLine: {'line': b'-- Up-to-date symlink: /home/maanavjugalshah/SwarmAero/ros2_ws/install/px4_msgs/include/px4_msgs/px4_msgs/msg/detail/ranging_beacon__type_support.h\n'}
[1.254644] (px4_msgs) StdoutLine: {'line': b'-- Up-to-date symlink: /home/maanavjugalshah/SwarmAero/ros2_ws/install/px4_msgs/include/px4_msgs/px4_msgs/msg/detail/raptor_input__functions.h\n'}
[1.254789] (px4_msgs) StdoutLine: {'line': b'-- Up-to-date symlink: /home/maanavjugalshah/SwarmAero/ros2_ws/install/px4_msgs/include/px4_msgs/px4_msgs/msg/detail/raptor_input__struct.h\n'}
[1.254891] (px4_msgs) StdoutLine: {'line': b'-- Up-to-date symlink: /home/maanavjugalshah/SwarmAero/ros2_ws/install/px4_msgs/include/px4_msgs/px4_msgs/msg/detail/raptor_input__type_support.h\n'}
[1.255022] (px4_msgs) StdoutLine: {'line': b'-- Up-to-date symlink: /home/maanavjugalshah/SwarmAero/ros2_ws/install/px4_msgs/include/px4_msgs/px4_msgs/msg/detail/raptor_status__functions.h\n'}
[1.255123] (px4_msgs) StdoutLine: {'line': b'-- Up-to-date symlink: /home/maanavjugalshah/SwarmAero/ros2_ws/install/px4_msgs/include/px4_msgs/px4_msgs/msg/detail/raptor_status__struct.h\n'}
[1.255239] (px4_msgs) StdoutLine: {'line': b'-- Up-to-date symlink: /home/maanavjugalshah/SwarmAero/ros2_ws/install/px4_msgs/include/px4_msgs/px4_msgs/msg/detail/raptor_status__type_support.h\n'}
[1.255324] (px4_msgs) StdoutLine: {'line': b'-- Up-to-date symlink: /home/maanavjugalshah/SwarmAero/ros2_ws/install/px4_msgs/include/px4_msgs/px4_msgs/msg/detail/rate_ctrl_status__functions.h\n'}
[1.255413] (px4_msgs) StdoutLine: {'line': b'-- Up-to-date symlink: /home/maanavjugalshah/SwarmAero/ros2_ws/install/px4_msgs/include/px4_msgs/px4_msgs/msg/detail/rate_ctrl_status__struct.h\n'}
[1.255542] (px4_msgs) StdoutLine: {'line': b'-- Up-to-date symlink: /home/maanavjugalshah/SwarmAero/ros2_ws/install/px4_msgs/include/px4_msgs/px4_msgs/msg/detail/rate_ctrl_status__type_support.h\n'}
[1.255766] (px4_msgs) StdoutLine: {'line': b'-- Up-to-date symlink: /home/maanavjugalshah/SwarmAero/ros2_ws/install/px4_msgs/include/px4_msgs/px4_msgs/msg/detail/rc_channels__functions.h\n'}
[1.255843] (px4_msgs) StdoutLine: {'line': b'-- Up-to-date symlink: /home/maanavjugalshah/SwarmAero/ros2_ws/install/px4_msgs/include/px4_msgs/px4_msgs/msg/detail/rc_channels__struct.h\n'}
[1.256034] (px4_msgs) StdoutLine: {'line': b'-- Up-to-date symlink: /home/maanavjugalshah/SwarmAero/ros2_ws/install/px4_msgs/include/px4_msgs/px4_msgs/msg/detail/rc_channels__type_support.h\n'}
[1.256194] (px4_msgs) StdoutLine: {'line': b'-- Up-to-date symlink: /home/maanavjugalshah/SwarmAero/ros2_ws/install/px4_msgs/include/px4_msgs/px4_msgs/msg/detail/rc_parameter_map__functions.h\n'}
[1.256238] (px4_msgs) StdoutLine: {'line': b'-- Up-to-date symlink: /home/maanavjugalshah/SwarmAero/ros2_ws/install/px4_msgs/include/px4_msgs/px4_msgs/msg/detail/rc_parameter_map__struct.h\n'}
[1.256335] (px4_msgs) StdoutLine: {'line': b'-- Up-to-date symlink: /home/maanavjugalshah/SwarmAero/ros2_ws/install/px4_msgs/include/px4_msgs/px4_msgs/msg/detail/rc_parameter_map__type_support.h\n'}
[1.256501] (px4_msgs) StdoutLine: {'line': b'-- Up-to-date symlink: /home/maanavjugalshah/SwarmAero/ros2_ws/install/px4_msgs/include/px4_msgs/px4_msgs/msg/detail/register_ext_component_reply__functions.h\n'}
[1.256552] (px4_msgs) StdoutLine: {'line': b'-- Up-to-date symlink: /home/maanavjugalshah/SwarmAero/ros2_ws/install/px4_msgs/include/px4_msgs/px4_msgs/msg/detail/register_ext_component_reply__struct.h\n'}
[1.256826] (px4_msgs) StdoutLine: {'line': b'-- Up-to-date symlink: /home/maanavjugalshah/SwarmAero/ros2_ws/install/px4_msgs/include/px4_msgs/px4_msgs/msg/detail/register_ext_component_reply__type_support.h\n'}
[1.256954] (px4_msgs) StdoutLine: {'line': b'-- Up-to-date symlink: /home/maanavjugalshah/SwarmAero/ros2_ws/install/px4_msgs/include/px4_msgs/px4_msgs/msg/detail/register_ext_component_request__functions.h\n'}
[1.257028] (px4_msgs) StdoutLine: {'line': b'-- Up-to-date symlink: /home/maanavjugalshah/SwarmAero/ros2_ws/install/px4_msgs/include/px4_msgs/px4_msgs/msg/detail/register_ext_component_request__struct.h\n'}
[1.257335] (px4_msgs) StdoutLine: {'line': b'-- Up-to-date symlink: /home/maanavjugalshah/SwarmAero/ros2_ws/install/px4_msgs/include/px4_msgs/px4_msgs/msg/detail/register_ext_component_request__type_support.h\n'}
[1.257593] (px4_msgs) StdoutLine: {'line': b'-- Up-to-date symlink: /home/maanavjugalshah/SwarmAero/ros2_ws/install/px4_msgs/include/px4_msgs/px4_msgs/msg/detail/rover_attitude_setpoint__functions.h\n'}
[1.257789] (px4_msgs) StdoutLine: {'line': b'-- Up-to-date symlink: /home/maanavjugalshah/SwarmAero/ros2_ws/install/px4_msgs/include/px4_msgs/px4_msgs/msg/detail/rover_attitude_setpoint__struct.h\n'}
[1.257912] (px4_msgs) StdoutLine: {'line': b'-- Up-to-date symlink: /home/maanavjugalshah/SwarmAero/ros2_ws/install/px4_msgs/include/px4_msgs/px4_msgs/msg/detail/rover_attitude_setpoint__type_support.h\n'}
[1.258030] (px4_msgs) StdoutLine: {'line': b'-- Up-to-date symlink: /home/maanavjugalshah/SwarmAero/ros2_ws/install/px4_msgs/include/px4_msgs/px4_msgs/msg/detail/rover_attitude_status__functions.h\n'}
[1.258116] (px4_msgs) StdoutLine: {'line': b'-- Up-to-date symlink: /home/maanavjugalshah/SwarmAero/ros2_ws/install/px4_msgs/include/px4_msgs/px4_msgs/msg/detail/rover_attitude_status__struct.h\n'}
[1.258302] (px4_msgs) StdoutLine: {'line': b'-- Up-to-date symlink: /home/maanavjugalshah/SwarmAero/ros2_ws/install/px4_msgs/include/px4_msgs/px4_msgs/msg/detail/rover_attitude_status__type_support.h\n'}
[1.258465] (px4_msgs) StdoutLine: {'line': b'-- Up-to-date symlink: /home/maanavjugalshah/SwarmAero/ros2_ws/install/px4_msgs/include/px4_msgs/px4_msgs/msg/detail/rover_position_setpoint__functions.h\n'}
[1.258511] (px4_msgs) StdoutLine: {'line': b'-- Up-to-date symlink: /home/maanavjugalshah/SwarmAero/ros2_ws/install/px4_msgs/include/px4_msgs/px4_msgs/msg/detail/rover_position_setpoint__struct.h\n'}
[1.258549] (px4_msgs) StdoutLine: {'line': b'-- Up-to-date symlink: /home/maanavjugalshah/SwarmAero/ros2_ws/install/px4_msgs/include/px4_msgs/px4_msgs/msg/detail/rover_position_setpoint__type_support.h\n'}
[1.258732] (px4_msgs) StdoutLine: {'line': b'-- Up-to-date symlink: /home/maanavjugalshah/SwarmAero/ros2_ws/install/px4_msgs/include/px4_msgs/px4_msgs/msg/detail/rover_rate_setpoint__functions.h\n'}
[1.258886] (px4_msgs) StdoutLine: {'line': b'-- Up-to-date symlink: /home/maanavjugalshah/SwarmAero/ros2_ws/install/px4_msgs/include/px4_msgs/px4_msgs/msg/detail/rover_rate_setpoint__struct.h\n'}
[1.258933] (px4_msgs) StdoutLine: {'line': b'-- Up-to-date symlink: /home/maanavjugalshah/SwarmAero/ros2_ws/install/px4_msgs/include/px4_msgs/px4_msgs/msg/detail/rover_rate_setpoint__type_support.h\n'}
[1.259335] (px4_msgs) StdoutLine: {'line': b'-- Up-to-date symlink: /home/maanavjugalshah/SwarmAero/ros2_ws/install/px4_msgs/include/px4_msgs/px4_msgs/msg/detail/rover_rate_status__functions.h\n'}
[1.259539] (px4_msgs) StdoutLine: {'line': b'-- Up-to-date symlink: /home/maanavjugalshah/SwarmAero/ros2_ws/install/px4_msgs/include/px4_msgs/px4_msgs/msg/detail/rover_rate_status__struct.h\n'}
[1.259647] (px4_msgs) StdoutLine: {'line': b'-- Up-to-date symlink: /home/maanavjugalshah/SwarmAero/ros2_ws/install/px4_msgs/include/px4_msgs/px4_msgs/msg/detail/rover_rate_status__type_support.h\n'}
[1.259782] (px4_msgs) StdoutLine: {'line': b'-- Up-to-date symlink: /home/maanavjugalshah/SwarmAero/ros2_ws/install/px4_msgs/include/px4_msgs/px4_msgs/msg/detail/rover_speed_setpoint__functions.h\n'}
[1.259894] (px4_msgs) StdoutLine: {'line': b'-- Up-to-date symlink: /home/maanavjugalshah/SwarmAero/ros2_ws/install/px4_msgs/include/px4_msgs/px4_msgs/msg/detail/rover_speed_setpoint__struct.h\n'}
[1.259944] (px4_msgs) StdoutLine: {'line': b'-- Up-to-date symlink: /home/maanavjugalshah/SwarmAero/ros2_ws/install/px4_msgs/include/px4_msgs/px4_msgs/msg/detail/rover_speed_setpoint__type_support.h\n'}
[1.259982] (px4_msgs) StdoutLine: {'line': b'-- Up-to-date symlink: /home/maanavjugalshah/SwarmAero/ros2_ws/install/px4_msgs/include/px4_msgs/px4_msgs/msg/detail/rover_speed_status__functions.h\n'}
[1.260112] (px4_msgs) StdoutLine: {'line': b'-- Up-to-date symlink: /home/maanavjugalshah/SwarmAero/ros2_ws/install/px4_msgs/include/px4_msgs/px4_msgs/msg/detail/rover_speed_status__struct.h\n'}
[1.260158] (px4_msgs) StdoutLine: {'line': b'-- Up-to-date symlink: /home/maanavjugalshah/SwarmAero/ros2_ws/install/px4_msgs/include/px4_msgs/px4_msgs/msg/detail/rover_speed_status__type_support.h\n'}
[1.260197] (px4_msgs) StdoutLine: {'line': b'-- Up-to-date symlink: /home/maanavjugalshah/SwarmAero/ros2_ws/install/px4_msgs/include/px4_msgs/px4_msgs/msg/detail/rover_steering_setpoint__functions.h\n'}
[1.260373] (px4_msgs) StdoutLine: {'line': b'-- Up-to-date symlink: /home/maanavjugalshah/SwarmAero/ros2_ws/install/px4_msgs/include/px4_msgs/px4_msgs/msg/detail/rover_steering_setpoint__struct.h\n'}
[1.260423] (px4_msgs) StdoutLine: {'line': b'-- Up-to-date symlink: /home/maanavjugalshah/SwarmAero/ros2_ws/install/px4_msgs/include/px4_msgs/px4_msgs/msg/detail/rover_steering_setpoint__type_support.h\n'}
[1.260460] (px4_msgs) StdoutLine: {'line': b'-- Up-to-date symlink: /home/maanavjugalshah/SwarmAero/ros2_ws/install/px4_msgs/include/px4_msgs/px4_msgs/msg/detail/rover_throttle_setpoint__functions.h\n'}
[1.260495] (px4_msgs) StdoutLine: {'line': b'-- Up-to-date symlink: /home/maanavjugalshah/SwarmAero/ros2_ws/install/px4_msgs/include/px4_msgs/px4_msgs/msg/detail/rover_throttle_setpoint__struct.h\n'}
[1.260632] (px4_msgs) StdoutLine: {'line': b'-- Up-to-date symlink: /home/maanavjugalshah/SwarmAero/ros2_ws/install/px4_msgs/include/px4_msgs/px4_msgs/msg/detail/rover_throttle_setpoint__type_support.h\n'}
[1.260680] (px4_msgs) StdoutLine: {'line': b'-- Up-to-date symlink: /home/maanavjugalshah/SwarmAero/ros2_ws/install/px4_msgs/include/px4_msgs/px4_msgs/msg/detail/rpm__functions.h\n'}
[1.260765] (px4_msgs) StdoutLine: {'line': b'-- Up-to-date symlink: /home/maanavjugalshah/SwarmAero/ros2_ws/install/px4_msgs/include/px4_msgs/px4_msgs/msg/detail/rpm__struct.h\n'}
[1.261033] (px4_msgs) StdoutLine: {'line': b'-- Up-to-date symlink: /home/maanavjugalshah/SwarmAero/ros2_ws/install/px4_msgs/include/px4_msgs/px4_msgs/msg/detail/rpm__type_support.h\n'}
[1.261128] (px4_msgs) StdoutLine: {'line': b'-- Up-to-date symlink: /home/maanavjugalshah/SwarmAero/ros2_ws/install/px4_msgs/include/px4_msgs/px4_msgs/msg/detail/rtl_status__functions.h\n'}
[1.261313] (px4_msgs) StdoutLine: {'line': b'-- Up-to-date symlink: /home/maanavjugalshah/SwarmAero/ros2_ws/install/px4_msgs/include/px4_msgs/px4_msgs/msg/detail/rtl_status__struct.h\n'}
[1.261596] (px4_msgs) StdoutLine: {'line': b'-- Up-to-date symlink: /home/maanavjugalshah/SwarmAero/ros2_ws/install/px4_msgs/include/px4_msgs/px4_msgs/msg/detail/rtl_status__type_support.h\n'}
[1.261698] (px4_msgs) StdoutLine: {'line': b'-- Up-to-date symlink: /home/maanavjugalshah/SwarmAero/ros2_ws/install/px4_msgs/include/px4_msgs/px4_msgs/msg/detail/rtl_time_estimate__functions.h\n'}
[1.261818] (px4_msgs) StdoutLine: {'line': b'-- Up-to-date symlink: /home/maanavjugalshah/SwarmAero/ros2_ws/install/px4_msgs/include/px4_msgs/px4_msgs/msg/detail/rtl_time_estimate__struct.h\n'}
[1.262317] (px4_msgs) StdoutLine: {'line': b'-- Up-to-date symlink: /home/maanavjugalshah/SwarmAero/ros2_ws/install/px4_msgs/include/px4_msgs/px4_msgs/msg/detail/rtl_time_estimate__type_support.h\n'}
[1.262688] (px4_msgs) StdoutLine: {'line': b'-- Up-to-date symlink: /home/maanavjugalshah/SwarmAero/ros2_ws/install/px4_msgs/include/px4_msgs/px4_msgs/msg/detail/satellite_info__functions.h\n'}
[1.263082] (px4_msgs) StdoutLine: {'line': b'-- Up-to-date symlink: /home/maanavjugalshah/SwarmAero/ros2_ws/install/px4_msgs/include/px4_msgs/px4_msgs/msg/detail/satellite_info__struct.h\n'}
[1.263366] (px4_msgs) StdoutLine: {'line': b'-- Up-to-date symlink: /home/maanavjugalshah/SwarmAero/ros2_ws/install/px4_msgs/include/px4_msgs/px4_msgs/msg/detail/satellite_info__type_support.h\n'}
[1.263576] (px4_msgs) StdoutLine: {'line': b'-- Up-to-date symlink: /home/maanavjugalshah/SwarmAero/ros2_ws/install/px4_msgs/include/px4_msgs/px4_msgs/msg/detail/sensor_accel__functions.h\n'}
[1.263951] (px4_msgs) StdoutLine: {'line': b'-- Up-to-date symlink: /home/maanavjugalshah/SwarmAero/ros2_ws/install/px4_msgs/include/px4_msgs/px4_msgs/msg/detail/sensor_accel__struct.h\n'}
[1.264024] (px4_msgs) StdoutLine: {'line': b'-- Up-to-date symlink: /home/maanavjugalshah/SwarmAero/ros2_ws/install/px4_msgs/include/px4_msgs/px4_msgs/msg/detail/sensor_accel__type_support.h\n'}
[1.264382] (px4_msgs) StdoutLine: {'line': b'-- Up-to-date symlink: /home/maanavjugalshah/SwarmAero/ros2_ws/install/px4_msgs/include/px4_msgs/px4_msgs/msg/detail/sensor_accel_fifo__functions.h\n'}
[1.264588] (px4_msgs) StdoutLine: {'line': b'-- Up-to-date symlink: /home/maanavjugalshah/SwarmAero/ros2_ws/install/px4_msgs/include/px4_msgs/px4_msgs/msg/detail/sensor_accel_fifo__struct.h\n'}
[1.264642] (px4_msgs) StdoutLine: {'line': b'-- Up-to-date symlink: /home/maanavjugalshah/SwarmAero/ros2_ws/install/px4_msgs/include/px4_msgs/px4_msgs/msg/detail/sensor_accel_fifo__type_support.h\n'}
[1.264690] (px4_msgs) StdoutLine: {'line': b'-- Up-to-date symlink: /home/maanavjugalshah/SwarmAero/ros2_ws/install/px4_msgs/include/px4_msgs/px4_msgs/msg/detail/sensor_airflow__functions.h\n'}
[1.264761] (px4_msgs) StdoutLine: {'line': b'-- Up-to-date symlink: /home/maanavjugalshah/SwarmAero/ros2_ws/install/px4_msgs/include/px4_msgs/px4_msgs/msg/detail/sensor_airflow__struct.h\n'}
[1.264833] (px4_msgs) StdoutLine: {'line': b'-- Up-to-date symlink: /home/maanavjugalshah/SwarmAero/ros2_ws/install/px4_msgs/include/px4_msgs/px4_msgs/msg/detail/sensor_airflow__type_support.h\n'}
[1.265026] (px4_msgs) StdoutLine: {'line': b'-- Up-to-date symlink: /home/maanavjugalshah/SwarmAero/ros2_ws/install/px4_msgs/include/px4_msgs/px4_msgs/msg/detail/sensor_baro__functions.h\n'}
[1.265308] (px4_msgs) StdoutLine: {'line': b'-- Up-to-date symlink: /home/maanavjugalshah/SwarmAero/ros2_ws/install/px4_msgs/include/px4_msgs/px4_msgs/msg/detail/sensor_baro__struct.h\n'}
[1.265385] (px4_msgs) StdoutLine: {'line': b'-- Up-to-date symlink: /home/maanavjugalshah/SwarmAero/ros2_ws/install/px4_msgs/include/px4_msgs/px4_msgs/msg/detail/sensor_baro__type_support.h\n'}
[1.265438] (px4_msgs) StdoutLine: {'line': b'-- Up-to-date symlink: /home/maanavjugalshah/SwarmAero/ros2_ws/install/px4_msgs/include/px4_msgs/px4_msgs/msg/detail/sensor_combined__functions.h\n'}
[1.265715] (px4_msgs) StdoutLine: {'line': b'-- Up-to-date symlink: /home/maanavjugalshah/SwarmAero/ros2_ws/install/px4_msgs/include/px4_msgs/px4_msgs/msg/detail/sensor_combined__struct.h\n'}
[1.265768] (px4_msgs) StdoutLine: {'line': b'-- Up-to-date symlink: /home/maanavjugalshah/SwarmAero/ros2_ws/install/px4_msgs/include/px4_msgs/px4_msgs/msg/detail/sensor_combined__type_support.h\n'}
[1.265808] (px4_msgs) StdoutLine: {'line': b'-- Up-to-date symlink: /home/maanavjugalshah/SwarmAero/ros2_ws/install/px4_msgs/include/px4_msgs/px4_msgs/msg/detail/sensor_correction__functions.h\n'}
[1.265897] (px4_msgs) StdoutLine: {'line': b'-- Up-to-date symlink: /home/maanavjugalshah/SwarmAero/ros2_ws/install/px4_msgs/include/px4_msgs/px4_msgs/msg/detail/sensor_correction__struct.h\n'}
[1.266146] (px4_msgs) StdoutLine: {'line': b'-- Up-to-date symlink: /home/maanavjugalshah/SwarmAero/ros2_ws/install/px4_msgs/include/px4_msgs/px4_msgs/msg/detail/sensor_correction__type_support.h\n'}
[1.266265] (px4_msgs) StdoutLine: {'line': b'-- Up-to-date symlink: /home/maanavjugalshah/SwarmAero/ros2_ws/install/px4_msgs/include/px4_msgs/px4_msgs/msg/detail/sensor_gnss_relative__functions.h\n'}
[1.266337] (px4_msgs) StdoutLine: {'line': b'-- Up-to-date symlink: /home/maanavjugalshah/SwarmAero/ros2_ws/install/px4_msgs/include/px4_msgs/px4_msgs/msg/detail/sensor_gnss_relative__struct.h\n'}
[1.266570] (px4_msgs) StdoutLine: {'line': b'-- Up-to-date symlink: /home/maanavjugalshah/SwarmAero/ros2_ws/install/px4_msgs/include/px4_msgs/px4_msgs/msg/detail/sensor_gnss_relative__type_support.h\n'}
[1.266727] (px4_msgs) StdoutLine: {'line': b'-- Up-to-date symlink: /home/maanavjugalshah/SwarmAero/ros2_ws/install/px4_msgs/include/px4_msgs/px4_msgs/msg/detail/sensor_gnss_status__functions.h\n'}
[1.266772] (px4_msgs) StdoutLine: {'line': b'-- Up-to-date symlink: /home/maanavjugalshah/SwarmAero/ros2_ws/install/px4_msgs/include/px4_msgs/px4_msgs/msg/detail/sensor_gnss_status__struct.h\n'}
[1.267029] (px4_msgs) StdoutLine: {'line': b'-- Up-to-date symlink: /home/maanavjugalshah/SwarmAero/ros2_ws/install/px4_msgs/include/px4_msgs/px4_msgs/msg/detail/sensor_gnss_status__type_support.h\n'}
[1.267287] (px4_msgs) StdoutLine: {'line': b'-- Up-to-date symlink: /home/maanavjugalshah/SwarmAero/ros2_ws/install/px4_msgs/include/px4_msgs/px4_msgs/msg/detail/sensor_gps__functions.h\n'}
[1.267539] (px4_msgs) StdoutLine: {'line': b'-- Up-to-date symlink: /home/maanavjugalshah/SwarmAero/ros2_ws/install/px4_msgs/include/px4_msgs/px4_msgs/msg/detail/sensor_gps__struct.h\n'}
[1.267681] (px4_msgs) StdoutLine: {'line': b'-- Up-to-date symlink: /home/maanavjugalshah/SwarmAero/ros2_ws/install/px4_msgs/include/px4_msgs/px4_msgs/msg/detail/sensor_gps__type_support.h\n'}
[1.267797] (px4_msgs) StdoutLine: {'line': b'-- Up-to-date symlink: /home/maanavjugalshah/SwarmAero/ros2_ws/install/px4_msgs/include/px4_msgs/px4_msgs/msg/detail/sensor_gyro__functions.h\n'}
[1.267912] (px4_msgs) StdoutLine: {'line': b'-- Up-to-date symlink: /home/maanavjugalshah/SwarmAero/ros2_ws/install/px4_msgs/include/px4_msgs/px4_msgs/msg/detail/sensor_gyro__struct.h\n'}
[1.268011] (px4_msgs) StdoutLine: {'line': b'-- Up-to-date symlink: /home/maanavjugalshah/SwarmAero/ros2_ws/install/px4_msgs/include/px4_msgs/px4_msgs/msg/detail/sensor_gyro__type_support.h\n'}
[1.268234] (px4_msgs) StdoutLine: {'line': b'-- Up-to-date symlink: /home/maanavjugalshah/SwarmAero/ros2_ws/install/px4_msgs/include/px4_msgs/px4_msgs/msg/detail/sensor_gyro_fft__functions.h\n'}
[1.268466] (px4_msgs) StdoutLine: {'line': b'-- Up-to-date symlink: /home/maanavjugalshah/SwarmAero/ros2_ws/install/px4_msgs/include/px4_msgs/px4_msgs/msg/detail/sensor_gyro_fft__struct.h\n'}
[1.268550] (px4_msgs) StdoutLine: {'line': b'-- Up-to-date symlink: /home/maanavjugalshah/SwarmAero/ros2_ws/install/px4_msgs/include/px4_msgs/px4_msgs/msg/detail/sensor_gyro_fft__type_support.h\n'}
[1.268777] (px4_msgs) StdoutLine: {'line': b'-- Up-to-date symlink: /home/maanavjugalshah/SwarmAero/ros2_ws/install/px4_msgs/include/px4_msgs/px4_msgs/msg/detail/sensor_gyro_fifo__functions.h\n'}
[1.268862] (px4_msgs) StdoutLine: {'line': b'-- Up-to-date symlink: /home/maanavjugalshah/SwarmAero/ros2_ws/install/px4_msgs/include/px4_msgs/px4_msgs/msg/detail/sensor_gyro_fifo__struct.h\n'}
[1.268906] (px4_msgs) StdoutLine: {'line': b'-- Up-to-date symlink: /home/maanavjugalshah/SwarmAero/ros2_ws/install/px4_msgs/include/px4_msgs/px4_msgs/msg/detail/sensor_gyro_fifo__type_support.h\n'}
[1.268990] (px4_msgs) StdoutLine: {'line': b'-- Up-to-date symlink: /home/maanavjugalshah/SwarmAero/ros2_ws/install/px4_msgs/include/px4_msgs/px4_msgs/msg/detail/sensor_hygrometer__functions.h\n'}
[1.269063] (px4_msgs) StdoutLine: {'line': b'-- Up-to-date symlink: /home/maanavjugalshah/SwarmAero/ros2_ws/install/px4_msgs/include/px4_msgs/px4_msgs/msg/detail/sensor_hygrometer__struct.h\n'}
[1.269167] (px4_msgs) StdoutLine: {'line': b'-- Up-to-date symlink: /home/maanavjugalshah/SwarmAero/ros2_ws/install/px4_msgs/include/px4_msgs/px4_msgs/msg/detail/sensor_hygrometer__type_support.h\n'}
[1.269428] (px4_msgs) StdoutLine: {'line': b'-- Up-to-date symlink: /home/maanavjugalshah/SwarmAero/ros2_ws/install/px4_msgs/include/px4_msgs/px4_msgs/msg/detail/sensor_mag__functions.h\n'}
[1.269735] (px4_msgs) StdoutLine: {'line': b'-- Up-to-date symlink: /home/maanavjugalshah/SwarmAero/ros2_ws/install/px4_msgs/include/px4_msgs/px4_msgs/msg/detail/sensor_mag__struct.h\n'}
[1.269832] (px4_msgs) StdoutLine: {'line': b'-- Up-to-date symlink: /home/maanavjugalshah/SwarmAero/ros2_ws/install/px4_msgs/include/px4_msgs/px4_msgs/msg/detail/sensor_mag__type_support.h\n'}
[1.270006] (px4_msgs) StdoutLine: {'line': b'-- Up-to-date symlink: /home/maanavjugalshah/SwarmAero/ros2_ws/install/px4_msgs/include/px4_msgs/px4_msgs/msg/detail/sensor_optical_flow__functions.h\n'}
[1.270252] (px4_msgs) StdoutLine: {'line': b'-- Up-to-date symlink: /home/maanavjugalshah/SwarmAero/ros2_ws/install/px4_msgs/include/px4_msgs/px4_msgs/msg/detail/sensor_optical_flow__struct.h\n'}
[1.270470] (px4_msgs) StdoutLine: {'line': b'-- Up-to-date symlink: /home/maanavjugalshah/SwarmAero/ros2_ws/install/px4_msgs/include/px4_msgs/px4_msgs/msg/detail/sensor_optical_flow__type_support.h\n'}
[1.270657] (px4_msgs) StdoutLine: {'line': b'-- Up-to-date symlink: /home/maanavjugalshah/SwarmAero/ros2_ws/install/px4_msgs/include/px4_msgs/px4_msgs/msg/detail/sensor_preflight_mag__functions.h\n'}
[1.270762] (px4_msgs) StdoutLine: {'line': b'-- Up-to-date symlink: /home/maanavjugalshah/SwarmAero/ros2_ws/install/px4_msgs/include/px4_msgs/px4_msgs/msg/detail/sensor_preflight_mag__struct.h\n'}
[1.270879] (px4_msgs) StdoutLine: {'line': b'-- Up-to-date symlink: /home/maanavjugalshah/SwarmAero/ros2_ws/install/px4_msgs/include/px4_msgs/px4_msgs/msg/detail/sensor_preflight_mag__type_support.h\n'}
[1.271106] (px4_msgs) StdoutLine: {'line': b'-- Up-to-date symlink: /home/maanavjugalshah/SwarmAero/ros2_ws/install/px4_msgs/include/px4_msgs/px4_msgs/msg/detail/sensor_selection__functions.h\n'}
[1.271271] (px4_msgs) StdoutLine: {'line': b'-- Up-to-date symlink: /home/maanavjugalshah/SwarmAero/ros2_ws/install/px4_msgs/include/px4_msgs/px4_msgs/msg/detail/sensor_selection__struct.h\n'}
[1.271315] (px4_msgs) StdoutLine: {'line': b'-- Up-to-date symlink: /home/maanavjugalshah/SwarmAero/ros2_ws/install/px4_msgs/include/px4_msgs/px4_msgs/msg/detail/sensor_selection__type_support.h\n'}
[1.271470] (px4_msgs) StdoutLine: {'line': b'-- Up-to-date symlink: /home/maanavjugalshah/SwarmAero/ros2_ws/install/px4_msgs/include/px4_msgs/px4_msgs/msg/detail/sensor_temp__functions.h\n'}
[1.271771] (px4_msgs) StdoutLine: {'line': b'-- Up-to-date symlink: /home/maanavjugalshah/SwarmAero/ros2_ws/install/px4_msgs/include/px4_msgs/px4_msgs/msg/detail/sensor_temp__struct.h\n'}
[1.271821] (px4_msgs) StdoutLine: {'line': b'-- Up-to-date symlink: /home/maanavjugalshah/SwarmAero/ros2_ws/install/px4_msgs/include/px4_msgs/px4_msgs/msg/detail/sensor_temp__type_support.h\n'}
[1.272011] (px4_msgs) StdoutLine: {'line': b'-- Up-to-date symlink: /home/maanavjugalshah/SwarmAero/ros2_ws/install/px4_msgs/include/px4_msgs/px4_msgs/msg/detail/sensor_uwb__functions.h\n'}
[1.272309] (px4_msgs) StdoutLine: {'line': b'-- Up-to-date symlink: /home/maanavjugalshah/SwarmAero/ros2_ws/install/px4_msgs/include/px4_msgs/px4_msgs/msg/detail/sensor_uwb__struct.h\n'}
[1.272442] (px4_msgs) StdoutLine: {'line': b'-- Up-to-date symlink: /home/maanavjugalshah/SwarmAero/ros2_ws/install/px4_msgs/include/px4_msgs/px4_msgs/msg/detail/sensor_uwb__type_support.h\n'}
[1.272530] (px4_msgs) StdoutLine: {'line': b'-- Up-to-date symlink: /home/maanavjugalshah/SwarmAero/ros2_ws/install/px4_msgs/include/px4_msgs/px4_msgs/msg/detail/sensors_status__functions.h\n'}
[1.272713] (px4_msgs) StdoutLine: {'line': b'-- Up-to-date symlink: /home/maanavjugalshah/SwarmAero/ros2_ws/install/px4_msgs/include/px4_msgs/px4_msgs/msg/detail/sensors_status__struct.h\n'}
[1.272826] (px4_msgs) StdoutLine: {'line': b'-- Up-to-date symlink: /home/maanavjugalshah/SwarmAero/ros2_ws/install/px4_msgs/include/px4_msgs/px4_msgs/msg/detail/sensors_status__type_support.h\n'}
[1.273078] (px4_msgs) StdoutLine: {'line': b'-- Up-to-date symlink: /home/maanavjugalshah/SwarmAero/ros2_ws/install/px4_msgs/include/px4_msgs/px4_msgs/msg/detail/sensors_status_imu__functions.h\n'}
[1.273128] (px4_msgs) StdoutLine: {'line': b'-- Up-to-date symlink: /home/maanavjugalshah/SwarmAero/ros2_ws/install/px4_msgs/include/px4_msgs/px4_msgs/msg/detail/sensors_status_imu__struct.h\n'}
[1.273175] (px4_msgs) StdoutLine: {'line': b'-- Up-to-date symlink: /home/maanavjugalshah/SwarmAero/ros2_ws/install/px4_msgs/include/px4_msgs/px4_msgs/msg/detail/sensors_status_imu__type_support.h\n'}
[1.273243] (px4_msgs) StdoutLine: {'line': b'-- Up-to-date symlink: /home/maanavjugalshah/SwarmAero/ros2_ws/install/px4_msgs/include/px4_msgs/px4_msgs/msg/detail/system_power__functions.h\n'}
[1.273285] (px4_msgs) StdoutLine: {'line': b'-- Up-to-date symlink: /home/maanavjugalshah/SwarmAero/ros2_ws/install/px4_msgs/include/px4_msgs/px4_msgs/msg/detail/system_power__struct.h\n'}
[1.273321] (px4_msgs) StdoutLine: {'line': b'-- Up-to-date symlink: /home/maanavjugalshah/SwarmAero/ros2_ws/install/px4_msgs/include/px4_msgs/px4_msgs/msg/detail/system_power__type_support.h\n'}
[1.273355] (px4_msgs) StdoutLine: {'line': b'-- Up-to-date symlink: /home/maanavjugalshah/SwarmAero/ros2_ws/install/px4_msgs/include/px4_msgs/px4_msgs/msg/detail/takeoff_status__functions.h\n'}
[1.273389] (px4_msgs) StdoutLine: {'line': b'-- Up-to-date symlink: /home/maanavjugalshah/SwarmAero/ros2_ws/install/px4_msgs/include/px4_msgs/px4_msgs/msg/detail/takeoff_status__struct.h\n'}
[1.273421] (px4_msgs) StdoutLine: {'line': b'-- Up-to-date symlink: /home/maanavjugalshah/SwarmAero/ros2_ws/install/px4_msgs/include/px4_msgs/px4_msgs/msg/detail/takeoff_status__type_support.h\n'}
[1.273758] (px4_msgs) StdoutLine: {'line': b'-- Up-to-date symlink: /home/maanavjugalshah/SwarmAero/ros2_ws/install/px4_msgs/include/px4_msgs/px4_msgs/msg/detail/task_stack_info__functions.h\n'}
[1.273902] (px4_msgs) StdoutLine: {'line': b'-- Up-to-date symlink: /home/maanavjugalshah/SwarmAero/ros2_ws/install/px4_msgs/include/px4_msgs/px4_msgs/msg/detail/task_stack_info__struct.h\n'}
[1.274111] (px4_msgs) StdoutLine: {'line': b'-- Up-to-date symlink: /home/maanavjugalshah/SwarmAero/ros2_ws/install/px4_msgs/include/px4_msgs/px4_msgs/msg/detail/task_stack_info__type_support.h\n'}
[1.274373] (px4_msgs) StdoutLine: {'line': b'-- Up-to-date symlink: /home/maanavjugalshah/SwarmAero/ros2_ws/install/px4_msgs/include/px4_msgs/px4_msgs/msg/detail/tecs_status__functions.h\n'}
[1.274916] (px4_msgs) StdoutLine: {'line': b'-- Up-to-date symlink: /home/maanavjugalshah/SwarmAero/ros2_ws/install/px4_msgs/include/px4_msgs/px4_msgs/msg/detail/tecs_status__struct.h\n'}
[1.275055] (px4_msgs) StdoutLine: {'line': b'-- Up-to-date symlink: /home/maanavjugalshah/SwarmAero/ros2_ws/install/px4_msgs/include/px4_msgs/px4_msgs/msg/detail/tecs_status__type_support.h\n'}
[1.275168] (px4_msgs) StdoutLine: {'line': b'-- Up-to-date symlink: /home/maanavjugalshah/SwarmAero/ros2_ws/install/px4_msgs/include/px4_msgs/px4_msgs/msg/detail/telemetry_status__functions.h\n'}
[1.275244] (px4_msgs) StdoutLine: {'line': b'-- Up-to-date symlink: /home/maanavjugalshah/SwarmAero/ros2_ws/install/px4_msgs/include/px4_msgs/px4_msgs/msg/detail/telemetry_status__struct.h\n'}
[1.275370] (px4_msgs) StdoutLine: {'line': b'-- Up-to-date symlink: /home/maanavjugalshah/SwarmAero/ros2_ws/install/px4_msgs/include/px4_msgs/px4_msgs/msg/detail/telemetry_status__type_support.h\n'}
[1.275447] (px4_msgs) StdoutLine: {'line': b'-- Up-to-date symlink: /home/maanavjugalshah/SwarmAero/ros2_ws/install/px4_msgs/include/px4_msgs/px4_msgs/msg/detail/tiltrotor_extra_controls__functions.h\n'}
[1.275496] (px4_msgs) StdoutLine: {'line': b'-- Up-to-date symlink: /home/maanavjugalshah/SwarmAero/ros2_ws/install/px4_msgs/include/px4_msgs/px4_msgs/msg/detail/tiltrotor_extra_controls__struct.h\n'}
[1.275660] (px4_msgs) StdoutLine: {'line': b'-- Up-to-date symlink: /home/maanavjugalshah/SwarmAero/ros2_ws/install/px4_msgs/include/px4_msgs/px4_msgs/msg/detail/tiltrotor_extra_controls__type_support.h\n'}
[1.275782] (px4_msgs) StdoutLine: {'line': b'-- Up-to-date symlink: /home/maanavjugalshah/SwarmAero/ros2_ws/install/px4_msgs/include/px4_msgs/px4_msgs/msg/detail/timesync_status__functions.h\n'}
[1.275891] (px4_msgs) StdoutLine: {'line': b'-- Up-to-date symlink: /home/maanavjugalshah/SwarmAero/ros2_ws/install/px4_msgs/include/px4_msgs/px4_msgs/msg/detail/timesync_status__struct.h\n'}
[1.276088] (px4_msgs) StdoutLine: {'line': b'-- Up-to-date symlink: /home/maanavjugalshah/SwarmAero/ros2_ws/install/px4_msgs/include/px4_msgs/px4_msgs/msg/detail/timesync_status__type_support.h\n'}
[1.276245] (px4_msgs) StdoutLine: {'line': b'-- Up-to-date symlink: /home/maanavjugalshah/SwarmAero/ros2_ws/install/px4_msgs/include/px4_msgs/px4_msgs/msg/detail/trajectory_setpoint6dof__functions.h\n'}
[1.276380] (px4_msgs) StdoutLine: {'line': b'-- Up-to-date symlink: /home/maanavjugalshah/SwarmAero/ros2_ws/install/px4_msgs/include/px4_msgs/px4_msgs/msg/detail/trajectory_setpoint6dof__struct.h\n'}
[1.276442] (px4_msgs) StdoutLine: {'line': b'-- Up-to-date symlink: /home/maanavjugalshah/SwarmAero/ros2_ws/install/px4_msgs/include/px4_msgs/px4_msgs/msg/detail/trajectory_setpoint6dof__type_support.h\n'}
[1.276562] (px4_msgs) StdoutLine: {'line': b'-- Up-to-date symlink: /home/maanavjugalshah/SwarmAero/ros2_ws/install/px4_msgs/include/px4_msgs/px4_msgs/msg/detail/trajectory_setpoint__functions.h\n'}
[1.276635] (px4_msgs) StdoutLine: {'line': b'-- Up-to-date symlink: /home/maanavjugalshah/SwarmAero/ros2_ws/install/px4_msgs/include/px4_msgs/px4_msgs/msg/detail/trajectory_setpoint__struct.h\n'}
[1.276751] (px4_msgs) StdoutLine: {'line': b'-- Up-to-date symlink: /home/maanavjugalshah/SwarmAero/ros2_ws/install/px4_msgs/include/px4_msgs/px4_msgs/msg/detail/trajectory_setpoint__type_support.h\n'}
[1.276962] (px4_msgs) StdoutLine: {'line': b'-- Up-to-date symlink: /home/maanavjugalshah/SwarmAero/ros2_ws/install/px4_msgs/include/px4_msgs/px4_msgs/msg/detail/transponder_report__functions.h\n'}
[1.277327] (px4_msgs) StdoutLine: {'line': b'-- Up-to-date symlink: /home/maanavjugalshah/SwarmAero/ros2_ws/install/px4_msgs/include/px4_msgs/px4_msgs/msg/detail/transponder_report__struct.h\n'}
[1.277430] (px4_msgs) StdoutLine: {'line': b'-- Up-to-date symlink: /home/maanavjugalshah/SwarmAero/ros2_ws/install/px4_msgs/include/px4_msgs/px4_msgs/msg/detail/transponder_report__type_support.h\n'}
[1.277505] (px4_msgs) StdoutLine: {'line': b'-- Up-to-date symlink: /home/maanavjugalshah/SwarmAero/ros2_ws/install/px4_msgs/include/px4_msgs/px4_msgs/msg/detail/tune_control__functions.h\n'}
[1.277882] (px4_msgs) StdoutLine: {'line': b'-- Up-to-date symlink: /home/maanavjugalshah/SwarmAero/ros2_ws/install/px4_msgs/include/px4_msgs/px4_msgs/msg/detail/tune_control__struct.h\n'}
[1.277966] (px4_msgs) StdoutLine: {'line': b'-- Up-to-date symlink: /home/maanavjugalshah/SwarmAero/ros2_ws/install/px4_msgs/include/px4_msgs/px4_msgs/msg/detail/tune_control__type_support.h\n'}
[1.278239] (px4_msgs) StdoutLine: {'line': b'-- Up-to-date symlink: /home/maanavjugalshah/SwarmAero/ros2_ws/install/px4_msgs/include/px4_msgs/px4_msgs/msg/detail/uavcan_parameter_request__functions.h\n'}
[1.278411] (px4_msgs) StdoutLine: {'line': b'-- Up-to-date symlink: /home/maanavjugalshah/SwarmAero/ros2_ws/install/px4_msgs/include/px4_msgs/px4_msgs/msg/detail/uavcan_parameter_request__struct.h\n'}
[1.278482] (px4_msgs) StdoutLine: {'line': b'-- Up-to-date symlink: /home/maanavjugalshah/SwarmAero/ros2_ws/install/px4_msgs/include/px4_msgs/px4_msgs/msg/detail/uavcan_parameter_request__type_support.h\n'}
[1.278760] (px4_msgs) StdoutLine: {'line': b'-- Up-to-date symlink: /home/maanavjugalshah/SwarmAero/ros2_ws/install/px4_msgs/include/px4_msgs/px4_msgs/msg/detail/uavcan_parameter_value__functions.h\n'}
[1.278917] (px4_msgs) StdoutLine: {'line': b'-- Up-to-date symlink: /home/maanavjugalshah/SwarmAero/ros2_ws/install/px4_msgs/include/px4_msgs/px4_msgs/msg/detail/uavcan_parameter_value__struct.h\n'}
[1.279019] (px4_msgs) StdoutLine: {'line': b'-- Up-to-date symlink: /home/maanavjugalshah/SwarmAero/ros2_ws/install/px4_msgs/include/px4_msgs/px4_msgs/msg/detail/uavcan_parameter_value__type_support.h\n'}
[1.279119] (px4_msgs) StdoutLine: {'line': b'-- Up-to-date symlink: /home/maanavjugalshah/SwarmAero/ros2_ws/install/px4_msgs/include/px4_msgs/px4_msgs/msg/detail/ulog_stream__functions.h\n'}
[1.279339] (px4_msgs) StdoutLine: {'line': b'-- Up-to-date symlink: /home/maanavjugalshah/SwarmAero/ros2_ws/install/px4_msgs/include/px4_msgs/px4_msgs/msg/detail/ulog_stream__struct.h\n'}
[1.279620] (px4_msgs) StdoutLine: {'line': b'-- Up-to-date symlink: /home/maanavjugalshah/SwarmAero/ros2_ws/install/px4_msgs/include/px4_msgs/px4_msgs/msg/detail/ulog_stream__type_support.h\n'}
[1.279797] (px4_msgs) StdoutLine: {'line': b'-- Up-to-date symlink: /home/maanavjugalshah/SwarmAero/ros2_ws/install/px4_msgs/include/px4_msgs/px4_msgs/msg/detail/ulog_stream_ack__functions.h\n'}
[1.279866] (px4_msgs) StdoutLine: {'line': b'-- Up-to-date symlink: /home/maanavjugalshah/SwarmAero/ros2_ws/install/px4_msgs/include/px4_msgs/px4_msgs/msg/detail/ulog_stream_ack__struct.h\n'}
[1.280021] (px4_msgs) StdoutLine: {'line': b'-- Up-to-date symlink: /home/maanavjugalshah/SwarmAero/ros2_ws/install/px4_msgs/include/px4_msgs/px4_msgs/msg/detail/ulog_stream_ack__type_support.h\n'}
[1.280090] (px4_msgs) StdoutLine: {'line': b'-- Up-to-date symlink: /home/maanavjugalshah/SwarmAero/ros2_ws/install/px4_msgs/include/px4_msgs/px4_msgs/msg/detail/unregister_ext_component__functions.h\n'}
[1.280271] (px4_msgs) StdoutLine: {'line': b'-- Up-to-date symlink: /home/maanavjugalshah/SwarmAero/ros2_ws/install/px4_msgs/include/px4_msgs/px4_msgs/msg/detail/unregister_ext_component__struct.h\n'}
[1.280378] (px4_msgs) StdoutLine: {'line': b'-- Up-to-date symlink: /home/maanavjugalshah/SwarmAero/ros2_ws/install/px4_msgs/include/px4_msgs/px4_msgs/msg/detail/unregister_ext_component__type_support.h\n'}
[1.280533] (px4_msgs) StdoutLine: {'line': b'-- Up-to-date symlink: /home/maanavjugalshah/SwarmAero/ros2_ws/install/px4_msgs/include/px4_msgs/px4_msgs/msg/detail/vehicle_acceleration__functions.h\n'}
[1.280578] (px4_msgs) StdoutLine: {'line': b'-- Up-to-date symlink: /home/maanavjugalshah/SwarmAero/ros2_ws/install/px4_msgs/include/px4_msgs/px4_msgs/msg/detail/vehicle_acceleration__struct.h\n'}
[1.280696] (px4_msgs) StdoutLine: {'line': b'-- Up-to-date symlink: /home/maanavjugalshah/SwarmAero/ros2_ws/install/px4_msgs/include/px4_msgs/px4_msgs/msg/detail/vehicle_acceleration__type_support.h\n'}
[1.280810] (px4_msgs) StdoutLine: {'line': b'-- Up-to-date symlink: /home/maanavjugalshah/SwarmAero/ros2_ws/install/px4_msgs/include/px4_msgs/px4_msgs/msg/detail/vehicle_air_data__functions.h\n'}
[1.280912] (px4_msgs) StdoutLine: {'line': b'-- Up-to-date symlink: /home/maanavjugalshah/SwarmAero/ros2_ws/install/px4_msgs/include/px4_msgs/px4_msgs/msg/detail/vehicle_air_data__struct.h\n'}
[1.281083] (px4_msgs) StdoutLine: {'line': b'-- Up-to-date symlink: /home/maanavjugalshah/SwarmAero/ros2_ws/install/px4_msgs/include/px4_msgs/px4_msgs/msg/detail/vehicle_air_data__type_support.h\n'}
[1.281489] (px4_msgs) StdoutLine: {'line': b'-- Up-to-date symlink: /home/maanavjugalshah/SwarmAero/ros2_ws/install/px4_msgs/include/px4_msgs/px4_msgs/msg/detail/vehicle_angular_acceleration_setpoint__functions.h\n'}
[1.281591] (px4_msgs) StdoutLine: {'line': b'-- Up-to-date symlink: /home/maanavjugalshah/SwarmAero/ros2_ws/install/px4_msgs/include/px4_msgs/px4_msgs/msg/detail/vehicle_angular_acceleration_setpoint__struct.h\n'}
[1.281874] (px4_msgs) StdoutLine: {'line': b'-- Up-to-date symlink: /home/maanavjugalshah/SwarmAero/ros2_ws/install/px4_msgs/include/px4_msgs/px4_msgs/msg/detail/vehicle_angular_acceleration_setpoint__type_support.h\n'}
[1.282068] (px4_msgs) StdoutLine: {'line': b'-- Up-to-date symlink: /home/maanavjugalshah/SwarmAero/ros2_ws/install/px4_msgs/include/px4_msgs/px4_msgs/msg/detail/vehicle_angular_velocity__functions.h\n'}
[1.282342] (px4_msgs) StdoutLine: {'line': b'-- Up-to-date symlink: /home/maanavjugalshah/SwarmAero/ros2_ws/install/px4_msgs/include/px4_msgs/px4_msgs/msg/detail/vehicle_angular_velocity__struct.h\n'}
[1.282463] (px4_msgs) StdoutLine: {'line': b'-- Up-to-date symlink: /home/maanavjugalshah/SwarmAero/ros2_ws/install/px4_msgs/include/px4_msgs/px4_msgs/msg/detail/vehicle_angular_velocity__type_support.h\n'}
[1.282581] (px4_msgs) StdoutLine: {'line': b'-- Up-to-date symlink: /home/maanavjugalshah/SwarmAero/ros2_ws/install/px4_msgs/include/px4_msgs/px4_msgs/msg/detail/vehicle_attitude__functions.h\n'}
[1.282655] (px4_msgs) StdoutLine: {'line': b'-- Up-to-date symlink: /home/maanavjugalshah/SwarmAero/ros2_ws/install/px4_msgs/include/px4_msgs/px4_msgs/msg/detail/vehicle_attitude__struct.h\n'}
[1.283098] (px4_msgs) StdoutLine: {'line': b'-- Up-to-date symlink: /home/maanavjugalshah/SwarmAero/ros2_ws/install/px4_msgs/include/px4_msgs/px4_msgs/msg/detail/vehicle_attitude__type_support.h\n'}
[1.283590] (px4_msgs) StdoutLine: {'line': b'-- Up-to-date symlink: /home/maanavjugalshah/SwarmAero/ros2_ws/install/px4_msgs/include/px4_msgs/px4_msgs/msg/detail/vehicle_attitude_setpoint__functions.h\n'}
[1.283669] (px4_msgs) StdoutLine: {'line': b'-- Up-to-date symlink: /home/maanavjugalshah/SwarmAero/ros2_ws/install/px4_msgs/include/px4_msgs/px4_msgs/msg/detail/vehicle_attitude_setpoint__struct.h\n'}
[1.283709] (px4_msgs) StdoutLine: {'line': b'-- Up-to-date symlink: /home/maanavjugalshah/SwarmAero/ros2_ws/install/px4_msgs/include/px4_msgs/px4_msgs/msg/detail/vehicle_attitude_setpoint__type_support.h\n'}
[1.284066] (px4_msgs) StdoutLine: {'line': b'-- Up-to-date symlink: /home/maanavjugalshah/SwarmAero/ros2_ws/install/px4_msgs/include/px4_msgs/px4_msgs/msg/detail/vehicle_command__functions.h\n'}
[1.284374] (px4_msgs) StdoutLine: {'line': b'-- Up-to-date symlink: /home/maanavjugalshah/SwarmAero/ros2_ws/install/px4_msgs/include/px4_msgs/px4_msgs/msg/detail/vehicle_command__struct.h\n'}
[1.284498] (px4_msgs) StdoutLine: {'line': b'-- Up-to-date symlink: /home/maanavjugalshah/SwarmAero/ros2_ws/install/px4_msgs/include/px4_msgs/px4_msgs/msg/detail/vehicle_command__type_support.h\n'}
[1.284598] (px4_msgs) StdoutLine: {'line': b'-- Up-to-date symlink: /home/maanavjugalshah/SwarmAero/ros2_ws/install/px4_msgs/include/px4_msgs/px4_msgs/msg/detail/vehicle_command_ack__functions.h\n'}
[1.284672] (px4_msgs) StdoutLine: {'line': b'-- Up-to-date symlink: /home/maanavjugalshah/SwarmAero/ros2_ws/install/px4_msgs/include/px4_msgs/px4_msgs/msg/detail/vehicle_command_ack__struct.h\n'}
[1.284714] (px4_msgs) StdoutLine: {'line': b'-- Up-to-date symlink: /home/maanavjugalshah/SwarmAero/ros2_ws/install/px4_msgs/include/px4_msgs/px4_msgs/msg/detail/vehicle_command_ack__type_support.h\n'}
[1.284809] (px4_msgs) StdoutLine: {'line': b'-- Up-to-date symlink: /home/maanavjugalshah/SwarmAero/ros2_ws/install/px4_msgs/include/px4_msgs/px4_msgs/msg/detail/vehicle_constraints__functions.h\n'}
[1.285161] (px4_msgs) StdoutLine: {'line': b'-- Up-to-date symlink: /home/maanavjugalshah/SwarmAero/ros2_ws/install/px4_msgs/include/px4_msgs/px4_msgs/msg/detail/vehicle_constraints__struct.h\n'}
[1.285252] (px4_msgs) StdoutLine: {'line': b'-- Up-to-date symlink: /home/maanavjugalshah/SwarmAero/ros2_ws/install/px4_msgs/include/px4_msgs/px4_msgs/msg/detail/vehicle_constraints__type_support.h\n'}
[1.285658] (px4_msgs) StdoutLine: {'line': b'-- Up-to-date symlink: /home/maanavjugalshah/SwarmAero/ros2_ws/install/px4_msgs/include/px4_msgs/px4_msgs/msg/detail/vehicle_control_mode__functions.h\n'}
[1.286034] (px4_msgs) StdoutLine: {'line': b'-- Up-to-date symlink: /home/maanavjugalshah/SwarmAero/ros2_ws/install/px4_msgs/include/px4_msgs/px4_msgs/msg/detail/vehicle_control_mode__struct.h\n'}
[1.286120] (px4_msgs) StdoutLine: {'line': b'-- Up-to-date symlink: /home/maanavjugalshah/SwarmAero/ros2_ws/install/px4_msgs/include/px4_msgs/px4_msgs/msg/detail/vehicle_control_mode__type_support.h\n'}
[1.286320] (px4_msgs) StdoutLine: {'line': b'-- Up-to-date symlink: /home/maanavjugalshah/SwarmAero/ros2_ws/install/px4_msgs/include/px4_msgs/px4_msgs/msg/detail/vehicle_global_position__functions.h\n'}
[1.286569] (px4_msgs) StdoutLine: {'line': b'-- Up-to-date symlink: /home/maanavjugalshah/SwarmAero/ros2_ws/install/px4_msgs/include/px4_msgs/px4_msgs/msg/detail/vehicle_global_position__struct.h\n'}
[1.286662] (px4_msgs) StdoutLine: {'line': b'-- Up-to-date symlink: /home/maanavjugalshah/SwarmAero/ros2_ws/install/px4_msgs/include/px4_msgs/px4_msgs/msg/detail/vehicle_global_position__type_support.h\n'}
[1.286717] (px4_msgs) StdoutLine: {'line': b'-- Up-to-date symlink: /home/maanavjugalshah/SwarmAero/ros2_ws/install/px4_msgs/include/px4_msgs/px4_msgs/msg/detail/vehicle_imu__functions.h\n'}
[1.287045] (px4_msgs) StdoutLine: {'line': b'-- Up-to-date symlink: /home/maanavjugalshah/SwarmAero/ros2_ws/install/px4_msgs/include/px4_msgs/px4_msgs/msg/detail/vehicle_imu__struct.h\n'}
[1.287139] (px4_msgs) StdoutLine: {'line': b'-- Up-to-date symlink: /home/maanavjugalshah/SwarmAero/ros2_ws/install/px4_msgs/include/px4_msgs/px4_msgs/msg/detail/vehicle_imu__type_support.h\n'}
[1.287267] (px4_msgs) StdoutLine: {'line': b'-- Up-to-date symlink: /home/maanavjugalshah/SwarmAero/ros2_ws/install/px4_msgs/include/px4_msgs/px4_msgs/msg/detail/vehicle_imu_status__functions.h\n'}
[1.287387] (px4_msgs) StdoutLine: {'line': b'-- Up-to-date symlink: /home/maanavjugalshah/SwarmAero/ros2_ws/install/px4_msgs/include/px4_msgs/px4_msgs/msg/detail/vehicle_imu_status__struct.h\n'}
[1.287588] (px4_msgs) StdoutLine: {'line': b'-- Up-to-date symlink: /home/maanavjugalshah/SwarmAero/ros2_ws/install/px4_msgs/include/px4_msgs/px4_msgs/msg/detail/vehicle_imu_status__type_support.h\n'}
[1.287929] (px4_msgs) StdoutLine: {'line': b'-- Up-to-date symlink: /home/maanavjugalshah/SwarmAero/ros2_ws/install/px4_msgs/include/px4_msgs/px4_msgs/msg/detail/vehicle_land_detected__functions.h\n'}
[1.288157] (px4_msgs) StdoutLine: {'line': b'-- Up-to-date symlink: /home/maanavjugalshah/SwarmAero/ros2_ws/install/px4_msgs/include/px4_msgs/px4_msgs/msg/detail/vehicle_land_detected__struct.h\n'}
[1.288285] (px4_msgs) StdoutLine: {'line': b'-- Up-to-date symlink: /home/maanavjugalshah/SwarmAero/ros2_ws/install/px4_msgs/include/px4_msgs/px4_msgs/msg/detail/vehicle_land_detected__type_support.h\n'}
[1.288334] (px4_msgs) StdoutLine: {'line': b'-- Up-to-date symlink: /home/maanavjugalshah/SwarmAero/ros2_ws/install/px4_msgs/include/px4_msgs/px4_msgs/msg/detail/vehicle_local_position__functions.h\n'}
[1.288545] (px4_msgs) StdoutLine: {'line': b'-- Up-to-date symlink: /home/maanavjugalshah/SwarmAero/ros2_ws/install/px4_msgs/include/px4_msgs/px4_msgs/msg/detail/vehicle_local_position__struct.h\n'}
[1.288794] (px4_msgs) StdoutLine: {'line': b'-- Up-to-date symlink: /home/maanavjugalshah/SwarmAero/ros2_ws/install/px4_msgs/include/px4_msgs/px4_msgs/msg/detail/vehicle_local_position__type_support.h\n'}
[1.288840] (px4_msgs) StdoutLine: {'line': b'-- Up-to-date symlink: /home/maanavjugalshah/SwarmAero/ros2_ws/install/px4_msgs/include/px4_msgs/px4_msgs/msg/detail/vehicle_local_position_setpoint__functions.h\n'}
[1.288883] (px4_msgs) StdoutLine: {'line': b'-- Up-to-date symlink: /home/maanavjugalshah/SwarmAero/ros2_ws/install/px4_msgs/include/px4_msgs/px4_msgs/msg/detail/vehicle_local_position_setpoint__struct.h\n'}
[1.288951] (px4_msgs) StdoutLine: {'line': b'-- Up-to-date symlink: /home/maanavjugalshah/SwarmAero/ros2_ws/install/px4_msgs/include/px4_msgs/px4_msgs/msg/detail/vehicle_local_position_setpoint__type_support.h\n'}
[1.289041] (px4_msgs) StdoutLine: {'line': b'-- Up-to-date symlink: /home/maanavjugalshah/SwarmAero/ros2_ws/install/px4_msgs/include/px4_msgs/px4_msgs/msg/detail/vehicle_magnetometer__functions.h\n'}
[1.289223] (px4_msgs) StdoutLine: {'line': b'-- Up-to-date symlink: /home/maanavjugalshah/SwarmAero/ros2_ws/install/px4_msgs/include/px4_msgs/px4_msgs/msg/detail/vehicle_magnetometer__struct.h\n'}
[1.289527] (px4_msgs) StdoutLine: {'line': b'-- Up-to-date symlink: /home/maanavjugalshah/SwarmAero/ros2_ws/install/px4_msgs/include/px4_msgs/px4_msgs/msg/detail/vehicle_magnetometer__type_support.h\n'}
[1.289769] (px4_msgs) StdoutLine: {'line': b'-- Up-to-date symlink: /home/maanavjugalshah/SwarmAero/ros2_ws/install/px4_msgs/include/px4_msgs/px4_msgs/msg/detail/vehicle_odometry__functions.h\n'}
[1.289893] (px4_msgs) StdoutLine: {'line': b'-- Up-to-date symlink: /home/maanavjugalshah/SwarmAero/ros2_ws/install/px4_msgs/include/px4_msgs/px4_msgs/msg/detail/vehicle_odometry__struct.h\n'}
[1.289967] (px4_msgs) StdoutLine: {'line': b'-- Up-to-date symlink: /home/maanavjugalshah/SwarmAero/ros2_ws/install/px4_msgs/include/px4_msgs/px4_msgs/msg/detail/vehicle_odometry__type_support.h\n'}
[1.290197] (px4_msgs) StdoutLine: {'line': b'-- Up-to-date symlink: /home/maanavjugalshah/SwarmAero/ros2_ws/install/px4_msgs/include/px4_msgs/px4_msgs/msg/detail/vehicle_optical_flow__functions.h\n'}
[1.290556] (px4_msgs) StdoutLine: {'line': b'-- Up-to-date symlink: /home/maanavjugalshah/SwarmAero/ros2_ws/install/px4_msgs/include/px4_msgs/px4_msgs/msg/detail/vehicle_optical_flow__struct.h\n'}
[1.290983] (px4_msgs) StdoutLine: {'line': b'-- Up-to-date symlink: /home/maanavjugalshah/SwarmAero/ros2_ws/install/px4_msgs/include/px4_msgs/px4_msgs/msg/detail/vehicle_optical_flow__type_support.h\n'}
[1.291446] (px4_msgs) StdoutLine: {'line': b'-- Up-to-date symlink: /home/maanavjugalshah/SwarmAero/ros2_ws/install/px4_msgs/include/px4_msgs/px4_msgs/msg/detail/vehicle_optical_flow_vel__functions.h\n'}
[1.291544] (px4_msgs) StdoutLine: {'line': b'-- Up-to-date symlink: /home/maanavjugalshah/SwarmAero/ros2_ws/install/px4_msgs/include/px4_msgs/px4_msgs/msg/detail/vehicle_optical_flow_vel__struct.h\n'}
[1.291594] (px4_msgs) StdoutLine: {'line': b'-- Up-to-date symlink: /home/maanavjugalshah/SwarmAero/ros2_ws/install/px4_msgs/include/px4_msgs/px4_msgs/msg/detail/vehicle_optical_flow_vel__type_support.h\n'}
[1.291840] (px4_msgs) StdoutLine: {'line': b'-- Up-to-date symlink: /home/maanavjugalshah/SwarmAero/ros2_ws/install/px4_msgs/include/px4_msgs/px4_msgs/msg/detail/vehicle_rates_setpoint__functions.h\n'}
[1.291891] (px4_msgs) StdoutLine: {'line': b'-- Up-to-date symlink: /home/maanavjugalshah/SwarmAero/ros2_ws/install/px4_msgs/include/px4_msgs/px4_msgs/msg/detail/vehicle_rates_setpoint__struct.h\n'}
[1.291958] (px4_msgs) StdoutLine: {'line': b'-- Up-to-date symlink: /home/maanavjugalshah/SwarmAero/ros2_ws/install/px4_msgs/include/px4_msgs/px4_msgs/msg/detail/vehicle_rates_setpoint__type_support.h\n'}
[1.292030] (px4_msgs) StdoutLine: {'line': b'-- Up-to-date symlink: /home/maanavjugalshah/SwarmAero/ros2_ws/install/px4_msgs/include/px4_msgs/px4_msgs/msg/detail/vehicle_roi__functions.h\n'}
[1.292098] (px4_msgs) StdoutLine: {'line': b'-- Up-to-date symlink: /home/maanavjugalshah/SwarmAero/ros2_ws/install/px4_msgs/include/px4_msgs/px4_msgs/msg/detail/vehicle_roi__struct.h\n'}
[1.292138] (px4_msgs) StdoutLine: {'line': b'-- Up-to-date symlink: /home/maanavjugalshah/SwarmAero/ros2_ws/install/px4_msgs/include/px4_msgs/px4_msgs/msg/detail/vehicle_roi__type_support.h\n'}
[1.292175] (px4_msgs) StdoutLine: {'line': b'-- Up-to-date symlink: /home/maanavjugalshah/SwarmAero/ros2_ws/install/px4_msgs/include/px4_msgs/px4_msgs/msg/detail/vehicle_status__functions.h\n'}
[1.292214] (px4_msgs) StdoutLine: {'line': b'-- Up-to-date symlink: /home/maanavjugalshah/SwarmAero/ros2_ws/install/px4_msgs/include/px4_msgs/px4_msgs/msg/detail/vehicle_status__struct.h\n'}
[1.292248] (px4_msgs) StdoutLine: {'line': b'-- Up-to-date symlink: /home/maanavjugalshah/SwarmAero/ros2_ws/install/px4_msgs/include/px4_msgs/px4_msgs/msg/detail/vehicle_status__type_support.h\n'}
[1.292282] (px4_msgs) StdoutLine: {'line': b'-- Up-to-date symlink: /home/maanavjugalshah/SwarmAero/ros2_ws/install/px4_msgs/include/px4_msgs/px4_msgs/msg/detail/vehicle_thrust_setpoint__functions.h\n'}
[1.292317] (px4_msgs) StdoutLine: {'line': b'-- Up-to-date symlink: /home/maanavjugalshah/SwarmAero/ros2_ws/install/px4_msgs/include/px4_msgs/px4_msgs/msg/detail/vehicle_thrust_setpoint__struct.h\n'}
[1.292351] (px4_msgs) StdoutLine: {'line': b'-- Up-to-date symlink: /home/maanavjugalshah/SwarmAero/ros2_ws/install/px4_msgs/include/px4_msgs/px4_msgs/msg/detail/vehicle_thrust_setpoint__type_support.h\n'}
[1.292384] (px4_msgs) StdoutLine: {'line': b'-- Up-to-date symlink: /home/maanavjugalshah/SwarmAero/ros2_ws/install/px4_msgs/include/px4_msgs/px4_msgs/msg/detail/vehicle_torque_setpoint__functions.h\n'}
[1.292417] (px4_msgs) StdoutLine: {'line': b'-- Up-to-date symlink: /home/maanavjugalshah/SwarmAero/ros2_ws/install/px4_msgs/include/px4_msgs/px4_msgs/msg/detail/vehicle_torque_setpoint__struct.h\n'}
[1.292449] (px4_msgs) StdoutLine: {'line': b'-- Up-to-date symlink: /home/maanavjugalshah/SwarmAero/ros2_ws/install/px4_msgs/include/px4_msgs/px4_msgs/msg/detail/vehicle_torque_setpoint__type_support.h\n'}
[1.292481] (px4_msgs) StdoutLine: {'line': b'-- Up-to-date symlink: /home/maanavjugalshah/SwarmAero/ros2_ws/install/px4_msgs/include/px4_msgs/px4_msgs/msg/detail/velocity_limits__functions.h\n'}
[1.292513] (px4_msgs) StdoutLine: {'line': b'-- Up-to-date symlink: /home/maanavjugalshah/SwarmAero/ros2_ws/install/px4_msgs/include/px4_msgs/px4_msgs/msg/detail/velocity_limits__struct.h\n'}
[1.292545] (px4_msgs) StdoutLine: {'line': b'-- Up-to-date symlink: /home/maanavjugalshah/SwarmAero/ros2_ws/install/px4_msgs/include/px4_msgs/px4_msgs/msg/detail/velocity_limits__type_support.h\n'}
[1.292578] (px4_msgs) StdoutLine: {'line': b'-- Up-to-date symlink: /home/maanavjugalshah/SwarmAero/ros2_ws/install/px4_msgs/include/px4_msgs/px4_msgs/msg/detail/vtol_vehicle_status__functions.h\n'}
[1.292610] (px4_msgs) StdoutLine: {'line': b'-- Up-to-date symlink: /home/maanavjugalshah/SwarmAero/ros2_ws/install/px4_msgs/include/px4_msgs/px4_msgs/msg/detail/vtol_vehicle_status__struct.h\n'}
[1.292641] (px4_msgs) StdoutLine: {'line': b'-- Up-to-date symlink: /home/maanavjugalshah/SwarmAero/ros2_ws/install/px4_msgs/include/px4_msgs/px4_msgs/msg/detail/vtol_vehicle_status__type_support.h\n'}
[1.292672] (px4_msgs) StdoutLine: {'line': b'-- Up-to-date symlink: /home/maanavjugalshah/SwarmAero/ros2_ws/install/px4_msgs/include/px4_msgs/px4_msgs/msg/detail/vtx__functions.h\n'}
[1.292705] (px4_msgs) StdoutLine: {'line': b'-- Up-to-date symlink: /home/maanavjugalshah/SwarmAero/ros2_ws/install/px4_msgs/include/px4_msgs/px4_msgs/msg/detail/vtx__struct.h\n'}
[1.292738] (px4_msgs) StdoutLine: {'line': b'-- Up-to-date symlink: /home/maanavjugalshah/SwarmAero/ros2_ws/install/px4_msgs/include/px4_msgs/px4_msgs/msg/detail/vtx__type_support.h\n'}
[1.292773] (px4_msgs) StdoutLine: {'line': b'-- Up-to-date symlink: /home/maanavjugalshah/SwarmAero/ros2_ws/install/px4_msgs/include/px4_msgs/px4_msgs/msg/detail/wheel_encoders__functions.h\n'}
[1.292832] (px4_msgs) StdoutLine: {'line': b'-- Up-to-date symlink: /home/maanavjugalshah/SwarmAero/ros2_ws/install/px4_msgs/include/px4_msgs/px4_msgs/msg/detail/wheel_encoders__struct.h\n'}
[1.292874] (px4_msgs) StdoutLine: {'line': b'-- Up-to-date symlink: /home/maanavjugalshah/SwarmAero/ros2_ws/install/px4_msgs/include/px4_msgs/px4_msgs/msg/detail/wheel_encoders__type_support.h\n'}
[1.292914] (px4_msgs) StdoutLine: {'line': b'-- Up-to-date symlink: /home/maanavjugalshah/SwarmAero/ros2_ws/install/px4_msgs/include/px4_msgs/px4_msgs/msg/detail/wind__functions.h\n'}
[1.292952] (px4_msgs) StdoutLine: {'line': b'-- Up-to-date symlink: /home/maanavjugalshah/SwarmAero/ros2_ws/install/px4_msgs/include/px4_msgs/px4_msgs/msg/detail/wind__struct.h\n'}
[1.292986] (px4_msgs) StdoutLine: {'line': b'-- Up-to-date symlink: /home/maanavjugalshah/SwarmAero/ros2_ws/install/px4_msgs/include/px4_msgs/px4_msgs/msg/detail/wind__type_support.h\n'}
[1.293019] (px4_msgs) StdoutLine: {'line': b'-- Up-to-date symlink: /home/maanavjugalshah/SwarmAero/ros2_ws/install/px4_msgs/include/px4_msgs/px4_msgs/msg/detail/yaw_estimator_status__functions.h\n'}
[1.293052] (px4_msgs) StdoutLine: {'line': b'-- Up-to-date symlink: /home/maanavjugalshah/SwarmAero/ros2_ws/install/px4_msgs/include/px4_msgs/px4_msgs/msg/detail/yaw_estimator_status__struct.h\n'}
[1.293084] (px4_msgs) StdoutLine: {'line': b'-- Up-to-date symlink: /home/maanavjugalshah/SwarmAero/ros2_ws/install/px4_msgs/include/px4_msgs/px4_msgs/msg/detail/yaw_estimator_status__type_support.h\n'}
[1.293115] (px4_msgs) StdoutLine: {'line': b'-- Up-to-date symlink: /home/maanavjugalshah/SwarmAero/ros2_ws/install/px4_msgs/include/px4_msgs/px4_msgs/msg/device_information.h\n'}
[1.293146] (px4_msgs) StdoutLine: {'line': b'-- Up-to-date symlink: /home/maanavjugalshah/SwarmAero/ros2_ws/install/px4_msgs/include/px4_msgs/px4_msgs/msg/differential_pressure.h\n'}
[1.293180] (px4_msgs) StdoutLine: {'line': b'-- Up-to-date symlink: /home/maanavjugalshah/SwarmAero/ros2_ws/install/px4_msgs/include/px4_msgs/px4_msgs/msg/distance_sensor.h\n'}
[1.293275] (px4_msgs) StdoutLine: {'line': b'-- Up-to-date symlink: /home/maanavjugalshah/SwarmAero/ros2_ws/install/px4_msgs/include/px4_msgs/px4_msgs/msg/distance_sensor_mode_change_request.h\n'}
[1.293318] (px4_msgs) StdoutLine: {'line': b'-- Up-to-date symlink: /home/maanavjugalshah/SwarmAero/ros2_ws/install/px4_msgs/include/px4_msgs/px4_msgs/msg/dronecan_node_status.h\n'}
[1.293371] (px4_msgs) StdoutLine: {'line': b'-- Up-to-date symlink: /home/maanavjugalshah/SwarmAero/ros2_ws/install/px4_msgs/include/px4_msgs/px4_msgs/msg/ekf2_timestamps.h\n'}
[1.293406] (px4_msgs) StdoutLine: {'line': b'-- Up-to-date symlink: /home/maanavjugalshah/SwarmAero/ros2_ws/install/px4_msgs/include/px4_msgs/px4_msgs/msg/esc_eeprom_read.h\n'}
[1.293441] (px4_msgs) StdoutLine: {'line': b'-- Up-to-date symlink: /home/maanavjugalshah/SwarmAero/ros2_ws/install/px4_msgs/include/px4_msgs/px4_msgs/msg/esc_eeprom_write.h\n'}
[1.293475] (px4_msgs) StdoutLine: {'line': b'-- Up-to-date symlink: /home/maanavjugalshah/SwarmAero/ros2_ws/install/px4_msgs/include/px4_msgs/px4_msgs/msg/esc_report.h\n'}
[1.293526] (px4_msgs) StdoutLine: {'line': b'-- Up-to-date symlink: /home/maanavjugalshah/SwarmAero/ros2_ws/install/px4_msgs/include/px4_msgs/px4_msgs/msg/esc_status.h\n'}
[1.293579] (px4_msgs) StdoutLine: {'line': b'-- Up-to-date symlink: /home/maanavjugalshah/SwarmAero/ros2_ws/install/px4_msgs/include/px4_msgs/px4_msgs/msg/estimator_aid_source1d.h\n'}
[1.293617] (px4_msgs) StdoutLine: {'line': b'-- Up-to-date symlink: /home/maanavjugalshah/SwarmAero/ros2_ws/install/px4_msgs/include/px4_msgs/px4_msgs/msg/estimator_aid_source2d.h\n'}
[1.293652] (px4_msgs) StdoutLine: {'line': b'-- Up-to-date symlink: /home/maanavjugalshah/SwarmAero/ros2_ws/install/px4_msgs/include/px4_msgs/px4_msgs/msg/estimator_aid_source3d.h\n'}
[1.293857] (px4_msgs) StdoutLine: {'line': b'-- Up-to-date symlink: /home/maanavjugalshah/SwarmAero/ros2_ws/install/px4_msgs/include/px4_msgs/px4_msgs/msg/estimator_bias.h\n'}
[1.293903] (px4_msgs) StdoutLine: {'line': b'-- Up-to-date symlink: /home/maanavjugalshah/SwarmAero/ros2_ws/install/px4_msgs/include/px4_msgs/px4_msgs/msg/estimator_bias3d.h\n'}
[1.293939] (px4_msgs) StdoutLine: {'line': b'-- Up-to-date symlink: /home/maanavjugalshah/SwarmAero/ros2_ws/install/px4_msgs/include/px4_msgs/px4_msgs/msg/estimator_event_flags.h\n'}
[1.293975] (px4_msgs) StdoutLine: {'line': b'-- Up-to-date symlink: /home/maanavjugalshah/SwarmAero/ros2_ws/install/px4_msgs/include/px4_msgs/px4_msgs/msg/estimator_fusion_control.h\n'}
[1.294073] (px4_msgs) StdoutLine: {'line': b'-- Up-to-date symlink: /home/maanavjugalshah/SwarmAero/ros2_ws/install/px4_msgs/include/px4_msgs/px4_msgs/msg/estimator_gps_status.h\n'}
[1.294406] (px4_msgs) StdoutLine: {'line': b'-- Up-to-date symlink: /home/maanavjugalshah/SwarmAero/ros2_ws/install/px4_msgs/include/px4_msgs/px4_msgs/msg/estimator_innovations.h\n'}
[1.294487] (px4_msgs) StdoutLine: {'line': b'-- Up-to-date symlink: /home/maanavjugalshah/SwarmAero/ros2_ws/install/px4_msgs/include/px4_msgs/px4_msgs/msg/estimator_selector_status.h\n'}
[1.294530] (px4_msgs) StdoutLine: {'line': b'-- Up-to-date symlink: /home/maanavjugalshah/SwarmAero/ros2_ws/install/px4_msgs/include/px4_msgs/px4_msgs/msg/estimator_sensor_bias.h\n'}
[1.294566] (px4_msgs) StdoutLine: {'line': b'-- Up-to-date symlink: /home/maanavjugalshah/SwarmAero/ros2_ws/install/px4_msgs/include/px4_msgs/px4_msgs/msg/estimator_states.h\n'}
[1.294601] (px4_msgs) StdoutLine: {'line': b'-- Up-to-date symlink: /home/maanavjugalshah/SwarmAero/ros2_ws/install/px4_msgs/include/px4_msgs/px4_msgs/msg/estimator_status.h\n'}
[1.294637] (px4_msgs) StdoutLine: {'line': b'-- Up-to-date symlink: /home/maanavjugalshah/SwarmAero/ros2_ws/install/px4_msgs/include/px4_msgs/px4_msgs/msg/estimator_status_flags.h\n'}
[1.294670] (px4_msgs) StdoutLine: {'line': b'-- Up-to-date symlink: /home/maanavjugalshah/SwarmAero/ros2_ws/install/px4_msgs/include/px4_msgs/px4_msgs/msg/event.h\n'}
[1.294711] (px4_msgs) StdoutLine: {'line': b'-- Up-to-date symlink: /home/maanavjugalshah/SwarmAero/ros2_ws/install/px4_msgs/include/px4_msgs/px4_msgs/msg/failsafe_flags.h\n'}
[1.294755] (px4_msgs) StdoutLine: {'line': b'-- Up-to-date symlink: /home/maanavjugalshah/SwarmAero/ros2_ws/install/px4_msgs/include/px4_msgs/px4_msgs/msg/failure_detector_status.h\n'}
[1.294788] (px4_msgs) StdoutLine: {'line': b'-- Up-to-date symlink: /home/maanavjugalshah/SwarmAero/ros2_ws/install/px4_msgs/include/px4_msgs/px4_msgs/msg/figure_eight_status.h\n'}
[1.294820] (px4_msgs) StdoutLine: {'line': b'-- Up-to-date symlink: /home/maanavjugalshah/SwarmAero/ros2_ws/install/px4_msgs/include/px4_msgs/px4_msgs/msg/fixed_wing_lateral_guidance_status.h\n'}
[1.294887] (px4_msgs) StdoutLine: {'line': b'-- Up-to-date symlink: /home/maanavjugalshah/SwarmAero/ros2_ws/install/px4_msgs/include/px4_msgs/px4_msgs/msg/fixed_wing_lateral_setpoint.h\n'}
[1.294933] (px4_msgs) StdoutLine: {'line': b'-- Up-to-date symlink: /home/maanavjugalshah/SwarmAero/ros2_ws/install/px4_msgs/include/px4_msgs/px4_msgs/msg/fixed_wing_lateral_status.h\n'}
[1.294970] (px4_msgs) StdoutLine: {'line': b'-- Up-to-date symlink: /home/maanavjugalshah/SwarmAero/ros2_ws/install/px4_msgs/include/px4_msgs/px4_msgs/msg/fixed_wing_longitudinal_setpoint.h\n'}
[1.295005] (px4_msgs) StdoutLine: {'line': b'-- Up-to-date symlink: /home/maanavjugalshah/SwarmAero/ros2_ws/install/px4_msgs/include/px4_msgs/px4_msgs/msg/fixed_wing_runway_control.h\n'}
[1.295039] (px4_msgs) StdoutLine: {'line': b'-- Up-to-date symlink: /home/maanavjugalshah/SwarmAero/ros2_ws/install/px4_msgs/include/px4_msgs/px4_msgs/msg/flight_phase_estimation.h\n'}
[1.295073] (px4_msgs) StdoutLine: {'line': b'-- Up-to-date symlink: /home/maanavjugalshah/SwarmAero/ros2_ws/install/px4_msgs/include/px4_msgs/px4_msgs/msg/follow_target.h\n'}
[1.295106] (px4_msgs) StdoutLine: {'line': b'-- Up-to-date symlink: /home/maanavjugalshah/SwarmAero/ros2_ws/install/px4_msgs/include/px4_msgs/px4_msgs/msg/follow_target_estimator.h\n'}
[1.295143] (px4_msgs) StdoutLine: {'line': b'-- Up-to-date symlink: /home/maanavjugalshah/SwarmAero/ros2_ws/install/px4_msgs/include/px4_msgs/px4_msgs/msg/follow_target_status.h\n'}
[1.295175] (px4_msgs) StdoutLine: {'line': b'-- Up-to-date symlink: /home/maanavjugalshah/SwarmAero/ros2_ws/install/px4_msgs/include/px4_msgs/px4_msgs/msg/fuel_tank_status.h\n'}
[1.295207] (px4_msgs) StdoutLine: {'line': b'-- Up-to-date symlink: /home/maanavjugalshah/SwarmAero/ros2_ws/install/px4_msgs/include/px4_msgs/px4_msgs/msg/gain_compression.h\n'}
[1.295241] (px4_msgs) StdoutLine: {'line': b'-- Up-to-date symlink: /home/maanavjugalshah/SwarmAero/ros2_ws/install/px4_msgs/include/px4_msgs/px4_msgs/msg/generator_status.h\n'}
[1.295273] (px4_msgs) StdoutLine: {'line': b'-- Up-to-date symlink: /home/maanavjugalshah/SwarmAero/ros2_ws/install/px4_msgs/include/px4_msgs/px4_msgs/msg/geofence_result.h\n'}
[1.295306] (px4_msgs) StdoutLine: {'line': b'-- Up-to-date symlink: /home/maanavjugalshah/SwarmAero/ros2_ws/install/px4_msgs/include/px4_msgs/px4_msgs/msg/geofence_status.h\n'}
[1.295337] (px4_msgs) StdoutLine: {'line': b'-- Up-to-date symlink: /home/maanavjugalshah/SwarmAero/ros2_ws/install/px4_msgs/include/px4_msgs/px4_msgs/msg/gimbal_controls.h\n'}
[1.295375] (px4_msgs) StdoutLine: {'line': b'-- Up-to-date symlink: /home/maanavjugalshah/SwarmAero/ros2_ws/install/px4_msgs/include/px4_msgs/px4_msgs/msg/gimbal_device_attitude_status.h\n'}
[1.295407] (px4_msgs) StdoutLine: {'line': b'-- Up-to-date symlink: /home/maanavjugalshah/SwarmAero/ros2_ws/install/px4_msgs/include/px4_msgs/px4_msgs/msg/gimbal_device_information.h\n'}
[1.295629] (px4_msgs) StdoutLine: {'line': b'-- Up-to-date symlink: /home/maanavjugalshah/SwarmAero/ros2_ws/install/px4_msgs/include/px4_msgs/px4_msgs/msg/gimbal_device_set_attitude.h\n'}
[1.295679] (px4_msgs) StdoutLine: {'line': b'-- Up-to-date symlink: /home/maanavjugalshah/SwarmAero/ros2_ws/install/px4_msgs/include/px4_msgs/px4_msgs/msg/gimbal_manager_information.h\n'}
[1.295715] (px4_msgs) StdoutLine: {'line': b'-- Up-to-date symlink: /home/maanavjugalshah/SwarmAero/ros2_ws/install/px4_msgs/include/px4_msgs/px4_msgs/msg/gimbal_manager_set_attitude.h\n'}
[1.295750] (px4_msgs) StdoutLine: {'line': b'-- Up-to-date symlink: /home/maanavjugalshah/SwarmAero/ros2_ws/install/px4_msgs/include/px4_msgs/px4_msgs/msg/gimbal_manager_set_manual_control.h\n'}
[1.295784] (px4_msgs) StdoutLine: {'line': b'-- Up-to-date symlink: /home/maanavjugalshah/SwarmAero/ros2_ws/install/px4_msgs/include/px4_msgs/px4_msgs/msg/gimbal_manager_status.h\n'}
[1.295817] (px4_msgs) StdoutLine: {'line': b'-- Up-to-date symlink: /home/maanavjugalshah/SwarmAero/ros2_ws/install/px4_msgs/include/px4_msgs/px4_msgs/msg/goto_setpoint.h\n'}
[1.295850] (px4_msgs) StdoutLine: {'line': b'-- Up-to-date symlink: /home/maanavjugalshah/SwarmAero/ros2_ws/install/px4_msgs/include/px4_msgs/px4_msgs/msg/gpio_config.h\n'}
[1.295884] (px4_msgs) StdoutLine: {'line': b'-- Up-to-date symlink: /home/maanavjugalshah/SwarmAero/ros2_ws/install/px4_msgs/include/px4_msgs/px4_msgs/msg/gpio_in.h\n'}
[1.295921] (px4_msgs) StdoutLine: {'line': b'-- Up-to-date symlink: /home/maanavjugalshah/SwarmAero/ros2_ws/install/px4_msgs/include/px4_msgs/px4_msgs/msg/gpio_out.h\n'}
[1.295955] (px4_msgs) StdoutLine: {'line': b'-- Up-to-date symlink: /home/maanavjugalshah/SwarmAero/ros2_ws/install/px4_msgs/include/px4_msgs/px4_msgs/msg/gpio_request.h\n'}
[1.296000] (px4_msgs) StdoutLine: {'line': b'-- Up-to-date symlink: /home/maanavjugalshah/SwarmAero/ros2_ws/install/px4_msgs/include/px4_msgs/px4_msgs/msg/gps_dump.h\n'}
[1.296035] (px4_msgs) StdoutLine: {'line': b'-- Up-to-date symlink: /home/maanavjugalshah/SwarmAero/ros2_ws/install/px4_msgs/include/px4_msgs/px4_msgs/msg/gps_inject_data.h\n'}
[1.296071] (px4_msgs) StdoutLine: {'line': b'-- Up-to-date symlink: /home/maanavjugalshah/SwarmAero/ros2_ws/install/px4_msgs/include/px4_msgs/px4_msgs/msg/gripper.h\n'}
[1.296105] (px4_msgs) StdoutLine: {'line': b'-- Up-to-date symlink: /home/maanavjugalshah/SwarmAero/ros2_ws/install/px4_msgs/include/px4_msgs/px4_msgs/msg/health_report.h\n'}
[1.296139] (px4_msgs) StdoutLine: {'line': b'-- Up-to-date symlink: /home/maanavjugalshah/SwarmAero/ros2_ws/install/px4_msgs/include/px4_msgs/px4_msgs/msg/heater_status.h\n'}
[1.296171] (px4_msgs) StdoutLine: {'line': b'-- Up-to-date symlink: /home/maanavjugalshah/SwarmAero/ros2_ws/install/px4_msgs/include/px4_msgs/px4_msgs/msg/home_position.h\n'}
[1.296203] (px4_msgs) StdoutLine: {'line': b'-- Up-to-date symlink: /home/maanavjugalshah/SwarmAero/ros2_ws/install/px4_msgs/include/px4_msgs/px4_msgs/msg/hover_thrust_estimate.h\n'}
[1.296235] (px4_msgs) StdoutLine: {'line': b'-- Up-to-date symlink: /home/maanavjugalshah/SwarmAero/ros2_ws/install/px4_msgs/include/px4_msgs/px4_msgs/msg/input_rc.h\n'}
[1.296267] (px4_msgs) StdoutLine: {'line': b'-- Up-to-date symlink: /home/maanavjugalshah/SwarmAero/ros2_ws/install/px4_msgs/include/px4_msgs/px4_msgs/msg/internal_combustion_engine_control.h\n'}
[1.296299] (px4_msgs) StdoutLine: {'line': b'-- Up-to-date symlink: /home/maanavjugalshah/SwarmAero/ros2_ws/install/px4_msgs/include/px4_msgs/px4_msgs/msg/internal_combustion_engine_status.h\n'}
[1.296331] (px4_msgs) StdoutLine: {'line': b'-- Up-to-date symlink: /home/maanavjugalshah/SwarmAero/ros2_ws/install/px4_msgs/include/px4_msgs/px4_msgs/msg/iridiumsbd_status.h\n'}
[1.296362] (px4_msgs) StdoutLine: {'line': b'-- Up-to-date symlink: /home/maanavjugalshah/SwarmAero/ros2_ws/install/px4_msgs/include/px4_msgs/px4_msgs/msg/irlock_report.h\n'}
[1.296395] (px4_msgs) StdoutLine: {'line': b'-- Up-to-date symlink: /home/maanavjugalshah/SwarmAero/ros2_ws/install/px4_msgs/include/px4_msgs/px4_msgs/msg/landing_gear.h\n'}
[1.296427] (px4_msgs) StdoutLine: {'line': b'-- Up-to-date symlink: /home/maanavjugalshah/SwarmAero/ros2_ws/install/px4_msgs/include/px4_msgs/px4_msgs/msg/landing_gear_wheel.h\n'}
[1.296458] (px4_msgs) StdoutLine: {'line': b'-- Up-to-date symlink: /home/maanavjugalshah/SwarmAero/ros2_ws/install/px4_msgs/include/px4_msgs/px4_msgs/msg/landing_target_innovations.h\n'}
[1.296495] (px4_msgs) StdoutLine: {'line': b'-- Up-to-date symlink: /home/maanavjugalshah/SwarmAero/ros2_ws/install/px4_msgs/include/px4_msgs/px4_msgs/msg/landing_target_pose.h\n'}
[1.296526] (px4_msgs) StdoutLine: {'line': b'-- Up-to-date symlink: /home/maanavjugalshah/SwarmAero/ros2_ws/install/px4_msgs/include/px4_msgs/px4_msgs/msg/lateral_control_configuration.h\n'}
[1.296557] (px4_msgs) StdoutLine: {'line': b'-- Up-to-date symlink: /home/maanavjugalshah/SwarmAero/ros2_ws/install/px4_msgs/include/px4_msgs/px4_msgs/msg/launch_detection_status.h\n'}
[1.296589] (px4_msgs) StdoutLine: {'line': b'-- Up-to-date symlink: /home/maanavjugalshah/SwarmAero/ros2_ws/install/px4_msgs/include/px4_msgs/px4_msgs/msg/led_control.h\n'}
[1.296620] (px4_msgs) StdoutLine: {'line': b'-- Up-to-date symlink: /home/maanavjugalshah/SwarmAero/ros2_ws/install/px4_msgs/include/px4_msgs/px4_msgs/msg/log_message.h\n'}
[1.296651] (px4_msgs) StdoutLine: {'line': b'-- Up-to-date symlink: /home/maanavjugalshah/SwarmAero/ros2_ws/install/px4_msgs/include/px4_msgs/px4_msgs/msg/logger_status.h\n'}
[1.296681] (px4_msgs) StdoutLine: {'line': b'-- Up-to-date symlink: /home/maanavjugalshah/SwarmAero/ros2_ws/install/px4_msgs/include/px4_msgs/px4_msgs/msg/longitudinal_control_configuration.h\n'}
[1.296710] (px4_msgs) StdoutLine: {'line': b'-- Up-to-date symlink: /home/maanavjugalshah/SwarmAero/ros2_ws/install/px4_msgs/include/px4_msgs/px4_msgs/msg/mag_worker_data.h\n'}
[1.296741] (px4_msgs) StdoutLine: {'line': b'-- Up-to-date symlink: /home/maanavjugalshah/SwarmAero/ros2_ws/install/px4_msgs/include/px4_msgs/px4_msgs/msg/magnetometer_bias_estimate.h\n'}
[1.296771] (px4_msgs) StdoutLine: {'line': b'-- Up-to-date symlink: /home/maanavjugalshah/SwarmAero/ros2_ws/install/px4_msgs/include/px4_msgs/px4_msgs/msg/manual_control_setpoint.h\n'}
[1.296801] (px4_msgs) StdoutLine: {'line': b'-- Up-to-date symlink: /home/maanavjugalshah/SwarmAero/ros2_ws/install/px4_msgs/include/px4_msgs/px4_msgs/msg/manual_control_switches.h\n'}
[1.296833] (px4_msgs) StdoutLine: {'line': b'-- Up-to-date symlink: /home/maanavjugalshah/SwarmAero/ros2_ws/install/px4_msgs/include/px4_msgs/px4_msgs/msg/mavlink_log.h\n'}
[1.296866] (px4_msgs) StdoutLine: {'line': b'-- Up-to-date symlink: /home/maanavjugalshah/SwarmAero/ros2_ws/install/px4_msgs/include/px4_msgs/px4_msgs/msg/mavlink_tunnel.h\n'}
[1.296900] (px4_msgs) StdoutLine: {'line': b'-- Up-to-date symlink: /home/maanavjugalshah/SwarmAero/ros2_ws/install/px4_msgs/include/px4_msgs/px4_msgs/msg/message_format_request.h\n'}
[1.296936] (px4_msgs) StdoutLine: {'line': b'-- Up-to-date symlink: /home/maanavjugalshah/SwarmAero/ros2_ws/install/px4_msgs/include/px4_msgs/px4_msgs/msg/message_format_response.h\n'}
[1.296968] (px4_msgs) StdoutLine: {'line': b'-- Up-to-date symlink: /home/maanavjugalshah/SwarmAero/ros2_ws/install/px4_msgs/include/px4_msgs/px4_msgs/msg/mission.h\n'}
[1.297002] (px4_msgs) StdoutLine: {'line': b'-- Up-to-date symlink: /home/maanavjugalshah/SwarmAero/ros2_ws/install/px4_msgs/include/px4_msgs/px4_msgs/msg/mission_result.h\n'}
[1.297079] (px4_msgs) StdoutLine: {'line': b'-- Up-to-date symlink: /home/maanavjugalshah/SwarmAero/ros2_ws/install/px4_msgs/include/px4_msgs/px4_msgs/msg/mode_completed.h\n'}
[1.297178] (px4_msgs) StdoutLine: {'line': b'-- Up-to-date symlink: /home/maanavjugalshah/SwarmAero/ros2_ws/install/px4_msgs/include/px4_msgs/px4_msgs/msg/mount_orientation.h\n'}
[1.297253] (px4_msgs) StdoutLine: {'line': b'-- Up-to-date symlink: /home/maanavjugalshah/SwarmAero/ros2_ws/install/px4_msgs/include/px4_msgs/px4_msgs/msg/navigator_mission_item.h\n'}
[1.297340] (px4_msgs) StdoutLine: {'line': b'-- Up-to-date symlink: /home/maanavjugalshah/SwarmAero/ros2_ws/install/px4_msgs/include/px4_msgs/px4_msgs/msg/navigator_status.h\n'}
[1.297410] (px4_msgs) StdoutLine: {'line': b'-- Up-to-date symlink: /home/maanavjugalshah/SwarmAero/ros2_ws/install/px4_msgs/include/px4_msgs/px4_msgs/msg/neural_control.h\n'}
[1.297477] (px4_msgs) StdoutLine: {'line': b'-- Up-to-date symlink: /home/maanavjugalshah/SwarmAero/ros2_ws/install/px4_msgs/include/px4_msgs/px4_msgs/msg/normalized_unsigned_setpoint.h\n'}
[1.297548] (px4_msgs) StdoutLine: {'line': b'-- Up-to-date symlink: /home/maanavjugalshah/SwarmAero/ros2_ws/install/px4_msgs/include/px4_msgs/px4_msgs/msg/obstacle_distance.h\n'}
[1.297623] (px4_msgs) StdoutLine: {'line': b'-- Up-to-date symlink: /home/maanavjugalshah/SwarmAero/ros2_ws/install/px4_msgs/include/px4_msgs/px4_msgs/msg/offboard_control_mode.h\n'}
[1.297697] (px4_msgs) StdoutLine: {'line': b'-- Up-to-date symlink: /home/maanavjugalshah/SwarmAero/ros2_ws/install/px4_msgs/include/px4_msgs/px4_msgs/msg/onboard_computer_status.h\n'}
[1.297764] (px4_msgs) StdoutLine: {'line': b'-- Up-to-date symlink: /home/maanavjugalshah/SwarmAero/ros2_ws/install/px4_msgs/include/px4_msgs/px4_msgs/msg/open_drone_id_arm_status.h\n'}
[1.297812] (px4_msgs) StdoutLine: {'line': b'-- Up-to-date symlink: /home/maanavjugalshah/SwarmAero/ros2_ws/install/px4_msgs/include/px4_msgs/px4_msgs/msg/open_drone_id_operator_id.h\n'}
[1.297876] (px4_msgs) StdoutLine: {'line': b'-- Up-to-date symlink: /home/maanavjugalshah/SwarmAero/ros2_ws/install/px4_msgs/include/px4_msgs/px4_msgs/msg/open_drone_id_self_id.h\n'}
[1.297931] (px4_msgs) StdoutLine: {'line': b'-- Up-to-date symlink: /home/maanavjugalshah/SwarmAero/ros2_ws/install/px4_msgs/include/px4_msgs/px4_msgs/msg/open_drone_id_system.h\n'}
[1.298003] (px4_msgs) StdoutLine: {'line': b'-- Up-to-date symlink: /home/maanavjugalshah/SwarmAero/ros2_ws/install/px4_msgs/include/px4_msgs/px4_msgs/msg/orb_test.h\n'}
[1.298372] (px4_msgs) StdoutLine: {'line': b'-- Up-to-date symlink: /home/maanavjugalshah/SwarmAero/ros2_ws/install/px4_msgs/include/px4_msgs/px4_msgs/msg/orb_test_large.h\n'}
[1.298701] (px4_msgs) StdoutLine: {'line': b'-- Up-to-date symlink: /home/maanavjugalshah/SwarmAero/ros2_ws/install/px4_msgs/include/px4_msgs/px4_msgs/msg/orb_test_medium.h\n'}
[1.298776] (px4_msgs) StdoutLine: {'line': b'-- Up-to-date symlink: /home/maanavjugalshah/SwarmAero/ros2_ws/install/px4_msgs/include/px4_msgs/px4_msgs/msg/orbit_status.h\n'}
[1.298968] (px4_msgs) StdoutLine: {'line': b'-- Up-to-date symlink: /home/maanavjugalshah/SwarmAero/ros2_ws/install/px4_msgs/include/px4_msgs/px4_msgs/msg/parameter_reset_request.h\n'}
[1.299146] (px4_msgs) StdoutLine: {'line': b'-- Up-to-date symlink: /home/maanavjugalshah/SwarmAero/ros2_ws/install/px4_msgs/include/px4_msgs/px4_msgs/msg/parameter_set_used_request.h\n'}
[1.299315] (px4_msgs) StdoutLine: {'line': b'-- Up-to-date symlink: /home/maanavjugalshah/SwarmAero/ros2_ws/install/px4_msgs/include/px4_msgs/px4_msgs/msg/parameter_set_value_request.h\n'}
[1.299411] (px4_msgs) StdoutLine: {'line': b'-- Up-to-date symlink: /home/maanavjugalshah/SwarmAero/ros2_ws/install/px4_msgs/include/px4_msgs/px4_msgs/msg/parameter_set_value_response.h\n'}
[1.299552] (px4_msgs) StdoutLine: {'line': b'-- Up-to-date symlink: /home/maanavjugalshah/SwarmAero/ros2_ws/install/px4_msgs/include/px4_msgs/px4_msgs/msg/parameter_update.h\n'}
[1.299627] (px4_msgs) StdoutLine: {'line': b'-- Up-to-date symlink: /home/maanavjugalshah/SwarmAero/ros2_ws/install/px4_msgs/include/px4_msgs/px4_msgs/msg/ping.h\n'}
[1.299716] (px4_msgs) StdoutLine: {'line': b'-- Up-to-date symlink: /home/maanavjugalshah/SwarmAero/ros2_ws/install/px4_msgs/include/px4_msgs/px4_msgs/msg/position_controller_landing_status.h\n'}
[1.299939] (px4_msgs) StdoutLine: {'line': b'-- Up-to-date symlink: /home/maanavjugalshah/SwarmAero/ros2_ws/install/px4_msgs/include/px4_msgs/px4_msgs/msg/position_controller_status.h\n'}
[1.300758] (px4_msgs) StdoutLine: {'line': b'-- Up-to-date symlink: /home/maanavjugalshah/SwarmAero/ros2_ws/install/px4_msgs/include/px4_msgs/px4_msgs/msg/position_setpoint.h\n'}
[1.301027] (px4_msgs) StdoutLine: {'line': b'-- Up-to-date symlink: /home/maanavjugalshah/SwarmAero/ros2_ws/install/px4_msgs/include/px4_msgs/px4_msgs/msg/position_setpoint_triplet.h\n'}
[1.301262] (px4_msgs) StdoutLine: {'line': b'-- Up-to-date symlink: /home/maanavjugalshah/SwarmAero/ros2_ws/install/px4_msgs/include/px4_msgs/px4_msgs/msg/power_button_state.h\n'}
[1.301385] (px4_msgs) StdoutLine: {'line': b'-- Up-to-date symlink: /home/maanavjugalshah/SwarmAero/ros2_ws/install/px4_msgs/include/px4_msgs/px4_msgs/msg/power_monitor.h\n'}
[1.301727] (px4_msgs) StdoutLine: {'line': b'-- Up-to-date symlink: /home/maanavjugalshah/SwarmAero/ros2_ws/install/px4_msgs/include/px4_msgs/px4_msgs/msg/pps_capture.h\n'}
[1.302035] (px4_msgs) StdoutLine: {'line': b'-- Up-to-date symlink: /home/maanavjugalshah/SwarmAero/ros2_ws/install/px4_msgs/include/px4_msgs/px4_msgs/msg/pure_pursuit_status.h\n'}
[1.302772] (-) TimerEvent: {}
[1.302899] (px4_msgs) StdoutLine: {'line': b'-- Up-to-date symlink: /home/maanavjugalshah/SwarmAero/ros2_ws/install/px4_msgs/include/px4_msgs/px4_msgs/msg/pwm_input.h\n'}
[1.302979] (px4_msgs) StdoutLine: {'line': b'-- Up-to-date symlink: /home/maanavjugalshah/SwarmAero/ros2_ws/install/px4_msgs/include/px4_msgs/px4_msgs/msg/px4io_status.h\n'}
[1.303021] (px4_msgs) StdoutLine: {'line': b'-- Up-to-date symlink: /home/maanavjugalshah/SwarmAero/ros2_ws/install/px4_msgs/include/px4_msgs/px4_msgs/msg/qshell_req.h\n'}
[1.303060] (px4_msgs) StdoutLine: {'line': b'-- Up-to-date symlink: /home/maanavjugalshah/SwarmAero/ros2_ws/install/px4_msgs/include/px4_msgs/px4_msgs/msg/qshell_retval.h\n'}
[1.303097] (px4_msgs) StdoutLine: {'line': b'-- Up-to-date symlink: /home/maanavjugalshah/SwarmAero/ros2_ws/install/px4_msgs/include/px4_msgs/px4_msgs/msg/radio_status.h\n'}
[1.303148] (px4_msgs) StdoutLine: {'line': b'-- Up-to-date symlink: /home/maanavjugalshah/SwarmAero/ros2_ws/install/px4_msgs/include/px4_msgs/px4_msgs/msg/ranging_beacon.h\n'}
[1.303223] (px4_msgs) StdoutLine: {'line': b'-- Up-to-date symlink: /home/maanavjugalshah/SwarmAero/ros2_ws/install/px4_msgs/include/px4_msgs/px4_msgs/msg/raptor_input.h\n'}
[1.303316] (px4_msgs) StdoutLine: {'line': b'-- Up-to-date symlink: /home/maanavjugalshah/SwarmAero/ros2_ws/install/px4_msgs/include/px4_msgs/px4_msgs/msg/raptor_status.h\n'}
[1.303644] (px4_msgs) StdoutLine: {'line': b'-- Up-to-date symlink: /home/maanavjugalshah/SwarmAero/ros2_ws/install/px4_msgs/include/px4_msgs/px4_msgs/msg/rate_ctrl_status.h\n'}
[1.304151] (px4_msgs) StdoutLine: {'line': b'-- Up-to-date symlink: /home/maanavjugalshah/SwarmAero/ros2_ws/install/px4_msgs/include/px4_msgs/px4_msgs/msg/rc_channels.h\n'}
[1.304335] (px4_msgs) StdoutLine: {'line': b'-- Up-to-date symlink: /home/maanavjugalshah/SwarmAero/ros2_ws/install/px4_msgs/include/px4_msgs/px4_msgs/msg/rc_parameter_map.h\n'}
[1.304732] (px4_msgs) StdoutLine: {'line': b'-- Up-to-date symlink: /home/maanavjugalshah/SwarmAero/ros2_ws/install/px4_msgs/include/px4_msgs/px4_msgs/msg/register_ext_component_reply.h\n'}
[1.305332] (px4_msgs) StdoutLine: {'line': b'-- Up-to-date symlink: /home/maanavjugalshah/SwarmAero/ros2_ws/install/px4_msgs/include/px4_msgs/px4_msgs/msg/register_ext_component_request.h\n'}
[1.305573] (px4_msgs) StdoutLine: {'line': b'-- Up-to-date symlink: /home/maanavjugalshah/SwarmAero/ros2_ws/install/px4_msgs/include/px4_msgs/px4_msgs/msg/rosidl_generator_c__visibility_control.h\n'}
[1.305634] (px4_msgs) StdoutLine: {'line': b'-- Up-to-date symlink: /home/maanavjugalshah/SwarmAero/ros2_ws/install/px4_msgs/include/px4_msgs/px4_msgs/msg/rover_attitude_setpoint.h\n'}
[1.305674] (px4_msgs) StdoutLine: {'line': b'-- Up-to-date symlink: /home/maanavjugalshah/SwarmAero/ros2_ws/install/px4_msgs/include/px4_msgs/px4_msgs/msg/rover_attitude_status.h\n'}
[1.305713] (px4_msgs) StdoutLine: {'line': b'-- Up-to-date symlink: /home/maanavjugalshah/SwarmAero/ros2_ws/install/px4_msgs/include/px4_msgs/px4_msgs/msg/rover_position_setpoint.h\n'}
[1.305749] (px4_msgs) StdoutLine: {'line': b'-- Up-to-date symlink: /home/maanavjugalshah/SwarmAero/ros2_ws/install/px4_msgs/include/px4_msgs/px4_msgs/msg/rover_rate_setpoint.h\n'}
[1.305789] (px4_msgs) StdoutLine: {'line': b'-- Up-to-date symlink: /home/maanavjugalshah/SwarmAero/ros2_ws/install/px4_msgs/include/px4_msgs/px4_msgs/msg/rover_rate_status.h\n'}
[1.306175] (px4_msgs) StdoutLine: {'line': b'-- Up-to-date symlink: /home/maanavjugalshah/SwarmAero/ros2_ws/install/px4_msgs/include/px4_msgs/px4_msgs/msg/rover_speed_setpoint.h\n'}
[1.306300] (px4_msgs) StdoutLine: {'line': b'-- Up-to-date symlink: /home/maanavjugalshah/SwarmAero/ros2_ws/install/px4_msgs/include/px4_msgs/px4_msgs/msg/rover_speed_status.h\n'}
[1.306506] (px4_msgs) StdoutLine: {'line': b'-- Up-to-date symlink: /home/maanavjugalshah/SwarmAero/ros2_ws/install/px4_msgs/include/px4_msgs/px4_msgs/msg/rover_steering_setpoint.h\n'}
[1.306554] (px4_msgs) StdoutLine: {'line': b'-- Up-to-date symlink: /home/maanavjugalshah/SwarmAero/ros2_ws/install/px4_msgs/include/px4_msgs/px4_msgs/msg/rover_throttle_setpoint.h\n'}
[1.306598] (px4_msgs) StdoutLine: {'line': b'-- Up-to-date symlink: /home/maanavjugalshah/SwarmAero/ros2_ws/install/px4_msgs/include/px4_msgs/px4_msgs/msg/rpm.h\n'}
[1.306815] (px4_msgs) StdoutLine: {'line': b'-- Up-to-date symlink: /home/maanavjugalshah/SwarmAero/ros2_ws/install/px4_msgs/include/px4_msgs/px4_msgs/msg/rtl_status.h\n'}
[1.306897] (px4_msgs) StdoutLine: {'line': b'-- Up-to-date symlink: /home/maanavjugalshah/SwarmAero/ros2_ws/install/px4_msgs/include/px4_msgs/px4_msgs/msg/rtl_time_estimate.h\n'}
[1.307073] (px4_msgs) StdoutLine: {'line': b'-- Up-to-date symlink: /home/maanavjugalshah/SwarmAero/ros2_ws/install/px4_msgs/include/px4_msgs/px4_msgs/msg/satellite_info.h\n'}
[1.307267] (px4_msgs) StdoutLine: {'line': b'-- Up-to-date symlink: /home/maanavjugalshah/SwarmAero/ros2_ws/install/px4_msgs/include/px4_msgs/px4_msgs/msg/sensor_accel.h\n'}
[1.307359] (px4_msgs) StdoutLine: {'line': b'-- Up-to-date symlink: /home/maanavjugalshah/SwarmAero/ros2_ws/install/px4_msgs/include/px4_msgs/px4_msgs/msg/sensor_accel_fifo.h\n'}
[1.307451] (px4_msgs) StdoutLine: {'line': b'-- Up-to-date symlink: /home/maanavjugalshah/SwarmAero/ros2_ws/install/px4_msgs/include/px4_msgs/px4_msgs/msg/sensor_airflow.h\n'}
[1.307511] (px4_msgs) StdoutLine: {'line': b'-- Up-to-date symlink: /home/maanavjugalshah/SwarmAero/ros2_ws/install/px4_msgs/include/px4_msgs/px4_msgs/msg/sensor_baro.h\n'}
[1.307548] (px4_msgs) StdoutLine: {'line': b'-- Up-to-date symlink: /home/maanavjugalshah/SwarmAero/ros2_ws/install/px4_msgs/include/px4_msgs/px4_msgs/msg/sensor_combined.h\n'}
[1.307591] (px4_msgs) StdoutLine: {'line': b'-- Up-to-date symlink: /home/maanavjugalshah/SwarmAero/ros2_ws/install/px4_msgs/include/px4_msgs/px4_msgs/msg/sensor_correction.h\n'}
[1.307628] (px4_msgs) StdoutLine: {'line': b'-- Up-to-date symlink: /home/maanavjugalshah/SwarmAero/ros2_ws/install/px4_msgs/include/px4_msgs/px4_msgs/msg/sensor_gnss_relative.h\n'}
[1.307664] (px4_msgs) StdoutLine: {'line': b'-- Up-to-date symlink: /home/maanavjugalshah/SwarmAero/ros2_ws/install/px4_msgs/include/px4_msgs/px4_msgs/msg/sensor_gnss_status.h\n'}
[1.307700] (px4_msgs) StdoutLine: {'line': b'-- Up-to-date symlink: /home/maanavjugalshah/SwarmAero/ros2_ws/install/px4_msgs/include/px4_msgs/px4_msgs/msg/sensor_gps.h\n'}
[1.307734] (px4_msgs) StdoutLine: {'line': b'-- Up-to-date symlink: /home/maanavjugalshah/SwarmAero/ros2_ws/install/px4_msgs/include/px4_msgs/px4_msgs/msg/sensor_gyro.h\n'}
[1.308148] (px4_msgs) StdoutLine: {'line': b'-- Up-to-date symlink: /home/maanavjugalshah/SwarmAero/ros2_ws/install/px4_msgs/include/px4_msgs/px4_msgs/msg/sensor_gyro_fft.h\n'}
[1.308215] (px4_msgs) StdoutLine: {'line': b'-- Up-to-date symlink: /home/maanavjugalshah/SwarmAero/ros2_ws/install/px4_msgs/include/px4_msgs/px4_msgs/msg/sensor_gyro_fifo.h\n'}
[1.308404] (px4_msgs) StdoutLine: {'line': b'-- Up-to-date symlink: /home/maanavjugalshah/SwarmAero/ros2_ws/install/px4_msgs/include/px4_msgs/px4_msgs/msg/sensor_hygrometer.h\n'}
[1.308487] (px4_msgs) StdoutLine: {'line': b'-- Up-to-date symlink: /home/maanavjugalshah/SwarmAero/ros2_ws/install/px4_msgs/include/px4_msgs/px4_msgs/msg/sensor_mag.h\n'}
[1.308710] (px4_msgs) StdoutLine: {'line': b'-- Up-to-date symlink: /home/maanavjugalshah/SwarmAero/ros2_ws/install/px4_msgs/include/px4_msgs/px4_msgs/msg/sensor_optical_flow.h\n'}
[1.308756] (px4_msgs) StdoutLine: {'line': b'-- Up-to-date symlink: /home/maanavjugalshah/SwarmAero/ros2_ws/install/px4_msgs/include/px4_msgs/px4_msgs/msg/sensor_preflight_mag.h\n'}
[1.308792] (px4_msgs) StdoutLine: {'line': b'-- Up-to-date symlink: /home/maanavjugalshah/SwarmAero/ros2_ws/install/px4_msgs/include/px4_msgs/px4_msgs/msg/sensor_selection.h\n'}
[1.308834] (px4_msgs) StdoutLine: {'line': b'-- Up-to-date symlink: /home/maanavjugalshah/SwarmAero/ros2_ws/install/px4_msgs/include/px4_msgs/px4_msgs/msg/sensor_temp.h\n'}
[1.308904] (px4_msgs) StdoutLine: {'line': b'-- Up-to-date symlink: /home/maanavjugalshah/SwarmAero/ros2_ws/install/px4_msgs/include/px4_msgs/px4_msgs/msg/sensor_uwb.h\n'}
[1.308981] (px4_msgs) StdoutLine: {'line': b'-- Up-to-date symlink: /home/maanavjugalshah/SwarmAero/ros2_ws/install/px4_msgs/include/px4_msgs/px4_msgs/msg/sensors_status.h\n'}
[1.309050] (px4_msgs) StdoutLine: {'line': b'-- Up-to-date symlink: /home/maanavjugalshah/SwarmAero/ros2_ws/install/px4_msgs/include/px4_msgs/px4_msgs/msg/sensors_status_imu.h\n'}
[1.309123] (px4_msgs) StdoutLine: {'line': b'-- Up-to-date symlink: /home/maanavjugalshah/SwarmAero/ros2_ws/install/px4_msgs/include/px4_msgs/px4_msgs/msg/system_power.h\n'}
[1.309867] (px4_msgs) StdoutLine: {'line': b'-- Up-to-date symlink: /home/maanavjugalshah/SwarmAero/ros2_ws/install/px4_msgs/include/px4_msgs/px4_msgs/msg/takeoff_status.h\n'}
[1.310063] (px4_msgs) StdoutLine: {'line': b'-- Up-to-date symlink: /home/maanavjugalshah/SwarmAero/ros2_ws/install/px4_msgs/include/px4_msgs/px4_msgs/msg/task_stack_info.h\n'}
[1.310407] (px4_msgs) StdoutLine: {'line': b'-- Up-to-date symlink: /home/maanavjugalshah/SwarmAero/ros2_ws/install/px4_msgs/include/px4_msgs/px4_msgs/msg/tecs_status.h\n'}
[1.310614] (px4_msgs) StdoutLine: {'line': b'-- Up-to-date symlink: /home/maanavjugalshah/SwarmAero/ros2_ws/install/px4_msgs/include/px4_msgs/px4_msgs/msg/telemetry_status.h\n'}
[1.310970] (px4_msgs) StdoutLine: {'line': b'-- Up-to-date symlink: /home/maanavjugalshah/SwarmAero/ros2_ws/install/px4_msgs/include/px4_msgs/px4_msgs/msg/tiltrotor_extra_controls.h\n'}
[1.311039] (px4_msgs) StdoutLine: {'line': b'-- Up-to-date symlink: /home/maanavjugalshah/SwarmAero/ros2_ws/install/px4_msgs/include/px4_msgs/px4_msgs/msg/timesync_status.h\n'}
[1.311078] (px4_msgs) StdoutLine: {'line': b'-- Up-to-date symlink: /home/maanavjugalshah/SwarmAero/ros2_ws/install/px4_msgs/include/px4_msgs/px4_msgs/msg/trajectory_setpoint.h\n'}
[1.311113] (px4_msgs) StdoutLine: {'line': b'-- Up-to-date symlink: /home/maanavjugalshah/SwarmAero/ros2_ws/install/px4_msgs/include/px4_msgs/px4_msgs/msg/trajectory_setpoint6dof.h\n'}
[1.311149] (px4_msgs) StdoutLine: {'line': b'-- Up-to-date symlink: /home/maanavjugalshah/SwarmAero/ros2_ws/install/px4_msgs/include/px4_msgs/px4_msgs/msg/transponder_report.h\n'}
[1.311187] (px4_msgs) StdoutLine: {'line': b'-- Up-to-date symlink: /home/maanavjugalshah/SwarmAero/ros2_ws/install/px4_msgs/include/px4_msgs/px4_msgs/msg/tune_control.h\n'}
[1.311221] (px4_msgs) StdoutLine: {'line': b'-- Up-to-date symlink: /home/maanavjugalshah/SwarmAero/ros2_ws/install/px4_msgs/include/px4_msgs/px4_msgs/msg/uavcan_parameter_request.h\n'}
[1.311278] (px4_msgs) StdoutLine: {'line': b'-- Up-to-date symlink: /home/maanavjugalshah/SwarmAero/ros2_ws/install/px4_msgs/include/px4_msgs/px4_msgs/msg/uavcan_parameter_value.h\n'}
[1.311317] (px4_msgs) StdoutLine: {'line': b'-- Up-to-date symlink: /home/maanavjugalshah/SwarmAero/ros2_ws/install/px4_msgs/include/px4_msgs/px4_msgs/msg/ulog_stream.h\n'}
[1.311783] (px4_msgs) StdoutLine: {'line': b'-- Up-to-date symlink: /home/maanavjugalshah/SwarmAero/ros2_ws/install/px4_msgs/include/px4_msgs/px4_msgs/msg/ulog_stream_ack.h\n'}
[1.311877] (px4_msgs) StdoutLine: {'line': b'-- Up-to-date symlink: /home/maanavjugalshah/SwarmAero/ros2_ws/install/px4_msgs/include/px4_msgs/px4_msgs/msg/unregister_ext_component.h\n'}
[1.312081] (px4_msgs) StdoutLine: {'line': b'-- Up-to-date symlink: /home/maanavjugalshah/SwarmAero/ros2_ws/install/px4_msgs/include/px4_msgs/px4_msgs/msg/vehicle_acceleration.h\n'}
[1.312183] (px4_msgs) StdoutLine: {'line': b'-- Up-to-date symlink: /home/maanavjugalshah/SwarmAero/ros2_ws/install/px4_msgs/include/px4_msgs/px4_msgs/msg/vehicle_air_data.h\n'}
[1.312355] (px4_msgs) StdoutLine: {'line': b'-- Up-to-date symlink: /home/maanavjugalshah/SwarmAero/ros2_ws/install/px4_msgs/include/px4_msgs/px4_msgs/msg/vehicle_angular_acceleration_setpoint.h\n'}
[1.312429] (px4_msgs) StdoutLine: {'line': b'-- Up-to-date symlink: /home/maanavjugalshah/SwarmAero/ros2_ws/install/px4_msgs/include/px4_msgs/px4_msgs/msg/vehicle_angular_velocity.h\n'}
[1.312570] (px4_msgs) StdoutLine: {'line': b'-- Up-to-date symlink: /home/maanavjugalshah/SwarmAero/ros2_ws/install/px4_msgs/include/px4_msgs/px4_msgs/msg/vehicle_attitude.h\n'}
[1.312644] (px4_msgs) StdoutLine: {'line': b'-- Up-to-date symlink: /home/maanavjugalshah/SwarmAero/ros2_ws/install/px4_msgs/include/px4_msgs/px4_msgs/msg/vehicle_attitude_setpoint.h\n'}
[1.312735] (px4_msgs) StdoutLine: {'line': b'-- Up-to-date symlink: /home/maanavjugalshah/SwarmAero/ros2_ws/install/px4_msgs/include/px4_msgs/px4_msgs/msg/vehicle_command.h\n'}
[1.312851] (px4_msgs) StdoutLine: {'line': b'-- Up-to-date symlink: /home/maanavjugalshah/SwarmAero/ros2_ws/install/px4_msgs/include/px4_msgs/px4_msgs/msg/vehicle_command_ack.h\n'}
[1.312944] (px4_msgs) StdoutLine: {'line': b'-- Up-to-date symlink: /home/maanavjugalshah/SwarmAero/ros2_ws/install/px4_msgs/include/px4_msgs/px4_msgs/msg/vehicle_constraints.h\n'}
[1.313113] (px4_msgs) StdoutLine: {'line': b'-- Up-to-date symlink: /home/maanavjugalshah/SwarmAero/ros2_ws/install/px4_msgs/include/px4_msgs/px4_msgs/msg/vehicle_control_mode.h\n'}
[1.313254] (px4_msgs) StdoutLine: {'line': b'-- Up-to-date symlink: /home/maanavjugalshah/SwarmAero/ros2_ws/install/px4_msgs/include/px4_msgs/px4_msgs/msg/vehicle_global_position.h\n'}
[1.313477] (px4_msgs) StdoutLine: {'line': b'-- Up-to-date symlink: /home/maanavjugalshah/SwarmAero/ros2_ws/install/px4_msgs/include/px4_msgs/px4_msgs/msg/vehicle_imu.h\n'}
[1.313559] (px4_msgs) StdoutLine: {'line': b'-- Up-to-date symlink: /home/maanavjugalshah/SwarmAero/ros2_ws/install/px4_msgs/include/px4_msgs/px4_msgs/msg/vehicle_imu_status.h\n'}
[1.313605] (px4_msgs) StdoutLine: {'line': b'-- Up-to-date symlink: /home/maanavjugalshah/SwarmAero/ros2_ws/install/px4_msgs/include/px4_msgs/px4_msgs/msg/vehicle_land_detected.h\n'}
[1.313674] (px4_msgs) StdoutLine: {'line': b'-- Up-to-date symlink: /home/maanavjugalshah/SwarmAero/ros2_ws/install/px4_msgs/include/px4_msgs/px4_msgs/msg/vehicle_local_position.h\n'}
[1.313794] (px4_msgs) StdoutLine: {'line': b'-- Up-to-date symlink: /home/maanavjugalshah/SwarmAero/ros2_ws/install/px4_msgs/include/px4_msgs/px4_msgs/msg/vehicle_local_position_setpoint.h\n'}
[1.314126] (px4_msgs) StdoutLine: {'line': b'-- Up-to-date symlink: /home/maanavjugalshah/SwarmAero/ros2_ws/install/px4_msgs/include/px4_msgs/px4_msgs/msg/vehicle_magnetometer.h\n'}
[1.314215] (px4_msgs) StdoutLine: {'line': b'-- Up-to-date symlink: /home/maanavjugalshah/SwarmAero/ros2_ws/install/px4_msgs/include/px4_msgs/px4_msgs/msg/vehicle_odometry.h\n'}
[1.314315] (px4_msgs) StdoutLine: {'line': b'-- Up-to-date symlink: /home/maanavjugalshah/SwarmAero/ros2_ws/install/px4_msgs/include/px4_msgs/px4_msgs/msg/vehicle_optical_flow.h\n'}
[1.314827] (px4_msgs) StdoutLine: {'line': b'-- Up-to-date symlink: /home/maanavjugalshah/SwarmAero/ros2_ws/install/px4_msgs/include/px4_msgs/px4_msgs/msg/vehicle_optical_flow_vel.h\n'}
[1.315297] (px4_msgs) StdoutLine: {'line': b'-- Up-to-date symlink: /home/maanavjugalshah/SwarmAero/ros2_ws/install/px4_msgs/include/px4_msgs/px4_msgs/msg/vehicle_rates_setpoint.h\n'}
[1.315681] (px4_msgs) StdoutLine: {'line': b'-- Up-to-date symlink: /home/maanavjugalshah/SwarmAero/ros2_ws/install/px4_msgs/include/px4_msgs/px4_msgs/msg/vehicle_roi.h\n'}
[1.315964] (px4_msgs) StdoutLine: {'line': b'-- Up-to-date symlink: /home/maanavjugalshah/SwarmAero/ros2_ws/install/px4_msgs/include/px4_msgs/px4_msgs/msg/vehicle_status.h\n'}
[1.316069] (px4_msgs) StdoutLine: {'line': b'-- Up-to-date symlink: /home/maanavjugalshah/SwarmAero/ros2_ws/install/px4_msgs/include/px4_msgs/px4_msgs/msg/vehicle_thrust_setpoint.h\n'}
[1.316138] (px4_msgs) StdoutLine: {'line': b'-- Up-to-date symlink: /home/maanavjugalshah/SwarmAero/ros2_ws/install/px4_msgs/include/px4_msgs/px4_msgs/msg/vehicle_torque_setpoint.h\n'}
[1.316308] (px4_msgs) StdoutLine: {'line': b'-- Up-to-date symlink: /home/maanavjugalshah/SwarmAero/ros2_ws/install/px4_msgs/include/px4_msgs/px4_msgs/msg/velocity_limits.h\n'}
[1.316487] (px4_msgs) StdoutLine: {'line': b'-- Up-to-date symlink: /home/maanavjugalshah/SwarmAero/ros2_ws/install/px4_msgs/include/px4_msgs/px4_msgs/msg/vtol_vehicle_status.h\n'}
[1.316577] (px4_msgs) StdoutLine: {'line': b'-- Up-to-date symlink: /home/maanavjugalshah/SwarmAero/ros2_ws/install/px4_msgs/include/px4_msgs/px4_msgs/msg/vtx.h\n'}
[1.317041] (px4_msgs) StdoutLine: {'line': b'-- Up-to-date symlink: /home/maanavjugalshah/SwarmAero/ros2_ws/install/px4_msgs/include/px4_msgs/px4_msgs/msg/wheel_encoders.h\n'}
[1.317137] (px4_msgs) StdoutLine: {'line': b'-- Up-to-date symlink: /home/maanavjugalshah/SwarmAero/ros2_ws/install/px4_msgs/include/px4_msgs/px4_msgs/msg/wind.h\n'}
[1.317933] (px4_msgs) StdoutLine: {'line': b'-- Up-to-date symlink: /home/maanavjugalshah/SwarmAero/ros2_ws/install/px4_msgs/include/px4_msgs/px4_msgs/msg/yaw_estimator_status.h\n'}
[1.318172] (px4_msgs) StdoutLine: {'line': b'-- Up-to-date symlink: /home/maanavjugalshah/SwarmAero/ros2_ws/install/px4_msgs/include/px4_msgs/px4_msgs/srv/detail/vehicle_command__functions.h\n'}
[1.318280] (px4_msgs) StdoutLine: {'line': b'-- Up-to-date symlink: /home/maanavjugalshah/SwarmAero/ros2_ws/install/px4_msgs/include/px4_msgs/px4_msgs/srv/detail/vehicle_command__struct.h\n'}
[1.318456] (px4_msgs) StdoutLine: {'line': b'-- Up-to-date symlink: /home/maanavjugalshah/SwarmAero/ros2_ws/install/px4_msgs/include/px4_msgs/px4_msgs/srv/detail/vehicle_command__type_support.h\n'}
[1.318701] (px4_msgs) StdoutLine: {'line': b'-- Up-to-date symlink: /home/maanavjugalshah/SwarmAero/ros2_ws/install/px4_msgs/include/px4_msgs/px4_msgs/srv/vehicle_command.h\n'}
[1.318841] (px4_msgs) StdoutLine: {'line': b'-- Up-to-date symlink: /home/maanavjugalshah/SwarmAero/ros2_ws/install/px4_msgs/share/px4_msgs/environment/library_path.sh\n'}
[1.318952] (px4_msgs) StdoutLine: {'line': b'-- Up-to-date symlink: /home/maanavjugalshah/SwarmAero/ros2_ws/install/px4_msgs/share/px4_msgs/environment/library_path.dsv\n'}
[1.319060] (px4_msgs) StdoutLine: {'line': b'-- Up-to-date symlink: /home/maanavjugalshah/SwarmAero/ros2_ws/install/px4_msgs/include/px4_msgs/px4_msgs/msg/detail/action_request__rosidl_typesupport_fastrtps_c.h\n'}
[1.319325] (px4_msgs) StdoutLine: {'line': b'-- Up-to-date symlink: /home/maanavjugalshah/SwarmAero/ros2_ws/install/px4_msgs/include/px4_msgs/px4_msgs/msg/detail/actuator_armed__rosidl_typesupport_fastrtps_c.h\n'}
[1.319407] (px4_msgs) StdoutLine: {'line': b'-- Up-to-date symlink: /home/maanavjugalshah/SwarmAero/ros2_ws/install/px4_msgs/include/px4_msgs/px4_msgs/msg/detail/actuator_controls_status__rosidl_typesupport_fastrtps_c.h\n'}
[1.319647] (px4_msgs) StdoutLine: {'line': b'-- Up-to-date symlink: /home/maanavjugalshah/SwarmAero/ros2_ws/install/px4_msgs/include/px4_msgs/px4_msgs/msg/detail/actuator_motors__rosidl_typesupport_fastrtps_c.h\n'}
[1.319705] (px4_msgs) StdoutLine: {'line': b'-- Up-to-date symlink: /home/maanavjugalshah/SwarmAero/ros2_ws/install/px4_msgs/include/px4_msgs/px4_msgs/msg/detail/actuator_outputs__rosidl_typesupport_fastrtps_c.h\n'}
[1.319895] (px4_msgs) StdoutLine: {'line': b'-- Up-to-date symlink: /home/maanavjugalshah/SwarmAero/ros2_ws/install/px4_msgs/include/px4_msgs/px4_msgs/msg/detail/actuator_servos__rosidl_typesupport_fastrtps_c.h\n'}
[1.320082] (px4_msgs) StdoutLine: {'line': b'-- Up-to-date symlink: /home/maanavjugalshah/SwarmAero/ros2_ws/install/px4_msgs/include/px4_msgs/px4_msgs/msg/detail/actuator_servos_trim__rosidl_typesupport_fastrtps_c.h\n'}
[1.320159] (px4_msgs) StdoutLine: {'line': b'-- Up-to-date symlink: /home/maanavjugalshah/SwarmAero/ros2_ws/install/px4_msgs/include/px4_msgs/px4_msgs/msg/detail/actuator_test__rosidl_typesupport_fastrtps_c.h\n'}
[1.320593] (px4_msgs) StdoutLine: {'line': b'-- Up-to-date symlink: /home/maanavjugalshah/SwarmAero/ros2_ws/install/px4_msgs/include/px4_msgs/px4_msgs/msg/detail/adc_report__rosidl_typesupport_fastrtps_c.h\n'}
[1.320859] (px4_msgs) StdoutLine: {'line': b'-- Up-to-date symlink: /home/maanavjugalshah/SwarmAero/ros2_ws/install/px4_msgs/include/px4_msgs/px4_msgs/msg/detail/airspeed__rosidl_typesupport_fastrtps_c.h\n'}
[1.320944] (px4_msgs) StdoutLine: {'line': b'-- Up-to-date symlink: /home/maanavjugalshah/SwarmAero/ros2_ws/install/px4_msgs/include/px4_msgs/px4_msgs/msg/detail/airspeed_validated__rosidl_typesupport_fastrtps_c.h\n'}
[1.321795] (px4_msgs) StdoutLine: {'line': b'-- Up-to-date symlink: /home/maanavjugalshah/SwarmAero/ros2_ws/install/px4_msgs/include/px4_msgs/px4_msgs/msg/detail/airspeed_wind__rosidl_typesupport_fastrtps_c.h\n'}
[1.322073] (px4_msgs) StdoutLine: {'line': b'-- Up-to-date symlink: /home/maanavjugalshah/SwarmAero/ros2_ws/install/px4_msgs/include/px4_msgs/px4_msgs/msg/detail/arming_check_reply__rosidl_typesupport_fastrtps_c.h\n'}
[1.322123] (px4_msgs) StdoutLine: {'line': b'-- Up-to-date symlink: /home/maanavjugalshah/SwarmAero/ros2_ws/install/px4_msgs/include/px4_msgs/px4_msgs/msg/detail/arming_check_request__rosidl_typesupport_fastrtps_c.h\n'}
[1.322183] (px4_msgs) StdoutLine: {'line': b'-- Up-to-date symlink: /home/maanavjugalshah/SwarmAero/ros2_ws/install/px4_msgs/include/px4_msgs/px4_msgs/msg/detail/autotune_attitude_control_status__rosidl_typesupport_fastrtps_c.h\n'}
[1.322270] (px4_msgs) StdoutLine: {'line': b'-- Up-to-date symlink: /home/maanavjugalshah/SwarmAero/ros2_ws/install/px4_msgs/include/px4_msgs/px4_msgs/msg/detail/aux_global_position__rosidl_typesupport_fastrtps_c.h\n'}
[1.322355] (px4_msgs) StdoutLine: {'line': b'-- Up-to-date symlink: /home/maanavjugalshah/SwarmAero/ros2_ws/install/px4_msgs/include/px4_msgs/px4_msgs/msg/detail/battery_info__rosidl_typesupport_fastrtps_c.h\n'}
[1.322576] (px4_msgs) StdoutLine: {'line': b'-- Up-to-date symlink: /home/maanavjugalshah/SwarmAero/ros2_ws/install/px4_msgs/include/px4_msgs/px4_msgs/msg/detail/battery_status__rosidl_typesupport_fastrtps_c.h\n'}
[1.322786] (px4_msgs) StdoutLine: {'line': b'-- Up-to-date symlink: /home/maanavjugalshah/SwarmAero/ros2_ws/install/px4_msgs/include/px4_msgs/px4_msgs/msg/detail/button_event__rosidl_typesupport_fastrtps_c.h\n'}
[1.322940] (px4_msgs) StdoutLine: {'line': b'-- Up-to-date symlink: /home/maanavjugalshah/SwarmAero/ros2_ws/install/px4_msgs/include/px4_msgs/px4_msgs/msg/detail/camera_capture__rosidl_typesupport_fastrtps_c.h\n'}
[1.323057] (px4_msgs) StdoutLine: {'line': b'-- Up-to-date symlink: /home/maanavjugalshah/SwarmAero/ros2_ws/install/px4_msgs/include/px4_msgs/px4_msgs/msg/detail/camera_status__rosidl_typesupport_fastrtps_c.h\n'}
[1.323164] (px4_msgs) StdoutLine: {'line': b'-- Up-to-date symlink: /home/maanavjugalshah/SwarmAero/ros2_ws/install/px4_msgs/include/px4_msgs/px4_msgs/msg/detail/camera_trigger__rosidl_typesupport_fastrtps_c.h\n'}
[1.323266] (px4_msgs) StdoutLine: {'line': b'-- Up-to-date symlink: /home/maanavjugalshah/SwarmAero/ros2_ws/install/px4_msgs/include/px4_msgs/px4_msgs/msg/detail/can_interface_status__rosidl_typesupport_fastrtps_c.h\n'}
[1.323350] (px4_msgs) StdoutLine: {'line': b'-- Up-to-date symlink: /home/maanavjugalshah/SwarmAero/ros2_ws/install/px4_msgs/include/px4_msgs/px4_msgs/msg/detail/cellular_status__rosidl_typesupport_fastrtps_c.h\n'}
[1.323578] (px4_msgs) StdoutLine: {'line': b'-- Up-to-date symlink: /home/maanavjugalshah/SwarmAero/ros2_ws/install/px4_msgs/include/px4_msgs/px4_msgs/msg/detail/collision_constraints__rosidl_typesupport_fastrtps_c.h\n'}
[1.323772] (px4_msgs) StdoutLine: {'line': b'-- Up-to-date symlink: /home/maanavjugalshah/SwarmAero/ros2_ws/install/px4_msgs/include/px4_msgs/px4_msgs/msg/detail/config_overrides__rosidl_typesupport_fastrtps_c.h\n'}
[1.323893] (px4_msgs) StdoutLine: {'line': b'-- Up-to-date symlink: /home/maanavjugalshah/SwarmAero/ros2_ws/install/px4_msgs/include/px4_msgs/px4_msgs/msg/detail/control_allocator_status__rosidl_typesupport_fastrtps_c.h\n'}
[1.324009] (px4_msgs) StdoutLine: {'line': b'-- Up-to-date symlink: /home/maanavjugalshah/SwarmAero/ros2_ws/install/px4_msgs/include/px4_msgs/px4_msgs/msg/detail/cpuload__rosidl_typesupport_fastrtps_c.h\n'}
[1.324281] (px4_msgs) StdoutLine: {'line': b'-- Up-to-date symlink: /home/maanavjugalshah/SwarmAero/ros2_ws/install/px4_msgs/include/px4_msgs/px4_msgs/msg/detail/dataman_request__rosidl_typesupport_fastrtps_c.h\n'}
[1.324487] (px4_msgs) StdoutLine: {'line': b'-- Up-to-date symlink: /home/maanavjugalshah/SwarmAero/ros2_ws/install/px4_msgs/include/px4_msgs/px4_msgs/msg/detail/dataman_response__rosidl_typesupport_fastrtps_c.h\n'}
[1.324664] (px4_msgs) StdoutLine: {'line': b'-- Up-to-date symlink: /home/maanavjugalshah/SwarmAero/ros2_ws/install/px4_msgs/include/px4_msgs/px4_msgs/msg/detail/debug_array__rosidl_typesupport_fastrtps_c.h\n'}
[1.324738] (px4_msgs) StdoutLine: {'line': b'-- Up-to-date symlink: /home/maanavjugalshah/SwarmAero/ros2_ws/install/px4_msgs/include/px4_msgs/px4_msgs/msg/detail/debug_key_value__rosidl_typesupport_fastrtps_c.h\n'}
[1.324911] (px4_msgs) StdoutLine: {'line': b'-- Up-to-date symlink: /home/maanavjugalshah/SwarmAero/ros2_ws/install/px4_msgs/include/px4_msgs/px4_msgs/msg/detail/debug_value__rosidl_typesupport_fastrtps_c.h\n'}
[1.325101] (px4_msgs) StdoutLine: {'line': b'-- Up-to-date symlink: /home/maanavjugalshah/SwarmAero/ros2_ws/install/px4_msgs/include/px4_msgs/px4_msgs/msg/detail/debug_vect__rosidl_typesupport_fastrtps_c.h\n'}
[1.325229] (px4_msgs) StdoutLine: {'line': b'-- Up-to-date symlink: /home/maanavjugalshah/SwarmAero/ros2_ws/install/px4_msgs/include/px4_msgs/px4_msgs/msg/detail/device_information__rosidl_typesupport_fastrtps_c.h\n'}
[1.325330] (px4_msgs) StdoutLine: {'line': b'-- Up-to-date symlink: /home/maanavjugalshah/SwarmAero/ros2_ws/install/px4_msgs/include/px4_msgs/px4_msgs/msg/detail/differential_pressure__rosidl_typesupport_fastrtps_c.h\n'}
[1.325447] (px4_msgs) StdoutLine: {'line': b'-- Up-to-date symlink: /home/maanavjugalshah/SwarmAero/ros2_ws/install/px4_msgs/include/px4_msgs/px4_msgs/msg/detail/distance_sensor__rosidl_typesupport_fastrtps_c.h\n'}
[1.325491] (px4_msgs) StdoutLine: {'line': b'-- Up-to-date symlink: /home/maanavjugalshah/SwarmAero/ros2_ws/install/px4_msgs/include/px4_msgs/px4_msgs/msg/detail/distance_sensor_mode_change_request__rosidl_typesupport_fastrtps_c.h\n'}
[1.325581] (px4_msgs) StdoutLine: {'line': b'-- Up-to-date symlink: /home/maanavjugalshah/SwarmAero/ros2_ws/install/px4_msgs/include/px4_msgs/px4_msgs/msg/detail/dronecan_node_status__rosidl_typesupport_fastrtps_c.h\n'}
[1.325663] (px4_msgs) StdoutLine: {'line': b'-- Up-to-date symlink: /home/maanavjugalshah/SwarmAero/ros2_ws/install/px4_msgs/include/px4_msgs/px4_msgs/msg/detail/ekf2_timestamps__rosidl_typesupport_fastrtps_c.h\n'}
[1.325959] (px4_msgs) StdoutLine: {'line': b'-- Up-to-date symlink: /home/maanavjugalshah/SwarmAero/ros2_ws/install/px4_msgs/include/px4_msgs/px4_msgs/msg/detail/esc_eeprom_read__rosidl_typesupport_fastrtps_c.h\n'}
[1.326007] (px4_msgs) StdoutLine: {'line': b'-- Up-to-date symlink: /home/maanavjugalshah/SwarmAero/ros2_ws/install/px4_msgs/include/px4_msgs/px4_msgs/msg/detail/esc_eeprom_write__rosidl_typesupport_fastrtps_c.h\n'}
[1.326044] (px4_msgs) StdoutLine: {'line': b'-- Up-to-date symlink: /home/maanavjugalshah/SwarmAero/ros2_ws/install/px4_msgs/include/px4_msgs/px4_msgs/msg/detail/esc_report__rosidl_typesupport_fastrtps_c.h\n'}
[1.326082] (px4_msgs) StdoutLine: {'line': b'-- Up-to-date symlink: /home/maanavjugalshah/SwarmAero/ros2_ws/install/px4_msgs/include/px4_msgs/px4_msgs/msg/detail/esc_status__rosidl_typesupport_fastrtps_c.h\n'}
[1.326123] (px4_msgs) StdoutLine: {'line': b'-- Up-to-date symlink: /home/maanavjugalshah/SwarmAero/ros2_ws/install/px4_msgs/include/px4_msgs/px4_msgs/msg/detail/estimator_aid_source1d__rosidl_typesupport_fastrtps_c.h\n'}
[1.326368] (px4_msgs) StdoutLine: {'line': b'-- Up-to-date symlink: /home/maanavjugalshah/SwarmAero/ros2_ws/install/px4_msgs/include/px4_msgs/px4_msgs/msg/detail/estimator_aid_source2d__rosidl_typesupport_fastrtps_c.h\n'}
[1.326588] (px4_msgs) StdoutLine: {'line': b'-- Up-to-date symlink: /home/maanavjugalshah/SwarmAero/ros2_ws/install/px4_msgs/include/px4_msgs/px4_msgs/msg/detail/estimator_aid_source3d__rosidl_typesupport_fastrtps_c.h\n'}
[1.326804] (px4_msgs) StdoutLine: {'line': b'-- Up-to-date symlink: /home/maanavjugalshah/SwarmAero/ros2_ws/install/px4_msgs/include/px4_msgs/px4_msgs/msg/detail/estimator_bias3d__rosidl_typesupport_fastrtps_c.h\n'}
[1.327112] (px4_msgs) StdoutLine: {'line': b'-- Up-to-date symlink: /home/maanavjugalshah/SwarmAero/ros2_ws/install/px4_msgs/include/px4_msgs/px4_msgs/msg/detail/estimator_bias__rosidl_typesupport_fastrtps_c.h\n'}
[1.327217] (px4_msgs) StdoutLine: {'line': b'-- Up-to-date symlink: /home/maanavjugalshah/SwarmAero/ros2_ws/install/px4_msgs/include/px4_msgs/px4_msgs/msg/detail/estimator_event_flags__rosidl_typesupport_fastrtps_c.h\n'}
[1.327399] (px4_msgs) StdoutLine: {'line': b'-- Up-to-date symlink: /home/maanavjugalshah/SwarmAero/ros2_ws/install/px4_msgs/include/px4_msgs/px4_msgs/msg/detail/estimator_fusion_control__rosidl_typesupport_fastrtps_c.h\n'}
[1.327600] (px4_msgs) StdoutLine: {'line': b'-- Up-to-date symlink: /home/maanavjugalshah/SwarmAero/ros2_ws/install/px4_msgs/include/px4_msgs/px4_msgs/msg/detail/estimator_gps_status__rosidl_typesupport_fastrtps_c.h\n'}
[1.327930] (px4_msgs) StdoutLine: {'line': b'-- Up-to-date symlink: /home/maanavjugalshah/SwarmAero/ros2_ws/install/px4_msgs/include/px4_msgs/px4_msgs/msg/detail/estimator_innovations__rosidl_typesupport_fastrtps_c.h\n'}
[1.328196] (px4_msgs) StdoutLine: {'line': b'-- Up-to-date symlink: /home/maanavjugalshah/SwarmAero/ros2_ws/install/px4_msgs/include/px4_msgs/px4_msgs/msg/detail/estimator_selector_status__rosidl_typesupport_fastrtps_c.h\n'}
[1.328274] (px4_msgs) StdoutLine: {'line': b'-- Up-to-date symlink: /home/maanavjugalshah/SwarmAero/ros2_ws/install/px4_msgs/include/px4_msgs/px4_msgs/msg/detail/estimator_sensor_bias__rosidl_typesupport_fastrtps_c.h\n'}
[1.328557] (px4_msgs) StdoutLine: {'line': b'-- Up-to-date symlink: /home/maanavjugalshah/SwarmAero/ros2_ws/install/px4_msgs/include/px4_msgs/px4_msgs/msg/detail/estimator_states__rosidl_typesupport_fastrtps_c.h\n'}
[1.328627] (px4_msgs) StdoutLine: {'line': b'-- Up-to-date symlink: /home/maanavjugalshah/SwarmAero/ros2_ws/install/px4_msgs/include/px4_msgs/px4_msgs/msg/detail/estimator_status__rosidl_typesupport_fastrtps_c.h\n'}
[1.328693] (px4_msgs) StdoutLine: {'line': b'-- Up-to-date symlink: /home/maanavjugalshah/SwarmAero/ros2_ws/install/px4_msgs/include/px4_msgs/px4_msgs/msg/detail/estimator_status_flags__rosidl_typesupport_fastrtps_c.h\n'}
[1.328762] (px4_msgs) StdoutLine: {'line': b'-- Up-to-date symlink: /home/maanavjugalshah/SwarmAero/ros2_ws/install/px4_msgs/include/px4_msgs/px4_msgs/msg/detail/event__rosidl_typesupport_fastrtps_c.h\n'}
[1.328801] (px4_msgs) StdoutLine: {'line': b'-- Up-to-date symlink: /home/maanavjugalshah/SwarmAero/ros2_ws/install/px4_msgs/include/px4_msgs/px4_msgs/msg/detail/failsafe_flags__rosidl_typesupport_fastrtps_c.h\n'}
[1.328837] (px4_msgs) StdoutLine: {'line': b'-- Up-to-date symlink: /home/maanavjugalshah/SwarmAero/ros2_ws/install/px4_msgs/include/px4_msgs/px4_msgs/msg/detail/failure_detector_status__rosidl_typesupport_fastrtps_c.h\n'}
[1.328873] (px4_msgs) StdoutLine: {'line': b'-- Up-to-date symlink: /home/maanavjugalshah/SwarmAero/ros2_ws/install/px4_msgs/include/px4_msgs/px4_msgs/msg/detail/figure_eight_status__rosidl_typesupport_fastrtps_c.h\n'}
[1.328907] (px4_msgs) StdoutLine: {'line': b'-- Up-to-date symlink: /home/maanavjugalshah/SwarmAero/ros2_ws/install/px4_msgs/include/px4_msgs/px4_msgs/msg/detail/fixed_wing_lateral_guidance_status__rosidl_typesupport_fastrtps_c.h\n'}
[1.328941] (px4_msgs) StdoutLine: {'line': b'-- Up-to-date symlink: /home/maanavjugalshah/SwarmAero/ros2_ws/install/px4_msgs/include/px4_msgs/px4_msgs/msg/detail/fixed_wing_lateral_setpoint__rosidl_typesupport_fastrtps_c.h\n'}
[1.328973] (px4_msgs) StdoutLine: {'line': b'-- Up-to-date symlink: /home/maanavjugalshah/SwarmAero/ros2_ws/install/px4_msgs/include/px4_msgs/px4_msgs/msg/detail/fixed_wing_lateral_status__rosidl_typesupport_fastrtps_c.h\n'}
[1.329005] (px4_msgs) StdoutLine: {'line': b'-- Up-to-date symlink: /home/maanavjugalshah/SwarmAero/ros2_ws/install/px4_msgs/include/px4_msgs/px4_msgs/msg/detail/fixed_wing_longitudinal_setpoint__rosidl_typesupport_fastrtps_c.h\n'}
[1.329036] (px4_msgs) StdoutLine: {'line': b'-- Up-to-date symlink: /home/maanavjugalshah/SwarmAero/ros2_ws/install/px4_msgs/include/px4_msgs/px4_msgs/msg/detail/fixed_wing_runway_control__rosidl_typesupport_fastrtps_c.h\n'}
[1.329068] (px4_msgs) StdoutLine: {'line': b'-- Up-to-date symlink: /home/maanavjugalshah/SwarmAero/ros2_ws/install/px4_msgs/include/px4_msgs/px4_msgs/msg/detail/flight_phase_estimation__rosidl_typesupport_fastrtps_c.h\n'}
[1.329103] (px4_msgs) StdoutLine: {'line': b'-- Up-to-date symlink: /home/maanavjugalshah/SwarmAero/ros2_ws/install/px4_msgs/include/px4_msgs/px4_msgs/msg/detail/follow_target__rosidl_typesupport_fastrtps_c.h\n'}
[1.329135] (px4_msgs) StdoutLine: {'line': b'-- Up-to-date symlink: /home/maanavjugalshah/SwarmAero/ros2_ws/install/px4_msgs/include/px4_msgs/px4_msgs/msg/detail/follow_target_estimator__rosidl_typesupport_fastrtps_c.h\n'}
[1.329165] (px4_msgs) StdoutLine: {'line': b'-- Up-to-date symlink: /home/maanavjugalshah/SwarmAero/ros2_ws/install/px4_msgs/include/px4_msgs/px4_msgs/msg/detail/follow_target_status__rosidl_typesupport_fastrtps_c.h\n'}
[1.329197] (px4_msgs) StdoutLine: {'line': b'-- Up-to-date symlink: /home/maanavjugalshah/SwarmAero/ros2_ws/install/px4_msgs/include/px4_msgs/px4_msgs/msg/detail/fuel_tank_status__rosidl_typesupport_fastrtps_c.h\n'}
[1.329230] (px4_msgs) StdoutLine: {'line': b'-- Up-to-date symlink: /home/maanavjugalshah/SwarmAero/ros2_ws/install/px4_msgs/include/px4_msgs/px4_msgs/msg/detail/gain_compression__rosidl_typesupport_fastrtps_c.h\n'}
[1.329262] (px4_msgs) StdoutLine: {'line': b'-- Up-to-date symlink: /home/maanavjugalshah/SwarmAero/ros2_ws/install/px4_msgs/include/px4_msgs/px4_msgs/msg/detail/generator_status__rosidl_typesupport_fastrtps_c.h\n'}
[1.329293] (px4_msgs) StdoutLine: {'line': b'-- Up-to-date symlink: /home/maanavjugalshah/SwarmAero/ros2_ws/install/px4_msgs/include/px4_msgs/px4_msgs/msg/detail/geofence_result__rosidl_typesupport_fastrtps_c.h\n'}
[1.329326] (px4_msgs) StdoutLine: {'line': b'-- Up-to-date symlink: /home/maanavjugalshah/SwarmAero/ros2_ws/install/px4_msgs/include/px4_msgs/px4_msgs/msg/detail/geofence_status__rosidl_typesupport_fastrtps_c.h\n'}
[1.329360] (px4_msgs) StdoutLine: {'line': b'-- Up-to-date symlink: /home/maanavjugalshah/SwarmAero/ros2_ws/install/px4_msgs/include/px4_msgs/px4_msgs/msg/detail/gimbal_controls__rosidl_typesupport_fastrtps_c.h\n'}
[1.329395] (px4_msgs) StdoutLine: {'line': b'-- Up-to-date symlink: /home/maanavjugalshah/SwarmAero/ros2_ws/install/px4_msgs/include/px4_msgs/px4_msgs/msg/detail/gimbal_device_attitude_status__rosidl_typesupport_fastrtps_c.h\n'}
[1.329425] (px4_msgs) StdoutLine: {'line': b'-- Up-to-date symlink: /home/maanavjugalshah/SwarmAero/ros2_ws/install/px4_msgs/include/px4_msgs/px4_msgs/msg/detail/gimbal_device_information__rosidl_typesupport_fastrtps_c.h\n'}
[1.329455] (px4_msgs) StdoutLine: {'line': b'-- Up-to-date symlink: /home/maanavjugalshah/SwarmAero/ros2_ws/install/px4_msgs/include/px4_msgs/px4_msgs/msg/detail/gimbal_device_set_attitude__rosidl_typesupport_fastrtps_c.h\n'}
[1.329486] (px4_msgs) StdoutLine: {'line': b'-- Up-to-date symlink: /home/maanavjugalshah/SwarmAero/ros2_ws/install/px4_msgs/include/px4_msgs/px4_msgs/msg/detail/gimbal_manager_information__rosidl_typesupport_fastrtps_c.h\n'}
[1.329516] (px4_msgs) StdoutLine: {'line': b'-- Up-to-date symlink: /home/maanavjugalshah/SwarmAero/ros2_ws/install/px4_msgs/include/px4_msgs/px4_msgs/msg/detail/gimbal_manager_set_attitude__rosidl_typesupport_fastrtps_c.h\n'}
[1.329546] (px4_msgs) StdoutLine: {'line': b'-- Up-to-date symlink: /home/maanavjugalshah/SwarmAero/ros2_ws/install/px4_msgs/include/px4_msgs/px4_msgs/msg/detail/gimbal_manager_set_manual_control__rosidl_typesupport_fastrtps_c.h\n'}
[1.329577] (px4_msgs) StdoutLine: {'line': b'-- Up-to-date symlink: /home/maanavjugalshah/SwarmAero/ros2_ws/install/px4_msgs/include/px4_msgs/px4_msgs/msg/detail/gimbal_manager_status__rosidl_typesupport_fastrtps_c.h\n'}
[1.329607] (px4_msgs) StdoutLine: {'line': b'-- Up-to-date symlink: /home/maanavjugalshah/SwarmAero/ros2_ws/install/px4_msgs/include/px4_msgs/px4_msgs/msg/detail/goto_setpoint__rosidl_typesupport_fastrtps_c.h\n'}
[1.329637] (px4_msgs) StdoutLine: {'line': b'-- Up-to-date symlink: /home/maanavjugalshah/SwarmAero/ros2_ws/install/px4_msgs/include/px4_msgs/px4_msgs/msg/detail/gpio_config__rosidl_typesupport_fastrtps_c.h\n'}
[1.329667] (px4_msgs) StdoutLine: {'line': b'-- Up-to-date symlink: /home/maanavjugalshah/SwarmAero/ros2_ws/install/px4_msgs/include/px4_msgs/px4_msgs/msg/detail/gpio_in__rosidl_typesupport_fastrtps_c.h\n'}
[1.329697] (px4_msgs) StdoutLine: {'line': b'-- Up-to-date symlink: /home/maanavjugalshah/SwarmAero/ros2_ws/install/px4_msgs/include/px4_msgs/px4_msgs/msg/detail/gpio_out__rosidl_typesupport_fastrtps_c.h\n'}
[1.329726] (px4_msgs) StdoutLine: {'line': b'-- Up-to-date symlink: /home/maanavjugalshah/SwarmAero/ros2_ws/install/px4_msgs/include/px4_msgs/px4_msgs/msg/detail/gpio_request__rosidl_typesupport_fastrtps_c.h\n'}
[1.329757] (px4_msgs) StdoutLine: {'line': b'-- Up-to-date symlink: /home/maanavjugalshah/SwarmAero/ros2_ws/install/px4_msgs/include/px4_msgs/px4_msgs/msg/detail/gps_dump__rosidl_typesupport_fastrtps_c.h\n'}
[1.329787] (px4_msgs) StdoutLine: {'line': b'-- Up-to-date symlink: /home/maanavjugalshah/SwarmAero/ros2_ws/install/px4_msgs/include/px4_msgs/px4_msgs/msg/detail/gps_inject_data__rosidl_typesupport_fastrtps_c.h\n'}
[1.329817] (px4_msgs) StdoutLine: {'line': b'-- Up-to-date symlink: /home/maanavjugalshah/SwarmAero/ros2_ws/install/px4_msgs/include/px4_msgs/px4_msgs/msg/detail/gripper__rosidl_typesupport_fastrtps_c.h\n'}
[1.329852] (px4_msgs) StdoutLine: {'line': b'-- Up-to-date symlink: /home/maanavjugalshah/SwarmAero/ros2_ws/install/px4_msgs/include/px4_msgs/px4_msgs/msg/detail/health_report__rosidl_typesupport_fastrtps_c.h\n'}
[1.329882] (px4_msgs) StdoutLine: {'line': b'-- Up-to-date symlink: /home/maanavjugalshah/SwarmAero/ros2_ws/install/px4_msgs/include/px4_msgs/px4_msgs/msg/detail/heater_status__rosidl_typesupport_fastrtps_c.h\n'}
[1.329912] (px4_msgs) StdoutLine: {'line': b'-- Up-to-date symlink: /home/maanavjugalshah/SwarmAero/ros2_ws/install/px4_msgs/include/px4_msgs/px4_msgs/msg/detail/home_position__rosidl_typesupport_fastrtps_c.h\n'}
[1.329942] (px4_msgs) StdoutLine: {'line': b'-- Up-to-date symlink: /home/maanavjugalshah/SwarmAero/ros2_ws/install/px4_msgs/include/px4_msgs/px4_msgs/msg/detail/hover_thrust_estimate__rosidl_typesupport_fastrtps_c.h\n'}
[1.329978] (px4_msgs) StdoutLine: {'line': b'-- Up-to-date symlink: /home/maanavjugalshah/SwarmAero/ros2_ws/install/px4_msgs/include/px4_msgs/px4_msgs/msg/detail/input_rc__rosidl_typesupport_fastrtps_c.h\n'}
[1.330010] (px4_msgs) StdoutLine: {'line': b'-- Up-to-date symlink: /home/maanavjugalshah/SwarmAero/ros2_ws/install/px4_msgs/include/px4_msgs/px4_msgs/msg/detail/internal_combustion_engine_control__rosidl_typesupport_fastrtps_c.h\n'}
[1.330043] (px4_msgs) StdoutLine: {'line': b'-- Up-to-date symlink: /home/maanavjugalshah/SwarmAero/ros2_ws/install/px4_msgs/include/px4_msgs/px4_msgs/msg/detail/internal_combustion_engine_status__rosidl_typesupport_fastrtps_c.h\n'}
[1.330074] (px4_msgs) StdoutLine: {'line': b'-- Up-to-date symlink: /home/maanavjugalshah/SwarmAero/ros2_ws/install/px4_msgs/include/px4_msgs/px4_msgs/msg/detail/iridiumsbd_status__rosidl_typesupport_fastrtps_c.h\n'}
[1.330108] (px4_msgs) StdoutLine: {'line': b'-- Up-to-date symlink: /home/maanavjugalshah/SwarmAero/ros2_ws/install/px4_msgs/include/px4_msgs/px4_msgs/msg/detail/irlock_report__rosidl_typesupport_fastrtps_c.h\n'}
[1.330138] (px4_msgs) StdoutLine: {'line': b'-- Up-to-date symlink: /home/maanavjugalshah/SwarmAero/ros2_ws/install/px4_msgs/include/px4_msgs/px4_msgs/msg/detail/landing_gear__rosidl_typesupport_fastrtps_c.h\n'}
[1.330169] (px4_msgs) StdoutLine: {'line': b'-- Up-to-date symlink: /home/maanavjugalshah/SwarmAero/ros2_ws/install/px4_msgs/include/px4_msgs/px4_msgs/msg/detail/landing_gear_wheel__rosidl_typesupport_fastrtps_c.h\n'}
[1.330200] (px4_msgs) StdoutLine: {'line': b'-- Up-to-date symlink: /home/maanavjugalshah/SwarmAero/ros2_ws/install/px4_msgs/include/px4_msgs/px4_msgs/msg/detail/landing_target_innovations__rosidl_typesupport_fastrtps_c.h\n'}
[1.330262] (px4_msgs) StdoutLine: {'line': b'-- Up-to-date symlink: /home/maanavjugalshah/SwarmAero/ros2_ws/install/px4_msgs/include/px4_msgs/px4_msgs/msg/detail/landing_target_pose__rosidl_typesupport_fastrtps_c.h\n'}
[1.330301] (px4_msgs) StdoutLine: {'line': b'-- Up-to-date symlink: /home/maanavjugalshah/SwarmAero/ros2_ws/install/px4_msgs/include/px4_msgs/px4_msgs/msg/detail/lateral_control_configuration__rosidl_typesupport_fastrtps_c.h\n'}
[1.330335] (px4_msgs) StdoutLine: {'line': b'-- Up-to-date symlink: /home/maanavjugalshah/SwarmAero/ros2_ws/install/px4_msgs/include/px4_msgs/px4_msgs/msg/detail/launch_detection_status__rosidl_typesupport_fastrtps_c.h\n'}
[1.330369] (px4_msgs) StdoutLine: {'line': b'-- Up-to-date symlink: /home/maanavjugalshah/SwarmAero/ros2_ws/install/px4_msgs/include/px4_msgs/px4_msgs/msg/detail/led_control__rosidl_typesupport_fastrtps_c.h\n'}
[1.330401] (px4_msgs) StdoutLine: {'line': b'-- Up-to-date symlink: /home/maanavjugalshah/SwarmAero/ros2_ws/install/px4_msgs/include/px4_msgs/px4_msgs/msg/detail/log_message__rosidl_typesupport_fastrtps_c.h\n'}
[1.330434] (px4_msgs) StdoutLine: {'line': b'-- Up-to-date symlink: /home/maanavjugalshah/SwarmAero/ros2_ws/install/px4_msgs/include/px4_msgs/px4_msgs/msg/detail/logger_status__rosidl_typesupport_fastrtps_c.h\n'}
[1.330466] (px4_msgs) StdoutLine: {'line': b'-- Up-to-date symlink: /home/maanavjugalshah/SwarmAero/ros2_ws/install/px4_msgs/include/px4_msgs/px4_msgs/msg/detail/longitudinal_control_configuration__rosidl_typesupport_fastrtps_c.h\n'}
[1.330499] (px4_msgs) StdoutLine: {'line': b'-- Up-to-date symlink: /home/maanavjugalshah/SwarmAero/ros2_ws/install/px4_msgs/include/px4_msgs/px4_msgs/msg/detail/mag_worker_data__rosidl_typesupport_fastrtps_c.h\n'}
[1.330532] (px4_msgs) StdoutLine: {'line': b'-- Up-to-date symlink: /home/maanavjugalshah/SwarmAero/ros2_ws/install/px4_msgs/include/px4_msgs/px4_msgs/msg/detail/magnetometer_bias_estimate__rosidl_typesupport_fastrtps_c.h\n'}
[1.330564] (px4_msgs) StdoutLine: {'line': b'-- Up-to-date symlink: /home/maanavjugalshah/SwarmAero/ros2_ws/install/px4_msgs/include/px4_msgs/px4_msgs/msg/detail/manual_control_setpoint__rosidl_typesupport_fastrtps_c.h\n'}
[1.330596] (px4_msgs) StdoutLine: {'line': b'-- Up-to-date symlink: /home/maanavjugalshah/SwarmAero/ros2_ws/install/px4_msgs/include/px4_msgs/px4_msgs/msg/detail/manual_control_switches__rosidl_typesupport_fastrtps_c.h\n'}
[1.330631] (px4_msgs) StdoutLine: {'line': b'-- Up-to-date symlink: /home/maanavjugalshah/SwarmAero/ros2_ws/install/px4_msgs/include/px4_msgs/px4_msgs/msg/detail/mavlink_log__rosidl_typesupport_fastrtps_c.h\n'}
[1.330667] (px4_msgs) StdoutLine: {'line': b'-- Up-to-date symlink: /home/maanavjugalshah/SwarmAero/ros2_ws/install/px4_msgs/include/px4_msgs/px4_msgs/msg/detail/mavlink_tunnel__rosidl_typesupport_fastrtps_c.h\n'}
[1.330700] (px4_msgs) StdoutLine: {'line': b'-- Up-to-date symlink: /home/maanavjugalshah/SwarmAero/ros2_ws/install/px4_msgs/include/px4_msgs/px4_msgs/msg/detail/message_format_request__rosidl_typesupport_fastrtps_c.h\n'}
[1.330732] (px4_msgs) StdoutLine: {'line': b'-- Up-to-date symlink: /home/maanavjugalshah/SwarmAero/ros2_ws/install/px4_msgs/include/px4_msgs/px4_msgs/msg/detail/message_format_response__rosidl_typesupport_fastrtps_c.h\n'}
[1.330765] (px4_msgs) StdoutLine: {'line': b'-- Up-to-date symlink: /home/maanavjugalshah/SwarmAero/ros2_ws/install/px4_msgs/include/px4_msgs/px4_msgs/msg/detail/mission__rosidl_typesupport_fastrtps_c.h\n'}
[1.330799] (px4_msgs) StdoutLine: {'line': b'-- Up-to-date symlink: /home/maanavjugalshah/SwarmAero/ros2_ws/install/px4_msgs/include/px4_msgs/px4_msgs/msg/detail/mission_result__rosidl_typesupport_fastrtps_c.h\n'}
[1.330832] (px4_msgs) StdoutLine: {'line': b'-- Up-to-date symlink: /home/maanavjugalshah/SwarmAero/ros2_ws/install/px4_msgs/include/px4_msgs/px4_msgs/msg/detail/mode_completed__rosidl_typesupport_fastrtps_c.h\n'}
[1.330884] (px4_msgs) StdoutLine: {'line': b'-- Up-to-date symlink: /home/maanavjugalshah/SwarmAero/ros2_ws/install/px4_msgs/include/px4_msgs/px4_msgs/msg/detail/mount_orientation__rosidl_typesupport_fastrtps_c.h\n'}
[1.330936] (px4_msgs) StdoutLine: {'line': b'-- Up-to-date symlink: /home/maanavjugalshah/SwarmAero/ros2_ws/install/px4_msgs/include/px4_msgs/px4_msgs/msg/detail/navigator_mission_item__rosidl_typesupport_fastrtps_c.h\n'}
[1.330974] (px4_msgs) StdoutLine: {'line': b'-- Up-to-date symlink: /home/maanavjugalshah/SwarmAero/ros2_ws/install/px4_msgs/include/px4_msgs/px4_msgs/msg/detail/navigator_status__rosidl_typesupport_fastrtps_c.h\n'}
[1.331009] (px4_msgs) StdoutLine: {'line': b'-- Up-to-date symlink: /home/maanavjugalshah/SwarmAero/ros2_ws/install/px4_msgs/include/px4_msgs/px4_msgs/msg/detail/neural_control__rosidl_typesupport_fastrtps_c.h\n'}
[1.331043] (px4_msgs) StdoutLine: {'line': b'-- Up-to-date symlink: /home/maanavjugalshah/SwarmAero/ros2_ws/install/px4_msgs/include/px4_msgs/px4_msgs/msg/detail/normalized_unsigned_setpoint__rosidl_typesupport_fastrtps_c.h\n'}
[1.331079] (px4_msgs) StdoutLine: {'line': b'-- Up-to-date symlink: /home/maanavjugalshah/SwarmAero/ros2_ws/install/px4_msgs/include/px4_msgs/px4_msgs/msg/detail/obstacle_distance__rosidl_typesupport_fastrtps_c.h\n'}
[1.331111] (px4_msgs) StdoutLine: {'line': b'-- Up-to-date symlink: /home/maanavjugalshah/SwarmAero/ros2_ws/install/px4_msgs/include/px4_msgs/px4_msgs/msg/detail/offboard_control_mode__rosidl_typesupport_fastrtps_c.h\n'}
[1.331145] (px4_msgs) StdoutLine: {'line': b'-- Up-to-date symlink: /home/maanavjugalshah/SwarmAero/ros2_ws/install/px4_msgs/include/px4_msgs/px4_msgs/msg/detail/onboard_computer_status__rosidl_typesupport_fastrtps_c.h\n'}
[1.331180] (px4_msgs) StdoutLine: {'line': b'-- Up-to-date symlink: /home/maanavjugalshah/SwarmAero/ros2_ws/install/px4_msgs/include/px4_msgs/px4_msgs/msg/detail/open_drone_id_arm_status__rosidl_typesupport_fastrtps_c.h\n'}
[1.331213] (px4_msgs) StdoutLine: {'line': b'-- Up-to-date symlink: /home/maanavjugalshah/SwarmAero/ros2_ws/install/px4_msgs/include/px4_msgs/px4_msgs/msg/detail/open_drone_id_operator_id__rosidl_typesupport_fastrtps_c.h\n'}
[1.331246] (px4_msgs) StdoutLine: {'line': b'-- Up-to-date symlink: /home/maanavjugalshah/SwarmAero/ros2_ws/install/px4_msgs/include/px4_msgs/px4_msgs/msg/detail/open_drone_id_self_id__rosidl_typesupport_fastrtps_c.h\n'}
[1.331282] (px4_msgs) StdoutLine: {'line': b'-- Up-to-date symlink: /home/maanavjugalshah/SwarmAero/ros2_ws/install/px4_msgs/include/px4_msgs/px4_msgs/msg/detail/open_drone_id_system__rosidl_typesupport_fastrtps_c.h\n'}
[1.331317] (px4_msgs) StdoutLine: {'line': b'-- Up-to-date symlink: /home/maanavjugalshah/SwarmAero/ros2_ws/install/px4_msgs/include/px4_msgs/px4_msgs/msg/detail/orb_test__rosidl_typesupport_fastrtps_c.h\n'}
[1.331353] (px4_msgs) StdoutLine: {'line': b'-- Up-to-date symlink: /home/maanavjugalshah/SwarmAero/ros2_ws/install/px4_msgs/include/px4_msgs/px4_msgs/msg/detail/orb_test_large__rosidl_typesupport_fastrtps_c.h\n'}
[1.331423] (px4_msgs) StdoutLine: {'line': b'-- Up-to-date symlink: /home/maanavjugalshah/SwarmAero/ros2_ws/install/px4_msgs/include/px4_msgs/px4_msgs/msg/detail/orb_test_medium__rosidl_typesupport_fastrtps_c.h\n'}
[1.331520] (px4_msgs) StdoutLine: {'line': b'-- Up-to-date symlink: /home/maanavjugalshah/SwarmAero/ros2_ws/install/px4_msgs/include/px4_msgs/px4_msgs/msg/detail/orbit_status__rosidl_typesupport_fastrtps_c.h\n'}
[1.331567] (px4_msgs) StdoutLine: {'line': b'-- Up-to-date symlink: /home/maanavjugalshah/SwarmAero/ros2_ws/install/px4_msgs/include/px4_msgs/px4_msgs/msg/detail/parameter_reset_request__rosidl_typesupport_fastrtps_c.h\n'}
[1.331608] (px4_msgs) StdoutLine: {'line': b'-- Up-to-date symlink: /home/maanavjugalshah/SwarmAero/ros2_ws/install/px4_msgs/include/px4_msgs/px4_msgs/msg/detail/parameter_set_used_request__rosidl_typesupport_fastrtps_c.h\n'}
[1.331654] (px4_msgs) StdoutLine: {'line': b'-- Up-to-date symlink: /home/maanavjugalshah/SwarmAero/ros2_ws/install/px4_msgs/include/px4_msgs/px4_msgs/msg/detail/parameter_set_value_request__rosidl_typesupport_fastrtps_c.h\n'}
[1.331696] (px4_msgs) StdoutLine: {'line': b'-- Up-to-date symlink: /home/maanavjugalshah/SwarmAero/ros2_ws/install/px4_msgs/include/px4_msgs/px4_msgs/msg/detail/parameter_set_value_response__rosidl_typesupport_fastrtps_c.h\n'}
[1.331735] (px4_msgs) StdoutLine: {'line': b'-- Up-to-date symlink: /home/maanavjugalshah/SwarmAero/ros2_ws/install/px4_msgs/include/px4_msgs/px4_msgs/msg/detail/parameter_update__rosidl_typesupport_fastrtps_c.h\n'}
[1.331775] (px4_msgs) StdoutLine: {'line': b'-- Up-to-date symlink: /home/maanavjugalshah/SwarmAero/ros2_ws/install/px4_msgs/include/px4_msgs/px4_msgs/msg/detail/ping__rosidl_typesupport_fastrtps_c.h\n'}
[1.331814] (px4_msgs) StdoutLine: {'line': b'-- Up-to-date symlink: /home/maanavjugalshah/SwarmAero/ros2_ws/install/px4_msgs/include/px4_msgs/px4_msgs/msg/detail/position_controller_landing_status__rosidl_typesupport_fastrtps_c.h\n'}
[1.331856] (px4_msgs) StdoutLine: {'line': b'-- Up-to-date symlink: /home/maanavjugalshah/SwarmAero/ros2_ws/install/px4_msgs/include/px4_msgs/px4_msgs/msg/detail/position_controller_status__rosidl_typesupport_fastrtps_c.h\n'}
[1.331898] (px4_msgs) StdoutLine: {'line': b'-- Up-to-date symlink: /home/maanavjugalshah/SwarmAero/ros2_ws/install/px4_msgs/include/px4_msgs/px4_msgs/msg/detail/position_setpoint__rosidl_typesupport_fastrtps_c.h\n'}
[1.331937] (px4_msgs) StdoutLine: {'line': b'-- Up-to-date symlink: /home/maanavjugalshah/SwarmAero/ros2_ws/install/px4_msgs/include/px4_msgs/px4_msgs/msg/detail/position_setpoint_triplet__rosidl_typesupport_fastrtps_c.h\n'}
[1.331979] (px4_msgs) StdoutLine: {'line': b'-- Up-to-date symlink: /home/maanavjugalshah/SwarmAero/ros2_ws/install/px4_msgs/include/px4_msgs/px4_msgs/msg/detail/power_button_state__rosidl_typesupport_fastrtps_c.h\n'}
[1.332023] (px4_msgs) StdoutLine: {'line': b'-- Up-to-date symlink: /home/maanavjugalshah/SwarmAero/ros2_ws/install/px4_msgs/include/px4_msgs/px4_msgs/msg/detail/power_monitor__rosidl_typesupport_fastrtps_c.h\n'}
[1.332060] (px4_msgs) StdoutLine: {'line': b'-- Up-to-date symlink: /home/maanavjugalshah/SwarmAero/ros2_ws/install/px4_msgs/include/px4_msgs/px4_msgs/msg/detail/pps_capture__rosidl_typesupport_fastrtps_c.h\n'}
[1.332097] (px4_msgs) StdoutLine: {'line': b'-- Up-to-date symlink: /home/maanavjugalshah/SwarmAero/ros2_ws/install/px4_msgs/include/px4_msgs/px4_msgs/msg/detail/pure_pursuit_status__rosidl_typesupport_fastrtps_c.h\n'}
[1.332175] (px4_msgs) StdoutLine: {'line': b'-- Up-to-date symlink: /home/maanavjugalshah/SwarmAero/ros2_ws/install/px4_msgs/include/px4_msgs/px4_msgs/msg/detail/pwm_input__rosidl_typesupport_fastrtps_c.h\n'}
[1.332222] (px4_msgs) StdoutLine: {'line': b'-- Up-to-date symlink: /home/maanavjugalshah/SwarmAero/ros2_ws/install/px4_msgs/include/px4_msgs/px4_msgs/msg/detail/px4io_status__rosidl_typesupport_fastrtps_c.h\n'}
[1.332293] (px4_msgs) StdoutLine: {'line': b'-- Up-to-date symlink: /home/maanavjugalshah/SwarmAero/ros2_ws/install/px4_msgs/include/px4_msgs/px4_msgs/msg/detail/qshell_req__rosidl_typesupport_fastrtps_c.h\n'}
[1.332335] (px4_msgs) StdoutLine: {'line': b'-- Up-to-date symlink: /home/maanavjugalshah/SwarmAero/ros2_ws/install/px4_msgs/include/px4_msgs/px4_msgs/msg/detail/qshell_retval__rosidl_typesupport_fastrtps_c.h\n'}
[1.332373] (px4_msgs) StdoutLine: {'line': b'-- Up-to-date symlink: /home/maanavjugalshah/SwarmAero/ros2_ws/install/px4_msgs/include/px4_msgs/px4_msgs/msg/detail/radio_status__rosidl_typesupport_fastrtps_c.h\n'}
[1.332441] (px4_msgs) StdoutLine: {'line': b'-- Up-to-date symlink: /home/maanavjugalshah/SwarmAero/ros2_ws/install/px4_msgs/include/px4_msgs/px4_msgs/msg/detail/ranging_beacon__rosidl_typesupport_fastrtps_c.h\n'}
[1.332515] (px4_msgs) StdoutLine: {'line': b'-- Up-to-date symlink: /home/maanavjugalshah/SwarmAero/ros2_ws/install/px4_msgs/include/px4_msgs/px4_msgs/msg/detail/raptor_input__rosidl_typesupport_fastrtps_c.h\n'}
[1.332599] (px4_msgs) StdoutLine: {'line': b'-- Up-to-date symlink: /home/maanavjugalshah/SwarmAero/ros2_ws/install/px4_msgs/include/px4_msgs/px4_msgs/msg/detail/raptor_status__rosidl_typesupport_fastrtps_c.h\n'}
[1.332652] (px4_msgs) StdoutLine: {'line': b'-- Up-to-date symlink: /home/maanavjugalshah/SwarmAero/ros2_ws/install/px4_msgs/include/px4_msgs/px4_msgs/msg/detail/rate_ctrl_status__rosidl_typesupport_fastrtps_c.h\n'}
[1.332693] (px4_msgs) StdoutLine: {'line': b'-- Up-to-date symlink: /home/maanavjugalshah/SwarmAero/ros2_ws/install/px4_msgs/include/px4_msgs/px4_msgs/msg/detail/rc_channels__rosidl_typesupport_fastrtps_c.h\n'}
[1.332731] (px4_msgs) StdoutLine: {'line': b'-- Up-to-date symlink: /home/maanavjugalshah/SwarmAero/ros2_ws/install/px4_msgs/include/px4_msgs/px4_msgs/msg/detail/rc_parameter_map__rosidl_typesupport_fastrtps_c.h\n'}
[1.332769] (px4_msgs) StdoutLine: {'line': b'-- Up-to-date symlink: /home/maanavjugalshah/SwarmAero/ros2_ws/install/px4_msgs/include/px4_msgs/px4_msgs/msg/detail/register_ext_component_reply__rosidl_typesupport_fastrtps_c.h\n'}
[1.332806] (px4_msgs) StdoutLine: {'line': b'-- Up-to-date symlink: /home/maanavjugalshah/SwarmAero/ros2_ws/install/px4_msgs/include/px4_msgs/px4_msgs/msg/detail/register_ext_component_request__rosidl_typesupport_fastrtps_c.h\n'}
[1.332853] (px4_msgs) StdoutLine: {'line': b'-- Up-to-date symlink: /home/maanavjugalshah/SwarmAero/ros2_ws/install/px4_msgs/include/px4_msgs/px4_msgs/msg/detail/rover_attitude_setpoint__rosidl_typesupport_fastrtps_c.h\n'}
[1.332891] (px4_msgs) StdoutLine: {'line': b'-- Up-to-date symlink: /home/maanavjugalshah/SwarmAero/ros2_ws/install/px4_msgs/include/px4_msgs/px4_msgs/msg/detail/rover_attitude_status__rosidl_typesupport_fastrtps_c.h\n'}
[1.332926] (px4_msgs) StdoutLine: {'line': b'-- Up-to-date symlink: /home/maanavjugalshah/SwarmAero/ros2_ws/install/px4_msgs/include/px4_msgs/px4_msgs/msg/detail/rover_position_setpoint__rosidl_typesupport_fastrtps_c.h\n'}
[1.332968] (px4_msgs) StdoutLine: {'line': b'-- Up-to-date symlink: /home/maanavjugalshah/SwarmAero/ros2_ws/install/px4_msgs/include/px4_msgs/px4_msgs/msg/detail/rover_rate_setpoint__rosidl_typesupport_fastrtps_c.h\n'}
[1.333010] (px4_msgs) StdoutLine: {'line': b'-- Up-to-date symlink: /home/maanavjugalshah/SwarmAero/ros2_ws/install/px4_msgs/include/px4_msgs/px4_msgs/msg/detail/rover_rate_status__rosidl_typesupport_fastrtps_c.h\n'}
[1.333098] (px4_msgs) StdoutLine: {'line': b'-- Up-to-date symlink: /home/maanavjugalshah/SwarmAero/ros2_ws/install/px4_msgs/include/px4_msgs/px4_msgs/msg/detail/rover_speed_setpoint__rosidl_typesupport_fastrtps_c.h\n'}
[1.333333] (px4_msgs) StdoutLine: {'line': b'-- Up-to-date symlink: /home/maanavjugalshah/SwarmAero/ros2_ws/install/px4_msgs/include/px4_msgs/px4_msgs/msg/detail/rover_speed_status__rosidl_typesupport_fastrtps_c.h\n'}
[1.333428] (px4_msgs) StdoutLine: {'line': b'-- Up-to-date symlink: /home/maanavjugalshah/SwarmAero/ros2_ws/install/px4_msgs/include/px4_msgs/px4_msgs/msg/detail/rover_steering_setpoint__rosidl_typesupport_fastrtps_c.h\n'}
[1.333469] (px4_msgs) StdoutLine: {'line': b'-- Up-to-date symlink: /home/maanavjugalshah/SwarmAero/ros2_ws/install/px4_msgs/include/px4_msgs/px4_msgs/msg/detail/rover_throttle_setpoint__rosidl_typesupport_fastrtps_c.h\n'}
[1.333504] (px4_msgs) StdoutLine: {'line': b'-- Up-to-date symlink: /home/maanavjugalshah/SwarmAero/ros2_ws/install/px4_msgs/include/px4_msgs/px4_msgs/msg/detail/rpm__rosidl_typesupport_fastrtps_c.h\n'}
[1.333540] (px4_msgs) StdoutLine: {'line': b'-- Up-to-date symlink: /home/maanavjugalshah/SwarmAero/ros2_ws/install/px4_msgs/include/px4_msgs/px4_msgs/msg/detail/rtl_status__rosidl_typesupport_fastrtps_c.h\n'}
[1.333576] (px4_msgs) StdoutLine: {'line': b'-- Up-to-date symlink: /home/maanavjugalshah/SwarmAero/ros2_ws/install/px4_msgs/include/px4_msgs/px4_msgs/msg/detail/rtl_time_estimate__rosidl_typesupport_fastrtps_c.h\n'}
[1.333612] (px4_msgs) StdoutLine: {'line': b'-- Up-to-date symlink: /home/maanavjugalshah/SwarmAero/ros2_ws/install/px4_msgs/include/px4_msgs/px4_msgs/msg/detail/satellite_info__rosidl_typesupport_fastrtps_c.h\n'}
[1.334005] (px4_msgs) StdoutLine: {'line': b'-- Up-to-date symlink: /home/maanavjugalshah/SwarmAero/ros2_ws/install/px4_msgs/include/px4_msgs/px4_msgs/msg/detail/sensor_accel__rosidl_typesupport_fastrtps_c.h\n'}
[1.334092] (px4_msgs) StdoutLine: {'line': b'-- Up-to-date symlink: /home/maanavjugalshah/SwarmAero/ros2_ws/install/px4_msgs/include/px4_msgs/px4_msgs/msg/detail/sensor_accel_fifo__rosidl_typesupport_fastrtps_c.h\n'}
[1.334129] (px4_msgs) StdoutLine: {'line': b'-- Up-to-date symlink: /home/maanavjugalshah/SwarmAero/ros2_ws/install/px4_msgs/include/px4_msgs/px4_msgs/msg/detail/sensor_airflow__rosidl_typesupport_fastrtps_c.h\n'}
[1.334163] (px4_msgs) StdoutLine: {'line': b'-- Up-to-date symlink: /home/maanavjugalshah/SwarmAero/ros2_ws/install/px4_msgs/include/px4_msgs/px4_msgs/msg/detail/sensor_baro__rosidl_typesupport_fastrtps_c.h\n'}
[1.334197] (px4_msgs) StdoutLine: {'line': b'-- Up-to-date symlink: /home/maanavjugalshah/SwarmAero/ros2_ws/install/px4_msgs/include/px4_msgs/px4_msgs/msg/detail/sensor_combined__rosidl_typesupport_fastrtps_c.h\n'}
[1.334231] (px4_msgs) StdoutLine: {'line': b'-- Up-to-date symlink: /home/maanavjugalshah/SwarmAero/ros2_ws/install/px4_msgs/include/px4_msgs/px4_msgs/msg/detail/sensor_correction__rosidl_typesupport_fastrtps_c.h\n'}
[1.334264] (px4_msgs) StdoutLine: {'line': b'-- Up-to-date symlink: /home/maanavjugalshah/SwarmAero/ros2_ws/install/px4_msgs/include/px4_msgs/px4_msgs/msg/detail/sensor_gnss_relative__rosidl_typesupport_fastrtps_c.h\n'}
[1.334296] (px4_msgs) StdoutLine: {'line': b'-- Up-to-date symlink: /home/maanavjugalshah/SwarmAero/ros2_ws/install/px4_msgs/include/px4_msgs/px4_msgs/msg/detail/sensor_gnss_status__rosidl_typesupport_fastrtps_c.h\n'}
[1.334327] (px4_msgs) StdoutLine: {'line': b'-- Up-to-date symlink: /home/maanavjugalshah/SwarmAero/ros2_ws/install/px4_msgs/include/px4_msgs/px4_msgs/msg/detail/sensor_gps__rosidl_typesupport_fastrtps_c.h\n'}
[1.334362] (px4_msgs) StdoutLine: {'line': b'-- Up-to-date symlink: /home/maanavjugalshah/SwarmAero/ros2_ws/install/px4_msgs/include/px4_msgs/px4_msgs/msg/detail/sensor_gyro__rosidl_typesupport_fastrtps_c.h\n'}
[1.334396] (px4_msgs) StdoutLine: {'line': b'-- Up-to-date symlink: /home/maanavjugalshah/SwarmAero/ros2_ws/install/px4_msgs/include/px4_msgs/px4_msgs/msg/detail/sensor_gyro_fft__rosidl_typesupport_fastrtps_c.h\n'}
[1.334446] (px4_msgs) StdoutLine: {'line': b'-- Up-to-date symlink: /home/maanavjugalshah/SwarmAero/ros2_ws/install/px4_msgs/include/px4_msgs/px4_msgs/msg/detail/sensor_gyro_fifo__rosidl_typesupport_fastrtps_c.h\n'}
[1.334676] (px4_msgs) StdoutLine: {'line': b'-- Up-to-date symlink: /home/maanavjugalshah/SwarmAero/ros2_ws/install/px4_msgs/include/px4_msgs/px4_msgs/msg/detail/sensor_hygrometer__rosidl_typesupport_fastrtps_c.h\n'}
[1.334917] (px4_msgs) StdoutLine: {'line': b'-- Up-to-date symlink: /home/maanavjugalshah/SwarmAero/ros2_ws/install/px4_msgs/include/px4_msgs/px4_msgs/msg/detail/sensor_mag__rosidl_typesupport_fastrtps_c.h\n'}
[1.335144] (px4_msgs) StdoutLine: {'line': b'-- Up-to-date symlink: /home/maanavjugalshah/SwarmAero/ros2_ws/install/px4_msgs/include/px4_msgs/px4_msgs/msg/detail/sensor_optical_flow__rosidl_typesupport_fastrtps_c.h\n'}
[1.335218] (px4_msgs) StdoutLine: {'line': b'-- Up-to-date symlink: /home/maanavjugalshah/SwarmAero/ros2_ws/install/px4_msgs/include/px4_msgs/px4_msgs/msg/detail/sensor_preflight_mag__rosidl_typesupport_fastrtps_c.h\n'}
[1.335284] (px4_msgs) StdoutLine: {'line': b'-- Up-to-date symlink: /home/maanavjugalshah/SwarmAero/ros2_ws/install/px4_msgs/include/px4_msgs/px4_msgs/msg/detail/sensor_selection__rosidl_typesupport_fastrtps_c.h\n'}
[1.335348] (px4_msgs) StdoutLine: {'line': b'-- Up-to-date symlink: /home/maanavjugalshah/SwarmAero/ros2_ws/install/px4_msgs/include/px4_msgs/px4_msgs/msg/detail/sensor_temp__rosidl_typesupport_fastrtps_c.h\n'}
[1.335416] (px4_msgs) StdoutLine: {'line': b'-- Up-to-date symlink: /home/maanavjugalshah/SwarmAero/ros2_ws/install/px4_msgs/include/px4_msgs/px4_msgs/msg/detail/sensor_uwb__rosidl_typesupport_fastrtps_c.h\n'}
[1.335482] (px4_msgs) StdoutLine: {'line': b'-- Up-to-date symlink: /home/maanavjugalshah/SwarmAero/ros2_ws/install/px4_msgs/include/px4_msgs/px4_msgs/msg/detail/sensors_status__rosidl_typesupport_fastrtps_c.h\n'}
[1.335548] (px4_msgs) StdoutLine: {'line': b'-- Up-to-date symlink: /home/maanavjugalshah/SwarmAero/ros2_ws/install/px4_msgs/include/px4_msgs/px4_msgs/msg/detail/sensors_status_imu__rosidl_typesupport_fastrtps_c.h\n'}
[1.335586] (px4_msgs) StdoutLine: {'line': b'-- Up-to-date symlink: /home/maanavjugalshah/SwarmAero/ros2_ws/install/px4_msgs/include/px4_msgs/px4_msgs/msg/detail/system_power__rosidl_typesupport_fastrtps_c.h\n'}
[1.335622] (px4_msgs) StdoutLine: {'line': b'-- Up-to-date symlink: /home/maanavjugalshah/SwarmAero/ros2_ws/install/px4_msgs/include/px4_msgs/px4_msgs/msg/detail/takeoff_status__rosidl_typesupport_fastrtps_c.h\n'}
[1.335656] (px4_msgs) StdoutLine: {'line': b'-- Up-to-date symlink: /home/maanavjugalshah/SwarmAero/ros2_ws/install/px4_msgs/include/px4_msgs/px4_msgs/msg/detail/task_stack_info__rosidl_typesupport_fastrtps_c.h\n'}
[1.335689] (px4_msgs) StdoutLine: {'line': b'-- Up-to-date symlink: /home/maanavjugalshah/SwarmAero/ros2_ws/install/px4_msgs/include/px4_msgs/px4_msgs/msg/detail/tecs_status__rosidl_typesupport_fastrtps_c.h\n'}
[1.335723] (px4_msgs) StdoutLine: {'line': b'-- Up-to-date symlink: /home/maanavjugalshah/SwarmAero/ros2_ws/install/px4_msgs/include/px4_msgs/px4_msgs/msg/detail/telemetry_status__rosidl_typesupport_fastrtps_c.h\n'}
[1.335756] (px4_msgs) StdoutLine: {'line': b'-- Up-to-date symlink: /home/maanavjugalshah/SwarmAero/ros2_ws/install/px4_msgs/include/px4_msgs/px4_msgs/msg/detail/tiltrotor_extra_controls__rosidl_typesupport_fastrtps_c.h\n'}
[1.335790] (px4_msgs) StdoutLine: {'line': b'-- Up-to-date symlink: /home/maanavjugalshah/SwarmAero/ros2_ws/install/px4_msgs/include/px4_msgs/px4_msgs/msg/detail/timesync_status__rosidl_typesupport_fastrtps_c.h\n'}
[1.335822] (px4_msgs) StdoutLine: {'line': b'-- Up-to-date symlink: /home/maanavjugalshah/SwarmAero/ros2_ws/install/px4_msgs/include/px4_msgs/px4_msgs/msg/detail/trajectory_setpoint6dof__rosidl_typesupport_fastrtps_c.h\n'}
[1.335854] (px4_msgs) StdoutLine: {'line': b'-- Up-to-date symlink: /home/maanavjugalshah/SwarmAero/ros2_ws/install/px4_msgs/include/px4_msgs/px4_msgs/msg/detail/trajectory_setpoint__rosidl_typesupport_fastrtps_c.h\n'}
[1.335886] (px4_msgs) StdoutLine: {'line': b'-- Up-to-date symlink: /home/maanavjugalshah/SwarmAero/ros2_ws/install/px4_msgs/include/px4_msgs/px4_msgs/msg/detail/transponder_report__rosidl_typesupport_fastrtps_c.h\n'}
[1.335920] (px4_msgs) StdoutLine: {'line': b'-- Up-to-date symlink: /home/maanavjugalshah/SwarmAero/ros2_ws/install/px4_msgs/include/px4_msgs/px4_msgs/msg/detail/tune_control__rosidl_typesupport_fastrtps_c.h\n'}
[1.335952] (px4_msgs) StdoutLine: {'line': b'-- Up-to-date symlink: /home/maanavjugalshah/SwarmAero/ros2_ws/install/px4_msgs/include/px4_msgs/px4_msgs/msg/detail/uavcan_parameter_request__rosidl_typesupport_fastrtps_c.h\n'}
[1.335984] (px4_msgs) StdoutLine: {'line': b'-- Up-to-date symlink: /home/maanavjugalshah/SwarmAero/ros2_ws/install/px4_msgs/include/px4_msgs/px4_msgs/msg/detail/uavcan_parameter_value__rosidl_typesupport_fastrtps_c.h\n'}
[1.336015] (px4_msgs) StdoutLine: {'line': b'-- Up-to-date symlink: /home/maanavjugalshah/SwarmAero/ros2_ws/install/px4_msgs/include/px4_msgs/px4_msgs/msg/detail/ulog_stream__rosidl_typesupport_fastrtps_c.h\n'}
[1.336045] (px4_msgs) StdoutLine: {'line': b'-- Up-to-date symlink: /home/maanavjugalshah/SwarmAero/ros2_ws/install/px4_msgs/include/px4_msgs/px4_msgs/msg/detail/ulog_stream_ack__rosidl_typesupport_fastrtps_c.h\n'}
[1.336079] (px4_msgs) StdoutLine: {'line': b'-- Up-to-date symlink: /home/maanavjugalshah/SwarmAero/ros2_ws/install/px4_msgs/include/px4_msgs/px4_msgs/msg/detail/unregister_ext_component__rosidl_typesupport_fastrtps_c.h\n'}
[1.336111] (px4_msgs) StdoutLine: {'line': b'-- Up-to-date symlink: /home/maanavjugalshah/SwarmAero/ros2_ws/install/px4_msgs/include/px4_msgs/px4_msgs/msg/detail/vehicle_acceleration__rosidl_typesupport_fastrtps_c.h\n'}
[1.336145] (px4_msgs) StdoutLine: {'line': b'-- Up-to-date symlink: /home/maanavjugalshah/SwarmAero/ros2_ws/install/px4_msgs/include/px4_msgs/px4_msgs/msg/detail/vehicle_air_data__rosidl_typesupport_fastrtps_c.h\n'}
[1.336178] (px4_msgs) StdoutLine: {'line': b'-- Up-to-date symlink: /home/maanavjugalshah/SwarmAero/ros2_ws/install/px4_msgs/include/px4_msgs/px4_msgs/msg/detail/vehicle_angular_acceleration_setpoint__rosidl_typesupport_fastrtps_c.h\n'}
[1.336209] (px4_msgs) StdoutLine: {'line': b'-- Up-to-date symlink: /home/maanavjugalshah/SwarmAero/ros2_ws/install/px4_msgs/include/px4_msgs/px4_msgs/msg/detail/vehicle_angular_velocity__rosidl_typesupport_fastrtps_c.h\n'}
[1.336241] (px4_msgs) StdoutLine: {'line': b'-- Up-to-date symlink: /home/maanavjugalshah/SwarmAero/ros2_ws/install/px4_msgs/include/px4_msgs/px4_msgs/msg/detail/vehicle_attitude__rosidl_typesupport_fastrtps_c.h\n'}
[1.336272] (px4_msgs) StdoutLine: {'line': b'-- Up-to-date symlink: /home/maanavjugalshah/SwarmAero/ros2_ws/install/px4_msgs/include/px4_msgs/px4_msgs/msg/detail/vehicle_attitude_setpoint__rosidl_typesupport_fastrtps_c.h\n'}
[1.336303] (px4_msgs) StdoutLine: {'line': b'-- Up-to-date symlink: /home/maanavjugalshah/SwarmAero/ros2_ws/install/px4_msgs/include/px4_msgs/px4_msgs/msg/detail/vehicle_command__rosidl_typesupport_fastrtps_c.h\n'}
[1.336335] (px4_msgs) StdoutLine: {'line': b'-- Up-to-date symlink: /home/maanavjugalshah/SwarmAero/ros2_ws/install/px4_msgs/include/px4_msgs/px4_msgs/msg/detail/vehicle_command_ack__rosidl_typesupport_fastrtps_c.h\n'}
[1.336365] (px4_msgs) StdoutLine: {'line': b'-- Up-to-date symlink: /home/maanavjugalshah/SwarmAero/ros2_ws/install/px4_msgs/include/px4_msgs/px4_msgs/msg/detail/vehicle_constraints__rosidl_typesupport_fastrtps_c.h\n'}
[1.336395] (px4_msgs) StdoutLine: {'line': b'-- Up-to-date symlink: /home/maanavjugalshah/SwarmAero/ros2_ws/install/px4_msgs/include/px4_msgs/px4_msgs/msg/detail/vehicle_control_mode__rosidl_typesupport_fastrtps_c.h\n'}
[1.336425] (px4_msgs) StdoutLine: {'line': b'-- Up-to-date symlink: /home/maanavjugalshah/SwarmAero/ros2_ws/install/px4_msgs/include/px4_msgs/px4_msgs/msg/detail/vehicle_global_position__rosidl_typesupport_fastrtps_c.h\n'}
[1.336455] (px4_msgs) StdoutLine: {'line': b'-- Up-to-date symlink: /home/maanavjugalshah/SwarmAero/ros2_ws/install/px4_msgs/include/px4_msgs/px4_msgs/msg/detail/vehicle_imu__rosidl_typesupport_fastrtps_c.h\n'}
[1.336519] (px4_msgs) StdoutLine: {'line': b'-- Up-to-date symlink: /home/maanavjugalshah/SwarmAero/ros2_ws/install/px4_msgs/include/px4_msgs/px4_msgs/msg/detail/vehicle_imu_status__rosidl_typesupport_fastrtps_c.h\n'}
[1.336609] (px4_msgs) StdoutLine: {'line': b'-- Up-to-date symlink: /home/maanavjugalshah/SwarmAero/ros2_ws/install/px4_msgs/include/px4_msgs/px4_msgs/msg/detail/vehicle_land_detected__rosidl_typesupport_fastrtps_c.h\n'}
[1.336682] (px4_msgs) StdoutLine: {'line': b'-- Up-to-date symlink: /home/maanavjugalshah/SwarmAero/ros2_ws/install/px4_msgs/include/px4_msgs/px4_msgs/msg/detail/vehicle_local_position__rosidl_typesupport_fastrtps_c.h\n'}
[1.336756] (px4_msgs) StdoutLine: {'line': b'-- Up-to-date symlink: /home/maanavjugalshah/SwarmAero/ros2_ws/install/px4_msgs/include/px4_msgs/px4_msgs/msg/detail/vehicle_local_position_setpoint__rosidl_typesupport_fastrtps_c.h\n'}
[1.337391] (px4_msgs) StdoutLine: {'line': b'-- Up-to-date symlink: /home/maanavjugalshah/SwarmAero/ros2_ws/install/px4_msgs/include/px4_msgs/px4_msgs/msg/detail/vehicle_magnetometer__rosidl_typesupport_fastrtps_c.h\n'}
[1.337953] (px4_msgs) StdoutLine: {'line': b'-- Up-to-date symlink: /home/maanavjugalshah/SwarmAero/ros2_ws/install/px4_msgs/include/px4_msgs/px4_msgs/msg/detail/vehicle_odometry__rosidl_typesupport_fastrtps_c.h\n'}
[1.338525] (px4_msgs) StdoutLine: {'line': b'-- Up-to-date symlink: /home/maanavjugalshah/SwarmAero/ros2_ws/install/px4_msgs/include/px4_msgs/px4_msgs/msg/detail/vehicle_optical_flow__rosidl_typesupport_fastrtps_c.h\n'}
[1.339112] (px4_msgs) StdoutLine: {'line': b'-- Up-to-date symlink: /home/maanavjugalshah/SwarmAero/ros2_ws/install/px4_msgs/include/px4_msgs/px4_msgs/msg/detail/vehicle_optical_flow_vel__rosidl_typesupport_fastrtps_c.h\n'}
[1.339293] (px4_msgs) StdoutLine: {'line': b'-- Up-to-date symlink: /home/maanavjugalshah/SwarmAero/ros2_ws/install/px4_msgs/include/px4_msgs/px4_msgs/msg/detail/vehicle_rates_setpoint__rosidl_typesupport_fastrtps_c.h\n'}
[1.339387] (px4_msgs) StdoutLine: {'line': b'-- Up-to-date symlink: /home/maanavjugalshah/SwarmAero/ros2_ws/install/px4_msgs/include/px4_msgs/px4_msgs/msg/detail/vehicle_roi__rosidl_typesupport_fastrtps_c.h\n'}
[1.339717] (px4_msgs) StdoutLine: {'line': b'-- Up-to-date symlink: /home/maanavjugalshah/SwarmAero/ros2_ws/install/px4_msgs/include/px4_msgs/px4_msgs/msg/detail/vehicle_status__rosidl_typesupport_fastrtps_c.h\n'}
[1.339856] (px4_msgs) StdoutLine: {'line': b'-- Up-to-date symlink: /home/maanavjugalshah/SwarmAero/ros2_ws/install/px4_msgs/include/px4_msgs/px4_msgs/msg/detail/vehicle_thrust_setpoint__rosidl_typesupport_fastrtps_c.h\n'}
[1.340071] (px4_msgs) StdoutLine: {'line': b'-- Up-to-date symlink: /home/maanavjugalshah/SwarmAero/ros2_ws/install/px4_msgs/include/px4_msgs/px4_msgs/msg/detail/vehicle_torque_setpoint__rosidl_typesupport_fastrtps_c.h\n'}
[1.340176] (px4_msgs) StdoutLine: {'line': b'-- Up-to-date symlink: /home/maanavjugalshah/SwarmAero/ros2_ws/install/px4_msgs/include/px4_msgs/px4_msgs/msg/detail/velocity_limits__rosidl_typesupport_fastrtps_c.h\n'}
[1.340292] (px4_msgs) StdoutLine: {'line': b'-- Up-to-date symlink: /home/maanavjugalshah/SwarmAero/ros2_ws/install/px4_msgs/include/px4_msgs/px4_msgs/msg/detail/vtol_vehicle_status__rosidl_typesupport_fastrtps_c.h\n'}
[1.340809] (px4_msgs) StdoutLine: {'line': b'-- Up-to-date symlink: /home/maanavjugalshah/SwarmAero/ros2_ws/install/px4_msgs/include/px4_msgs/px4_msgs/msg/detail/vtx__rosidl_typesupport_fastrtps_c.h\n'}
[1.341166] (px4_msgs) StdoutLine: {'line': b'-- Up-to-date symlink: /home/maanavjugalshah/SwarmAero/ros2_ws/install/px4_msgs/include/px4_msgs/px4_msgs/msg/detail/wheel_encoders__rosidl_typesupport_fastrtps_c.h\n'}
[1.341277] (px4_msgs) StdoutLine: {'line': b'-- Up-to-date symlink: /home/maanavjugalshah/SwarmAero/ros2_ws/install/px4_msgs/include/px4_msgs/px4_msgs/msg/detail/wind__rosidl_typesupport_fastrtps_c.h\n'}
[1.341388] (px4_msgs) StdoutLine: {'line': b'-- Up-to-date symlink: /home/maanavjugalshah/SwarmAero/ros2_ws/install/px4_msgs/include/px4_msgs/px4_msgs/msg/detail/yaw_estimator_status__rosidl_typesupport_fastrtps_c.h\n'}
[1.341549] (px4_msgs) StdoutLine: {'line': b'-- Up-to-date symlink: /home/maanavjugalshah/SwarmAero/ros2_ws/install/px4_msgs/include/px4_msgs/px4_msgs/msg/rosidl_typesupport_fastrtps_c__visibility_control.h\n'}
[1.341603] (px4_msgs) StdoutLine: {'line': b'-- Up-to-date symlink: /home/maanavjugalshah/SwarmAero/ros2_ws/install/px4_msgs/include/px4_msgs/px4_msgs/srv/detail/vehicle_command__rosidl_typesupport_fastrtps_c.h\n'}
[1.341698] (px4_msgs) StdoutLine: {'line': b'-- Up-to-date symlink: /home/maanavjugalshah/SwarmAero/ros2_ws/install/px4_msgs/include/px4_msgs/px4_msgs/msg/action_request.hpp\n'}
[1.341820] (px4_msgs) StdoutLine: {'line': b'-- Up-to-date symlink: /home/maanavjugalshah/SwarmAero/ros2_ws/install/px4_msgs/include/px4_msgs/px4_msgs/msg/actuator_armed.hpp\n'}
[1.341892] (px4_msgs) StdoutLine: {'line': b'-- Up-to-date symlink: /home/maanavjugalshah/SwarmAero/ros2_ws/install/px4_msgs/include/px4_msgs/px4_msgs/msg/actuator_controls_status.hpp\n'}
[1.341965] (px4_msgs) StdoutLine: {'line': b'-- Up-to-date symlink: /home/maanavjugalshah/SwarmAero/ros2_ws/install/px4_msgs/include/px4_msgs/px4_msgs/msg/actuator_motors.hpp\n'}
[1.342240] (px4_msgs) StdoutLine: {'line': b'-- Up-to-date symlink: /home/maanavjugalshah/SwarmAero/ros2_ws/install/px4_msgs/include/px4_msgs/px4_msgs/msg/actuator_outputs.hpp\n'}
[1.342330] (px4_msgs) StdoutLine: {'line': b'-- Up-to-date symlink: /home/maanavjugalshah/SwarmAero/ros2_ws/install/px4_msgs/include/px4_msgs/px4_msgs/msg/actuator_servos.hpp\n'}
[1.342463] (px4_msgs) StdoutLine: {'line': b'-- Up-to-date symlink: /home/maanavjugalshah/SwarmAero/ros2_ws/install/px4_msgs/include/px4_msgs/px4_msgs/msg/actuator_servos_trim.hpp\n'}
[1.342655] (px4_msgs) StdoutLine: {'line': b'-- Up-to-date symlink: /home/maanavjugalshah/SwarmAero/ros2_ws/install/px4_msgs/include/px4_msgs/px4_msgs/msg/actuator_test.hpp\n'}
[1.342861] (px4_msgs) StdoutLine: {'line': b'-- Up-to-date symlink: /home/maanavjugalshah/SwarmAero/ros2_ws/install/px4_msgs/include/px4_msgs/px4_msgs/msg/adc_report.hpp\n'}
[1.342976] (px4_msgs) StdoutLine: {'line': b'-- Up-to-date symlink: /home/maanavjugalshah/SwarmAero/ros2_ws/install/px4_msgs/include/px4_msgs/px4_msgs/msg/airspeed.hpp\n'}
[1.343075] (px4_msgs) StdoutLine: {'line': b'-- Up-to-date symlink: /home/maanavjugalshah/SwarmAero/ros2_ws/install/px4_msgs/include/px4_msgs/px4_msgs/msg/airspeed_validated.hpp\n'}
[1.343160] (px4_msgs) StdoutLine: {'line': b'-- Up-to-date symlink: /home/maanavjugalshah/SwarmAero/ros2_ws/install/px4_msgs/include/px4_msgs/px4_msgs/msg/airspeed_wind.hpp\n'}
[1.343235] (px4_msgs) StdoutLine: {'line': b'-- Up-to-date symlink: /home/maanavjugalshah/SwarmAero/ros2_ws/install/px4_msgs/include/px4_msgs/px4_msgs/msg/arming_check_reply.hpp\n'}
[1.343567] (px4_msgs) StdoutLine: {'line': b'-- Up-to-date symlink: /home/maanavjugalshah/SwarmAero/ros2_ws/install/px4_msgs/include/px4_msgs/px4_msgs/msg/arming_check_request.hpp\n'}
[1.343616] (px4_msgs) StdoutLine: {'line': b'-- Up-to-date symlink: /home/maanavjugalshah/SwarmAero/ros2_ws/install/px4_msgs/include/px4_msgs/px4_msgs/msg/autotune_attitude_control_status.hpp\n'}
[1.343654] (px4_msgs) StdoutLine: {'line': b'-- Up-to-date symlink: /home/maanavjugalshah/SwarmAero/ros2_ws/install/px4_msgs/include/px4_msgs/px4_msgs/msg/aux_global_position.hpp\n'}
[1.343689] (px4_msgs) StdoutLine: {'line': b'-- Up-to-date symlink: /home/maanavjugalshah/SwarmAero/ros2_ws/install/px4_msgs/include/px4_msgs/px4_msgs/msg/battery_info.hpp\n'}
[1.343733] (px4_msgs) StdoutLine: {'line': b'-- Up-to-date symlink: /home/maanavjugalshah/SwarmAero/ros2_ws/install/px4_msgs/include/px4_msgs/px4_msgs/msg/battery_status.hpp\n'}
[1.343775] (px4_msgs) StdoutLine: {'line': b'-- Up-to-date symlink: /home/maanavjugalshah/SwarmAero/ros2_ws/install/px4_msgs/include/px4_msgs/px4_msgs/msg/button_event.hpp\n'}
[1.343974] (px4_msgs) StdoutLine: {'line': b'-- Up-to-date symlink: /home/maanavjugalshah/SwarmAero/ros2_ws/install/px4_msgs/include/px4_msgs/px4_msgs/msg/camera_capture.hpp\n'}
[1.344026] (px4_msgs) StdoutLine: {'line': b'-- Up-to-date symlink: /home/maanavjugalshah/SwarmAero/ros2_ws/install/px4_msgs/include/px4_msgs/px4_msgs/msg/camera_status.hpp\n'}
[1.344661] (px4_msgs) StdoutLine: {'line': b'-- Up-to-date symlink: /home/maanavjugalshah/SwarmAero/ros2_ws/install/px4_msgs/include/px4_msgs/px4_msgs/msg/camera_trigger.hpp\n'}
[1.344832] (px4_msgs) StdoutLine: {'line': b'-- Up-to-date symlink: /home/maanavjugalshah/SwarmAero/ros2_ws/install/px4_msgs/include/px4_msgs/px4_msgs/msg/can_interface_status.hpp\n'}
[1.344956] (px4_msgs) StdoutLine: {'line': b'-- Up-to-date symlink: /home/maanavjugalshah/SwarmAero/ros2_ws/install/px4_msgs/include/px4_msgs/px4_msgs/msg/cellular_status.hpp\n'}
[1.345246] (px4_msgs) StdoutLine: {'line': b'-- Up-to-date symlink: /home/maanavjugalshah/SwarmAero/ros2_ws/install/px4_msgs/include/px4_msgs/px4_msgs/msg/collision_constraints.hpp\n'}
[1.345597] (px4_msgs) StdoutLine: {'line': b'-- Up-to-date symlink: /home/maanavjugalshah/SwarmAero/ros2_ws/install/px4_msgs/include/px4_msgs/px4_msgs/msg/config_overrides.hpp\n'}
[1.345782] (px4_msgs) StdoutLine: {'line': b'-- Up-to-date symlink: /home/maanavjugalshah/SwarmAero/ros2_ws/install/px4_msgs/include/px4_msgs/px4_msgs/msg/control_allocator_status.hpp\n'}
[1.345833] (px4_msgs) StdoutLine: {'line': b'-- Up-to-date symlink: /home/maanavjugalshah/SwarmAero/ros2_ws/install/px4_msgs/include/px4_msgs/px4_msgs/msg/cpuload.hpp\n'}
[1.345872] (px4_msgs) StdoutLine: {'line': b'-- Up-to-date symlink: /home/maanavjugalshah/SwarmAero/ros2_ws/install/px4_msgs/include/px4_msgs/px4_msgs/msg/dataman_request.hpp\n'}
[1.345923] (px4_msgs) StdoutLine: {'line': b'-- Up-to-date symlink: /home/maanavjugalshah/SwarmAero/ros2_ws/install/px4_msgs/include/px4_msgs/px4_msgs/msg/dataman_response.hpp\n'}
[1.346112] (px4_msgs) StdoutLine: {'line': b'-- Up-to-date symlink: /home/maanavjugalshah/SwarmAero/ros2_ws/install/px4_msgs/include/px4_msgs/px4_msgs/msg/debug_array.hpp\n'}
[1.346192] (px4_msgs) StdoutLine: {'line': b'-- Up-to-date symlink: /home/maanavjugalshah/SwarmAero/ros2_ws/install/px4_msgs/include/px4_msgs/px4_msgs/msg/debug_key_value.hpp\n'}
[1.346278] (px4_msgs) StdoutLine: {'line': b'-- Up-to-date symlink: /home/maanavjugalshah/SwarmAero/ros2_ws/install/px4_msgs/include/px4_msgs/px4_msgs/msg/debug_value.hpp\n'}
[1.346339] (px4_msgs) StdoutLine: {'line': b'-- Up-to-date symlink: /home/maanavjugalshah/SwarmAero/ros2_ws/install/px4_msgs/include/px4_msgs/px4_msgs/msg/debug_vect.hpp\n'}
[1.346425] (px4_msgs) StdoutLine: {'line': b'-- Up-to-date symlink: /home/maanavjugalshah/SwarmAero/ros2_ws/install/px4_msgs/include/px4_msgs/px4_msgs/msg/detail/action_request__builder.hpp\n'}
[1.346514] (px4_msgs) StdoutLine: {'line': b'-- Up-to-date symlink: /home/maanavjugalshah/SwarmAero/ros2_ws/install/px4_msgs/include/px4_msgs/px4_msgs/msg/detail/action_request__struct.hpp\n'}
[1.346725] (px4_msgs) StdoutLine: {'line': b'-- Up-to-date symlink: /home/maanavjugalshah/SwarmAero/ros2_ws/install/px4_msgs/include/px4_msgs/px4_msgs/msg/detail/action_request__traits.hpp\n'}
[1.347099] (px4_msgs) StdoutLine: {'line': b'-- Up-to-date symlink: /home/maanavjugalshah/SwarmAero/ros2_ws/install/px4_msgs/include/px4_msgs/px4_msgs/msg/detail/action_request__type_support.hpp\n'}
[1.347373] (px4_msgs) StdoutLine: {'line': b'-- Up-to-date symlink: /home/maanavjugalshah/SwarmAero/ros2_ws/install/px4_msgs/include/px4_msgs/px4_msgs/msg/detail/actuator_armed__builder.hpp\n'}
[1.347496] (px4_msgs) StdoutLine: {'line': b'-- Up-to-date symlink: /home/maanavjugalshah/SwarmAero/ros2_ws/install/px4_msgs/include/px4_msgs/px4_msgs/msg/detail/actuator_armed__struct.hpp\n'}
[1.347545] (px4_msgs) StdoutLine: {'line': b'-- Up-to-date symlink: /home/maanavjugalshah/SwarmAero/ros2_ws/install/px4_msgs/include/px4_msgs/px4_msgs/msg/detail/actuator_armed__traits.hpp\n'}
[1.347613] (px4_msgs) StdoutLine: {'line': b'-- Up-to-date symlink: /home/maanavjugalshah/SwarmAero/ros2_ws/install/px4_msgs/include/px4_msgs/px4_msgs/msg/detail/actuator_armed__type_support.hpp\n'}
[1.347686] (px4_msgs) StdoutLine: {'line': b'-- Up-to-date symlink: /home/maanavjugalshah/SwarmAero/ros2_ws/install/px4_msgs/include/px4_msgs/px4_msgs/msg/detail/actuator_controls_status__builder.hpp\n'}
[1.347915] (px4_msgs) StdoutLine: {'line': b'-- Up-to-date symlink: /home/maanavjugalshah/SwarmAero/ros2_ws/install/px4_msgs/include/px4_msgs/px4_msgs/msg/detail/actuator_controls_status__struct.hpp\n'}
[1.347990] (px4_msgs) StdoutLine: {'line': b'-- Up-to-date symlink: /home/maanavjugalshah/SwarmAero/ros2_ws/install/px4_msgs/include/px4_msgs/px4_msgs/msg/detail/actuator_controls_status__traits.hpp\n'}
[1.348267] (px4_msgs) StdoutLine: {'line': b'-- Up-to-date symlink: /home/maanavjugalshah/SwarmAero/ros2_ws/install/px4_msgs/include/px4_msgs/px4_msgs/msg/detail/actuator_controls_status__type_support.hpp\n'}
[1.348476] (px4_msgs) StdoutLine: {'line': b'-- Up-to-date symlink: /home/maanavjugalshah/SwarmAero/ros2_ws/install/px4_msgs/include/px4_msgs/px4_msgs/msg/detail/actuator_motors__builder.hpp\n'}
[1.348577] (px4_msgs) StdoutLine: {'line': b'-- Up-to-date symlink: /home/maanavjugalshah/SwarmAero/ros2_ws/install/px4_msgs/include/px4_msgs/px4_msgs/msg/detail/actuator_motors__struct.hpp\n'}
[1.348751] (px4_msgs) StdoutLine: {'line': b'-- Up-to-date symlink: /home/maanavjugalshah/SwarmAero/ros2_ws/install/px4_msgs/include/px4_msgs/px4_msgs/msg/detail/actuator_motors__traits.hpp\n'}
[1.348828] (px4_msgs) StdoutLine: {'line': b'-- Up-to-date symlink: /home/maanavjugalshah/SwarmAero/ros2_ws/install/px4_msgs/include/px4_msgs/px4_msgs/msg/detail/actuator_motors__type_support.hpp\n'}
[1.348907] (px4_msgs) StdoutLine: {'line': b'-- Up-to-date symlink: /home/maanavjugalshah/SwarmAero/ros2_ws/install/px4_msgs/include/px4_msgs/px4_msgs/msg/detail/actuator_outputs__builder.hpp\n'}
[1.348989] (px4_msgs) StdoutLine: {'line': b'-- Up-to-date symlink: /home/maanavjugalshah/SwarmAero/ros2_ws/install/px4_msgs/include/px4_msgs/px4_msgs/msg/detail/actuator_outputs__struct.hpp\n'}
[1.349071] (px4_msgs) StdoutLine: {'line': b'-- Up-to-date symlink: /home/maanavjugalshah/SwarmAero/ros2_ws/install/px4_msgs/include/px4_msgs/px4_msgs/msg/detail/actuator_outputs__traits.hpp\n'}
[1.349115] (px4_msgs) StdoutLine: {'line': b'-- Up-to-date symlink: /home/maanavjugalshah/SwarmAero/ros2_ws/install/px4_msgs/include/px4_msgs/px4_msgs/msg/detail/actuator_outputs__type_support.hpp\n'}
[1.349156] (px4_msgs) StdoutLine: {'line': b'-- Up-to-date symlink: /home/maanavjugalshah/SwarmAero/ros2_ws/install/px4_msgs/include/px4_msgs/px4_msgs/msg/detail/actuator_servos__builder.hpp\n'}
[1.349194] (px4_msgs) StdoutLine: {'line': b'-- Up-to-date symlink: /home/maanavjugalshah/SwarmAero/ros2_ws/install/px4_msgs/include/px4_msgs/px4_msgs/msg/detail/actuator_servos__struct.hpp\n'}
[1.349231] (px4_msgs) StdoutLine: {'line': b'-- Up-to-date symlink: /home/maanavjugalshah/SwarmAero/ros2_ws/install/px4_msgs/include/px4_msgs/px4_msgs/msg/detail/actuator_servos__traits.hpp\n'}
[1.349539] (px4_msgs) StdoutLine: {'line': b'-- Up-to-date symlink: /home/maanavjugalshah/SwarmAero/ros2_ws/install/px4_msgs/include/px4_msgs/px4_msgs/msg/detail/actuator_servos__type_support.hpp\n'}
[1.350183] (px4_msgs) StdoutLine: {'line': b'-- Up-to-date symlink: /home/maanavjugalshah/SwarmAero/ros2_ws/install/px4_msgs/include/px4_msgs/px4_msgs/msg/detail/actuator_servos_trim__builder.hpp\n'}
[1.350756] (px4_msgs) StdoutLine: {'line': b'-- Up-to-date symlink: /home/maanavjugalshah/SwarmAero/ros2_ws/install/px4_msgs/include/px4_msgs/px4_msgs/msg/detail/actuator_servos_trim__struct.hpp\n'}
[1.350964] (px4_msgs) StdoutLine: {'line': b'-- Up-to-date symlink: /home/maanavjugalshah/SwarmAero/ros2_ws/install/px4_msgs/include/px4_msgs/px4_msgs/msg/detail/actuator_servos_trim__traits.hpp\n'}
[1.351055] (px4_msgs) StdoutLine: {'line': b'-- Up-to-date symlink: /home/maanavjugalshah/SwarmAero/ros2_ws/install/px4_msgs/include/px4_msgs/px4_msgs/msg/detail/actuator_servos_trim__type_support.hpp\n'}
[1.351096] (px4_msgs) StdoutLine: {'line': b'-- Up-to-date symlink: /home/maanavjugalshah/SwarmAero/ros2_ws/install/px4_msgs/include/px4_msgs/px4_msgs/msg/detail/actuator_test__builder.hpp\n'}
[1.351134] (px4_msgs) StdoutLine: {'line': b'-- Up-to-date symlink: /home/maanavjugalshah/SwarmAero/ros2_ws/install/px4_msgs/include/px4_msgs/px4_msgs/msg/detail/actuator_test__struct.hpp\n'}
[1.351266] (px4_msgs) StdoutLine: {'line': b'-- Up-to-date symlink: /home/maanavjugalshah/SwarmAero/ros2_ws/install/px4_msgs/include/px4_msgs/px4_msgs/msg/detail/actuator_test__traits.hpp\n'}
[1.351310] (px4_msgs) StdoutLine: {'line': b'-- Up-to-date symlink: /home/maanavjugalshah/SwarmAero/ros2_ws/install/px4_msgs/include/px4_msgs/px4_msgs/msg/detail/actuator_test__type_support.hpp\n'}
[1.351350] (px4_msgs) StdoutLine: {'line': b'-- Up-to-date symlink: /home/maanavjugalshah/SwarmAero/ros2_ws/install/px4_msgs/include/px4_msgs/px4_msgs/msg/detail/adc_report__builder.hpp\n'}
[1.351969] (px4_msgs) StdoutLine: {'line': b'-- Up-to-date symlink: /home/maanavjugalshah/SwarmAero/ros2_ws/install/px4_msgs/include/px4_msgs/px4_msgs/msg/detail/adc_report__struct.hpp\n'}
[1.352128] (px4_msgs) StdoutLine: {'line': b'-- Up-to-date symlink: /home/maanavjugalshah/SwarmAero/ros2_ws/install/px4_msgs/include/px4_msgs/px4_msgs/msg/detail/adc_report__traits.hpp\n'}
[1.352306] (px4_msgs) StdoutLine: {'line': b'-- Up-to-date symlink: /home/maanavjugalshah/SwarmAero/ros2_ws/install/px4_msgs/include/px4_msgs/px4_msgs/msg/detail/adc_report__type_support.hpp\n'}
[1.352460] (px4_msgs) StdoutLine: {'line': b'-- Up-to-date symlink: /home/maanavjugalshah/SwarmAero/ros2_ws/install/px4_msgs/include/px4_msgs/px4_msgs/msg/detail/airspeed__builder.hpp\n'}
[1.352539] (px4_msgs) StdoutLine: {'line': b'-- Up-to-date symlink: /home/maanavjugalshah/SwarmAero/ros2_ws/install/px4_msgs/include/px4_msgs/px4_msgs/msg/detail/airspeed__struct.hpp\n'}
[1.352656] (px4_msgs) StdoutLine: {'line': b'-- Up-to-date symlink: /home/maanavjugalshah/SwarmAero/ros2_ws/install/px4_msgs/include/px4_msgs/px4_msgs/msg/detail/airspeed__traits.hpp\n'}
[1.352699] (px4_msgs) StdoutLine: {'line': b'-- Up-to-date symlink: /home/maanavjugalshah/SwarmAero/ros2_ws/install/px4_msgs/include/px4_msgs/px4_msgs/msg/detail/airspeed__type_support.hpp\n'}
[1.352783] (px4_msgs) StdoutLine: {'line': b'-- Up-to-date symlink: /home/maanavjugalshah/SwarmAero/ros2_ws/install/px4_msgs/include/px4_msgs/px4_msgs/msg/detail/airspeed_validated__builder.hpp\n'}
[1.352897] (px4_msgs) StdoutLine: {'line': b'-- Up-to-date symlink: /home/maanavjugalshah/SwarmAero/ros2_ws/install/px4_msgs/include/px4_msgs/px4_msgs/msg/detail/airspeed_validated__struct.hpp\n'}
[1.353225] (px4_msgs) StdoutLine: {'line': b'-- Up-to-date symlink: /home/maanavjugalshah/SwarmAero/ros2_ws/install/px4_msgs/include/px4_msgs/px4_msgs/msg/detail/airspeed_validated__traits.hpp\n'}
[1.353285] (px4_msgs) StdoutLine: {'line': b'-- Up-to-date symlink: /home/maanavjugalshah/SwarmAero/ros2_ws/install/px4_msgs/include/px4_msgs/px4_msgs/msg/detail/airspeed_validated__type_support.hpp\n'}
[1.353518] (px4_msgs) StdoutLine: {'line': b'-- Up-to-date symlink: /home/maanavjugalshah/SwarmAero/ros2_ws/install/px4_msgs/include/px4_msgs/px4_msgs/msg/detail/airspeed_wind__builder.hpp\n'}
[1.353736] (px4_msgs) StdoutLine: {'line': b'-- Up-to-date symlink: /home/maanavjugalshah/SwarmAero/ros2_ws/install/px4_msgs/include/px4_msgs/px4_msgs/msg/detail/airspeed_wind__struct.hpp\n'}
[1.354290] (px4_msgs) StdoutLine: {'line': b'-- Up-to-date symlink: /home/maanavjugalshah/SwarmAero/ros2_ws/install/px4_msgs/include/px4_msgs/px4_msgs/msg/detail/airspeed_wind__traits.hpp\n'}
[1.354408] (px4_msgs) StdoutLine: {'line': b'-- Up-to-date symlink: /home/maanavjugalshah/SwarmAero/ros2_ws/install/px4_msgs/include/px4_msgs/px4_msgs/msg/detail/airspeed_wind__type_support.hpp\n'}
[1.354756] (px4_msgs) StdoutLine: {'line': b'-- Up-to-date symlink: /home/maanavjugalshah/SwarmAero/ros2_ws/install/px4_msgs/include/px4_msgs/px4_msgs/msg/detail/arming_check_reply__builder.hpp\n'}
[1.354813] (px4_msgs) StdoutLine: {'line': b'-- Up-to-date symlink: /home/maanavjugalshah/SwarmAero/ros2_ws/install/px4_msgs/include/px4_msgs/px4_msgs/msg/detail/arming_check_reply__struct.hpp\n'}
[1.354979] (px4_msgs) StdoutLine: {'line': b'-- Up-to-date symlink: /home/maanavjugalshah/SwarmAero/ros2_ws/install/px4_msgs/include/px4_msgs/px4_msgs/msg/detail/arming_check_reply__traits.hpp\n'}
[1.355134] (px4_msgs) StdoutLine: {'line': b'-- Up-to-date symlink: /home/maanavjugalshah/SwarmAero/ros2_ws/install/px4_msgs/include/px4_msgs/px4_msgs/msg/detail/arming_check_reply__type_support.hpp\n'}
[1.355280] (px4_msgs) StdoutLine: {'line': b'-- Up-to-date symlink: /home/maanavjugalshah/SwarmAero/ros2_ws/install/px4_msgs/include/px4_msgs/px4_msgs/msg/detail/arming_check_request__builder.hpp\n'}
[1.355347] (px4_msgs) StdoutLine: {'line': b'-- Up-to-date symlink: /home/maanavjugalshah/SwarmAero/ros2_ws/install/px4_msgs/include/px4_msgs/px4_msgs/msg/detail/arming_check_request__struct.hpp\n'}
[1.355535] (px4_msgs) StdoutLine: {'line': b'-- Up-to-date symlink: /home/maanavjugalshah/SwarmAero/ros2_ws/install/px4_msgs/include/px4_msgs/px4_msgs/msg/detail/arming_check_request__traits.hpp\n'}
[1.355661] (px4_msgs) StdoutLine: {'line': b'-- Up-to-date symlink: /home/maanavjugalshah/SwarmAero/ros2_ws/install/px4_msgs/include/px4_msgs/px4_msgs/msg/detail/arming_check_request__type_support.hpp\n'}
[1.355777] (px4_msgs) StdoutLine: {'line': b'-- Up-to-date symlink: /home/maanavjugalshah/SwarmAero/ros2_ws/install/px4_msgs/include/px4_msgs/px4_msgs/msg/detail/autotune_attitude_control_status__builder.hpp\n'}
[1.355881] (px4_msgs) StdoutLine: {'line': b'-- Up-to-date symlink: /home/maanavjugalshah/SwarmAero/ros2_ws/install/px4_msgs/include/px4_msgs/px4_msgs/msg/detail/autotune_attitude_control_status__struct.hpp\n'}
[1.356062] (px4_msgs) StdoutLine: {'line': b'-- Up-to-date symlink: /home/maanavjugalshah/SwarmAero/ros2_ws/install/px4_msgs/include/px4_msgs/px4_msgs/msg/detail/autotune_attitude_control_status__traits.hpp\n'}
[1.356229] (px4_msgs) StdoutLine: {'line': b'-- Up-to-date symlink: /home/maanavjugalshah/SwarmAero/ros2_ws/install/px4_msgs/include/px4_msgs/px4_msgs/msg/detail/autotune_attitude_control_status__type_support.hpp\n'}
[1.356364] (px4_msgs) StdoutLine: {'line': b'-- Up-to-date symlink: /home/maanavjugalshah/SwarmAero/ros2_ws/install/px4_msgs/include/px4_msgs/px4_msgs/msg/detail/aux_global_position__builder.hpp\n'}
[1.356460] (px4_msgs) StdoutLine: {'line': b'-- Up-to-date symlink: /home/maanavjugalshah/SwarmAero/ros2_ws/install/px4_msgs/include/px4_msgs/px4_msgs/msg/detail/aux_global_position__struct.hpp\n'}
[1.356542] (px4_msgs) StdoutLine: {'line': b'-- Up-to-date symlink: /home/maanavjugalshah/SwarmAero/ros2_ws/install/px4_msgs/include/px4_msgs/px4_msgs/msg/detail/aux_global_position__traits.hpp\n'}
[1.356891] (px4_msgs) StdoutLine: {'line': b'-- Up-to-date symlink: /home/maanavjugalshah/SwarmAero/ros2_ws/install/px4_msgs/include/px4_msgs/px4_msgs/msg/detail/aux_global_position__type_support.hpp\n'}
[1.356999] (px4_msgs) StdoutLine: {'line': b'-- Up-to-date symlink: /home/maanavjugalshah/SwarmAero/ros2_ws/install/px4_msgs/include/px4_msgs/px4_msgs/msg/detail/battery_info__builder.hpp\n'}
[1.357073] (px4_msgs) StdoutLine: {'line': b'-- Up-to-date symlink: /home/maanavjugalshah/SwarmAero/ros2_ws/install/px4_msgs/include/px4_msgs/px4_msgs/msg/detail/battery_info__struct.hpp\n'}
[1.357159] (px4_msgs) StdoutLine: {'line': b'-- Up-to-date symlink: /home/maanavjugalshah/SwarmAero/ros2_ws/install/px4_msgs/include/px4_msgs/px4_msgs/msg/detail/battery_info__traits.hpp\n'}
[1.357582] (px4_msgs) StdoutLine: {'line': b'-- Up-to-date symlink: /home/maanavjugalshah/SwarmAero/ros2_ws/install/px4_msgs/include/px4_msgs/px4_msgs/msg/detail/battery_info__type_support.hpp\n'}
[1.357948] (px4_msgs) StdoutLine: {'line': b'-- Up-to-date symlink: /home/maanavjugalshah/SwarmAero/ros2_ws/install/px4_msgs/include/px4_msgs/px4_msgs/msg/detail/battery_status__builder.hpp\n'}
[1.358148] (px4_msgs) StdoutLine: {'line': b'-- Up-to-date symlink: /home/maanavjugalshah/SwarmAero/ros2_ws/install/px4_msgs/include/px4_msgs/px4_msgs/msg/detail/battery_status__struct.hpp\n'}
[1.358272] (px4_msgs) StdoutLine: {'line': b'-- Up-to-date symlink: /home/maanavjugalshah/SwarmAero/ros2_ws/install/px4_msgs/include/px4_msgs/px4_msgs/msg/detail/battery_status__traits.hpp\n'}
[1.358390] (px4_msgs) StdoutLine: {'line': b'-- Up-to-date symlink: /home/maanavjugalshah/SwarmAero/ros2_ws/install/px4_msgs/include/px4_msgs/px4_msgs/msg/detail/battery_status__type_support.hpp\n'}
[1.358505] (px4_msgs) StdoutLine: {'line': b'-- Up-to-date symlink: /home/maanavjugalshah/SwarmAero/ros2_ws/install/px4_msgs/include/px4_msgs/px4_msgs/msg/detail/button_event__builder.hpp\n'}
[1.358719] (px4_msgs) StdoutLine: {'line': b'-- Up-to-date symlink: /home/maanavjugalshah/SwarmAero/ros2_ws/install/px4_msgs/include/px4_msgs/px4_msgs/msg/detail/button_event__struct.hpp\n'}
[1.358809] (px4_msgs) StdoutLine: {'line': b'-- Up-to-date symlink: /home/maanavjugalshah/SwarmAero/ros2_ws/install/px4_msgs/include/px4_msgs/px4_msgs/msg/detail/button_event__traits.hpp\n'}
[1.358988] (px4_msgs) StdoutLine: {'line': b'-- Up-to-date symlink: /home/maanavjugalshah/SwarmAero/ros2_ws/install/px4_msgs/include/px4_msgs/px4_msgs/msg/detail/button_event__type_support.hpp\n'}
[1.359102] (px4_msgs) StdoutLine: {'line': b'-- Up-to-date symlink: /home/maanavjugalshah/SwarmAero/ros2_ws/install/px4_msgs/include/px4_msgs/px4_msgs/msg/detail/camera_capture__builder.hpp\n'}
[1.359217] (px4_msgs) StdoutLine: {'line': b'-- Up-to-date symlink: /home/maanavjugalshah/SwarmAero/ros2_ws/install/px4_msgs/include/px4_msgs/px4_msgs/msg/detail/camera_capture__struct.hpp\n'}
[1.359508] (px4_msgs) StdoutLine: {'line': b'-- Up-to-date symlink: /home/maanavjugalshah/SwarmAero/ros2_ws/install/px4_msgs/include/px4_msgs/px4_msgs/msg/detail/camera_capture__traits.hpp\n'}
[1.359722] (px4_msgs) StdoutLine: {'line': b'-- Up-to-date symlink: /home/maanavjugalshah/SwarmAero/ros2_ws/install/px4_msgs/include/px4_msgs/px4_msgs/msg/detail/camera_capture__type_support.hpp\n'}
[1.359889] (px4_msgs) StdoutLine: {'line': b'-- Up-to-date symlink: /home/maanavjugalshah/SwarmAero/ros2_ws/install/px4_msgs/include/px4_msgs/px4_msgs/msg/detail/camera_status__builder.hpp\n'}
[1.359963] (px4_msgs) StdoutLine: {'line': b'-- Up-to-date symlink: /home/maanavjugalshah/SwarmAero/ros2_ws/install/px4_msgs/include/px4_msgs/px4_msgs/msg/detail/camera_status__struct.hpp\n'}
[1.360167] (px4_msgs) StdoutLine: {'line': b'-- Up-to-date symlink: /home/maanavjugalshah/SwarmAero/ros2_ws/install/px4_msgs/include/px4_msgs/px4_msgs/msg/detail/camera_status__traits.hpp\n'}
[1.360250] (px4_msgs) StdoutLine: {'line': b'-- Up-to-date symlink: /home/maanavjugalshah/SwarmAero/ros2_ws/install/px4_msgs/include/px4_msgs/px4_msgs/msg/detail/camera_status__type_support.hpp\n'}
[1.360366] (px4_msgs) StdoutLine: {'line': b'-- Up-to-date symlink: /home/maanavjugalshah/SwarmAero/ros2_ws/install/px4_msgs/include/px4_msgs/px4_msgs/msg/detail/camera_trigger__builder.hpp\n'}
[1.360676] (px4_msgs) StdoutLine: {'line': b'-- Up-to-date symlink: /home/maanavjugalshah/SwarmAero/ros2_ws/install/px4_msgs/include/px4_msgs/px4_msgs/msg/detail/camera_trigger__struct.hpp\n'}
[1.360918] (px4_msgs) StdoutLine: {'line': b'-- Up-to-date symlink: /home/maanavjugalshah/SwarmAero/ros2_ws/install/px4_msgs/include/px4_msgs/px4_msgs/msg/detail/camera_trigger__traits.hpp\n'}
[1.361283] (px4_msgs) StdoutLine: {'line': b'-- Up-to-date symlink: /home/maanavjugalshah/SwarmAero/ros2_ws/install/px4_msgs/include/px4_msgs/px4_msgs/msg/detail/camera_trigger__type_support.hpp\n'}
[1.361662] (px4_msgs) StdoutLine: {'line': b'-- Up-to-date symlink: /home/maanavjugalshah/SwarmAero/ros2_ws/install/px4_msgs/include/px4_msgs/px4_msgs/msg/detail/can_interface_status__builder.hpp\n'}
[1.361767] (px4_msgs) StdoutLine: {'line': b'-- Up-to-date symlink: /home/maanavjugalshah/SwarmAero/ros2_ws/install/px4_msgs/include/px4_msgs/px4_msgs/msg/detail/can_interface_status__struct.hpp\n'}
[1.361847] (px4_msgs) StdoutLine: {'line': b'-- Up-to-date symlink: /home/maanavjugalshah/SwarmAero/ros2_ws/install/px4_msgs/include/px4_msgs/px4_msgs/msg/detail/can_interface_status__traits.hpp\n'}
[1.362128] (px4_msgs) StdoutLine: {'line': b'-- Up-to-date symlink: /home/maanavjugalshah/SwarmAero/ros2_ws/install/px4_msgs/include/px4_msgs/px4_msgs/msg/detail/can_interface_status__type_support.hpp\n'}
[1.362362] (px4_msgs) StdoutLine: {'line': b'-- Up-to-date symlink: /home/maanavjugalshah/SwarmAero/ros2_ws/install/px4_msgs/include/px4_msgs/px4_msgs/msg/detail/cellular_status__builder.hpp\n'}
[1.362632] (px4_msgs) StdoutLine: {'line': b'-- Up-to-date symlink: /home/maanavjugalshah/SwarmAero/ros2_ws/install/px4_msgs/include/px4_msgs/px4_msgs/msg/detail/cellular_status__struct.hpp\n'}
[1.362782] (px4_msgs) StdoutLine: {'line': b'-- Up-to-date symlink: /home/maanavjugalshah/SwarmAero/ros2_ws/install/px4_msgs/include/px4_msgs/px4_msgs/msg/detail/cellular_status__traits.hpp\n'}
[1.362869] (px4_msgs) StdoutLine: {'line': b'-- Up-to-date symlink: /home/maanavjugalshah/SwarmAero/ros2_ws/install/px4_msgs/include/px4_msgs/px4_msgs/msg/detail/cellular_status__type_support.hpp\n'}
[1.362931] (px4_msgs) StdoutLine: {'line': b'-- Up-to-date symlink: /home/maanavjugalshah/SwarmAero/ros2_ws/install/px4_msgs/include/px4_msgs/px4_msgs/msg/detail/collision_constraints__builder.hpp\n'}
[1.363081] (px4_msgs) StdoutLine: {'line': b'-- Up-to-date symlink: /home/maanavjugalshah/SwarmAero/ros2_ws/install/px4_msgs/include/px4_msgs/px4_msgs/msg/detail/collision_constraints__struct.hpp\n'}
[1.363153] (px4_msgs) StdoutLine: {'line': b'-- Up-to-date symlink: /home/maanavjugalshah/SwarmAero/ros2_ws/install/px4_msgs/include/px4_msgs/px4_msgs/msg/detail/collision_constraints__traits.hpp\n'}
[1.363358] (px4_msgs) StdoutLine: {'line': b'-- Up-to-date symlink: /home/maanavjugalshah/SwarmAero/ros2_ws/install/px4_msgs/include/px4_msgs/px4_msgs/msg/detail/collision_constraints__type_support.hpp\n'}
[1.363517] (px4_msgs) StdoutLine: {'line': b'-- Up-to-date symlink: /home/maanavjugalshah/SwarmAero/ros2_ws/install/px4_msgs/include/px4_msgs/px4_msgs/msg/detail/config_overrides__builder.hpp\n'}
[1.363575] (px4_msgs) StdoutLine: {'line': b'-- Up-to-date symlink: /home/maanavjugalshah/SwarmAero/ros2_ws/install/px4_msgs/include/px4_msgs/px4_msgs/msg/detail/config_overrides__struct.hpp\n'}
[1.363612] (px4_msgs) StdoutLine: {'line': b'-- Up-to-date symlink: /home/maanavjugalshah/SwarmAero/ros2_ws/install/px4_msgs/include/px4_msgs/px4_msgs/msg/detail/config_overrides__traits.hpp\n'}
[1.363647] (px4_msgs) StdoutLine: {'line': b'-- Up-to-date symlink: /home/maanavjugalshah/SwarmAero/ros2_ws/install/px4_msgs/include/px4_msgs/px4_msgs/msg/detail/config_overrides__type_support.hpp\n'}
[1.363682] (px4_msgs) StdoutLine: {'line': b'-- Up-to-date symlink: /home/maanavjugalshah/SwarmAero/ros2_ws/install/px4_msgs/include/px4_msgs/px4_msgs/msg/detail/control_allocator_status__builder.hpp\n'}
[1.363884] (px4_msgs) StdoutLine: {'line': b'-- Up-to-date symlink: /home/maanavjugalshah/SwarmAero/ros2_ws/install/px4_msgs/include/px4_msgs/px4_msgs/msg/detail/control_allocator_status__struct.hpp\n'}
[1.364338] (px4_msgs) StdoutLine: {'line': b'-- Up-to-date symlink: /home/maanavjugalshah/SwarmAero/ros2_ws/install/px4_msgs/include/px4_msgs/px4_msgs/msg/detail/control_allocator_status__traits.hpp\n'}
[1.364459] (px4_msgs) StdoutLine: {'line': b'-- Up-to-date symlink: /home/maanavjugalshah/SwarmAero/ros2_ws/install/px4_msgs/include/px4_msgs/px4_msgs/msg/detail/control_allocator_status__type_support.hpp\n'}
[1.364531] (px4_msgs) StdoutLine: {'line': b'-- Up-to-date symlink: /home/maanavjugalshah/SwarmAero/ros2_ws/install/px4_msgs/include/px4_msgs/px4_msgs/msg/detail/cpuload__builder.hpp\n'}
[1.364861] (px4_msgs) StdoutLine: {'line': b'-- Up-to-date symlink: /home/maanavjugalshah/SwarmAero/ros2_ws/install/px4_msgs/include/px4_msgs/px4_msgs/msg/detail/cpuload__struct.hpp\n'}
[1.365101] (px4_msgs) StdoutLine: {'line': b'-- Up-to-date symlink: /home/maanavjugalshah/SwarmAero/ros2_ws/install/px4_msgs/include/px4_msgs/px4_msgs/msg/detail/cpuload__traits.hpp\n'}
[1.365483] (px4_msgs) StdoutLine: {'line': b'-- Up-to-date symlink: /home/maanavjugalshah/SwarmAero/ros2_ws/install/px4_msgs/include/px4_msgs/px4_msgs/msg/detail/cpuload__type_support.hpp\n'}
[1.365570] (px4_msgs) StdoutLine: {'line': b'-- Up-to-date symlink: /home/maanavjugalshah/SwarmAero/ros2_ws/install/px4_msgs/include/px4_msgs/px4_msgs/msg/detail/dataman_request__builder.hpp\n'}
[1.365670] (px4_msgs) StdoutLine: {'line': b'-- Up-to-date symlink: /home/maanavjugalshah/SwarmAero/ros2_ws/install/px4_msgs/include/px4_msgs/px4_msgs/msg/detail/dataman_request__struct.hpp\n'}
[1.365900] (px4_msgs) StdoutLine: {'line': b'-- Up-to-date symlink: /home/maanavjugalshah/SwarmAero/ros2_ws/install/px4_msgs/include/px4_msgs/px4_msgs/msg/detail/dataman_request__traits.hpp\n'}
[1.365964] (px4_msgs) StdoutLine: {'line': b'-- Up-to-date symlink: /home/maanavjugalshah/SwarmAero/ros2_ws/install/px4_msgs/include/px4_msgs/px4_msgs/msg/detail/dataman_request__type_support.hpp\n'}
[1.366170] (px4_msgs) StdoutLine: {'line': b'-- Up-to-date symlink: /home/maanavjugalshah/SwarmAero/ros2_ws/install/px4_msgs/include/px4_msgs/px4_msgs/msg/detail/dataman_response__builder.hpp\n'}
[1.366311] (px4_msgs) StdoutLine: {'line': b'-- Up-to-date symlink: /home/maanavjugalshah/SwarmAero/ros2_ws/install/px4_msgs/include/px4_msgs/px4_msgs/msg/detail/dataman_response__struct.hpp\n'}
[1.366415] (px4_msgs) StdoutLine: {'line': b'-- Up-to-date symlink: /home/maanavjugalshah/SwarmAero/ros2_ws/install/px4_msgs/include/px4_msgs/px4_msgs/msg/detail/dataman_response__traits.hpp\n'}
[1.366494] (px4_msgs) StdoutLine: {'line': b'-- Up-to-date symlink: /home/maanavjugalshah/SwarmAero/ros2_ws/install/px4_msgs/include/px4_msgs/px4_msgs/msg/detail/dataman_response__type_support.hpp\n'}
[1.366596] (px4_msgs) StdoutLine: {'line': b'-- Up-to-date symlink: /home/maanavjugalshah/SwarmAero/ros2_ws/install/px4_msgs/include/px4_msgs/px4_msgs/msg/detail/debug_array__builder.hpp\n'}
[1.366713] (px4_msgs) StdoutLine: {'line': b'-- Up-to-date symlink: /home/maanavjugalshah/SwarmAero/ros2_ws/install/px4_msgs/include/px4_msgs/px4_msgs/msg/detail/debug_array__struct.hpp\n'}
[1.366946] (px4_msgs) StdoutLine: {'line': b'-- Up-to-date symlink: /home/maanavjugalshah/SwarmAero/ros2_ws/install/px4_msgs/include/px4_msgs/px4_msgs/msg/detail/debug_array__traits.hpp\n'}
[1.367181] (px4_msgs) StdoutLine: {'line': b'-- Up-to-date symlink: /home/maanavjugalshah/SwarmAero/ros2_ws/install/px4_msgs/include/px4_msgs/px4_msgs/msg/detail/debug_array__type_support.hpp\n'}
[1.367286] (px4_msgs) StdoutLine: {'line': b'-- Up-to-date symlink: /home/maanavjugalshah/SwarmAero/ros2_ws/install/px4_msgs/include/px4_msgs/px4_msgs/msg/detail/debug_key_value__builder.hpp\n'}
[1.367440] (px4_msgs) StdoutLine: {'line': b'-- Up-to-date symlink: /home/maanavjugalshah/SwarmAero/ros2_ws/install/px4_msgs/include/px4_msgs/px4_msgs/msg/detail/debug_key_value__struct.hpp\n'}
[1.367508] (px4_msgs) StdoutLine: {'line': b'-- Up-to-date symlink: /home/maanavjugalshah/SwarmAero/ros2_ws/install/px4_msgs/include/px4_msgs/px4_msgs/msg/detail/debug_key_value__traits.hpp\n'}
[1.367673] (px4_msgs) StdoutLine: {'line': b'-- Up-to-date symlink: /home/maanavjugalshah/SwarmAero/ros2_ws/install/px4_msgs/include/px4_msgs/px4_msgs/msg/detail/debug_key_value__type_support.hpp\n'}
[1.367843] (px4_msgs) StdoutLine: {'line': b'-- Up-to-date symlink: /home/maanavjugalshah/SwarmAero/ros2_ws/install/px4_msgs/include/px4_msgs/px4_msgs/msg/detail/debug_value__builder.hpp\n'}
[1.368089] (px4_msgs) StdoutLine: {'line': b'-- Up-to-date symlink: /home/maanavjugalshah/SwarmAero/ros2_ws/install/px4_msgs/include/px4_msgs/px4_msgs/msg/detail/debug_value__struct.hpp\n'}
[1.368178] (px4_msgs) StdoutLine: {'line': b'-- Up-to-date symlink: /home/maanavjugalshah/SwarmAero/ros2_ws/install/px4_msgs/include/px4_msgs/px4_msgs/msg/detail/debug_value__traits.hpp\n'}
[1.368231] (px4_msgs) StdoutLine: {'line': b'-- Up-to-date symlink: /home/maanavjugalshah/SwarmAero/ros2_ws/install/px4_msgs/include/px4_msgs/px4_msgs/msg/detail/debug_value__type_support.hpp\n'}
[1.368274] (px4_msgs) StdoutLine: {'line': b'-- Up-to-date symlink: /home/maanavjugalshah/SwarmAero/ros2_ws/install/px4_msgs/include/px4_msgs/px4_msgs/msg/detail/debug_vect__builder.hpp\n'}
[1.368365] (px4_msgs) StdoutLine: {'line': b'-- Up-to-date symlink: /home/maanavjugalshah/SwarmAero/ros2_ws/install/px4_msgs/include/px4_msgs/px4_msgs/msg/detail/debug_vect__struct.hpp\n'}
[1.368684] (px4_msgs) StdoutLine: {'line': b'-- Up-to-date symlink: /home/maanavjugalshah/SwarmAero/ros2_ws/install/px4_msgs/include/px4_msgs/px4_msgs/msg/detail/debug_vect__traits.hpp\n'}
[1.368759] (px4_msgs) StdoutLine: {'line': b'-- Up-to-date symlink: /home/maanavjugalshah/SwarmAero/ros2_ws/install/px4_msgs/include/px4_msgs/px4_msgs/msg/detail/debug_vect__type_support.hpp\n'}
[1.368888] (px4_msgs) StdoutLine: {'line': b'-- Up-to-date symlink: /home/maanavjugalshah/SwarmAero/ros2_ws/install/px4_msgs/include/px4_msgs/px4_msgs/msg/detail/device_information__builder.hpp\n'}
[1.368961] (px4_msgs) StdoutLine: {'line': b'-- Up-to-date symlink: /home/maanavjugalshah/SwarmAero/ros2_ws/install/px4_msgs/include/px4_msgs/px4_msgs/msg/detail/device_information__struct.hpp\n'}
[1.369348] (px4_msgs) StdoutLine: {'line': b'-- Up-to-date symlink: /home/maanavjugalshah/SwarmAero/ros2_ws/install/px4_msgs/include/px4_msgs/px4_msgs/msg/detail/device_information__traits.hpp\n'}
[1.369445] (px4_msgs) StdoutLine: {'line': b'-- Up-to-date symlink: /home/maanavjugalshah/SwarmAero/ros2_ws/install/px4_msgs/include/px4_msgs/px4_msgs/msg/detail/device_information__type_support.hpp\n'}
[1.369523] (px4_msgs) StdoutLine: {'line': b'-- Up-to-date symlink: /home/maanavjugalshah/SwarmAero/ros2_ws/install/px4_msgs/include/px4_msgs/px4_msgs/msg/detail/differential_pressure__builder.hpp\n'}
[1.369566] (px4_msgs) StdoutLine: {'line': b'-- Up-to-date symlink: /home/maanavjugalshah/SwarmAero/ros2_ws/install/px4_msgs/include/px4_msgs/px4_msgs/msg/detail/differential_pressure__struct.hpp\n'}
[1.369875] (px4_msgs) StdoutLine: {'line': b'-- Up-to-date symlink: /home/maanavjugalshah/SwarmAero/ros2_ws/install/px4_msgs/include/px4_msgs/px4_msgs/msg/detail/differential_pressure__traits.hpp\n'}
[1.370146] (px4_msgs) StdoutLine: {'line': b'-- Up-to-date symlink: /home/maanavjugalshah/SwarmAero/ros2_ws/install/px4_msgs/include/px4_msgs/px4_msgs/msg/detail/differential_pressure__type_support.hpp\n'}
[1.370299] (px4_msgs) StdoutLine: {'line': b'-- Up-to-date symlink: /home/maanavjugalshah/SwarmAero/ros2_ws/install/px4_msgs/include/px4_msgs/px4_msgs/msg/detail/distance_sensor__builder.hpp\n'}
[1.370387] (px4_msgs) StdoutLine: {'line': b'-- Up-to-date symlink: /home/maanavjugalshah/SwarmAero/ros2_ws/install/px4_msgs/include/px4_msgs/px4_msgs/msg/detail/distance_sensor__struct.hpp\n'}
[1.370449] (px4_msgs) StdoutLine: {'line': b'-- Up-to-date symlink: /home/maanavjugalshah/SwarmAero/ros2_ws/install/px4_msgs/include/px4_msgs/px4_msgs/msg/detail/distance_sensor__traits.hpp\n'}
[1.370566] (px4_msgs) StdoutLine: {'line': b'-- Up-to-date symlink: /home/maanavjugalshah/SwarmAero/ros2_ws/install/px4_msgs/include/px4_msgs/px4_msgs/msg/detail/distance_sensor__type_support.hpp\n'}
[1.370665] (px4_msgs) StdoutLine: {'line': b'-- Up-to-date symlink: /home/maanavjugalshah/SwarmAero/ros2_ws/install/px4_msgs/include/px4_msgs/px4_msgs/msg/detail/distance_sensor_mode_change_request__builder.hpp\n'}
[1.370856] (px4_msgs) StdoutLine: {'line': b'-- Up-to-date symlink: /home/maanavjugalshah/SwarmAero/ros2_ws/install/px4_msgs/include/px4_msgs/px4_msgs/msg/detail/distance_sensor_mode_change_request__struct.hpp\n'}
[1.370942] (px4_msgs) StdoutLine: {'line': b'-- Up-to-date symlink: /home/maanavjugalshah/SwarmAero/ros2_ws/install/px4_msgs/include/px4_msgs/px4_msgs/msg/detail/distance_sensor_mode_change_request__traits.hpp\n'}
[1.371075] (px4_msgs) StdoutLine: {'line': b'-- Up-to-date symlink: /home/maanavjugalshah/SwarmAero/ros2_ws/install/px4_msgs/include/px4_msgs/px4_msgs/msg/detail/distance_sensor_mode_change_request__type_support.hpp\n'}
[1.371164] (px4_msgs) StdoutLine: {'line': b'-- Up-to-date symlink: /home/maanavjugalshah/SwarmAero/ros2_ws/install/px4_msgs/include/px4_msgs/px4_msgs/msg/detail/dronecan_node_status__builder.hpp\n'}
[1.371228] (px4_msgs) StdoutLine: {'line': b'-- Up-to-date symlink: /home/maanavjugalshah/SwarmAero/ros2_ws/install/px4_msgs/include/px4_msgs/px4_msgs/msg/detail/dronecan_node_status__struct.hpp\n'}
[1.371334] (px4_msgs) StdoutLine: {'line': b'-- Up-to-date symlink: /home/maanavjugalshah/SwarmAero/ros2_ws/install/px4_msgs/include/px4_msgs/px4_msgs/msg/detail/dronecan_node_status__traits.hpp\n'}
[1.371449] (px4_msgs) StdoutLine: {'line': b'-- Up-to-date symlink: /home/maanavjugalshah/SwarmAero/ros2_ws/install/px4_msgs/include/px4_msgs/px4_msgs/msg/detail/dronecan_node_status__type_support.hpp\n'}
[1.371781] (px4_msgs) StdoutLine: {'line': b'-- Up-to-date symlink: /home/maanavjugalshah/SwarmAero/ros2_ws/install/px4_msgs/include/px4_msgs/px4_msgs/msg/detail/ekf2_timestamps__builder.hpp\n'}
[1.371864] (px4_msgs) StdoutLine: {'line': b'-- Up-to-date symlink: /home/maanavjugalshah/SwarmAero/ros2_ws/install/px4_msgs/include/px4_msgs/px4_msgs/msg/detail/ekf2_timestamps__struct.hpp\n'}
[1.371903] (px4_msgs) StdoutLine: {'line': b'-- Up-to-date symlink: /home/maanavjugalshah/SwarmAero/ros2_ws/install/px4_msgs/include/px4_msgs/px4_msgs/msg/detail/ekf2_timestamps__traits.hpp\n'}
[1.372041] (px4_msgs) StdoutLine: {'line': b'-- Up-to-date symlink: /home/maanavjugalshah/SwarmAero/ros2_ws/install/px4_msgs/include/px4_msgs/px4_msgs/msg/detail/ekf2_timestamps__type_support.hpp\n'}
[1.372084] (px4_msgs) StdoutLine: {'line': b'-- Up-to-date symlink: /home/maanavjugalshah/SwarmAero/ros2_ws/install/px4_msgs/include/px4_msgs/px4_msgs/msg/detail/esc_eeprom_read__builder.hpp\n'}
[1.372119] (px4_msgs) StdoutLine: {'line': b'-- Up-to-date symlink: /home/maanavjugalshah/SwarmAero/ros2_ws/install/px4_msgs/include/px4_msgs/px4_msgs/msg/detail/esc_eeprom_read__struct.hpp\n'}
[1.372330] (px4_msgs) StdoutLine: {'line': b'-- Up-to-date symlink: /home/maanavjugalshah/SwarmAero/ros2_ws/install/px4_msgs/include/px4_msgs/px4_msgs/msg/detail/esc_eeprom_read__traits.hpp\n'}
[1.372405] (px4_msgs) StdoutLine: {'line': b'-- Up-to-date symlink: /home/maanavjugalshah/SwarmAero/ros2_ws/install/px4_msgs/include/px4_msgs/px4_msgs/msg/detail/esc_eeprom_read__type_support.hpp\n'}
[1.372512] (px4_msgs) StdoutLine: {'line': b'-- Up-to-date symlink: /home/maanavjugalshah/SwarmAero/ros2_ws/install/px4_msgs/include/px4_msgs/px4_msgs/msg/detail/esc_eeprom_write__builder.hpp\n'}
[1.372799] (px4_msgs) StdoutLine: {'line': b'-- Up-to-date symlink: /home/maanavjugalshah/SwarmAero/ros2_ws/install/px4_msgs/include/px4_msgs/px4_msgs/msg/detail/esc_eeprom_write__struct.hpp\n'}
[1.372890] (px4_msgs) StdoutLine: {'line': b'-- Up-to-date symlink: /home/maanavjugalshah/SwarmAero/ros2_ws/install/px4_msgs/include/px4_msgs/px4_msgs/msg/detail/esc_eeprom_write__traits.hpp\n'}
[1.372935] (px4_msgs) StdoutLine: {'line': b'-- Up-to-date symlink: /home/maanavjugalshah/SwarmAero/ros2_ws/install/px4_msgs/include/px4_msgs/px4_msgs/msg/detail/esc_eeprom_write__type_support.hpp\n'}
[1.373111] (px4_msgs) StdoutLine: {'line': b'-- Up-to-date symlink: /home/maanavjugalshah/SwarmAero/ros2_ws/install/px4_msgs/include/px4_msgs/px4_msgs/msg/detail/esc_report__builder.hpp\n'}
[1.373204] (px4_msgs) StdoutLine: {'line': b'-- Up-to-date symlink: /home/maanavjugalshah/SwarmAero/ros2_ws/install/px4_msgs/include/px4_msgs/px4_msgs/msg/detail/esc_report__struct.hpp\n'}
[1.373360] (px4_msgs) StdoutLine: {'line': b'-- Up-to-date symlink: /home/maanavjugalshah/SwarmAero/ros2_ws/install/px4_msgs/include/px4_msgs/px4_msgs/msg/detail/esc_report__traits.hpp\n'}
[1.373478] (px4_msgs) StdoutLine: {'line': b'-- Up-to-date symlink: /home/maanavjugalshah/SwarmAero/ros2_ws/install/px4_msgs/include/px4_msgs/px4_msgs/msg/detail/esc_report__type_support.hpp\n'}
[1.373584] (px4_msgs) StdoutLine: {'line': b'-- Up-to-date symlink: /home/maanavjugalshah/SwarmAero/ros2_ws/install/px4_msgs/include/px4_msgs/px4_msgs/msg/detail/esc_status__builder.hpp\n'}
[1.373656] (px4_msgs) StdoutLine: {'line': b'-- Up-to-date symlink: /home/maanavjugalshah/SwarmAero/ros2_ws/install/px4_msgs/include/px4_msgs/px4_msgs/msg/detail/esc_status__struct.hpp\n'}
[1.373723] (px4_msgs) StdoutLine: {'line': b'-- Up-to-date symlink: /home/maanavjugalshah/SwarmAero/ros2_ws/install/px4_msgs/include/px4_msgs/px4_msgs/msg/detail/esc_status__traits.hpp\n'}
[1.373801] (px4_msgs) StdoutLine: {'line': b'-- Up-to-date symlink: /home/maanavjugalshah/SwarmAero/ros2_ws/install/px4_msgs/include/px4_msgs/px4_msgs/msg/detail/esc_status__type_support.hpp\n'}
[1.373848] (px4_msgs) StdoutLine: {'line': b'-- Up-to-date symlink: /home/maanavjugalshah/SwarmAero/ros2_ws/install/px4_msgs/include/px4_msgs/px4_msgs/msg/detail/estimator_aid_source1d__builder.hpp\n'}
[1.373960] (px4_msgs) StdoutLine: {'line': b'-- Up-to-date symlink: /home/maanavjugalshah/SwarmAero/ros2_ws/install/px4_msgs/include/px4_msgs/px4_msgs/msg/detail/estimator_aid_source1d__struct.hpp\n'}
[1.374048] (px4_msgs) StdoutLine: {'line': b'-- Up-to-date symlink: /home/maanavjugalshah/SwarmAero/ros2_ws/install/px4_msgs/include/px4_msgs/px4_msgs/msg/detail/estimator_aid_source1d__traits.hpp\n'}
[1.374161] (px4_msgs) StdoutLine: {'line': b'-- Up-to-date symlink: /home/maanavjugalshah/SwarmAero/ros2_ws/install/px4_msgs/include/px4_msgs/px4_msgs/msg/detail/estimator_aid_source1d__type_support.hpp\n'}
[1.374266] (px4_msgs) StdoutLine: {'line': b'-- Up-to-date symlink: /home/maanavjugalshah/SwarmAero/ros2_ws/install/px4_msgs/include/px4_msgs/px4_msgs/msg/detail/estimator_aid_source2d__builder.hpp\n'}
[1.374351] (px4_msgs) StdoutLine: {'line': b'-- Up-to-date symlink: /home/maanavjugalshah/SwarmAero/ros2_ws/install/px4_msgs/include/px4_msgs/px4_msgs/msg/detail/estimator_aid_source2d__struct.hpp\n'}
[1.374420] (px4_msgs) StdoutLine: {'line': b'-- Up-to-date symlink: /home/maanavjugalshah/SwarmAero/ros2_ws/install/px4_msgs/include/px4_msgs/px4_msgs/msg/detail/estimator_aid_source2d__traits.hpp\n'}
[1.374689] (px4_msgs) StdoutLine: {'line': b'-- Up-to-date symlink: /home/maanavjugalshah/SwarmAero/ros2_ws/install/px4_msgs/include/px4_msgs/px4_msgs/msg/detail/estimator_aid_source2d__type_support.hpp\n'}
[1.374742] (px4_msgs) StdoutLine: {'line': b'-- Up-to-date symlink: /home/maanavjugalshah/SwarmAero/ros2_ws/install/px4_msgs/include/px4_msgs/px4_msgs/msg/detail/estimator_aid_source3d__builder.hpp\n'}
[1.374780] (px4_msgs) StdoutLine: {'line': b'-- Up-to-date symlink: /home/maanavjugalshah/SwarmAero/ros2_ws/install/px4_msgs/include/px4_msgs/px4_msgs/msg/detail/estimator_aid_source3d__struct.hpp\n'}
[1.374816] (px4_msgs) StdoutLine: {'line': b'-- Up-to-date symlink: /home/maanavjugalshah/SwarmAero/ros2_ws/install/px4_msgs/include/px4_msgs/px4_msgs/msg/detail/estimator_aid_source3d__traits.hpp\n'}
[1.374970] (px4_msgs) StdoutLine: {'line': b'-- Up-to-date symlink: /home/maanavjugalshah/SwarmAero/ros2_ws/install/px4_msgs/include/px4_msgs/px4_msgs/msg/detail/estimator_aid_source3d__type_support.hpp\n'}
[1.375199] (px4_msgs) StdoutLine: {'line': b'-- Up-to-date symlink: /home/maanavjugalshah/SwarmAero/ros2_ws/install/px4_msgs/include/px4_msgs/px4_msgs/msg/detail/estimator_bias3d__builder.hpp\n'}
[1.375350] (px4_msgs) StdoutLine: {'line': b'-- Up-to-date symlink: /home/maanavjugalshah/SwarmAero/ros2_ws/install/px4_msgs/include/px4_msgs/px4_msgs/msg/detail/estimator_bias3d__struct.hpp\n'}
[1.375701] (px4_msgs) StdoutLine: {'line': b'-- Up-to-date symlink: /home/maanavjugalshah/SwarmAero/ros2_ws/install/px4_msgs/include/px4_msgs/px4_msgs/msg/detail/estimator_bias3d__traits.hpp\n'}
[1.375804] (px4_msgs) StdoutLine: {'line': b'-- Up-to-date symlink: /home/maanavjugalshah/SwarmAero/ros2_ws/install/px4_msgs/include/px4_msgs/px4_msgs/msg/detail/estimator_bias3d__type_support.hpp\n'}
[1.376066] (px4_msgs) StdoutLine: {'line': b'-- Up-to-date symlink: /home/maanavjugalshah/SwarmAero/ros2_ws/install/px4_msgs/include/px4_msgs/px4_msgs/msg/detail/estimator_bias__builder.hpp\n'}
[1.376144] (px4_msgs) StdoutLine: {'line': b'-- Up-to-date symlink: /home/maanavjugalshah/SwarmAero/ros2_ws/install/px4_msgs/include/px4_msgs/px4_msgs/msg/detail/estimator_bias__struct.hpp\n'}
[1.376299] (px4_msgs) StdoutLine: {'line': b'-- Up-to-date symlink: /home/maanavjugalshah/SwarmAero/ros2_ws/install/px4_msgs/include/px4_msgs/px4_msgs/msg/detail/estimator_bias__traits.hpp\n'}
[1.376405] (px4_msgs) StdoutLine: {'line': b'-- Up-to-date symlink: /home/maanavjugalshah/SwarmAero/ros2_ws/install/px4_msgs/include/px4_msgs/px4_msgs/msg/detail/estimator_bias__type_support.hpp\n'}
[1.376825] (px4_msgs) StdoutLine: {'line': b'-- Up-to-date symlink: /home/maanavjugalshah/SwarmAero/ros2_ws/install/px4_msgs/include/px4_msgs/px4_msgs/msg/detail/estimator_event_flags__builder.hpp\n'}
[1.376897] (px4_msgs) StdoutLine: {'line': b'-- Up-to-date symlink: /home/maanavjugalshah/SwarmAero/ros2_ws/install/px4_msgs/include/px4_msgs/px4_msgs/msg/detail/estimator_event_flags__struct.hpp\n'}
[1.377286] (px4_msgs) StdoutLine: {'line': b'-- Up-to-date symlink: /home/maanavjugalshah/SwarmAero/ros2_ws/install/px4_msgs/include/px4_msgs/px4_msgs/msg/detail/estimator_event_flags__traits.hpp\n'}
[1.377559] (px4_msgs) StdoutLine: {'line': b'-- Up-to-date symlink: /home/maanavjugalshah/SwarmAero/ros2_ws/install/px4_msgs/include/px4_msgs/px4_msgs/msg/detail/estimator_event_flags__type_support.hpp\n'}
[1.377609] (px4_msgs) StdoutLine: {'line': b'-- Up-to-date symlink: /home/maanavjugalshah/SwarmAero/ros2_ws/install/px4_msgs/include/px4_msgs/px4_msgs/msg/detail/estimator_fusion_control__builder.hpp\n'}
[1.377646] (px4_msgs) StdoutLine: {'line': b'-- Up-to-date symlink: /home/maanavjugalshah/SwarmAero/ros2_ws/install/px4_msgs/include/px4_msgs/px4_msgs/msg/detail/estimator_fusion_control__struct.hpp\n'}
[1.377682] (px4_msgs) StdoutLine: {'line': b'-- Up-to-date symlink: /home/maanavjugalshah/SwarmAero/ros2_ws/install/px4_msgs/include/px4_msgs/px4_msgs/msg/detail/estimator_fusion_control__traits.hpp\n'}
[1.377715] (px4_msgs) StdoutLine: {'line': b'-- Up-to-date symlink: /home/maanavjugalshah/SwarmAero/ros2_ws/install/px4_msgs/include/px4_msgs/px4_msgs/msg/detail/estimator_fusion_control__type_support.hpp\n'}
[1.377771] (px4_msgs) StdoutLine: {'line': b'-- Up-to-date symlink: /home/maanavjugalshah/SwarmAero/ros2_ws/install/px4_msgs/include/px4_msgs/px4_msgs/msg/detail/estimator_gps_status__builder.hpp\n'}
[1.377816] (px4_msgs) StdoutLine: {'line': b'-- Up-to-date symlink: /home/maanavjugalshah/SwarmAero/ros2_ws/install/px4_msgs/include/px4_msgs/px4_msgs/msg/detail/estimator_gps_status__struct.hpp\n'}
[1.377854] (px4_msgs) StdoutLine: {'line': b'-- Up-to-date symlink: /home/maanavjugalshah/SwarmAero/ros2_ws/install/px4_msgs/include/px4_msgs/px4_msgs/msg/detail/estimator_gps_status__traits.hpp\n'}
[1.377903] (px4_msgs) StdoutLine: {'line': b'-- Up-to-date symlink: /home/maanavjugalshah/SwarmAero/ros2_ws/install/px4_msgs/include/px4_msgs/px4_msgs/msg/detail/estimator_gps_status__type_support.hpp\n'}
[1.377940] (px4_msgs) StdoutLine: {'line': b'-- Up-to-date symlink: /home/maanavjugalshah/SwarmAero/ros2_ws/install/px4_msgs/include/px4_msgs/px4_msgs/msg/detail/estimator_innovations__builder.hpp\n'}
[1.377982] (px4_msgs) StdoutLine: {'line': b'-- Up-to-date symlink: /home/maanavjugalshah/SwarmAero/ros2_ws/install/px4_msgs/include/px4_msgs/px4_msgs/msg/detail/estimator_innovations__struct.hpp\n'}
[1.378049] (px4_msgs) StdoutLine: {'line': b'-- Up-to-date symlink: /home/maanavjugalshah/SwarmAero/ros2_ws/install/px4_msgs/include/px4_msgs/px4_msgs/msg/detail/estimator_innovations__traits.hpp\n'}
[1.378138] (px4_msgs) StdoutLine: {'line': b'-- Up-to-date symlink: /home/maanavjugalshah/SwarmAero/ros2_ws/install/px4_msgs/include/px4_msgs/px4_msgs/msg/detail/estimator_innovations__type_support.hpp\n'}
[1.378254] (px4_msgs) StdoutLine: {'line': b'-- Up-to-date symlink: /home/maanavjugalshah/SwarmAero/ros2_ws/install/px4_msgs/include/px4_msgs/px4_msgs/msg/detail/estimator_selector_status__builder.hpp\n'}
[1.378368] (px4_msgs) StdoutLine: {'line': b'-- Up-to-date symlink: /home/maanavjugalshah/SwarmAero/ros2_ws/install/px4_msgs/include/px4_msgs/px4_msgs/msg/detail/estimator_selector_status__struct.hpp\n'}
[1.378542] (px4_msgs) StdoutLine: {'line': b'-- Up-to-date symlink: /home/maanavjugalshah/SwarmAero/ros2_ws/install/px4_msgs/include/px4_msgs/px4_msgs/msg/detail/estimator_selector_status__traits.hpp\n'}
[1.378585] (px4_msgs) StdoutLine: {'line': b'-- Up-to-date symlink: /home/maanavjugalshah/SwarmAero/ros2_ws/install/px4_msgs/include/px4_msgs/px4_msgs/msg/detail/estimator_selector_status__type_support.hpp\n'}
[1.378780] (px4_msgs) StdoutLine: {'line': b'-- Up-to-date symlink: /home/maanavjugalshah/SwarmAero/ros2_ws/install/px4_msgs/include/px4_msgs/px4_msgs/msg/detail/estimator_sensor_bias__builder.hpp\n'}
[1.378907] (px4_msgs) StdoutLine: {'line': b'-- Up-to-date symlink: /home/maanavjugalshah/SwarmAero/ros2_ws/install/px4_msgs/include/px4_msgs/px4_msgs/msg/detail/estimator_sensor_bias__struct.hpp\n'}
[1.378949] (px4_msgs) StdoutLine: {'line': b'-- Up-to-date symlink: /home/maanavjugalshah/SwarmAero/ros2_ws/install/px4_msgs/include/px4_msgs/px4_msgs/msg/detail/estimator_sensor_bias__traits.hpp\n'}
[1.379088] (px4_msgs) StdoutLine: {'line': b'-- Up-to-date symlink: /home/maanavjugalshah/SwarmAero/ros2_ws/install/px4_msgs/include/px4_msgs/px4_msgs/msg/detail/estimator_sensor_bias__type_support.hpp\n'}
[1.379202] (px4_msgs) StdoutLine: {'line': b'-- Up-to-date symlink: /home/maanavjugalshah/SwarmAero/ros2_ws/install/px4_msgs/include/px4_msgs/px4_msgs/msg/detail/estimator_states__builder.hpp\n'}
[1.379273] (px4_msgs) StdoutLine: {'line': b'-- Up-to-date symlink: /home/maanavjugalshah/SwarmAero/ros2_ws/install/px4_msgs/include/px4_msgs/px4_msgs/msg/detail/estimator_states__struct.hpp\n'}
[1.379490] (px4_msgs) StdoutLine: {'line': b'-- Up-to-date symlink: /home/maanavjugalshah/SwarmAero/ros2_ws/install/px4_msgs/include/px4_msgs/px4_msgs/msg/detail/estimator_states__traits.hpp\n'}
[1.379688] (px4_msgs) StdoutLine: {'line': b'-- Up-to-date symlink: /home/maanavjugalshah/SwarmAero/ros2_ws/install/px4_msgs/include/px4_msgs/px4_msgs/msg/detail/estimator_states__type_support.hpp\n'}
[1.379741] (px4_msgs) StdoutLine: {'line': b'-- Up-to-date symlink: /home/maanavjugalshah/SwarmAero/ros2_ws/install/px4_msgs/include/px4_msgs/px4_msgs/msg/detail/estimator_status__builder.hpp\n'}
[1.379777] (px4_msgs) StdoutLine: {'line': b'-- Up-to-date symlink: /home/maanavjugalshah/SwarmAero/ros2_ws/install/px4_msgs/include/px4_msgs/px4_msgs/msg/detail/estimator_status__struct.hpp\n'}
[1.379814] (px4_msgs) StdoutLine: {'line': b'-- Up-to-date symlink: /home/maanavjugalshah/SwarmAero/ros2_ws/install/px4_msgs/include/px4_msgs/px4_msgs/msg/detail/estimator_status__traits.hpp\n'}
[1.379877] (px4_msgs) StdoutLine: {'line': b'-- Up-to-date symlink: /home/maanavjugalshah/SwarmAero/ros2_ws/install/px4_msgs/include/px4_msgs/px4_msgs/msg/detail/estimator_status__type_support.hpp\n'}
[1.380018] (px4_msgs) StdoutLine: {'line': b'-- Up-to-date symlink: /home/maanavjugalshah/SwarmAero/ros2_ws/install/px4_msgs/include/px4_msgs/px4_msgs/msg/detail/estimator_status_flags__builder.hpp\n'}
[1.380090] (px4_msgs) StdoutLine: {'line': b'-- Up-to-date symlink: /home/maanavjugalshah/SwarmAero/ros2_ws/install/px4_msgs/include/px4_msgs/px4_msgs/msg/detail/estimator_status_flags__struct.hpp\n'}
[1.380142] (px4_msgs) StdoutLine: {'line': b'-- Up-to-date symlink: /home/maanavjugalshah/SwarmAero/ros2_ws/install/px4_msgs/include/px4_msgs/px4_msgs/msg/detail/estimator_status_flags__traits.hpp\n'}
[1.380242] (px4_msgs) StdoutLine: {'line': b'-- Up-to-date symlink: /home/maanavjugalshah/SwarmAero/ros2_ws/install/px4_msgs/include/px4_msgs/px4_msgs/msg/detail/estimator_status_flags__type_support.hpp\n'}
[1.380452] (px4_msgs) StdoutLine: {'line': b'-- Up-to-date symlink: /home/maanavjugalshah/SwarmAero/ros2_ws/install/px4_msgs/include/px4_msgs/px4_msgs/msg/detail/event__builder.hpp\n'}
[1.380497] (px4_msgs) StdoutLine: {'line': b'-- Up-to-date symlink: /home/maanavjugalshah/SwarmAero/ros2_ws/install/px4_msgs/include/px4_msgs/px4_msgs/msg/detail/event__struct.hpp\n'}
[1.380832] (px4_msgs) StdoutLine: {'line': b'-- Up-to-date symlink: /home/maanavjugalshah/SwarmAero/ros2_ws/install/px4_msgs/include/px4_msgs/px4_msgs/msg/detail/event__traits.hpp\n'}
[1.380953] (px4_msgs) StdoutLine: {'line': b'-- Up-to-date symlink: /home/maanavjugalshah/SwarmAero/ros2_ws/install/px4_msgs/include/px4_msgs/px4_msgs/msg/detail/event__type_support.hpp\n'}
[1.381138] (px4_msgs) StdoutLine: {'line': b'-- Up-to-date symlink: /home/maanavjugalshah/SwarmAero/ros2_ws/install/px4_msgs/include/px4_msgs/px4_msgs/msg/detail/failsafe_flags__builder.hpp\n'}
[1.381193] (px4_msgs) StdoutLine: {'line': b'-- Up-to-date symlink: /home/maanavjugalshah/SwarmAero/ros2_ws/install/px4_msgs/include/px4_msgs/px4_msgs/msg/detail/failsafe_flags__struct.hpp\n'}
[1.381231] (px4_msgs) StdoutLine: {'line': b'-- Up-to-date symlink: /home/maanavjugalshah/SwarmAero/ros2_ws/install/px4_msgs/include/px4_msgs/px4_msgs/msg/detail/failsafe_flags__traits.hpp\n'}
[1.381266] (px4_msgs) StdoutLine: {'line': b'-- Up-to-date symlink: /home/maanavjugalshah/SwarmAero/ros2_ws/install/px4_msgs/include/px4_msgs/px4_msgs/msg/detail/failsafe_flags__type_support.hpp\n'}
[1.381300] (px4_msgs) StdoutLine: {'line': b'-- Up-to-date symlink: /home/maanavjugalshah/SwarmAero/ros2_ws/install/px4_msgs/include/px4_msgs/px4_msgs/msg/detail/failure_detector_status__builder.hpp\n'}
[1.381335] (px4_msgs) StdoutLine: {'line': b'-- Up-to-date symlink: /home/maanavjugalshah/SwarmAero/ros2_ws/install/px4_msgs/include/px4_msgs/px4_msgs/msg/detail/failure_detector_status__struct.hpp\n'}
[1.381369] (px4_msgs) StdoutLine: {'line': b'-- Up-to-date symlink: /home/maanavjugalshah/SwarmAero/ros2_ws/install/px4_msgs/include/px4_msgs/px4_msgs/msg/detail/failure_detector_status__traits.hpp\n'}
[1.381401] (px4_msgs) StdoutLine: {'line': b'-- Up-to-date symlink: /home/maanavjugalshah/SwarmAero/ros2_ws/install/px4_msgs/include/px4_msgs/px4_msgs/msg/detail/failure_detector_status__type_support.hpp\n'}
[1.381435] (px4_msgs) StdoutLine: {'line': b'-- Up-to-date symlink: /home/maanavjugalshah/SwarmAero/ros2_ws/install/px4_msgs/include/px4_msgs/px4_msgs/msg/detail/figure_eight_status__builder.hpp\n'}
[1.381469] (px4_msgs) StdoutLine: {'line': b'-- Up-to-date symlink: /home/maanavjugalshah/SwarmAero/ros2_ws/install/px4_msgs/include/px4_msgs/px4_msgs/msg/detail/figure_eight_status__struct.hpp\n'}
[1.381500] (px4_msgs) StdoutLine: {'line': b'-- Up-to-date symlink: /home/maanavjugalshah/SwarmAero/ros2_ws/install/px4_msgs/include/px4_msgs/px4_msgs/msg/detail/figure_eight_status__traits.hpp\n'}
[1.381533] (px4_msgs) StdoutLine: {'line': b'-- Up-to-date symlink: /home/maanavjugalshah/SwarmAero/ros2_ws/install/px4_msgs/include/px4_msgs/px4_msgs/msg/detail/figure_eight_status__type_support.hpp\n'}
[1.381566] (px4_msgs) StdoutLine: {'line': b'-- Up-to-date symlink: /home/maanavjugalshah/SwarmAero/ros2_ws/install/px4_msgs/include/px4_msgs/px4_msgs/msg/detail/fixed_wing_lateral_guidance_status__builder.hpp\n'}
[1.381598] (px4_msgs) StdoutLine: {'line': b'-- Up-to-date symlink: /home/maanavjugalshah/SwarmAero/ros2_ws/install/px4_msgs/include/px4_msgs/px4_msgs/msg/detail/fixed_wing_lateral_guidance_status__struct.hpp\n'}
[1.381632] (px4_msgs) StdoutLine: {'line': b'-- Up-to-date symlink: /home/maanavjugalshah/SwarmAero/ros2_ws/install/px4_msgs/include/px4_msgs/px4_msgs/msg/detail/fixed_wing_lateral_guidance_status__traits.hpp\n'}
[1.381664] (px4_msgs) StdoutLine: {'line': b'-- Up-to-date symlink: /home/maanavjugalshah/SwarmAero/ros2_ws/install/px4_msgs/include/px4_msgs/px4_msgs/msg/detail/fixed_wing_lateral_guidance_status__type_support.hpp\n'}
[1.381698] (px4_msgs) StdoutLine: {'line': b'-- Up-to-date symlink: /home/maanavjugalshah/SwarmAero/ros2_ws/install/px4_msgs/include/px4_msgs/px4_msgs/msg/detail/fixed_wing_lateral_setpoint__builder.hpp\n'}
[1.381730] (px4_msgs) StdoutLine: {'line': b'-- Up-to-date symlink: /home/maanavjugalshah/SwarmAero/ros2_ws/install/px4_msgs/include/px4_msgs/px4_msgs/msg/detail/fixed_wing_lateral_setpoint__struct.hpp\n'}
[1.381762] (px4_msgs) StdoutLine: {'line': b'-- Up-to-date symlink: /home/maanavjugalshah/SwarmAero/ros2_ws/install/px4_msgs/include/px4_msgs/px4_msgs/msg/detail/fixed_wing_lateral_setpoint__traits.hpp\n'}
[1.381795] (px4_msgs) StdoutLine: {'line': b'-- Up-to-date symlink: /home/maanavjugalshah/SwarmAero/ros2_ws/install/px4_msgs/include/px4_msgs/px4_msgs/msg/detail/fixed_wing_lateral_setpoint__type_support.hpp\n'}
[1.381864] (px4_msgs) StdoutLine: {'line': b'-- Up-to-date symlink: /home/maanavjugalshah/SwarmAero/ros2_ws/install/px4_msgs/include/px4_msgs/px4_msgs/msg/detail/fixed_wing_lateral_status__builder.hpp\n'}
[1.382291] (px4_msgs) StdoutLine: {'line': b'-- Up-to-date symlink: /home/maanavjugalshah/SwarmAero/ros2_ws/install/px4_msgs/include/px4_msgs/px4_msgs/msg/detail/fixed_wing_lateral_status__struct.hpp\n'}
[1.382367] (px4_msgs) StdoutLine: {'line': b'-- Up-to-date symlink: /home/maanavjugalshah/SwarmAero/ros2_ws/install/px4_msgs/include/px4_msgs/px4_msgs/msg/detail/fixed_wing_lateral_status__traits.hpp\n'}
[1.382405] (px4_msgs) StdoutLine: {'line': b'-- Up-to-date symlink: /home/maanavjugalshah/SwarmAero/ros2_ws/install/px4_msgs/include/px4_msgs/px4_msgs/msg/detail/fixed_wing_lateral_status__type_support.hpp\n'}
[1.382441] (px4_msgs) StdoutLine: {'line': b'-- Up-to-date symlink: /home/maanavjugalshah/SwarmAero/ros2_ws/install/px4_msgs/include/px4_msgs/px4_msgs/msg/detail/fixed_wing_longitudinal_setpoint__builder.hpp\n'}
[1.382536] (px4_msgs) StdoutLine: {'line': b'-- Up-to-date symlink: /home/maanavjugalshah/SwarmAero/ros2_ws/install/px4_msgs/include/px4_msgs/px4_msgs/msg/detail/fixed_wing_longitudinal_setpoint__struct.hpp\n'}
[1.382767] (px4_msgs) StdoutLine: {'line': b'-- Up-to-date symlink: /home/maanavjugalshah/SwarmAero/ros2_ws/install/px4_msgs/include/px4_msgs/px4_msgs/msg/detail/fixed_wing_longitudinal_setpoint__traits.hpp\n'}
[1.382870] (px4_msgs) StdoutLine: {'line': b'-- Up-to-date symlink: /home/maanavjugalshah/SwarmAero/ros2_ws/install/px4_msgs/include/px4_msgs/px4_msgs/msg/detail/fixed_wing_longitudinal_setpoint__type_support.hpp\n'}
[1.383129] (px4_msgs) StdoutLine: {'line': b'-- Up-to-date symlink: /home/maanavjugalshah/SwarmAero/ros2_ws/install/px4_msgs/include/px4_msgs/px4_msgs/msg/detail/fixed_wing_runway_control__builder.hpp\n'}
[1.383204] (px4_msgs) StdoutLine: {'line': b'-- Up-to-date symlink: /home/maanavjugalshah/SwarmAero/ros2_ws/install/px4_msgs/include/px4_msgs/px4_msgs/msg/detail/fixed_wing_runway_control__struct.hpp\n'}
[1.383457] (px4_msgs) StdoutLine: {'line': b'-- Up-to-date symlink: /home/maanavjugalshah/SwarmAero/ros2_ws/install/px4_msgs/include/px4_msgs/px4_msgs/msg/detail/fixed_wing_runway_control__traits.hpp\n'}
[1.383612] (px4_msgs) StdoutLine: {'line': b'-- Up-to-date symlink: /home/maanavjugalshah/SwarmAero/ros2_ws/install/px4_msgs/include/px4_msgs/px4_msgs/msg/detail/fixed_wing_runway_control__type_support.hpp\n'}
[1.383875] (px4_msgs) StdoutLine: {'line': b'-- Up-to-date symlink: /home/maanavjugalshah/SwarmAero/ros2_ws/install/px4_msgs/include/px4_msgs/px4_msgs/msg/detail/flight_phase_estimation__builder.hpp\n'}
[1.383950] (px4_msgs) StdoutLine: {'line': b'-- Up-to-date symlink: /home/maanavjugalshah/SwarmAero/ros2_ws/install/px4_msgs/include/px4_msgs/px4_msgs/msg/detail/flight_phase_estimation__struct.hpp\n'}
[1.384100] (px4_msgs) StdoutLine: {'line': b'-- Up-to-date symlink: /home/maanavjugalshah/SwarmAero/ros2_ws/install/px4_msgs/include/px4_msgs/px4_msgs/msg/detail/flight_phase_estimation__traits.hpp\n'}
[1.384379] (px4_msgs) StdoutLine: {'line': b'-- Up-to-date symlink: /home/maanavjugalshah/SwarmAero/ros2_ws/install/px4_msgs/include/px4_msgs/px4_msgs/msg/detail/flight_phase_estimation__type_support.hpp\n'}
[1.384590] (px4_msgs) StdoutLine: {'line': b'-- Up-to-date symlink: /home/maanavjugalshah/SwarmAero/ros2_ws/install/px4_msgs/include/px4_msgs/px4_msgs/msg/detail/follow_target__builder.hpp\n'}
[1.384724] (px4_msgs) StdoutLine: {'line': b'-- Up-to-date symlink: /home/maanavjugalshah/SwarmAero/ros2_ws/install/px4_msgs/include/px4_msgs/px4_msgs/msg/detail/follow_target__struct.hpp\n'}
[1.384793] (px4_msgs) StdoutLine: {'line': b'-- Up-to-date symlink: /home/maanavjugalshah/SwarmAero/ros2_ws/install/px4_msgs/include/px4_msgs/px4_msgs/msg/detail/follow_target__traits.hpp\n'}
[1.384884] (px4_msgs) StdoutLine: {'line': b'-- Up-to-date symlink: /home/maanavjugalshah/SwarmAero/ros2_ws/install/px4_msgs/include/px4_msgs/px4_msgs/msg/detail/follow_target__type_support.hpp\n'}
[1.385025] (px4_msgs) StdoutLine: {'line': b'-- Up-to-date symlink: /home/maanavjugalshah/SwarmAero/ros2_ws/install/px4_msgs/include/px4_msgs/px4_msgs/msg/detail/follow_target_estimator__builder.hpp\n'}
[1.385425] (px4_msgs) StdoutLine: {'line': b'-- Up-to-date symlink: /home/maanavjugalshah/SwarmAero/ros2_ws/install/px4_msgs/include/px4_msgs/px4_msgs/msg/detail/follow_target_estimator__struct.hpp\n'}
[1.385528] (px4_msgs) StdoutLine: {'line': b'-- Up-to-date symlink: /home/maanavjugalshah/SwarmAero/ros2_ws/install/px4_msgs/include/px4_msgs/px4_msgs/msg/detail/follow_target_estimator__traits.hpp\n'}
[1.385612] (px4_msgs) StdoutLine: {'line': b'-- Up-to-date symlink: /home/maanavjugalshah/SwarmAero/ros2_ws/install/px4_msgs/include/px4_msgs/px4_msgs/msg/detail/follow_target_estimator__type_support.hpp\n'}
[1.385903] (px4_msgs) StdoutLine: {'line': b'-- Up-to-date symlink: /home/maanavjugalshah/SwarmAero/ros2_ws/install/px4_msgs/include/px4_msgs/px4_msgs/msg/detail/follow_target_status__builder.hpp\n'}
[1.385996] (px4_msgs) StdoutLine: {'line': b'-- Up-to-date symlink: /home/maanavjugalshah/SwarmAero/ros2_ws/install/px4_msgs/include/px4_msgs/px4_msgs/msg/detail/follow_target_status__struct.hpp\n'}
[1.386086] (px4_msgs) StdoutLine: {'line': b'-- Up-to-date symlink: /home/maanavjugalshah/SwarmAero/ros2_ws/install/px4_msgs/include/px4_msgs/px4_msgs/msg/detail/follow_target_status__traits.hpp\n'}
[1.386287] (px4_msgs) StdoutLine: {'line': b'-- Up-to-date symlink: /home/maanavjugalshah/SwarmAero/ros2_ws/install/px4_msgs/include/px4_msgs/px4_msgs/msg/detail/follow_target_status__type_support.hpp\n'}
[1.386627] (px4_msgs) StdoutLine: {'line': b'-- Up-to-date symlink: /home/maanavjugalshah/SwarmAero/ros2_ws/install/px4_msgs/include/px4_msgs/px4_msgs/msg/detail/fuel_tank_status__builder.hpp\n'}
[1.386874] (px4_msgs) StdoutLine: {'line': b'-- Up-to-date symlink: /home/maanavjugalshah/SwarmAero/ros2_ws/install/px4_msgs/include/px4_msgs/px4_msgs/msg/detail/fuel_tank_status__struct.hpp\n'}
[1.386952] (px4_msgs) StdoutLine: {'line': b'-- Up-to-date symlink: /home/maanavjugalshah/SwarmAero/ros2_ws/install/px4_msgs/include/px4_msgs/px4_msgs/msg/detail/fuel_tank_status__traits.hpp\n'}
[1.387166] (px4_msgs) StdoutLine: {'line': b'-- Up-to-date symlink: /home/maanavjugalshah/SwarmAero/ros2_ws/install/px4_msgs/include/px4_msgs/px4_msgs/msg/detail/fuel_tank_status__type_support.hpp\n'}
[1.387319] (px4_msgs) StdoutLine: {'line': b'-- Up-to-date symlink: /home/maanavjugalshah/SwarmAero/ros2_ws/install/px4_msgs/include/px4_msgs/px4_msgs/msg/detail/gain_compression__builder.hpp\n'}
[1.387703] (px4_msgs) StdoutLine: {'line': b'-- Up-to-date symlink: /home/maanavjugalshah/SwarmAero/ros2_ws/install/px4_msgs/include/px4_msgs/px4_msgs/msg/detail/gain_compression__struct.hpp\n'}
[1.387840] (px4_msgs) StdoutLine: {'line': b'-- Up-to-date symlink: /home/maanavjugalshah/SwarmAero/ros2_ws/install/px4_msgs/include/px4_msgs/px4_msgs/msg/detail/gain_compression__traits.hpp\n'}
[1.387940] (px4_msgs) StdoutLine: {'line': b'-- Up-to-date symlink: /home/maanavjugalshah/SwarmAero/ros2_ws/install/px4_msgs/include/px4_msgs/px4_msgs/msg/detail/gain_compression__type_support.hpp\n'}
[1.388042] (px4_msgs) StdoutLine: {'line': b'-- Up-to-date symlink: /home/maanavjugalshah/SwarmAero/ros2_ws/install/px4_msgs/include/px4_msgs/px4_msgs/msg/detail/generator_status__builder.hpp\n'}
[1.388140] (px4_msgs) StdoutLine: {'line': b'-- Up-to-date symlink: /home/maanavjugalshah/SwarmAero/ros2_ws/install/px4_msgs/include/px4_msgs/px4_msgs/msg/detail/generator_status__struct.hpp\n'}
[1.388327] (px4_msgs) StdoutLine: {'line': b'-- Up-to-date symlink: /home/maanavjugalshah/SwarmAero/ros2_ws/install/px4_msgs/include/px4_msgs/px4_msgs/msg/detail/generator_status__traits.hpp\n'}
[1.388389] (px4_msgs) StdoutLine: {'line': b'-- Up-to-date symlink: /home/maanavjugalshah/SwarmAero/ros2_ws/install/px4_msgs/include/px4_msgs/px4_msgs/msg/detail/generator_status__type_support.hpp\n'}
[1.388548] (px4_msgs) StdoutLine: {'line': b'-- Up-to-date symlink: /home/maanavjugalshah/SwarmAero/ros2_ws/install/px4_msgs/include/px4_msgs/px4_msgs/msg/detail/geofence_result__builder.hpp\n'}
[1.388756] (px4_msgs) StdoutLine: {'line': b'-- Up-to-date symlink: /home/maanavjugalshah/SwarmAero/ros2_ws/install/px4_msgs/include/px4_msgs/px4_msgs/msg/detail/geofence_result__struct.hpp\n'}
[1.389002] (px4_msgs) StdoutLine: {'line': b'-- Up-to-date symlink: /home/maanavjugalshah/SwarmAero/ros2_ws/install/px4_msgs/include/px4_msgs/px4_msgs/msg/detail/geofence_result__traits.hpp\n'}
[1.389125] (px4_msgs) StdoutLine: {'line': b'-- Up-to-date symlink: /home/maanavjugalshah/SwarmAero/ros2_ws/install/px4_msgs/include/px4_msgs/px4_msgs/msg/detail/geofence_result__type_support.hpp\n'}
[1.389239] (px4_msgs) StdoutLine: {'line': b'-- Up-to-date symlink: /home/maanavjugalshah/SwarmAero/ros2_ws/install/px4_msgs/include/px4_msgs/px4_msgs/msg/detail/geofence_status__builder.hpp\n'}
[1.389304] (px4_msgs) StdoutLine: {'line': b'-- Up-to-date symlink: /home/maanavjugalshah/SwarmAero/ros2_ws/install/px4_msgs/include/px4_msgs/px4_msgs/msg/detail/geofence_status__struct.hpp\n'}
[1.389374] (px4_msgs) StdoutLine: {'line': b'-- Up-to-date symlink: /home/maanavjugalshah/SwarmAero/ros2_ws/install/px4_msgs/include/px4_msgs/px4_msgs/msg/detail/geofence_status__traits.hpp\n'}
[1.389793] (px4_msgs) StdoutLine: {'line': b'-- Up-to-date symlink: /home/maanavjugalshah/SwarmAero/ros2_ws/install/px4_msgs/include/px4_msgs/px4_msgs/msg/detail/geofence_status__type_support.hpp\n'}
[1.389992] (px4_msgs) StdoutLine: {'line': b'-- Up-to-date symlink: /home/maanavjugalshah/SwarmAero/ros2_ws/install/px4_msgs/include/px4_msgs/px4_msgs/msg/detail/gimbal_controls__builder.hpp\n'}
[1.390330] (px4_msgs) StdoutLine: {'line': b'-- Up-to-date symlink: /home/maanavjugalshah/SwarmAero/ros2_ws/install/px4_msgs/include/px4_msgs/px4_msgs/msg/detail/gimbal_controls__struct.hpp\n'}
[1.390586] (px4_msgs) StdoutLine: {'line': b'-- Up-to-date symlink: /home/maanavjugalshah/SwarmAero/ros2_ws/install/px4_msgs/include/px4_msgs/px4_msgs/msg/detail/gimbal_controls__traits.hpp\n'}
[1.390728] (px4_msgs) StdoutLine: {'line': b'-- Up-to-date symlink: /home/maanavjugalshah/SwarmAero/ros2_ws/install/px4_msgs/include/px4_msgs/px4_msgs/msg/detail/gimbal_controls__type_support.hpp\n'}
[1.390802] (px4_msgs) StdoutLine: {'line': b'-- Up-to-date symlink: /home/maanavjugalshah/SwarmAero/ros2_ws/install/px4_msgs/include/px4_msgs/px4_msgs/msg/detail/gimbal_device_attitude_status__builder.hpp\n'}
[1.390914] (px4_msgs) StdoutLine: {'line': b'-- Up-to-date symlink: /home/maanavjugalshah/SwarmAero/ros2_ws/install/px4_msgs/include/px4_msgs/px4_msgs/msg/detail/gimbal_device_attitude_status__struct.hpp\n'}
[1.390952] (px4_msgs) StdoutLine: {'line': b'-- Up-to-date symlink: /home/maanavjugalshah/SwarmAero/ros2_ws/install/px4_msgs/include/px4_msgs/px4_msgs/msg/detail/gimbal_device_attitude_status__traits.hpp\n'}
[1.391066] (px4_msgs) StdoutLine: {'line': b'-- Up-to-date symlink: /home/maanavjugalshah/SwarmAero/ros2_ws/install/px4_msgs/include/px4_msgs/px4_msgs/msg/detail/gimbal_device_attitude_status__type_support.hpp\n'}
[1.391151] (px4_msgs) StdoutLine: {'line': b'-- Up-to-date symlink: /home/maanavjugalshah/SwarmAero/ros2_ws/install/px4_msgs/include/px4_msgs/px4_msgs/msg/detail/gimbal_device_information__builder.hpp\n'}
[1.391373] (px4_msgs) StdoutLine: {'line': b'-- Up-to-date symlink: /home/maanavjugalshah/SwarmAero/ros2_ws/install/px4_msgs/include/px4_msgs/px4_msgs/msg/detail/gimbal_device_information__struct.hpp\n'}
[1.391588] (px4_msgs) StdoutLine: {'line': b'-- Up-to-date symlink: /home/maanavjugalshah/SwarmAero/ros2_ws/install/px4_msgs/include/px4_msgs/px4_msgs/msg/detail/gimbal_device_information__traits.hpp\n'}
[1.391667] (px4_msgs) StdoutLine: {'line': b'-- Up-to-date symlink: /home/maanavjugalshah/SwarmAero/ros2_ws/install/px4_msgs/include/px4_msgs/px4_msgs/msg/detail/gimbal_device_information__type_support.hpp\n'}
[1.391830] (px4_msgs) StdoutLine: {'line': b'-- Up-to-date symlink: /home/maanavjugalshah/SwarmAero/ros2_ws/install/px4_msgs/include/px4_msgs/px4_msgs/msg/detail/gimbal_device_set_attitude__builder.hpp\n'}
[1.391972] (px4_msgs) StdoutLine: {'line': b'-- Up-to-date symlink: /home/maanavjugalshah/SwarmAero/ros2_ws/install/px4_msgs/include/px4_msgs/px4_msgs/msg/detail/gimbal_device_set_attitude__struct.hpp\n'}
[1.392012] (px4_msgs) StdoutLine: {'line': b'-- Up-to-date symlink: /home/maanavjugalshah/SwarmAero/ros2_ws/install/px4_msgs/include/px4_msgs/px4_msgs/msg/detail/gimbal_device_set_attitude__traits.hpp\n'}
[1.392049] (px4_msgs) StdoutLine: {'line': b'-- Up-to-date symlink: /home/maanavjugalshah/SwarmAero/ros2_ws/install/px4_msgs/include/px4_msgs/px4_msgs/msg/detail/gimbal_device_set_attitude__type_support.hpp\n'}
[1.392088] (px4_msgs) StdoutLine: {'line': b'-- Up-to-date symlink: /home/maanavjugalshah/SwarmAero/ros2_ws/install/px4_msgs/include/px4_msgs/px4_msgs/msg/detail/gimbal_manager_information__builder.hpp\n'}
[1.392216] (px4_msgs) StdoutLine: {'line': b'-- Up-to-date symlink: /home/maanavjugalshah/SwarmAero/ros2_ws/install/px4_msgs/include/px4_msgs/px4_msgs/msg/detail/gimbal_manager_information__struct.hpp\n'}
[1.392288] (px4_msgs) StdoutLine: {'line': b'-- Up-to-date symlink: /home/maanavjugalshah/SwarmAero/ros2_ws/install/px4_msgs/include/px4_msgs/px4_msgs/msg/detail/gimbal_manager_information__traits.hpp\n'}
[1.392420] (px4_msgs) StdoutLine: {'line': b'-- Up-to-date symlink: /home/maanavjugalshah/SwarmAero/ros2_ws/install/px4_msgs/include/px4_msgs/px4_msgs/msg/detail/gimbal_manager_information__type_support.hpp\n'}
[1.392506] (px4_msgs) StdoutLine: {'line': b'-- Up-to-date symlink: /home/maanavjugalshah/SwarmAero/ros2_ws/install/px4_msgs/include/px4_msgs/px4_msgs/msg/detail/gimbal_manager_set_attitude__builder.hpp\n'}
[1.392822] (px4_msgs) StdoutLine: {'line': b'-- Up-to-date symlink: /home/maanavjugalshah/SwarmAero/ros2_ws/install/px4_msgs/include/px4_msgs/px4_msgs/msg/detail/gimbal_manager_set_attitude__struct.hpp\n'}
[1.393010] (px4_msgs) StdoutLine: {'line': b'-- Up-to-date symlink: /home/maanavjugalshah/SwarmAero/ros2_ws/install/px4_msgs/include/px4_msgs/px4_msgs/msg/detail/gimbal_manager_set_attitude__traits.hpp\n'}
[1.393082] (px4_msgs) StdoutLine: {'line': b'-- Up-to-date symlink: /home/maanavjugalshah/SwarmAero/ros2_ws/install/px4_msgs/include/px4_msgs/px4_msgs/msg/detail/gimbal_manager_set_attitude__type_support.hpp\n'}
[1.393561] (px4_msgs) StdoutLine: {'line': b'-- Up-to-date symlink: /home/maanavjugalshah/SwarmAero/ros2_ws/install/px4_msgs/include/px4_msgs/px4_msgs/msg/detail/gimbal_manager_set_manual_control__builder.hpp\n'}
[1.393644] (px4_msgs) StdoutLine: {'line': b'-- Up-to-date symlink: /home/maanavjugalshah/SwarmAero/ros2_ws/install/px4_msgs/include/px4_msgs/px4_msgs/msg/detail/gimbal_manager_set_manual_control__struct.hpp\n'}
[1.393684] (px4_msgs) StdoutLine: {'line': b'-- Up-to-date symlink: /home/maanavjugalshah/SwarmAero/ros2_ws/install/px4_msgs/include/px4_msgs/px4_msgs/msg/detail/gimbal_manager_set_manual_control__traits.hpp\n'}
[1.393719] (px4_msgs) StdoutLine: {'line': b'-- Up-to-date symlink: /home/maanavjugalshah/SwarmAero/ros2_ws/install/px4_msgs/include/px4_msgs/px4_msgs/msg/detail/gimbal_manager_set_manual_control__type_support.hpp\n'}
[1.393925] (px4_msgs) StdoutLine: {'line': b'-- Up-to-date symlink: /home/maanavjugalshah/SwarmAero/ros2_ws/install/px4_msgs/include/px4_msgs/px4_msgs/msg/detail/gimbal_manager_status__builder.hpp\n'}
[1.394332] (px4_msgs) StdoutLine: {'line': b'-- Up-to-date symlink: /home/maanavjugalshah/SwarmAero/ros2_ws/install/px4_msgs/include/px4_msgs/px4_msgs/msg/detail/gimbal_manager_status__struct.hpp\n'}
[1.394459] (px4_msgs) StdoutLine: {'line': b'-- Up-to-date symlink: /home/maanavjugalshah/SwarmAero/ros2_ws/install/px4_msgs/include/px4_msgs/px4_msgs/msg/detail/gimbal_manager_status__traits.hpp\n'}
[1.394530] (px4_msgs) StdoutLine: {'line': b'-- Up-to-date symlink: /home/maanavjugalshah/SwarmAero/ros2_ws/install/px4_msgs/include/px4_msgs/px4_msgs/msg/detail/gimbal_manager_status__type_support.hpp\n'}
[1.394591] (px4_msgs) StdoutLine: {'line': b'-- Up-to-date symlink: /home/maanavjugalshah/SwarmAero/ros2_ws/install/px4_msgs/include/px4_msgs/px4_msgs/msg/detail/goto_setpoint__builder.hpp\n'}
[1.394931] (px4_msgs) StdoutLine: {'line': b'-- Up-to-date symlink: /home/maanavjugalshah/SwarmAero/ros2_ws/install/px4_msgs/include/px4_msgs/px4_msgs/msg/detail/goto_setpoint__struct.hpp\n'}
[1.395097] (px4_msgs) StdoutLine: {'line': b'-- Up-to-date symlink: /home/maanavjugalshah/SwarmAero/ros2_ws/install/px4_msgs/include/px4_msgs/px4_msgs/msg/detail/goto_setpoint__traits.hpp\n'}
[1.395145] (px4_msgs) StdoutLine: {'line': b'-- Up-to-date symlink: /home/maanavjugalshah/SwarmAero/ros2_ws/install/px4_msgs/include/px4_msgs/px4_msgs/msg/detail/goto_setpoint__type_support.hpp\n'}
[1.395240] (px4_msgs) StdoutLine: {'line': b'-- Up-to-date symlink: /home/maanavjugalshah/SwarmAero/ros2_ws/install/px4_msgs/include/px4_msgs/px4_msgs/msg/detail/gpio_config__builder.hpp\n'}
[1.395298] (px4_msgs) StdoutLine: {'line': b'-- Up-to-date symlink: /home/maanavjugalshah/SwarmAero/ros2_ws/install/px4_msgs/include/px4_msgs/px4_msgs/msg/detail/gpio_config__struct.hpp\n'}
[1.395551] (px4_msgs) StdoutLine: {'line': b'-- Up-to-date symlink: /home/maanavjugalshah/SwarmAero/ros2_ws/install/px4_msgs/include/px4_msgs/px4_msgs/msg/detail/gpio_config__traits.hpp\n'}
[1.395623] (px4_msgs) StdoutLine: {'line': b'-- Up-to-date symlink: /home/maanavjugalshah/SwarmAero/ros2_ws/install/px4_msgs/include/px4_msgs/px4_msgs/msg/detail/gpio_config__type_support.hpp\n'}
[1.395709] (px4_msgs) StdoutLine: {'line': b'-- Up-to-date symlink: /home/maanavjugalshah/SwarmAero/ros2_ws/install/px4_msgs/include/px4_msgs/px4_msgs/msg/detail/gpio_in__builder.hpp\n'}
[1.395800] (px4_msgs) StdoutLine: {'line': b'-- Up-to-date symlink: /home/maanavjugalshah/SwarmAero/ros2_ws/install/px4_msgs/include/px4_msgs/px4_msgs/msg/detail/gpio_in__struct.hpp\n'}
[1.396022] (px4_msgs) StdoutLine: {'line': b'-- Up-to-date symlink: /home/maanavjugalshah/SwarmAero/ros2_ws/install/px4_msgs/include/px4_msgs/px4_msgs/msg/detail/gpio_in__traits.hpp\n'}
[1.396226] (px4_msgs) StdoutLine: {'line': b'-- Up-to-date symlink: /home/maanavjugalshah/SwarmAero/ros2_ws/install/px4_msgs/include/px4_msgs/px4_msgs/msg/detail/gpio_in__type_support.hpp\n'}
[1.396379] (px4_msgs) StdoutLine: {'line': b'-- Up-to-date symlink: /home/maanavjugalshah/SwarmAero/ros2_ws/install/px4_msgs/include/px4_msgs/px4_msgs/msg/detail/gpio_out__builder.hpp\n'}
[1.396464] (px4_msgs) StdoutLine: {'line': b'-- Up-to-date symlink: /home/maanavjugalshah/SwarmAero/ros2_ws/install/px4_msgs/include/px4_msgs/px4_msgs/msg/detail/gpio_out__struct.hpp\n'}
[1.396567] (px4_msgs) StdoutLine: {'line': b'-- Up-to-date symlink: /home/maanavjugalshah/SwarmAero/ros2_ws/install/px4_msgs/include/px4_msgs/px4_msgs/msg/detail/gpio_out__traits.hpp\n'}
[1.396638] (px4_msgs) StdoutLine: {'line': b'-- Up-to-date symlink: /home/maanavjugalshah/SwarmAero/ros2_ws/install/px4_msgs/include/px4_msgs/px4_msgs/msg/detail/gpio_out__type_support.hpp\n'}
[1.396823] (px4_msgs) StdoutLine: {'line': b'-- Up-to-date symlink: /home/maanavjugalshah/SwarmAero/ros2_ws/install/px4_msgs/include/px4_msgs/px4_msgs/msg/detail/gpio_request__builder.hpp\n'}
[1.396882] (px4_msgs) StdoutLine: {'line': b'-- Up-to-date symlink: /home/maanavjugalshah/SwarmAero/ros2_ws/install/px4_msgs/include/px4_msgs/px4_msgs/msg/detail/gpio_request__struct.hpp\n'}
[1.396929] (px4_msgs) StdoutLine: {'line': b'-- Up-to-date symlink: /home/maanavjugalshah/SwarmAero/ros2_ws/install/px4_msgs/include/px4_msgs/px4_msgs/msg/detail/gpio_request__traits.hpp\n'}
[1.397203] (px4_msgs) StdoutLine: {'line': b'-- Up-to-date symlink: /home/maanavjugalshah/SwarmAero/ros2_ws/install/px4_msgs/include/px4_msgs/px4_msgs/msg/detail/gpio_request__type_support.hpp\n'}
[1.397324] (px4_msgs) StdoutLine: {'line': b'-- Up-to-date symlink: /home/maanavjugalshah/SwarmAero/ros2_ws/install/px4_msgs/include/px4_msgs/px4_msgs/msg/detail/gps_dump__builder.hpp\n'}
[1.397408] (px4_msgs) StdoutLine: {'line': b'-- Up-to-date symlink: /home/maanavjugalshah/SwarmAero/ros2_ws/install/px4_msgs/include/px4_msgs/px4_msgs/msg/detail/gps_dump__struct.hpp\n'}
[1.397459] (px4_msgs) StdoutLine: {'line': b'-- Up-to-date symlink: /home/maanavjugalshah/SwarmAero/ros2_ws/install/px4_msgs/include/px4_msgs/px4_msgs/msg/detail/gps_dump__traits.hpp\n'}
[1.397589] (px4_msgs) StdoutLine: {'line': b'-- Up-to-date symlink: /home/maanavjugalshah/SwarmAero/ros2_ws/install/px4_msgs/include/px4_msgs/px4_msgs/msg/detail/gps_dump__type_support.hpp\n'}
[1.397640] (px4_msgs) StdoutLine: {'line': b'-- Up-to-date symlink: /home/maanavjugalshah/SwarmAero/ros2_ws/install/px4_msgs/include/px4_msgs/px4_msgs/msg/detail/gps_inject_data__builder.hpp\n'}
[1.397708] (px4_msgs) StdoutLine: {'line': b'-- Up-to-date symlink: /home/maanavjugalshah/SwarmAero/ros2_ws/install/px4_msgs/include/px4_msgs/px4_msgs/msg/detail/gps_inject_data__struct.hpp\n'}
[1.397814] (px4_msgs) StdoutLine: {'line': b'-- Up-to-date symlink: /home/maanavjugalshah/SwarmAero/ros2_ws/install/px4_msgs/include/px4_msgs/px4_msgs/msg/detail/gps_inject_data__traits.hpp\n'}
[1.397992] (px4_msgs) StdoutLine: {'line': b'-- Up-to-date symlink: /home/maanavjugalshah/SwarmAero/ros2_ws/install/px4_msgs/include/px4_msgs/px4_msgs/msg/detail/gps_inject_data__type_support.hpp\n'}
[1.398119] (px4_msgs) StdoutLine: {'line': b'-- Up-to-date symlink: /home/maanavjugalshah/SwarmAero/ros2_ws/install/px4_msgs/include/px4_msgs/px4_msgs/msg/detail/gripper__builder.hpp\n'}
[1.398341] (px4_msgs) StdoutLine: {'line': b'-- Up-to-date symlink: /home/maanavjugalshah/SwarmAero/ros2_ws/install/px4_msgs/include/px4_msgs/px4_msgs/msg/detail/gripper__struct.hpp\n'}
[1.398384] (px4_msgs) StdoutLine: {'line': b'-- Up-to-date symlink: /home/maanavjugalshah/SwarmAero/ros2_ws/install/px4_msgs/include/px4_msgs/px4_msgs/msg/detail/gripper__traits.hpp\n'}
[1.398623] (px4_msgs) StdoutLine: {'line': b'-- Up-to-date symlink: /home/maanavjugalshah/SwarmAero/ros2_ws/install/px4_msgs/include/px4_msgs/px4_msgs/msg/detail/gripper__type_support.hpp\n'}
[1.398729] (px4_msgs) StdoutLine: {'line': b'-- Up-to-date symlink: /home/maanavjugalshah/SwarmAero/ros2_ws/install/px4_msgs/include/px4_msgs/px4_msgs/msg/detail/health_report__builder.hpp\n'}
[1.398801] (px4_msgs) StdoutLine: {'line': b'-- Up-to-date symlink: /home/maanavjugalshah/SwarmAero/ros2_ws/install/px4_msgs/include/px4_msgs/px4_msgs/msg/detail/health_report__struct.hpp\n'}
[1.399058] (px4_msgs) StdoutLine: {'line': b'-- Up-to-date symlink: /home/maanavjugalshah/SwarmAero/ros2_ws/install/px4_msgs/include/px4_msgs/px4_msgs/msg/detail/health_report__traits.hpp\n'}
[1.399106] (px4_msgs) StdoutLine: {'line': b'-- Up-to-date symlink: /home/maanavjugalshah/SwarmAero/ros2_ws/install/px4_msgs/include/px4_msgs/px4_msgs/msg/detail/health_report__type_support.hpp\n'}
[1.399209] (px4_msgs) StdoutLine: {'line': b'-- Up-to-date symlink: /home/maanavjugalshah/SwarmAero/ros2_ws/install/px4_msgs/include/px4_msgs/px4_msgs/msg/detail/heater_status__builder.hpp\n'}
[1.399659] (px4_msgs) StdoutLine: {'line': b'-- Up-to-date symlink: /home/maanavjugalshah/SwarmAero/ros2_ws/install/px4_msgs/include/px4_msgs/px4_msgs/msg/detail/heater_status__struct.hpp\n'}
[1.399959] (px4_msgs) StdoutLine: {'line': b'-- Up-to-date symlink: /home/maanavjugalshah/SwarmAero/ros2_ws/install/px4_msgs/include/px4_msgs/px4_msgs/msg/detail/heater_status__traits.hpp\n'}
[1.400078] (px4_msgs) StdoutLine: {'line': b'-- Up-to-date symlink: /home/maanavjugalshah/SwarmAero/ros2_ws/install/px4_msgs/include/px4_msgs/px4_msgs/msg/detail/heater_status__type_support.hpp\n'}
[1.400332] (px4_msgs) StdoutLine: {'line': b'-- Up-to-date symlink: /home/maanavjugalshah/SwarmAero/ros2_ws/install/px4_msgs/include/px4_msgs/px4_msgs/msg/detail/home_position__builder.hpp\n'}
[1.400491] (px4_msgs) StdoutLine: {'line': b'-- Up-to-date symlink: /home/maanavjugalshah/SwarmAero/ros2_ws/install/px4_msgs/include/px4_msgs/px4_msgs/msg/detail/home_position__struct.hpp\n'}
[1.400608] (px4_msgs) StdoutLine: {'line': b'-- Up-to-date symlink: /home/maanavjugalshah/SwarmAero/ros2_ws/install/px4_msgs/include/px4_msgs/px4_msgs/msg/detail/home_position__traits.hpp\n'}
[1.400711] (px4_msgs) StdoutLine: {'line': b'-- Up-to-date symlink: /home/maanavjugalshah/SwarmAero/ros2_ws/install/px4_msgs/include/px4_msgs/px4_msgs/msg/detail/home_position__type_support.hpp\n'}
[1.400793] (px4_msgs) StdoutLine: {'line': b'-- Up-to-date symlink: /home/maanavjugalshah/SwarmAero/ros2_ws/install/px4_msgs/include/px4_msgs/px4_msgs/msg/detail/hover_thrust_estimate__builder.hpp\n'}
[1.400880] (px4_msgs) StdoutLine: {'line': b'-- Up-to-date symlink: /home/maanavjugalshah/SwarmAero/ros2_ws/install/px4_msgs/include/px4_msgs/px4_msgs/msg/detail/hover_thrust_estimate__struct.hpp\n'}
[1.400964] (px4_msgs) StdoutLine: {'line': b'-- Up-to-date symlink: /home/maanavjugalshah/SwarmAero/ros2_ws/install/px4_msgs/include/px4_msgs/px4_msgs/msg/detail/hover_thrust_estimate__traits.hpp\n'}
[1.401055] (px4_msgs) StdoutLine: {'line': b'-- Up-to-date symlink: /home/maanavjugalshah/SwarmAero/ros2_ws/install/px4_msgs/include/px4_msgs/px4_msgs/msg/detail/hover_thrust_estimate__type_support.hpp\n'}
[1.401351] (px4_msgs) StdoutLine: {'line': b'-- Up-to-date symlink: /home/maanavjugalshah/SwarmAero/ros2_ws/install/px4_msgs/include/px4_msgs/px4_msgs/msg/detail/input_rc__builder.hpp\n'}
[1.401414] (px4_msgs) StdoutLine: {'line': b'-- Up-to-date symlink: /home/maanavjugalshah/SwarmAero/ros2_ws/install/px4_msgs/include/px4_msgs/px4_msgs/msg/detail/input_rc__struct.hpp\n'}
[1.401453] (px4_msgs) StdoutLine: {'line': b'-- Up-to-date symlink: /home/maanavjugalshah/SwarmAero/ros2_ws/install/px4_msgs/include/px4_msgs/px4_msgs/msg/detail/input_rc__traits.hpp\n'}
[1.401489] (px4_msgs) StdoutLine: {'line': b'-- Up-to-date symlink: /home/maanavjugalshah/SwarmAero/ros2_ws/install/px4_msgs/include/px4_msgs/px4_msgs/msg/detail/input_rc__type_support.hpp\n'}
[1.401711] (px4_msgs) StdoutLine: {'line': b'-- Up-to-date symlink: /home/maanavjugalshah/SwarmAero/ros2_ws/install/px4_msgs/include/px4_msgs/px4_msgs/msg/detail/internal_combustion_engine_control__builder.hpp\n'}
[1.401768] (px4_msgs) StdoutLine: {'line': b'-- Up-to-date symlink: /home/maanavjugalshah/SwarmAero/ros2_ws/install/px4_msgs/include/px4_msgs/px4_msgs/msg/detail/internal_combustion_engine_control__struct.hpp\n'}
[1.401837] (px4_msgs) StdoutLine: {'line': b'-- Up-to-date symlink: /home/maanavjugalshah/SwarmAero/ros2_ws/install/px4_msgs/include/px4_msgs/px4_msgs/msg/detail/internal_combustion_engine_control__traits.hpp\n'}
[1.401876] (px4_msgs) StdoutLine: {'line': b'-- Up-to-date symlink: /home/maanavjugalshah/SwarmAero/ros2_ws/install/px4_msgs/include/px4_msgs/px4_msgs/msg/detail/internal_combustion_engine_control__type_support.hpp\n'}
[1.401964] (px4_msgs) StdoutLine: {'line': b'-- Up-to-date symlink: /home/maanavjugalshah/SwarmAero/ros2_ws/install/px4_msgs/include/px4_msgs/px4_msgs/msg/detail/internal_combustion_engine_status__builder.hpp\n'}
[1.402200] (px4_msgs) StdoutLine: {'line': b'-- Up-to-date symlink: /home/maanavjugalshah/SwarmAero/ros2_ws/install/px4_msgs/include/px4_msgs/px4_msgs/msg/detail/internal_combustion_engine_status__struct.hpp\n'}
[1.402255] (px4_msgs) StdoutLine: {'line': b'-- Up-to-date symlink: /home/maanavjugalshah/SwarmAero/ros2_ws/install/px4_msgs/include/px4_msgs/px4_msgs/msg/detail/internal_combustion_engine_status__traits.hpp\n'}
[1.402291] (px4_msgs) StdoutLine: {'line': b'-- Up-to-date symlink: /home/maanavjugalshah/SwarmAero/ros2_ws/install/px4_msgs/include/px4_msgs/px4_msgs/msg/detail/internal_combustion_engine_status__type_support.hpp\n'}
[1.402327] (px4_msgs) StdoutLine: {'line': b'-- Up-to-date symlink: /home/maanavjugalshah/SwarmAero/ros2_ws/install/px4_msgs/include/px4_msgs/px4_msgs/msg/detail/iridiumsbd_status__builder.hpp\n'}
[1.402431] (px4_msgs) StdoutLine: {'line': b'-- Up-to-date symlink: /home/maanavjugalshah/SwarmAero/ros2_ws/install/px4_msgs/include/px4_msgs/px4_msgs/msg/detail/iridiumsbd_status__struct.hpp\n'}
[1.402651] (px4_msgs) StdoutLine: {'line': b'-- Up-to-date symlink: /home/maanavjugalshah/SwarmAero/ros2_ws/install/px4_msgs/include/px4_msgs/px4_msgs/msg/detail/iridiumsbd_status__traits.hpp\n'}
[1.402812] (-) TimerEvent: {}
[1.403017] (px4_msgs) StdoutLine: {'line': b'-- Up-to-date symlink: /home/maanavjugalshah/SwarmAero/ros2_ws/install/px4_msgs/include/px4_msgs/px4_msgs/msg/detail/iridiumsbd_status__type_support.hpp\n'}
[1.403118] (px4_msgs) StdoutLine: {'line': b'-- Up-to-date symlink: /home/maanavjugalshah/SwarmAero/ros2_ws/install/px4_msgs/include/px4_msgs/px4_msgs/msg/detail/irlock_report__builder.hpp\n'}
[1.403212] (px4_msgs) StdoutLine: {'line': b'-- Up-to-date symlink: /home/maanavjugalshah/SwarmAero/ros2_ws/install/px4_msgs/include/px4_msgs/px4_msgs/msg/detail/irlock_report__struct.hpp\n'}
[1.403390] (px4_msgs) StdoutLine: {'line': b'-- Up-to-date symlink: /home/maanavjugalshah/SwarmAero/ros2_ws/install/px4_msgs/include/px4_msgs/px4_msgs/msg/detail/irlock_report__traits.hpp\n'}
[1.403783] (px4_msgs) StdoutLine: {'line': b'-- Up-to-date symlink: /home/maanavjugalshah/SwarmAero/ros2_ws/install/px4_msgs/include/px4_msgs/px4_msgs/msg/detail/irlock_report__type_support.hpp\n'}
[1.403842] (px4_msgs) StdoutLine: {'line': b'-- Up-to-date symlink: /home/maanavjugalshah/SwarmAero/ros2_ws/install/px4_msgs/include/px4_msgs/px4_msgs/msg/detail/landing_gear__builder.hpp\n'}
[1.404008] (px4_msgs) StdoutLine: {'line': b'-- Up-to-date symlink: /home/maanavjugalshah/SwarmAero/ros2_ws/install/px4_msgs/include/px4_msgs/px4_msgs/msg/detail/landing_gear__struct.hpp\n'}
[1.404099] (px4_msgs) StdoutLine: {'line': b'-- Up-to-date symlink: /home/maanavjugalshah/SwarmAero/ros2_ws/install/px4_msgs/include/px4_msgs/px4_msgs/msg/detail/landing_gear__traits.hpp\n'}
[1.404213] (px4_msgs) StdoutLine: {'line': b'-- Up-to-date symlink: /home/maanavjugalshah/SwarmAero/ros2_ws/install/px4_msgs/include/px4_msgs/px4_msgs/msg/detail/landing_gear__type_support.hpp\n'}
[1.404300] (px4_msgs) StdoutLine: {'line': b'-- Up-to-date symlink: /home/maanavjugalshah/SwarmAero/ros2_ws/install/px4_msgs/include/px4_msgs/px4_msgs/msg/detail/landing_gear_wheel__builder.hpp\n'}
[1.404659] (px4_msgs) StdoutLine: {'line': b'-- Up-to-date symlink: /home/maanavjugalshah/SwarmAero/ros2_ws/install/px4_msgs/include/px4_msgs/px4_msgs/msg/detail/landing_gear_wheel__struct.hpp\n'}
[1.405287] (px4_msgs) StdoutLine: {'line': b'-- Up-to-date symlink: /home/maanavjugalshah/SwarmAero/ros2_ws/install/px4_msgs/include/px4_msgs/px4_msgs/msg/detail/landing_gear_wheel__traits.hpp\n'}
[1.405426] (px4_msgs) StdoutLine: {'line': b'-- Up-to-date symlink: /home/maanavjugalshah/SwarmAero/ros2_ws/install/px4_msgs/include/px4_msgs/px4_msgs/msg/detail/landing_gear_wheel__type_support.hpp\n'}
[1.405623] (px4_msgs) StdoutLine: {'line': b'-- Up-to-date symlink: /home/maanavjugalshah/SwarmAero/ros2_ws/install/px4_msgs/include/px4_msgs/px4_msgs/msg/detail/landing_target_innovations__builder.hpp\n'}
[1.405721] (px4_msgs) StdoutLine: {'line': b'-- Up-to-date symlink: /home/maanavjugalshah/SwarmAero/ros2_ws/install/px4_msgs/include/px4_msgs/px4_msgs/msg/detail/landing_target_innovations__struct.hpp\n'}
[1.405880] (px4_msgs) StdoutLine: {'line': b'-- Up-to-date symlink: /home/maanavjugalshah/SwarmAero/ros2_ws/install/px4_msgs/include/px4_msgs/px4_msgs/msg/detail/landing_target_innovations__traits.hpp\n'}
[1.405938] (px4_msgs) StdoutLine: {'line': b'-- Up-to-date symlink: /home/maanavjugalshah/SwarmAero/ros2_ws/install/px4_msgs/include/px4_msgs/px4_msgs/msg/detail/landing_target_innovations__type_support.hpp\n'}
[1.406048] (px4_msgs) StdoutLine: {'line': b'-- Up-to-date symlink: /home/maanavjugalshah/SwarmAero/ros2_ws/install/px4_msgs/include/px4_msgs/px4_msgs/msg/detail/landing_target_pose__builder.hpp\n'}
[1.406101] (px4_msgs) StdoutLine: {'line': b'-- Up-to-date symlink: /home/maanavjugalshah/SwarmAero/ros2_ws/install/px4_msgs/include/px4_msgs/px4_msgs/msg/detail/landing_target_pose__struct.hpp\n'}
[1.406317] (px4_msgs) StdoutLine: {'line': b'-- Up-to-date symlink: /home/maanavjugalshah/SwarmAero/ros2_ws/install/px4_msgs/include/px4_msgs/px4_msgs/msg/detail/landing_target_pose__traits.hpp\n'}
[1.406464] (px4_msgs) StdoutLine: {'line': b'-- Up-to-date symlink: /home/maanavjugalshah/SwarmAero/ros2_ws/install/px4_msgs/include/px4_msgs/px4_msgs/msg/detail/landing_target_pose__type_support.hpp\n'}
[1.406590] (px4_msgs) StdoutLine: {'line': b'-- Up-to-date symlink: /home/maanavjugalshah/SwarmAero/ros2_ws/install/px4_msgs/include/px4_msgs/px4_msgs/msg/detail/lateral_control_configuration__builder.hpp\n'}
[1.406829] (px4_msgs) StdoutLine: {'line': b'-- Up-to-date symlink: /home/maanavjugalshah/SwarmAero/ros2_ws/install/px4_msgs/include/px4_msgs/px4_msgs/msg/detail/lateral_control_configuration__struct.hpp\n'}
[1.407024] (px4_msgs) StdoutLine: {'line': b'-- Up-to-date symlink: /home/maanavjugalshah/SwarmAero/ros2_ws/install/px4_msgs/include/px4_msgs/px4_msgs/msg/detail/lateral_control_configuration__traits.hpp\n'}
[1.407146] (px4_msgs) StdoutLine: {'line': b'-- Up-to-date symlink: /home/maanavjugalshah/SwarmAero/ros2_ws/install/px4_msgs/include/px4_msgs/px4_msgs/msg/detail/lateral_control_configuration__type_support.hpp\n'}
[1.407322] (px4_msgs) StdoutLine: {'line': b'-- Up-to-date symlink: /home/maanavjugalshah/SwarmAero/ros2_ws/install/px4_msgs/include/px4_msgs/px4_msgs/msg/detail/launch_detection_status__builder.hpp\n'}
[1.407370] (px4_msgs) StdoutLine: {'line': b'-- Up-to-date symlink: /home/maanavjugalshah/SwarmAero/ros2_ws/install/px4_msgs/include/px4_msgs/px4_msgs/msg/detail/launch_detection_status__struct.hpp\n'}
[1.407408] (px4_msgs) StdoutLine: {'line': b'-- Up-to-date symlink: /home/maanavjugalshah/SwarmAero/ros2_ws/install/px4_msgs/include/px4_msgs/px4_msgs/msg/detail/launch_detection_status__traits.hpp\n'}
[1.407600] (px4_msgs) StdoutLine: {'line': b'-- Up-to-date symlink: /home/maanavjugalshah/SwarmAero/ros2_ws/install/px4_msgs/include/px4_msgs/px4_msgs/msg/detail/launch_detection_status__type_support.hpp\n'}
[1.407654] (px4_msgs) StdoutLine: {'line': b'-- Up-to-date symlink: /home/maanavjugalshah/SwarmAero/ros2_ws/install/px4_msgs/include/px4_msgs/px4_msgs/msg/detail/led_control__builder.hpp\n'}
[1.407790] (px4_msgs) StdoutLine: {'line': b'-- Up-to-date symlink: /home/maanavjugalshah/SwarmAero/ros2_ws/install/px4_msgs/include/px4_msgs/px4_msgs/msg/detail/led_control__struct.hpp\n'}
[1.408107] (px4_msgs) StdoutLine: {'line': b'-- Up-to-date symlink: /home/maanavjugalshah/SwarmAero/ros2_ws/install/px4_msgs/include/px4_msgs/px4_msgs/msg/detail/led_control__traits.hpp\n'}
[1.408427] (px4_msgs) StdoutLine: {'line': b'-- Up-to-date symlink: /home/maanavjugalshah/SwarmAero/ros2_ws/install/px4_msgs/include/px4_msgs/px4_msgs/msg/detail/led_control__type_support.hpp\n'}
[1.408808] (px4_msgs) StdoutLine: {'line': b'-- Up-to-date symlink: /home/maanavjugalshah/SwarmAero/ros2_ws/install/px4_msgs/include/px4_msgs/px4_msgs/msg/detail/log_message__builder.hpp\n'}
[1.408908] (px4_msgs) StdoutLine: {'line': b'-- Up-to-date symlink: /home/maanavjugalshah/SwarmAero/ros2_ws/install/px4_msgs/include/px4_msgs/px4_msgs/msg/detail/log_message__struct.hpp\n'}
[1.408981] (px4_msgs) StdoutLine: {'line': b'-- Up-to-date symlink: /home/maanavjugalshah/SwarmAero/ros2_ws/install/px4_msgs/include/px4_msgs/px4_msgs/msg/detail/log_message__traits.hpp\n'}
[1.409219] (px4_msgs) StdoutLine: {'line': b'-- Up-to-date symlink: /home/maanavjugalshah/SwarmAero/ros2_ws/install/px4_msgs/include/px4_msgs/px4_msgs/msg/detail/log_message__type_support.hpp\n'}
[1.409471] (px4_msgs) StdoutLine: {'line': b'-- Up-to-date symlink: /home/maanavjugalshah/SwarmAero/ros2_ws/install/px4_msgs/include/px4_msgs/px4_msgs/msg/detail/logger_status__builder.hpp\n'}
[1.409785] (px4_msgs) StdoutLine: {'line': b'-- Up-to-date symlink: /home/maanavjugalshah/SwarmAero/ros2_ws/install/px4_msgs/include/px4_msgs/px4_msgs/msg/detail/logger_status__struct.hpp\n'}
[1.410105] (px4_msgs) StdoutLine: {'line': b'-- Up-to-date symlink: /home/maanavjugalshah/SwarmAero/ros2_ws/install/px4_msgs/include/px4_msgs/px4_msgs/msg/detail/logger_status__traits.hpp\n'}
[1.410500] (px4_msgs) StdoutLine: {'line': b'-- Up-to-date symlink: /home/maanavjugalshah/SwarmAero/ros2_ws/install/px4_msgs/include/px4_msgs/px4_msgs/msg/detail/logger_status__type_support.hpp\n'}
[1.410631] (px4_msgs) StdoutLine: {'line': b'-- Up-to-date symlink: /home/maanavjugalshah/SwarmAero/ros2_ws/install/px4_msgs/include/px4_msgs/px4_msgs/msg/detail/longitudinal_control_configuration__builder.hpp\n'}
[1.410702] (px4_msgs) StdoutLine: {'line': b'-- Up-to-date symlink: /home/maanavjugalshah/SwarmAero/ros2_ws/install/px4_msgs/include/px4_msgs/px4_msgs/msg/detail/longitudinal_control_configuration__struct.hpp\n'}
[1.410951] (px4_msgs) StdoutLine: {'line': b'-- Up-to-date symlink: /home/maanavjugalshah/SwarmAero/ros2_ws/install/px4_msgs/include/px4_msgs/px4_msgs/msg/detail/longitudinal_control_configuration__traits.hpp\n'}
[1.411002] (px4_msgs) StdoutLine: {'line': b'-- Up-to-date symlink: /home/maanavjugalshah/SwarmAero/ros2_ws/install/px4_msgs/include/px4_msgs/px4_msgs/msg/detail/longitudinal_control_configuration__type_support.hpp\n'}
[1.411069] (px4_msgs) StdoutLine: {'line': b'-- Up-to-date symlink: /home/maanavjugalshah/SwarmAero/ros2_ws/install/px4_msgs/include/px4_msgs/px4_msgs/msg/detail/mag_worker_data__builder.hpp\n'}
[1.411339] (px4_msgs) StdoutLine: {'line': b'-- Up-to-date symlink: /home/maanavjugalshah/SwarmAero/ros2_ws/install/px4_msgs/include/px4_msgs/px4_msgs/msg/detail/mag_worker_data__struct.hpp\n'}
[1.411497] (px4_msgs) StdoutLine: {'line': b'-- Up-to-date symlink: /home/maanavjugalshah/SwarmAero/ros2_ws/install/px4_msgs/include/px4_msgs/px4_msgs/msg/detail/mag_worker_data__traits.hpp\n'}
[1.411689] (px4_msgs) StdoutLine: {'line': b'-- Up-to-date symlink: /home/maanavjugalshah/SwarmAero/ros2_ws/install/px4_msgs/include/px4_msgs/px4_msgs/msg/detail/mag_worker_data__type_support.hpp\n'}
[1.411906] (px4_msgs) StdoutLine: {'line': b'-- Up-to-date symlink: /home/maanavjugalshah/SwarmAero/ros2_ws/install/px4_msgs/include/px4_msgs/px4_msgs/msg/detail/magnetometer_bias_estimate__builder.hpp\n'}
[1.412312] (px4_msgs) StdoutLine: {'line': b'-- Up-to-date symlink: /home/maanavjugalshah/SwarmAero/ros2_ws/install/px4_msgs/include/px4_msgs/px4_msgs/msg/detail/magnetometer_bias_estimate__struct.hpp\n'}
[1.412669] (px4_msgs) StdoutLine: {'line': b'-- Up-to-date symlink: /home/maanavjugalshah/SwarmAero/ros2_ws/install/px4_msgs/include/px4_msgs/px4_msgs/msg/detail/magnetometer_bias_estimate__traits.hpp\n'}
[1.412938] (px4_msgs) StdoutLine: {'line': b'-- Up-to-date symlink: /home/maanavjugalshah/SwarmAero/ros2_ws/install/px4_msgs/include/px4_msgs/px4_msgs/msg/detail/magnetometer_bias_estimate__type_support.hpp\n'}
[1.413358] (px4_msgs) StdoutLine: {'line': b'-- Up-to-date symlink: /home/maanavjugalshah/SwarmAero/ros2_ws/install/px4_msgs/include/px4_msgs/px4_msgs/msg/detail/manual_control_setpoint__builder.hpp\n'}
[1.413508] (px4_msgs) StdoutLine: {'line': b'-- Up-to-date symlink: /home/maanavjugalshah/SwarmAero/ros2_ws/install/px4_msgs/include/px4_msgs/px4_msgs/msg/detail/manual_control_setpoint__struct.hpp\n'}
[1.413743] (px4_msgs) StdoutLine: {'line': b'-- Up-to-date symlink: /home/maanavjugalshah/SwarmAero/ros2_ws/install/px4_msgs/include/px4_msgs/px4_msgs/msg/detail/manual_control_setpoint__traits.hpp\n'}
[1.414032] (px4_msgs) StdoutLine: {'line': b'-- Up-to-date symlink: /home/maanavjugalshah/SwarmAero/ros2_ws/install/px4_msgs/include/px4_msgs/px4_msgs/msg/detail/manual_control_setpoint__type_support.hpp\n'}
[1.414498] (px4_msgs) StdoutLine: {'line': b'-- Up-to-date symlink: /home/maanavjugalshah/SwarmAero/ros2_ws/install/px4_msgs/include/px4_msgs/px4_msgs/msg/detail/manual_control_switches__builder.hpp\n'}
[1.414617] (px4_msgs) StdoutLine: {'line': b'-- Up-to-date symlink: /home/maanavjugalshah/SwarmAero/ros2_ws/install/px4_msgs/include/px4_msgs/px4_msgs/msg/detail/manual_control_switches__struct.hpp\n'}
[1.414693] (px4_msgs) StdoutLine: {'line': b'-- Up-to-date symlink: /home/maanavjugalshah/SwarmAero/ros2_ws/install/px4_msgs/include/px4_msgs/px4_msgs/msg/detail/manual_control_switches__traits.hpp\n'}
[1.414765] (px4_msgs) StdoutLine: {'line': b'-- Up-to-date symlink: /home/maanavjugalshah/SwarmAero/ros2_ws/install/px4_msgs/include/px4_msgs/px4_msgs/msg/detail/manual_control_switches__type_support.hpp\n'}
[1.415082] (px4_msgs) StdoutLine: {'line': b'-- Up-to-date symlink: /home/maanavjugalshah/SwarmAero/ros2_ws/install/px4_msgs/include/px4_msgs/px4_msgs/msg/detail/mavlink_log__builder.hpp\n'}
[1.415316] (px4_msgs) StdoutLine: {'line': b'-- Up-to-date symlink: /home/maanavjugalshah/SwarmAero/ros2_ws/install/px4_msgs/include/px4_msgs/px4_msgs/msg/detail/mavlink_log__struct.hpp\n'}
[1.415490] (px4_msgs) StdoutLine: {'line': b'-- Up-to-date symlink: /home/maanavjugalshah/SwarmAero/ros2_ws/install/px4_msgs/include/px4_msgs/px4_msgs/msg/detail/mavlink_log__traits.hpp\n'}
[1.415592] (px4_msgs) StdoutLine: {'line': b'-- Up-to-date symlink: /home/maanavjugalshah/SwarmAero/ros2_ws/install/px4_msgs/include/px4_msgs/px4_msgs/msg/detail/mavlink_log__type_support.hpp\n'}
[1.415669] (px4_msgs) StdoutLine: {'line': b'-- Up-to-date symlink: /home/maanavjugalshah/SwarmAero/ros2_ws/install/px4_msgs/include/px4_msgs/px4_msgs/msg/detail/mavlink_tunnel__builder.hpp\n'}
[1.415762] (px4_msgs) StdoutLine: {'line': b'-- Up-to-date symlink: /home/maanavjugalshah/SwarmAero/ros2_ws/install/px4_msgs/include/px4_msgs/px4_msgs/msg/detail/mavlink_tunnel__struct.hpp\n'}
[1.416033] (px4_msgs) StdoutLine: {'line': b'-- Up-to-date symlink: /home/maanavjugalshah/SwarmAero/ros2_ws/install/px4_msgs/include/px4_msgs/px4_msgs/msg/detail/mavlink_tunnel__traits.hpp\n'}
[1.416528] (px4_msgs) StdoutLine: {'line': b'-- Up-to-date symlink: /home/maanavjugalshah/SwarmAero/ros2_ws/install/px4_msgs/include/px4_msgs/px4_msgs/msg/detail/mavlink_tunnel__type_support.hpp\n'}
[1.416618] (px4_msgs) StdoutLine: {'line': b'-- Up-to-date symlink: /home/maanavjugalshah/SwarmAero/ros2_ws/install/px4_msgs/include/px4_msgs/px4_msgs/msg/detail/message_format_request__builder.hpp\n'}
[1.416987] (px4_msgs) StdoutLine: {'line': b'-- Up-to-date symlink: /home/maanavjugalshah/SwarmAero/ros2_ws/install/px4_msgs/include/px4_msgs/px4_msgs/msg/detail/message_format_request__struct.hpp\n'}
[1.417084] (px4_msgs) StdoutLine: {'line': b'-- Up-to-date symlink: /home/maanavjugalshah/SwarmAero/ros2_ws/install/px4_msgs/include/px4_msgs/px4_msgs/msg/detail/message_format_request__traits.hpp\n'}
[1.417161] (px4_msgs) StdoutLine: {'line': b'-- Up-to-date symlink: /home/maanavjugalshah/SwarmAero/ros2_ws/install/px4_msgs/include/px4_msgs/px4_msgs/msg/detail/message_format_request__type_support.hpp\n'}
[1.417233] (px4_msgs) StdoutLine: {'line': b'-- Up-to-date symlink: /home/maanavjugalshah/SwarmAero/ros2_ws/install/px4_msgs/include/px4_msgs/px4_msgs/msg/detail/message_format_response__builder.hpp\n'}
[1.417330] (px4_msgs) StdoutLine: {'line': b'-- Up-to-date symlink: /home/maanavjugalshah/SwarmAero/ros2_ws/install/px4_msgs/include/px4_msgs/px4_msgs/msg/detail/message_format_response__struct.hpp\n'}
[1.417567] (px4_msgs) StdoutLine: {'line': b'-- Up-to-date symlink: /home/maanavjugalshah/SwarmAero/ros2_ws/install/px4_msgs/include/px4_msgs/px4_msgs/msg/detail/message_format_response__traits.hpp\n'}
[1.417974] (px4_msgs) StdoutLine: {'line': b'-- Up-to-date symlink: /home/maanavjugalshah/SwarmAero/ros2_ws/install/px4_msgs/include/px4_msgs/px4_msgs/msg/detail/message_format_response__type_support.hpp\n'}
[1.418075] (px4_msgs) StdoutLine: {'line': b'-- Up-to-date symlink: /home/maanavjugalshah/SwarmAero/ros2_ws/install/px4_msgs/include/px4_msgs/px4_msgs/msg/detail/mission__builder.hpp\n'}
[1.418116] (px4_msgs) StdoutLine: {'line': b'-- Up-to-date symlink: /home/maanavjugalshah/SwarmAero/ros2_ws/install/px4_msgs/include/px4_msgs/px4_msgs/msg/detail/mission__struct.hpp\n'}
[1.418153] (px4_msgs) StdoutLine: {'line': b'-- Up-to-date symlink: /home/maanavjugalshah/SwarmAero/ros2_ws/install/px4_msgs/include/px4_msgs/px4_msgs/msg/detail/mission__traits.hpp\n'}
[1.418197] (px4_msgs) StdoutLine: {'line': b'-- Up-to-date symlink: /home/maanavjugalshah/SwarmAero/ros2_ws/install/px4_msgs/include/px4_msgs/px4_msgs/msg/detail/mission__type_support.hpp\n'}
[1.418233] (px4_msgs) StdoutLine: {'line': b'-- Up-to-date symlink: /home/maanavjugalshah/SwarmAero/ros2_ws/install/px4_msgs/include/px4_msgs/px4_msgs/msg/detail/mission_result__builder.hpp\n'}
[1.418429] (px4_msgs) StdoutLine: {'line': b'-- Up-to-date symlink: /home/maanavjugalshah/SwarmAero/ros2_ws/install/px4_msgs/include/px4_msgs/px4_msgs/msg/detail/mission_result__struct.hpp\n'}
[1.418546] (px4_msgs) StdoutLine: {'line': b'-- Up-to-date symlink: /home/maanavjugalshah/SwarmAero/ros2_ws/install/px4_msgs/include/px4_msgs/px4_msgs/msg/detail/mission_result__traits.hpp\n'}
[1.418640] (px4_msgs) StdoutLine: {'line': b'-- Up-to-date symlink: /home/maanavjugalshah/SwarmAero/ros2_ws/install/px4_msgs/include/px4_msgs/px4_msgs/msg/detail/mission_result__type_support.hpp\n'}
[1.418758] (px4_msgs) StdoutLine: {'line': b'-- Up-to-date symlink: /home/maanavjugalshah/SwarmAero/ros2_ws/install/px4_msgs/include/px4_msgs/px4_msgs/msg/detail/mode_completed__builder.hpp\n'}
[1.418969] (px4_msgs) StdoutLine: {'line': b'-- Up-to-date symlink: /home/maanavjugalshah/SwarmAero/ros2_ws/install/px4_msgs/include/px4_msgs/px4_msgs/msg/detail/mode_completed__struct.hpp\n'}
[1.419237] (px4_msgs) StdoutLine: {'line': b'-- Up-to-date symlink: /home/maanavjugalshah/SwarmAero/ros2_ws/install/px4_msgs/include/px4_msgs/px4_msgs/msg/detail/mode_completed__traits.hpp\n'}
[1.419370] (px4_msgs) StdoutLine: {'line': b'-- Up-to-date symlink: /home/maanavjugalshah/SwarmAero/ros2_ws/install/px4_msgs/include/px4_msgs/px4_msgs/msg/detail/mode_completed__type_support.hpp\n'}
[1.419470] (px4_msgs) StdoutLine: {'line': b'-- Up-to-date symlink: /home/maanavjugalshah/SwarmAero/ros2_ws/install/px4_msgs/include/px4_msgs/px4_msgs/msg/detail/mount_orientation__builder.hpp\n'}
[1.419528] (px4_msgs) StdoutLine: {'line': b'-- Up-to-date symlink: /home/maanavjugalshah/SwarmAero/ros2_ws/install/px4_msgs/include/px4_msgs/px4_msgs/msg/detail/mount_orientation__struct.hpp\n'}
[1.419566] (px4_msgs) StdoutLine: {'line': b'-- Up-to-date symlink: /home/maanavjugalshah/SwarmAero/ros2_ws/install/px4_msgs/include/px4_msgs/px4_msgs/msg/detail/mount_orientation__traits.hpp\n'}
[1.419602] (px4_msgs) StdoutLine: {'line': b'-- Up-to-date symlink: /home/maanavjugalshah/SwarmAero/ros2_ws/install/px4_msgs/include/px4_msgs/px4_msgs/msg/detail/mount_orientation__type_support.hpp\n'}
[1.419637] (px4_msgs) StdoutLine: {'line': b'-- Up-to-date symlink: /home/maanavjugalshah/SwarmAero/ros2_ws/install/px4_msgs/include/px4_msgs/px4_msgs/msg/detail/navigator_mission_item__builder.hpp\n'}
[1.419734] (px4_msgs) StdoutLine: {'line': b'-- Up-to-date symlink: /home/maanavjugalshah/SwarmAero/ros2_ws/install/px4_msgs/include/px4_msgs/px4_msgs/msg/detail/navigator_mission_item__struct.hpp\n'}
[1.419823] (px4_msgs) StdoutLine: {'line': b'-- Up-to-date symlink: /home/maanavjugalshah/SwarmAero/ros2_ws/install/px4_msgs/include/px4_msgs/px4_msgs/msg/detail/navigator_mission_item__traits.hpp\n'}
[1.419912] (px4_msgs) StdoutLine: {'line': b'-- Up-to-date symlink: /home/maanavjugalshah/SwarmAero/ros2_ws/install/px4_msgs/include/px4_msgs/px4_msgs/msg/detail/navigator_mission_item__type_support.hpp\n'}
[1.420001] (px4_msgs) StdoutLine: {'line': b'-- Up-to-date symlink: /home/maanavjugalshah/SwarmAero/ros2_ws/install/px4_msgs/include/px4_msgs/px4_msgs/msg/detail/navigator_status__builder.hpp\n'}
[1.420094] (px4_msgs) StdoutLine: {'line': b'-- Up-to-date symlink: /home/maanavjugalshah/SwarmAero/ros2_ws/install/px4_msgs/include/px4_msgs/px4_msgs/msg/detail/navigator_status__struct.hpp\n'}
[1.420181] (px4_msgs) StdoutLine: {'line': b'-- Up-to-date symlink: /home/maanavjugalshah/SwarmAero/ros2_ws/install/px4_msgs/include/px4_msgs/px4_msgs/msg/detail/navigator_status__traits.hpp\n'}
[1.420299] (px4_msgs) StdoutLine: {'line': b'-- Up-to-date symlink: /home/maanavjugalshah/SwarmAero/ros2_ws/install/px4_msgs/include/px4_msgs/px4_msgs/msg/detail/navigator_status__type_support.hpp\n'}
[1.420383] (px4_msgs) StdoutLine: {'line': b'-- Up-to-date symlink: /home/maanavjugalshah/SwarmAero/ros2_ws/install/px4_msgs/include/px4_msgs/px4_msgs/msg/detail/neural_control__builder.hpp\n'}
[1.420586] (px4_msgs) StdoutLine: {'line': b'-- Up-to-date symlink: /home/maanavjugalshah/SwarmAero/ros2_ws/install/px4_msgs/include/px4_msgs/px4_msgs/msg/detail/neural_control__struct.hpp\n'}
[1.420920] (px4_msgs) StdoutLine: {'line': b'-- Up-to-date symlink: /home/maanavjugalshah/SwarmAero/ros2_ws/install/px4_msgs/include/px4_msgs/px4_msgs/msg/detail/neural_control__traits.hpp\n'}
[1.421025] (px4_msgs) StdoutLine: {'line': b'-- Up-to-date symlink: /home/maanavjugalshah/SwarmAero/ros2_ws/install/px4_msgs/include/px4_msgs/px4_msgs/msg/detail/neural_control__type_support.hpp\n'}
[1.421403] (px4_msgs) StdoutLine: {'line': b'-- Up-to-date symlink: /home/maanavjugalshah/SwarmAero/ros2_ws/install/px4_msgs/include/px4_msgs/px4_msgs/msg/detail/normalized_unsigned_setpoint__builder.hpp\n'}
[1.421521] (px4_msgs) StdoutLine: {'line': b'-- Up-to-date symlink: /home/maanavjugalshah/SwarmAero/ros2_ws/install/px4_msgs/include/px4_msgs/px4_msgs/msg/detail/normalized_unsigned_setpoint__struct.hpp\n'}
[1.421649] (px4_msgs) StdoutLine: {'line': b'-- Up-to-date symlink: /home/maanavjugalshah/SwarmAero/ros2_ws/install/px4_msgs/include/px4_msgs/px4_msgs/msg/detail/normalized_unsigned_setpoint__traits.hpp\n'}
[1.421738] (px4_msgs) StdoutLine: {'line': b'-- Up-to-date symlink: /home/maanavjugalshah/SwarmAero/ros2_ws/install/px4_msgs/include/px4_msgs/px4_msgs/msg/detail/normalized_unsigned_setpoint__type_support.hpp\n'}
[1.421828] (px4_msgs) StdoutLine: {'line': b'-- Up-to-date symlink: /home/maanavjugalshah/SwarmAero/ros2_ws/install/px4_msgs/include/px4_msgs/px4_msgs/msg/detail/obstacle_distance__builder.hpp\n'}
[1.421915] (px4_msgs) StdoutLine: {'line': b'-- Up-to-date symlink: /home/maanavjugalshah/SwarmAero/ros2_ws/install/px4_msgs/include/px4_msgs/px4_msgs/msg/detail/obstacle_distance__struct.hpp\n'}
[1.422093] (px4_msgs) StdoutLine: {'line': b'-- Up-to-date symlink: /home/maanavjugalshah/SwarmAero/ros2_ws/install/px4_msgs/include/px4_msgs/px4_msgs/msg/detail/obstacle_distance__traits.hpp\n'}
[1.422136] (px4_msgs) StdoutLine: {'line': b'-- Up-to-date symlink: /home/maanavjugalshah/SwarmAero/ros2_ws/install/px4_msgs/include/px4_msgs/px4_msgs/msg/detail/obstacle_distance__type_support.hpp\n'}
[1.422212] (px4_msgs) StdoutLine: {'line': b'-- Up-to-date symlink: /home/maanavjugalshah/SwarmAero/ros2_ws/install/px4_msgs/include/px4_msgs/px4_msgs/msg/detail/offboard_control_mode__builder.hpp\n'}
[1.422536] (px4_msgs) StdoutLine: {'line': b'-- Up-to-date symlink: /home/maanavjugalshah/SwarmAero/ros2_ws/install/px4_msgs/include/px4_msgs/px4_msgs/msg/detail/offboard_control_mode__struct.hpp\n'}
[1.422615] (px4_msgs) StdoutLine: {'line': b'-- Up-to-date symlink: /home/maanavjugalshah/SwarmAero/ros2_ws/install/px4_msgs/include/px4_msgs/px4_msgs/msg/detail/offboard_control_mode__traits.hpp\n'}
[1.422725] (px4_msgs) StdoutLine: {'line': b'-- Up-to-date symlink: /home/maanavjugalshah/SwarmAero/ros2_ws/install/px4_msgs/include/px4_msgs/px4_msgs/msg/detail/offboard_control_mode__type_support.hpp\n'}
[1.422880] (px4_msgs) StdoutLine: {'line': b'-- Up-to-date symlink: /home/maanavjugalshah/SwarmAero/ros2_ws/install/px4_msgs/include/px4_msgs/px4_msgs/msg/detail/onboard_computer_status__builder.hpp\n'}
[1.422925] (px4_msgs) StdoutLine: {'line': b'-- Up-to-date symlink: /home/maanavjugalshah/SwarmAero/ros2_ws/install/px4_msgs/include/px4_msgs/px4_msgs/msg/detail/onboard_computer_status__struct.hpp\n'}
[1.422991] (px4_msgs) StdoutLine: {'line': b'-- Up-to-date symlink: /home/maanavjugalshah/SwarmAero/ros2_ws/install/px4_msgs/include/px4_msgs/px4_msgs/msg/detail/onboard_computer_status__traits.hpp\n'}
[1.423125] (px4_msgs) StdoutLine: {'line': b'-- Up-to-date symlink: /home/maanavjugalshah/SwarmAero/ros2_ws/install/px4_msgs/include/px4_msgs/px4_msgs/msg/detail/onboard_computer_status__type_support.hpp\n'}
[1.423178] (px4_msgs) StdoutLine: {'line': b'-- Up-to-date symlink: /home/maanavjugalshah/SwarmAero/ros2_ws/install/px4_msgs/include/px4_msgs/px4_msgs/msg/detail/open_drone_id_arm_status__builder.hpp\n'}
[1.423294] (px4_msgs) StdoutLine: {'line': b'-- Up-to-date symlink: /home/maanavjugalshah/SwarmAero/ros2_ws/install/px4_msgs/include/px4_msgs/px4_msgs/msg/detail/open_drone_id_arm_status__struct.hpp\n'}
[1.423378] (px4_msgs) StdoutLine: {'line': b'-- Up-to-date symlink: /home/maanavjugalshah/SwarmAero/ros2_ws/install/px4_msgs/include/px4_msgs/px4_msgs/msg/detail/open_drone_id_arm_status__traits.hpp\n'}
[1.423689] (px4_msgs) StdoutLine: {'line': b'-- Up-to-date symlink: /home/maanavjugalshah/SwarmAero/ros2_ws/install/px4_msgs/include/px4_msgs/px4_msgs/msg/detail/open_drone_id_arm_status__type_support.hpp\n'}
[1.423807] (px4_msgs) StdoutLine: {'line': b'-- Up-to-date symlink: /home/maanavjugalshah/SwarmAero/ros2_ws/install/px4_msgs/include/px4_msgs/px4_msgs/msg/detail/open_drone_id_operator_id__builder.hpp\n'}
[1.423913] (px4_msgs) StdoutLine: {'line': b'-- Up-to-date symlink: /home/maanavjugalshah/SwarmAero/ros2_ws/install/px4_msgs/include/px4_msgs/px4_msgs/msg/detail/open_drone_id_operator_id__struct.hpp\n'}
[1.424475] (px4_msgs) StdoutLine: {'line': b'-- Up-to-date symlink: /home/maanavjugalshah/SwarmAero/ros2_ws/install/px4_msgs/include/px4_msgs/px4_msgs/msg/detail/open_drone_id_operator_id__traits.hpp\n'}
[1.424602] (px4_msgs) StdoutLine: {'line': b'-- Up-to-date symlink: /home/maanavjugalshah/SwarmAero/ros2_ws/install/px4_msgs/include/px4_msgs/px4_msgs/msg/detail/open_drone_id_operator_id__type_support.hpp\n'}
[1.424705] (px4_msgs) StdoutLine: {'line': b'-- Up-to-date symlink: /home/maanavjugalshah/SwarmAero/ros2_ws/install/px4_msgs/include/px4_msgs/px4_msgs/msg/detail/open_drone_id_self_id__builder.hpp\n'}
[1.424779] (px4_msgs) StdoutLine: {'line': b'-- Up-to-date symlink: /home/maanavjugalshah/SwarmAero/ros2_ws/install/px4_msgs/include/px4_msgs/px4_msgs/msg/detail/open_drone_id_self_id__struct.hpp\n'}
[1.425146] (px4_msgs) StdoutLine: {'line': b'-- Up-to-date symlink: /home/maanavjugalshah/SwarmAero/ros2_ws/install/px4_msgs/include/px4_msgs/px4_msgs/msg/detail/open_drone_id_self_id__traits.hpp\n'}
[1.425348] (px4_msgs) StdoutLine: {'line': b'-- Up-to-date symlink: /home/maanavjugalshah/SwarmAero/ros2_ws/install/px4_msgs/include/px4_msgs/px4_msgs/msg/detail/open_drone_id_self_id__type_support.hpp\n'}
[1.425476] (px4_msgs) StdoutLine: {'line': b'-- Up-to-date symlink: /home/maanavjugalshah/SwarmAero/ros2_ws/install/px4_msgs/include/px4_msgs/px4_msgs/msg/detail/open_drone_id_system__builder.hpp\n'}
[1.425607] (px4_msgs) StdoutLine: {'line': b'-- Up-to-date symlink: /home/maanavjugalshah/SwarmAero/ros2_ws/install/px4_msgs/include/px4_msgs/px4_msgs/msg/detail/open_drone_id_system__struct.hpp\n'}
[1.426086] (px4_msgs) StdoutLine: {'line': b'-- Up-to-date symlink: /home/maanavjugalshah/SwarmAero/ros2_ws/install/px4_msgs/include/px4_msgs/px4_msgs/msg/detail/open_drone_id_system__traits.hpp\n'}
[1.426171] (px4_msgs) StdoutLine: {'line': b'-- Up-to-date symlink: /home/maanavjugalshah/SwarmAero/ros2_ws/install/px4_msgs/include/px4_msgs/px4_msgs/msg/detail/open_drone_id_system__type_support.hpp\n'}
[1.426289] (px4_msgs) StdoutLine: {'line': b'-- Up-to-date symlink: /home/maanavjugalshah/SwarmAero/ros2_ws/install/px4_msgs/include/px4_msgs/px4_msgs/msg/detail/orb_test__builder.hpp\n'}
[1.426552] (px4_msgs) StdoutLine: {'line': b'-- Up-to-date symlink: /home/maanavjugalshah/SwarmAero/ros2_ws/install/px4_msgs/include/px4_msgs/px4_msgs/msg/detail/orb_test__struct.hpp\n'}
[1.426632] (px4_msgs) StdoutLine: {'line': b'-- Up-to-date symlink: /home/maanavjugalshah/SwarmAero/ros2_ws/install/px4_msgs/include/px4_msgs/px4_msgs/msg/detail/orb_test__traits.hpp\n'}
[1.426743] (px4_msgs) StdoutLine: {'line': b'-- Up-to-date symlink: /home/maanavjugalshah/SwarmAero/ros2_ws/install/px4_msgs/include/px4_msgs/px4_msgs/msg/detail/orb_test__type_support.hpp\n'}
[1.426849] (px4_msgs) StdoutLine: {'line': b'-- Up-to-date symlink: /home/maanavjugalshah/SwarmAero/ros2_ws/install/px4_msgs/include/px4_msgs/px4_msgs/msg/detail/orb_test_large__builder.hpp\n'}
[1.427045] (px4_msgs) StdoutLine: {'line': b'-- Up-to-date symlink: /home/maanavjugalshah/SwarmAero/ros2_ws/install/px4_msgs/include/px4_msgs/px4_msgs/msg/detail/orb_test_large__struct.hpp\n'}
[1.427162] (px4_msgs) StdoutLine: {'line': b'-- Up-to-date symlink: /home/maanavjugalshah/SwarmAero/ros2_ws/install/px4_msgs/include/px4_msgs/px4_msgs/msg/detail/orb_test_large__traits.hpp\n'}
[1.427332] (px4_msgs) StdoutLine: {'line': b'-- Up-to-date symlink: /home/maanavjugalshah/SwarmAero/ros2_ws/install/px4_msgs/include/px4_msgs/px4_msgs/msg/detail/orb_test_large__type_support.hpp\n'}
[1.427386] (px4_msgs) StdoutLine: {'line': b'-- Up-to-date symlink: /home/maanavjugalshah/SwarmAero/ros2_ws/install/px4_msgs/include/px4_msgs/px4_msgs/msg/detail/orb_test_medium__builder.hpp\n'}
[1.427497] (px4_msgs) StdoutLine: {'line': b'-- Up-to-date symlink: /home/maanavjugalshah/SwarmAero/ros2_ws/install/px4_msgs/include/px4_msgs/px4_msgs/msg/detail/orb_test_medium__struct.hpp\n'}
[1.427671] (px4_msgs) StdoutLine: {'line': b'-- Up-to-date symlink: /home/maanavjugalshah/SwarmAero/ros2_ws/install/px4_msgs/include/px4_msgs/px4_msgs/msg/detail/orb_test_medium__traits.hpp\n'}
[1.427798] (px4_msgs) StdoutLine: {'line': b'-- Up-to-date symlink: /home/maanavjugalshah/SwarmAero/ros2_ws/install/px4_msgs/include/px4_msgs/px4_msgs/msg/detail/orb_test_medium__type_support.hpp\n'}
[1.427924] (px4_msgs) StdoutLine: {'line': b'-- Up-to-date symlink: /home/maanavjugalshah/SwarmAero/ros2_ws/install/px4_msgs/include/px4_msgs/px4_msgs/msg/detail/orbit_status__builder.hpp\n'}
[1.428366] (px4_msgs) StdoutLine: {'line': b'-- Up-to-date symlink: /home/maanavjugalshah/SwarmAero/ros2_ws/install/px4_msgs/include/px4_msgs/px4_msgs/msg/detail/orbit_status__struct.hpp\n'}
[1.428425] (px4_msgs) StdoutLine: {'line': b'-- Up-to-date symlink: /home/maanavjugalshah/SwarmAero/ros2_ws/install/px4_msgs/include/px4_msgs/px4_msgs/msg/detail/orbit_status__traits.hpp\n'}
[1.428503] (px4_msgs) StdoutLine: {'line': b'-- Up-to-date symlink: /home/maanavjugalshah/SwarmAero/ros2_ws/install/px4_msgs/include/px4_msgs/px4_msgs/msg/detail/orbit_status__type_support.hpp\n'}
[1.428544] (px4_msgs) StdoutLine: {'line': b'-- Up-to-date symlink: /home/maanavjugalshah/SwarmAero/ros2_ws/install/px4_msgs/include/px4_msgs/px4_msgs/msg/detail/parameter_reset_request__builder.hpp\n'}
[1.428973] (px4_msgs) StdoutLine: {'line': b'-- Up-to-date symlink: /home/maanavjugalshah/SwarmAero/ros2_ws/install/px4_msgs/include/px4_msgs/px4_msgs/msg/detail/parameter_reset_request__struct.hpp\n'}
[1.429357] (px4_msgs) StdoutLine: {'line': b'-- Up-to-date symlink: /home/maanavjugalshah/SwarmAero/ros2_ws/install/px4_msgs/include/px4_msgs/px4_msgs/msg/detail/parameter_reset_request__traits.hpp\n'}
[1.429408] (px4_msgs) StdoutLine: {'line': b'-- Up-to-date symlink: /home/maanavjugalshah/SwarmAero/ros2_ws/install/px4_msgs/include/px4_msgs/px4_msgs/msg/detail/parameter_reset_request__type_support.hpp\n'}
[1.429497] (px4_msgs) StdoutLine: {'line': b'-- Up-to-date symlink: /home/maanavjugalshah/SwarmAero/ros2_ws/install/px4_msgs/include/px4_msgs/px4_msgs/msg/detail/parameter_set_used_request__builder.hpp\n'}
[1.429582] (px4_msgs) StdoutLine: {'line': b'-- Up-to-date symlink: /home/maanavjugalshah/SwarmAero/ros2_ws/install/px4_msgs/include/px4_msgs/px4_msgs/msg/detail/parameter_set_used_request__struct.hpp\n'}
[1.429795] (px4_msgs) StdoutLine: {'line': b'-- Up-to-date symlink: /home/maanavjugalshah/SwarmAero/ros2_ws/install/px4_msgs/include/px4_msgs/px4_msgs/msg/detail/parameter_set_used_request__traits.hpp\n'}
[1.430250] (px4_msgs) StdoutLine: {'line': b'-- Up-to-date symlink: /home/maanavjugalshah/SwarmAero/ros2_ws/install/px4_msgs/include/px4_msgs/px4_msgs/msg/detail/parameter_set_used_request__type_support.hpp\n'}
[1.430666] (px4_msgs) StdoutLine: {'line': b'-- Up-to-date symlink: /home/maanavjugalshah/SwarmAero/ros2_ws/install/px4_msgs/include/px4_msgs/px4_msgs/msg/detail/parameter_set_value_request__builder.hpp\n'}
[1.430759] (px4_msgs) StdoutLine: {'line': b'-- Up-to-date symlink: /home/maanavjugalshah/SwarmAero/ros2_ws/install/px4_msgs/include/px4_msgs/px4_msgs/msg/detail/parameter_set_value_request__struct.hpp\n'}
[1.430856] (px4_msgs) StdoutLine: {'line': b'-- Up-to-date symlink: /home/maanavjugalshah/SwarmAero/ros2_ws/install/px4_msgs/include/px4_msgs/px4_msgs/msg/detail/parameter_set_value_request__traits.hpp\n'}
[1.431383] (px4_msgs) StdoutLine: {'line': b'-- Up-to-date symlink: /home/maanavjugalshah/SwarmAero/ros2_ws/install/px4_msgs/include/px4_msgs/px4_msgs/msg/detail/parameter_set_value_request__type_support.hpp\n'}
[1.431832] (px4_msgs) StdoutLine: {'line': b'-- Up-to-date symlink: /home/maanavjugalshah/SwarmAero/ros2_ws/install/px4_msgs/include/px4_msgs/px4_msgs/msg/detail/parameter_set_value_response__builder.hpp\n'}
[1.431986] (px4_msgs) StdoutLine: {'line': b'-- Up-to-date symlink: /home/maanavjugalshah/SwarmAero/ros2_ws/install/px4_msgs/include/px4_msgs/px4_msgs/msg/detail/parameter_set_value_response__struct.hpp\n'}
[1.432356] (px4_msgs) StdoutLine: {'line': b'-- Up-to-date symlink: /home/maanavjugalshah/SwarmAero/ros2_ws/install/px4_msgs/include/px4_msgs/px4_msgs/msg/detail/parameter_set_value_response__traits.hpp\n'}
[1.432447] (px4_msgs) StdoutLine: {'line': b'-- Up-to-date symlink: /home/maanavjugalshah/SwarmAero/ros2_ws/install/px4_msgs/include/px4_msgs/px4_msgs/msg/detail/parameter_set_value_response__type_support.hpp\n'}
[1.432537] (px4_msgs) StdoutLine: {'line': b'-- Up-to-date symlink: /home/maanavjugalshah/SwarmAero/ros2_ws/install/px4_msgs/include/px4_msgs/px4_msgs/msg/detail/parameter_update__builder.hpp\n'}
[1.432604] (px4_msgs) StdoutLine: {'line': b'-- Up-to-date symlink: /home/maanavjugalshah/SwarmAero/ros2_ws/install/px4_msgs/include/px4_msgs/px4_msgs/msg/detail/parameter_update__struct.hpp\n'}
[1.432675] (px4_msgs) StdoutLine: {'line': b'-- Up-to-date symlink: /home/maanavjugalshah/SwarmAero/ros2_ws/install/px4_msgs/include/px4_msgs/px4_msgs/msg/detail/parameter_update__traits.hpp\n'}
[1.432761] (px4_msgs) StdoutLine: {'line': b'-- Up-to-date symlink: /home/maanavjugalshah/SwarmAero/ros2_ws/install/px4_msgs/include/px4_msgs/px4_msgs/msg/detail/parameter_update__type_support.hpp\n'}
[1.433431] (px4_msgs) StdoutLine: {'line': b'-- Up-to-date symlink: /home/maanavjugalshah/SwarmAero/ros2_ws/install/px4_msgs/include/px4_msgs/px4_msgs/msg/detail/ping__builder.hpp\n'}
[1.433680] (px4_msgs) StdoutLine: {'line': b'-- Up-to-date symlink: /home/maanavjugalshah/SwarmAero/ros2_ws/install/px4_msgs/include/px4_msgs/px4_msgs/msg/detail/ping__struct.hpp\n'}
[1.434025] (px4_msgs) StdoutLine: {'line': b'-- Up-to-date symlink: /home/maanavjugalshah/SwarmAero/ros2_ws/install/px4_msgs/include/px4_msgs/px4_msgs/msg/detail/ping__traits.hpp\n'}
[1.434161] (px4_msgs) StdoutLine: {'line': b'-- Up-to-date symlink: /home/maanavjugalshah/SwarmAero/ros2_ws/install/px4_msgs/include/px4_msgs/px4_msgs/msg/detail/ping__type_support.hpp\n'}
[1.434253] (px4_msgs) StdoutLine: {'line': b'-- Up-to-date symlink: /home/maanavjugalshah/SwarmAero/ros2_ws/install/px4_msgs/include/px4_msgs/px4_msgs/msg/detail/position_controller_landing_status__builder.hpp\n'}
[1.434306] (px4_msgs) StdoutLine: {'line': b'-- Up-to-date symlink: /home/maanavjugalshah/SwarmAero/ros2_ws/install/px4_msgs/include/px4_msgs/px4_msgs/msg/detail/position_controller_landing_status__struct.hpp\n'}
[1.434360] (px4_msgs) StdoutLine: {'line': b'-- Up-to-date symlink: /home/maanavjugalshah/SwarmAero/ros2_ws/install/px4_msgs/include/px4_msgs/px4_msgs/msg/detail/position_controller_landing_status__traits.hpp\n'}
[1.434428] (px4_msgs) StdoutLine: {'line': b'-- Up-to-date symlink: /home/maanavjugalshah/SwarmAero/ros2_ws/install/px4_msgs/include/px4_msgs/px4_msgs/msg/detail/position_controller_landing_status__type_support.hpp\n'}
[1.434502] (px4_msgs) StdoutLine: {'line': b'-- Up-to-date symlink: /home/maanavjugalshah/SwarmAero/ros2_ws/install/px4_msgs/include/px4_msgs/px4_msgs/msg/detail/position_controller_status__builder.hpp\n'}
[1.434581] (px4_msgs) StdoutLine: {'line': b'-- Up-to-date symlink: /home/maanavjugalshah/SwarmAero/ros2_ws/install/px4_msgs/include/px4_msgs/px4_msgs/msg/detail/position_controller_status__struct.hpp\n'}
[1.434692] (px4_msgs) StdoutLine: {'line': b'-- Up-to-date symlink: /home/maanavjugalshah/SwarmAero/ros2_ws/install/px4_msgs/include/px4_msgs/px4_msgs/msg/detail/position_controller_status__traits.hpp\n'}
[1.435014] (px4_msgs) StdoutLine: {'line': b'-- Up-to-date symlink: /home/maanavjugalshah/SwarmAero/ros2_ws/install/px4_msgs/include/px4_msgs/px4_msgs/msg/detail/position_controller_status__type_support.hpp\n'}
[1.435098] (px4_msgs) StdoutLine: {'line': b'-- Up-to-date symlink: /home/maanavjugalshah/SwarmAero/ros2_ws/install/px4_msgs/include/px4_msgs/px4_msgs/msg/detail/position_setpoint__builder.hpp\n'}
[1.435301] (px4_msgs) StdoutLine: {'line': b'-- Up-to-date symlink: /home/maanavjugalshah/SwarmAero/ros2_ws/install/px4_msgs/include/px4_msgs/px4_msgs/msg/detail/position_setpoint__struct.hpp\n'}
[1.435398] (px4_msgs) StdoutLine: {'line': b'-- Up-to-date symlink: /home/maanavjugalshah/SwarmAero/ros2_ws/install/px4_msgs/include/px4_msgs/px4_msgs/msg/detail/position_setpoint__traits.hpp\n'}
[1.435659] (px4_msgs) StdoutLine: {'line': b'-- Up-to-date symlink: /home/maanavjugalshah/SwarmAero/ros2_ws/install/px4_msgs/include/px4_msgs/px4_msgs/msg/detail/position_setpoint__type_support.hpp\n'}
[1.435721] (px4_msgs) StdoutLine: {'line': b'-- Up-to-date symlink: /home/maanavjugalshah/SwarmAero/ros2_ws/install/px4_msgs/include/px4_msgs/px4_msgs/msg/detail/position_setpoint_triplet__builder.hpp\n'}
[1.435761] (px4_msgs) StdoutLine: {'line': b'-- Up-to-date symlink: /home/maanavjugalshah/SwarmAero/ros2_ws/install/px4_msgs/include/px4_msgs/px4_msgs/msg/detail/position_setpoint_triplet__struct.hpp\n'}
[1.435848] (px4_msgs) StdoutLine: {'line': b'-- Up-to-date symlink: /home/maanavjugalshah/SwarmAero/ros2_ws/install/px4_msgs/include/px4_msgs/px4_msgs/msg/detail/position_setpoint_triplet__traits.hpp\n'}
[1.435948] (px4_msgs) StdoutLine: {'line': b'-- Up-to-date symlink: /home/maanavjugalshah/SwarmAero/ros2_ws/install/px4_msgs/include/px4_msgs/px4_msgs/msg/detail/position_setpoint_triplet__type_support.hpp\n'}
[1.436021] (px4_msgs) StdoutLine: {'line': b'-- Up-to-date symlink: /home/maanavjugalshah/SwarmAero/ros2_ws/install/px4_msgs/include/px4_msgs/px4_msgs/msg/detail/power_button_state__builder.hpp\n'}
[1.436109] (px4_msgs) StdoutLine: {'line': b'-- Up-to-date symlink: /home/maanavjugalshah/SwarmAero/ros2_ws/install/px4_msgs/include/px4_msgs/px4_msgs/msg/detail/power_button_state__struct.hpp\n'}
[1.436281] (px4_msgs) StdoutLine: {'line': b'-- Up-to-date symlink: /home/maanavjugalshah/SwarmAero/ros2_ws/install/px4_msgs/include/px4_msgs/px4_msgs/msg/detail/power_button_state__traits.hpp\n'}
[1.436528] (px4_msgs) StdoutLine: {'line': b'-- Up-to-date symlink: /home/maanavjugalshah/SwarmAero/ros2_ws/install/px4_msgs/include/px4_msgs/px4_msgs/msg/detail/power_button_state__type_support.hpp\n'}
[1.436663] (px4_msgs) StdoutLine: {'line': b'-- Up-to-date symlink: /home/maanavjugalshah/SwarmAero/ros2_ws/install/px4_msgs/include/px4_msgs/px4_msgs/msg/detail/power_monitor__builder.hpp\n'}
[1.437602] (px4_msgs) StdoutLine: {'line': b'-- Up-to-date symlink: /home/maanavjugalshah/SwarmAero/ros2_ws/install/px4_msgs/include/px4_msgs/px4_msgs/msg/detail/power_monitor__struct.hpp\n'}
[1.438685] (px4_msgs) StdoutLine: {'line': b'-- Up-to-date symlink: /home/maanavjugalshah/SwarmAero/ros2_ws/install/px4_msgs/include/px4_msgs/px4_msgs/msg/detail/power_monitor__traits.hpp\n'}
[1.438996] (px4_msgs) StdoutLine: {'line': b'-- Up-to-date symlink: /home/maanavjugalshah/SwarmAero/ros2_ws/install/px4_msgs/include/px4_msgs/px4_msgs/msg/detail/power_monitor__type_support.hpp\n'}
[1.439371] (px4_msgs) StdoutLine: {'line': b'-- Up-to-date symlink: /home/maanavjugalshah/SwarmAero/ros2_ws/install/px4_msgs/include/px4_msgs/px4_msgs/msg/detail/pps_capture__builder.hpp\n'}
[1.439619] (px4_msgs) StdoutLine: {'line': b'-- Up-to-date symlink: /home/maanavjugalshah/SwarmAero/ros2_ws/install/px4_msgs/include/px4_msgs/px4_msgs/msg/detail/pps_capture__struct.hpp\n'}
[1.440492] (px4_msgs) StdoutLine: {'line': b'-- Up-to-date symlink: /home/maanavjugalshah/SwarmAero/ros2_ws/install/px4_msgs/include/px4_msgs/px4_msgs/msg/detail/pps_capture__traits.hpp\n'}
[1.441818] (px4_msgs) StdoutLine: {'line': b'-- Up-to-date symlink: /home/maanavjugalshah/SwarmAero/ros2_ws/install/px4_msgs/include/px4_msgs/px4_msgs/msg/detail/pps_capture__type_support.hpp\n'}
[1.442176] (px4_msgs) StdoutLine: {'line': b'-- Up-to-date symlink: /home/maanavjugalshah/SwarmAero/ros2_ws/install/px4_msgs/include/px4_msgs/px4_msgs/msg/detail/pure_pursuit_status__builder.hpp\n'}
[1.442380] (px4_msgs) StdoutLine: {'line': b'-- Up-to-date symlink: /home/maanavjugalshah/SwarmAero/ros2_ws/install/px4_msgs/include/px4_msgs/px4_msgs/msg/detail/pure_pursuit_status__struct.hpp\n'}
[1.442469] (px4_msgs) StdoutLine: {'line': b'-- Up-to-date symlink: /home/maanavjugalshah/SwarmAero/ros2_ws/install/px4_msgs/include/px4_msgs/px4_msgs/msg/detail/pure_pursuit_status__traits.hpp\n'}
[1.442510] (px4_msgs) StdoutLine: {'line': b'-- Up-to-date symlink: /home/maanavjugalshah/SwarmAero/ros2_ws/install/px4_msgs/include/px4_msgs/px4_msgs/msg/detail/pure_pursuit_status__type_support.hpp\n'}
[1.442547] (px4_msgs) StdoutLine: {'line': b'-- Up-to-date symlink: /home/maanavjugalshah/SwarmAero/ros2_ws/install/px4_msgs/include/px4_msgs/px4_msgs/msg/detail/pwm_input__builder.hpp\n'}
[1.442583] (px4_msgs) StdoutLine: {'line': b'-- Up-to-date symlink: /home/maanavjugalshah/SwarmAero/ros2_ws/install/px4_msgs/include/px4_msgs/px4_msgs/msg/detail/pwm_input__struct.hpp\n'}
[1.442621] (px4_msgs) StdoutLine: {'line': b'-- Up-to-date symlink: /home/maanavjugalshah/SwarmAero/ros2_ws/install/px4_msgs/include/px4_msgs/px4_msgs/msg/detail/pwm_input__traits.hpp\n'}
[1.442657] (px4_msgs) StdoutLine: {'line': b'-- Up-to-date symlink: /home/maanavjugalshah/SwarmAero/ros2_ws/install/px4_msgs/include/px4_msgs/px4_msgs/msg/detail/pwm_input__type_support.hpp\n'}
[1.442693] (px4_msgs) StdoutLine: {'line': b'-- Up-to-date symlink: /home/maanavjugalshah/SwarmAero/ros2_ws/install/px4_msgs/include/px4_msgs/px4_msgs/msg/detail/px4io_status__builder.hpp\n'}
[1.442766] (px4_msgs) StdoutLine: {'line': b'-- Up-to-date symlink: /home/maanavjugalshah/SwarmAero/ros2_ws/install/px4_msgs/include/px4_msgs/px4_msgs/msg/detail/px4io_status__struct.hpp\n'}
[1.443064] (px4_msgs) StdoutLine: {'line': b'-- Up-to-date symlink: /home/maanavjugalshah/SwarmAero/ros2_ws/install/px4_msgs/include/px4_msgs/px4_msgs/msg/detail/px4io_status__traits.hpp\n'}
[1.443157] (px4_msgs) StdoutLine: {'line': b'-- Up-to-date symlink: /home/maanavjugalshah/SwarmAero/ros2_ws/install/px4_msgs/include/px4_msgs/px4_msgs/msg/detail/px4io_status__type_support.hpp\n'}
[1.443196] (px4_msgs) StdoutLine: {'line': b'-- Up-to-date symlink: /home/maanavjugalshah/SwarmAero/ros2_ws/install/px4_msgs/include/px4_msgs/px4_msgs/msg/detail/qshell_req__builder.hpp\n'}
[1.443290] (px4_msgs) StdoutLine: {'line': b'-- Up-to-date symlink: /home/maanavjugalshah/SwarmAero/ros2_ws/install/px4_msgs/include/px4_msgs/px4_msgs/msg/detail/qshell_req__struct.hpp\n'}
[1.443332] (px4_msgs) StdoutLine: {'line': b'-- Up-to-date symlink: /home/maanavjugalshah/SwarmAero/ros2_ws/install/px4_msgs/include/px4_msgs/px4_msgs/msg/detail/qshell_req__traits.hpp\n'}
[1.443369] (px4_msgs) StdoutLine: {'line': b'-- Up-to-date symlink: /home/maanavjugalshah/SwarmAero/ros2_ws/install/px4_msgs/include/px4_msgs/px4_msgs/msg/detail/qshell_req__type_support.hpp\n'}
[1.443405] (px4_msgs) StdoutLine: {'line': b'-- Up-to-date symlink: /home/maanavjugalshah/SwarmAero/ros2_ws/install/px4_msgs/include/px4_msgs/px4_msgs/msg/detail/qshell_retval__builder.hpp\n'}
[1.443466] (px4_msgs) StdoutLine: {'line': b'-- Up-to-date symlink: /home/maanavjugalshah/SwarmAero/ros2_ws/install/px4_msgs/include/px4_msgs/px4_msgs/msg/detail/qshell_retval__struct.hpp\n'}
[1.443583] (px4_msgs) StdoutLine: {'line': b'-- Up-to-date symlink: /home/maanavjugalshah/SwarmAero/ros2_ws/install/px4_msgs/include/px4_msgs/px4_msgs/msg/detail/qshell_retval__traits.hpp\n'}
[1.443708] (px4_msgs) StdoutLine: {'line': b'-- Up-to-date symlink: /home/maanavjugalshah/SwarmAero/ros2_ws/install/px4_msgs/include/px4_msgs/px4_msgs/msg/detail/qshell_retval__type_support.hpp\n'}
[1.443801] (px4_msgs) StdoutLine: {'line': b'-- Up-to-date symlink: /home/maanavjugalshah/SwarmAero/ros2_ws/install/px4_msgs/include/px4_msgs/px4_msgs/msg/detail/radio_status__builder.hpp\n'}
[1.443915] (px4_msgs) StdoutLine: {'line': b'-- Up-to-date symlink: /home/maanavjugalshah/SwarmAero/ros2_ws/install/px4_msgs/include/px4_msgs/px4_msgs/msg/detail/radio_status__struct.hpp\n'}
[1.444086] (px4_msgs) StdoutLine: {'line': b'-- Up-to-date symlink: /home/maanavjugalshah/SwarmAero/ros2_ws/install/px4_msgs/include/px4_msgs/px4_msgs/msg/detail/radio_status__traits.hpp\n'}
[1.444167] (px4_msgs) StdoutLine: {'line': b'-- Up-to-date symlink: /home/maanavjugalshah/SwarmAero/ros2_ws/install/px4_msgs/include/px4_msgs/px4_msgs/msg/detail/radio_status__type_support.hpp\n'}
[1.444248] (px4_msgs) StdoutLine: {'line': b'-- Up-to-date symlink: /home/maanavjugalshah/SwarmAero/ros2_ws/install/px4_msgs/include/px4_msgs/px4_msgs/msg/detail/ranging_beacon__builder.hpp\n'}
[1.444473] (px4_msgs) StdoutLine: {'line': b'-- Up-to-date symlink: /home/maanavjugalshah/SwarmAero/ros2_ws/install/px4_msgs/include/px4_msgs/px4_msgs/msg/detail/ranging_beacon__struct.hpp\n'}
[1.444534] (px4_msgs) StdoutLine: {'line': b'-- Up-to-date symlink: /home/maanavjugalshah/SwarmAero/ros2_ws/install/px4_msgs/include/px4_msgs/px4_msgs/msg/detail/ranging_beacon__traits.hpp\n'}
[1.444571] (px4_msgs) StdoutLine: {'line': b'-- Up-to-date symlink: /home/maanavjugalshah/SwarmAero/ros2_ws/install/px4_msgs/include/px4_msgs/px4_msgs/msg/detail/ranging_beacon__type_support.hpp\n'}
[1.444644] (px4_msgs) StdoutLine: {'line': b'-- Up-to-date symlink: /home/maanavjugalshah/SwarmAero/ros2_ws/install/px4_msgs/include/px4_msgs/px4_msgs/msg/detail/raptor_input__builder.hpp\n'}
[1.445111] (px4_msgs) StdoutLine: {'line': b'-- Up-to-date symlink: /home/maanavjugalshah/SwarmAero/ros2_ws/install/px4_msgs/include/px4_msgs/px4_msgs/msg/detail/raptor_input__struct.hpp\n'}
[1.445211] (px4_msgs) StdoutLine: {'line': b'-- Up-to-date symlink: /home/maanavjugalshah/SwarmAero/ros2_ws/install/px4_msgs/include/px4_msgs/px4_msgs/msg/detail/raptor_input__traits.hpp\n'}
[1.445281] (px4_msgs) StdoutLine: {'line': b'-- Up-to-date symlink: /home/maanavjugalshah/SwarmAero/ros2_ws/install/px4_msgs/include/px4_msgs/px4_msgs/msg/detail/raptor_input__type_support.hpp\n'}
[1.445327] (px4_msgs) StdoutLine: {'line': b'-- Up-to-date symlink: /home/maanavjugalshah/SwarmAero/ros2_ws/install/px4_msgs/include/px4_msgs/px4_msgs/msg/detail/raptor_status__builder.hpp\n'}
[1.445365] (px4_msgs) StdoutLine: {'line': b'-- Up-to-date symlink: /home/maanavjugalshah/SwarmAero/ros2_ws/install/px4_msgs/include/px4_msgs/px4_msgs/msg/detail/raptor_status__struct.hpp\n'}
[1.445883] (px4_msgs) StdoutLine: {'line': b'-- Up-to-date symlink: /home/maanavjugalshah/SwarmAero/ros2_ws/install/px4_msgs/include/px4_msgs/px4_msgs/msg/detail/raptor_status__traits.hpp\n'}
[1.446328] (px4_msgs) StdoutLine: {'line': b'-- Up-to-date symlink: /home/maanavjugalshah/SwarmAero/ros2_ws/install/px4_msgs/include/px4_msgs/px4_msgs/msg/detail/raptor_status__type_support.hpp\n'}
[1.446706] (px4_msgs) StdoutLine: {'line': b'-- Up-to-date symlink: /home/maanavjugalshah/SwarmAero/ros2_ws/install/px4_msgs/include/px4_msgs/px4_msgs/msg/detail/rate_ctrl_status__builder.hpp\n'}
[1.447089] (px4_msgs) StdoutLine: {'line': b'-- Up-to-date symlink: /home/maanavjugalshah/SwarmAero/ros2_ws/install/px4_msgs/include/px4_msgs/px4_msgs/msg/detail/rate_ctrl_status__struct.hpp\n'}
[1.447567] (px4_msgs) StdoutLine: {'line': b'-- Up-to-date symlink: /home/maanavjugalshah/SwarmAero/ros2_ws/install/px4_msgs/include/px4_msgs/px4_msgs/msg/detail/rate_ctrl_status__traits.hpp\n'}
[1.447808] (px4_msgs) StdoutLine: {'line': b'-- Up-to-date symlink: /home/maanavjugalshah/SwarmAero/ros2_ws/install/px4_msgs/include/px4_msgs/px4_msgs/msg/detail/rate_ctrl_status__type_support.hpp\n'}
[1.447888] (px4_msgs) StdoutLine: {'line': b'-- Up-to-date symlink: /home/maanavjugalshah/SwarmAero/ros2_ws/install/px4_msgs/include/px4_msgs/px4_msgs/msg/detail/rc_channels__builder.hpp\n'}
[1.449492] (px4_msgs) StdoutLine: {'line': b'-- Up-to-date symlink: /home/maanavjugalshah/SwarmAero/ros2_ws/install/px4_msgs/include/px4_msgs/px4_msgs/msg/detail/rc_channels__struct.hpp\n'}
[1.451216] (px4_msgs) StdoutLine: {'line': b'-- Up-to-date symlink: /home/maanavjugalshah/SwarmAero/ros2_ws/install/px4_msgs/include/px4_msgs/px4_msgs/msg/detail/rc_channels__traits.hpp\n'}
[1.451924] (px4_msgs) StdoutLine: {'line': b'-- Up-to-date symlink: /home/maanavjugalshah/SwarmAero/ros2_ws/install/px4_msgs/include/px4_msgs/px4_msgs/msg/detail/rc_channels__type_support.hpp\n'}
[1.452115] (px4_msgs) StdoutLine: {'line': b'-- Up-to-date symlink: /home/maanavjugalshah/SwarmAero/ros2_ws/install/px4_msgs/include/px4_msgs/px4_msgs/msg/detail/rc_parameter_map__builder.hpp\n'}
[1.452239] (px4_msgs) StdoutLine: {'line': b'-- Up-to-date symlink: /home/maanavjugalshah/SwarmAero/ros2_ws/install/px4_msgs/include/px4_msgs/px4_msgs/msg/detail/rc_parameter_map__struct.hpp\n'}
[1.452327] (px4_msgs) StdoutLine: {'line': b'-- Up-to-date symlink: /home/maanavjugalshah/SwarmAero/ros2_ws/install/px4_msgs/include/px4_msgs/px4_msgs/msg/detail/rc_parameter_map__traits.hpp\n'}
[1.453969] (px4_msgs) StdoutLine: {'line': b'-- Up-to-date symlink: /home/maanavjugalshah/SwarmAero/ros2_ws/install/px4_msgs/include/px4_msgs/px4_msgs/msg/detail/rc_parameter_map__type_support.hpp\n'}
[1.454951] (px4_msgs) StdoutLine: {'line': b'-- Up-to-date symlink: /home/maanavjugalshah/SwarmAero/ros2_ws/install/px4_msgs/include/px4_msgs/px4_msgs/msg/detail/register_ext_component_reply__builder.hpp\n'}
[1.457034] (px4_msgs) StdoutLine: {'line': b'-- Up-to-date symlink: /home/maanavjugalshah/SwarmAero/ros2_ws/install/px4_msgs/include/px4_msgs/px4_msgs/msg/detail/register_ext_component_reply__struct.hpp\n'}
[1.457892] (px4_msgs) StdoutLine: {'line': b'-- Up-to-date symlink: /home/maanavjugalshah/SwarmAero/ros2_ws/install/px4_msgs/include/px4_msgs/px4_msgs/msg/detail/register_ext_component_reply__traits.hpp\n'}
[1.458093] (px4_msgs) StdoutLine: {'line': b'-- Up-to-date symlink: /home/maanavjugalshah/SwarmAero/ros2_ws/install/px4_msgs/include/px4_msgs/px4_msgs/msg/detail/register_ext_component_reply__type_support.hpp\n'}
[1.458703] (px4_msgs) StdoutLine: {'line': b'-- Up-to-date symlink: /home/maanavjugalshah/SwarmAero/ros2_ws/install/px4_msgs/include/px4_msgs/px4_msgs/msg/detail/register_ext_component_request__builder.hpp\n'}
[1.459030] (px4_msgs) StdoutLine: {'line': b'-- Up-to-date symlink: /home/maanavjugalshah/SwarmAero/ros2_ws/install/px4_msgs/include/px4_msgs/px4_msgs/msg/detail/register_ext_component_request__struct.hpp\n'}
[1.459135] (px4_msgs) StdoutLine: {'line': b'-- Up-to-date symlink: /home/maanavjugalshah/SwarmAero/ros2_ws/install/px4_msgs/include/px4_msgs/px4_msgs/msg/detail/register_ext_component_request__traits.hpp\n'}
[1.459689] (px4_msgs) StdoutLine: {'line': b'-- Up-to-date symlink: /home/maanavjugalshah/SwarmAero/ros2_ws/install/px4_msgs/include/px4_msgs/px4_msgs/msg/detail/register_ext_component_request__type_support.hpp\n'}
[1.459809] (px4_msgs) StdoutLine: {'line': b'-- Up-to-date symlink: /home/maanavjugalshah/SwarmAero/ros2_ws/install/px4_msgs/include/px4_msgs/px4_msgs/msg/detail/rover_attitude_setpoint__builder.hpp\n'}
[1.459903] (px4_msgs) StdoutLine: {'line': b'-- Up-to-date symlink: /home/maanavjugalshah/SwarmAero/ros2_ws/install/px4_msgs/include/px4_msgs/px4_msgs/msg/detail/rover_attitude_setpoint__struct.hpp\n'}
[1.460014] (px4_msgs) StdoutLine: {'line': b'-- Up-to-date symlink: /home/maanavjugalshah/SwarmAero/ros2_ws/install/px4_msgs/include/px4_msgs/px4_msgs/msg/detail/rover_attitude_setpoint__traits.hpp\n'}
[1.460125] (px4_msgs) StdoutLine: {'line': b'-- Up-to-date symlink: /home/maanavjugalshah/SwarmAero/ros2_ws/install/px4_msgs/include/px4_msgs/px4_msgs/msg/detail/rover_attitude_setpoint__type_support.hpp\n'}
[1.460245] (px4_msgs) StdoutLine: {'line': b'-- Up-to-date symlink: /home/maanavjugalshah/SwarmAero/ros2_ws/install/px4_msgs/include/px4_msgs/px4_msgs/msg/detail/rover_attitude_status__builder.hpp\n'}
[1.460458] (px4_msgs) StdoutLine: {'line': b'-- Up-to-date symlink: /home/maanavjugalshah/SwarmAero/ros2_ws/install/px4_msgs/include/px4_msgs/px4_msgs/msg/detail/rover_attitude_status__struct.hpp\n'}
[1.460577] (px4_msgs) StdoutLine: {'line': b'-- Up-to-date symlink: /home/maanavjugalshah/SwarmAero/ros2_ws/install/px4_msgs/include/px4_msgs/px4_msgs/msg/detail/rover_attitude_status__traits.hpp\n'}
[1.460655] (px4_msgs) StdoutLine: {'line': b'-- Up-to-date symlink: /home/maanavjugalshah/SwarmAero/ros2_ws/install/px4_msgs/include/px4_msgs/px4_msgs/msg/detail/rover_attitude_status__type_support.hpp\n'}
[1.461060] (px4_msgs) StdoutLine: {'line': b'-- Up-to-date symlink: /home/maanavjugalshah/SwarmAero/ros2_ws/install/px4_msgs/include/px4_msgs/px4_msgs/msg/detail/rover_position_setpoint__builder.hpp\n'}
[1.461235] (px4_msgs) StdoutLine: {'line': b'-- Up-to-date symlink: /home/maanavjugalshah/SwarmAero/ros2_ws/install/px4_msgs/include/px4_msgs/px4_msgs/msg/detail/rover_position_setpoint__struct.hpp\n'}
[1.461345] (px4_msgs) StdoutLine: {'line': b'-- Up-to-date symlink: /home/maanavjugalshah/SwarmAero/ros2_ws/install/px4_msgs/include/px4_msgs/px4_msgs/msg/detail/rover_position_setpoint__traits.hpp\n'}
[1.461400] (px4_msgs) StdoutLine: {'line': b'-- Up-to-date symlink: /home/maanavjugalshah/SwarmAero/ros2_ws/install/px4_msgs/include/px4_msgs/px4_msgs/msg/detail/rover_position_setpoint__type_support.hpp\n'}
[1.461461] (px4_msgs) StdoutLine: {'line': b'-- Up-to-date symlink: /home/maanavjugalshah/SwarmAero/ros2_ws/install/px4_msgs/include/px4_msgs/px4_msgs/msg/detail/rover_rate_setpoint__builder.hpp\n'}
[1.461510] (px4_msgs) StdoutLine: {'line': b'-- Up-to-date symlink: /home/maanavjugalshah/SwarmAero/ros2_ws/install/px4_msgs/include/px4_msgs/px4_msgs/msg/detail/rover_rate_setpoint__struct.hpp\n'}
[1.461583] (px4_msgs) StdoutLine: {'line': b'-- Up-to-date symlink: /home/maanavjugalshah/SwarmAero/ros2_ws/install/px4_msgs/include/px4_msgs/px4_msgs/msg/detail/rover_rate_setpoint__traits.hpp\n'}
[1.461659] (px4_msgs) StdoutLine: {'line': b'-- Up-to-date symlink: /home/maanavjugalshah/SwarmAero/ros2_ws/install/px4_msgs/include/px4_msgs/px4_msgs/msg/detail/rover_rate_setpoint__type_support.hpp\n'}
[1.461733] (px4_msgs) StdoutLine: {'line': b'-- Up-to-date symlink: /home/maanavjugalshah/SwarmAero/ros2_ws/install/px4_msgs/include/px4_msgs/px4_msgs/msg/detail/rover_rate_status__builder.hpp\n'}
[1.461809] (px4_msgs) StdoutLine: {'line': b'-- Up-to-date symlink: /home/maanavjugalshah/SwarmAero/ros2_ws/install/px4_msgs/include/px4_msgs/px4_msgs/msg/detail/rover_rate_status__struct.hpp\n'}
[1.461873] (px4_msgs) StdoutLine: {'line': b'-- Up-to-date symlink: /home/maanavjugalshah/SwarmAero/ros2_ws/install/px4_msgs/include/px4_msgs/px4_msgs/msg/detail/rover_rate_status__traits.hpp\n'}
[1.461990] (px4_msgs) StdoutLine: {'line': b'-- Up-to-date symlink: /home/maanavjugalshah/SwarmAero/ros2_ws/install/px4_msgs/include/px4_msgs/px4_msgs/msg/detail/rover_rate_status__type_support.hpp\n'}
[1.462124] (px4_msgs) StdoutLine: {'line': b'-- Up-to-date symlink: /home/maanavjugalshah/SwarmAero/ros2_ws/install/px4_msgs/include/px4_msgs/px4_msgs/msg/detail/rover_speed_setpoint__builder.hpp\n'}
[1.462197] (px4_msgs) StdoutLine: {'line': b'-- Up-to-date symlink: /home/maanavjugalshah/SwarmAero/ros2_ws/install/px4_msgs/include/px4_msgs/px4_msgs/msg/detail/rover_speed_setpoint__struct.hpp\n'}
[1.462310] (px4_msgs) StdoutLine: {'line': b'-- Up-to-date symlink: /home/maanavjugalshah/SwarmAero/ros2_ws/install/px4_msgs/include/px4_msgs/px4_msgs/msg/detail/rover_speed_setpoint__traits.hpp\n'}
[1.462722] (px4_msgs) StdoutLine: {'line': b'-- Up-to-date symlink: /home/maanavjugalshah/SwarmAero/ros2_ws/install/px4_msgs/include/px4_msgs/px4_msgs/msg/detail/rover_speed_setpoint__type_support.hpp\n'}
[1.462783] (px4_msgs) StdoutLine: {'line': b'-- Up-to-date symlink: /home/maanavjugalshah/SwarmAero/ros2_ws/install/px4_msgs/include/px4_msgs/px4_msgs/msg/detail/rover_speed_status__builder.hpp\n'}
[1.462821] (px4_msgs) StdoutLine: {'line': b'-- Up-to-date symlink: /home/maanavjugalshah/SwarmAero/ros2_ws/install/px4_msgs/include/px4_msgs/px4_msgs/msg/detail/rover_speed_status__struct.hpp\n'}
[1.462859] (px4_msgs) StdoutLine: {'line': b'-- Up-to-date symlink: /home/maanavjugalshah/SwarmAero/ros2_ws/install/px4_msgs/include/px4_msgs/px4_msgs/msg/detail/rover_speed_status__traits.hpp\n'}
[1.462903] (px4_msgs) StdoutLine: {'line': b'-- Up-to-date symlink: /home/maanavjugalshah/SwarmAero/ros2_ws/install/px4_msgs/include/px4_msgs/px4_msgs/msg/detail/rover_speed_status__type_support.hpp\n'}
[1.462969] (px4_msgs) StdoutLine: {'line': b'-- Up-to-date symlink: /home/maanavjugalshah/SwarmAero/ros2_ws/install/px4_msgs/include/px4_msgs/px4_msgs/msg/detail/rover_steering_setpoint__builder.hpp\n'}
[1.463023] (px4_msgs) StdoutLine: {'line': b'-- Up-to-date symlink: /home/maanavjugalshah/SwarmAero/ros2_ws/install/px4_msgs/include/px4_msgs/px4_msgs/msg/detail/rover_steering_setpoint__struct.hpp\n'}
[1.463060] (px4_msgs) StdoutLine: {'line': b'-- Up-to-date symlink: /home/maanavjugalshah/SwarmAero/ros2_ws/install/px4_msgs/include/px4_msgs/px4_msgs/msg/detail/rover_steering_setpoint__traits.hpp\n'}
[1.463111] (px4_msgs) StdoutLine: {'line': b'-- Up-to-date symlink: /home/maanavjugalshah/SwarmAero/ros2_ws/install/px4_msgs/include/px4_msgs/px4_msgs/msg/detail/rover_steering_setpoint__type_support.hpp\n'}
[1.463166] (px4_msgs) StdoutLine: {'line': b'-- Up-to-date symlink: /home/maanavjugalshah/SwarmAero/ros2_ws/install/px4_msgs/include/px4_msgs/px4_msgs/msg/detail/rover_throttle_setpoint__builder.hpp\n'}
[1.463205] (px4_msgs) StdoutLine: {'line': b'-- Up-to-date symlink: /home/maanavjugalshah/SwarmAero/ros2_ws/install/px4_msgs/include/px4_msgs/px4_msgs/msg/detail/rover_throttle_setpoint__struct.hpp\n'}
[1.463264] (px4_msgs) StdoutLine: {'line': b'-- Up-to-date symlink: /home/maanavjugalshah/SwarmAero/ros2_ws/install/px4_msgs/include/px4_msgs/px4_msgs/msg/detail/rover_throttle_setpoint__traits.hpp\n'}
[1.463307] (px4_msgs) StdoutLine: {'line': b'-- Up-to-date symlink: /home/maanavjugalshah/SwarmAero/ros2_ws/install/px4_msgs/include/px4_msgs/px4_msgs/msg/detail/rover_throttle_setpoint__type_support.hpp\n'}
[1.463361] (px4_msgs) StdoutLine: {'line': b'-- Up-to-date symlink: /home/maanavjugalshah/SwarmAero/ros2_ws/install/px4_msgs/include/px4_msgs/px4_msgs/msg/detail/rpm__builder.hpp\n'}
[1.463412] (px4_msgs) StdoutLine: {'line': b'-- Up-to-date symlink: /home/maanavjugalshah/SwarmAero/ros2_ws/install/px4_msgs/include/px4_msgs/px4_msgs/msg/detail/rpm__struct.hpp\n'}
[1.463593] (px4_msgs) StdoutLine: {'line': b'-- Up-to-date symlink: /home/maanavjugalshah/SwarmAero/ros2_ws/install/px4_msgs/include/px4_msgs/px4_msgs/msg/detail/rpm__traits.hpp\n'}
[1.463690] (px4_msgs) StdoutLine: {'line': b'-- Up-to-date symlink: /home/maanavjugalshah/SwarmAero/ros2_ws/install/px4_msgs/include/px4_msgs/px4_msgs/msg/detail/rpm__type_support.hpp\n'}
[1.463756] (px4_msgs) StdoutLine: {'line': b'-- Up-to-date symlink: /home/maanavjugalshah/SwarmAero/ros2_ws/install/px4_msgs/include/px4_msgs/px4_msgs/msg/detail/rtl_status__builder.hpp\n'}
[1.464110] (px4_msgs) StdoutLine: {'line': b'-- Up-to-date symlink: /home/maanavjugalshah/SwarmAero/ros2_ws/install/px4_msgs/include/px4_msgs/px4_msgs/msg/detail/rtl_status__struct.hpp\n'}
[1.464241] (px4_msgs) StdoutLine: {'line': b'-- Up-to-date symlink: /home/maanavjugalshah/SwarmAero/ros2_ws/install/px4_msgs/include/px4_msgs/px4_msgs/msg/detail/rtl_status__traits.hpp\n'}
[1.464395] (px4_msgs) StdoutLine: {'line': b'-- Up-to-date symlink: /home/maanavjugalshah/SwarmAero/ros2_ws/install/px4_msgs/include/px4_msgs/px4_msgs/msg/detail/rtl_status__type_support.hpp\n'}
[1.464503] (px4_msgs) StdoutLine: {'line': b'-- Up-to-date symlink: /home/maanavjugalshah/SwarmAero/ros2_ws/install/px4_msgs/include/px4_msgs/px4_msgs/msg/detail/rtl_time_estimate__builder.hpp\n'}
[1.464545] (px4_msgs) StdoutLine: {'line': b'-- Up-to-date symlink: /home/maanavjugalshah/SwarmAero/ros2_ws/install/px4_msgs/include/px4_msgs/px4_msgs/msg/detail/rtl_time_estimate__struct.hpp\n'}
[1.464615] (px4_msgs) StdoutLine: {'line': b'-- Up-to-date symlink: /home/maanavjugalshah/SwarmAero/ros2_ws/install/px4_msgs/include/px4_msgs/px4_msgs/msg/detail/rtl_time_estimate__traits.hpp\n'}
[1.464708] (px4_msgs) StdoutLine: {'line': b'-- Up-to-date symlink: /home/maanavjugalshah/SwarmAero/ros2_ws/install/px4_msgs/include/px4_msgs/px4_msgs/msg/detail/rtl_time_estimate__type_support.hpp\n'}
[1.464800] (px4_msgs) StdoutLine: {'line': b'-- Up-to-date symlink: /home/maanavjugalshah/SwarmAero/ros2_ws/install/px4_msgs/include/px4_msgs/px4_msgs/msg/detail/satellite_info__builder.hpp\n'}
[1.464857] (px4_msgs) StdoutLine: {'line': b'-- Up-to-date symlink: /home/maanavjugalshah/SwarmAero/ros2_ws/install/px4_msgs/include/px4_msgs/px4_msgs/msg/detail/satellite_info__struct.hpp\n'}
[1.464902] (px4_msgs) StdoutLine: {'line': b'-- Up-to-date symlink: /home/maanavjugalshah/SwarmAero/ros2_ws/install/px4_msgs/include/px4_msgs/px4_msgs/msg/detail/satellite_info__traits.hpp\n'}
[1.464944] (px4_msgs) StdoutLine: {'line': b'-- Up-to-date symlink: /home/maanavjugalshah/SwarmAero/ros2_ws/install/px4_msgs/include/px4_msgs/px4_msgs/msg/detail/satellite_info__type_support.hpp\n'}
[1.464998] (px4_msgs) StdoutLine: {'line': b'-- Up-to-date symlink: /home/maanavjugalshah/SwarmAero/ros2_ws/install/px4_msgs/include/px4_msgs/px4_msgs/msg/detail/sensor_accel__builder.hpp\n'}
[1.465834] (px4_msgs) StdoutLine: {'line': b'-- Up-to-date symlink: /home/maanavjugalshah/SwarmAero/ros2_ws/install/px4_msgs/include/px4_msgs/px4_msgs/msg/detail/sensor_accel__struct.hpp\n'}
[1.466027] (px4_msgs) StdoutLine: {'line': b'-- Up-to-date symlink: /home/maanavjugalshah/SwarmAero/ros2_ws/install/px4_msgs/include/px4_msgs/px4_msgs/msg/detail/sensor_accel__traits.hpp\n'}
[1.466152] (px4_msgs) StdoutLine: {'line': b'-- Up-to-date symlink: /home/maanavjugalshah/SwarmAero/ros2_ws/install/px4_msgs/include/px4_msgs/px4_msgs/msg/detail/sensor_accel__type_support.hpp\n'}
[1.466269] (px4_msgs) StdoutLine: {'line': b'-- Up-to-date symlink: /home/maanavjugalshah/SwarmAero/ros2_ws/install/px4_msgs/include/px4_msgs/px4_msgs/msg/detail/sensor_accel_fifo__builder.hpp\n'}
[1.466706] (px4_msgs) StdoutLine: {'line': b'-- Up-to-date symlink: /home/maanavjugalshah/SwarmAero/ros2_ws/install/px4_msgs/include/px4_msgs/px4_msgs/msg/detail/sensor_accel_fifo__struct.hpp\n'}
[1.466856] (px4_msgs) StdoutLine: {'line': b'-- Up-to-date symlink: /home/maanavjugalshah/SwarmAero/ros2_ws/install/px4_msgs/include/px4_msgs/px4_msgs/msg/detail/sensor_accel_fifo__traits.hpp\n'}
[1.466908] (px4_msgs) StdoutLine: {'line': b'-- Up-to-date symlink: /home/maanavjugalshah/SwarmAero/ros2_ws/install/px4_msgs/include/px4_msgs/px4_msgs/msg/detail/sensor_accel_fifo__type_support.hpp\n'}
[1.467153] (px4_msgs) StdoutLine: {'line': b'-- Up-to-date symlink: /home/maanavjugalshah/SwarmAero/ros2_ws/install/px4_msgs/include/px4_msgs/px4_msgs/msg/detail/sensor_airflow__builder.hpp\n'}
[1.467580] (px4_msgs) StdoutLine: {'line': b'-- Up-to-date symlink: /home/maanavjugalshah/SwarmAero/ros2_ws/install/px4_msgs/include/px4_msgs/px4_msgs/msg/detail/sensor_airflow__struct.hpp\n'}
[1.467657] (px4_msgs) StdoutLine: {'line': b'-- Up-to-date symlink: /home/maanavjugalshah/SwarmAero/ros2_ws/install/px4_msgs/include/px4_msgs/px4_msgs/msg/detail/sensor_airflow__traits.hpp\n'}
[1.467696] (px4_msgs) StdoutLine: {'line': b'-- Up-to-date symlink: /home/maanavjugalshah/SwarmAero/ros2_ws/install/px4_msgs/include/px4_msgs/px4_msgs/msg/detail/sensor_airflow__type_support.hpp\n'}
[1.467732] (px4_msgs) StdoutLine: {'line': b'-- Up-to-date symlink: /home/maanavjugalshah/SwarmAero/ros2_ws/install/px4_msgs/include/px4_msgs/px4_msgs/msg/detail/sensor_baro__builder.hpp\n'}
[1.467821] (px4_msgs) StdoutLine: {'line': b'-- Up-to-date symlink: /home/maanavjugalshah/SwarmAero/ros2_ws/install/px4_msgs/include/px4_msgs/px4_msgs/msg/detail/sensor_baro__struct.hpp\n'}
[1.467949] (px4_msgs) StdoutLine: {'line': b'-- Up-to-date symlink: /home/maanavjugalshah/SwarmAero/ros2_ws/install/px4_msgs/include/px4_msgs/px4_msgs/msg/detail/sensor_baro__traits.hpp\n'}
[1.468207] (px4_msgs) StdoutLine: {'line': b'-- Up-to-date symlink: /home/maanavjugalshah/SwarmAero/ros2_ws/install/px4_msgs/include/px4_msgs/px4_msgs/msg/detail/sensor_baro__type_support.hpp\n'}
[1.468428] (px4_msgs) StdoutLine: {'line': b'-- Up-to-date symlink: /home/maanavjugalshah/SwarmAero/ros2_ws/install/px4_msgs/include/px4_msgs/px4_msgs/msg/detail/sensor_combined__builder.hpp\n'}
[1.468579] (px4_msgs) StdoutLine: {'line': b'-- Up-to-date symlink: /home/maanavjugalshah/SwarmAero/ros2_ws/install/px4_msgs/include/px4_msgs/px4_msgs/msg/detail/sensor_combined__struct.hpp\n'}
[1.468682] (px4_msgs) StdoutLine: {'line': b'-- Up-to-date symlink: /home/maanavjugalshah/SwarmAero/ros2_ws/install/px4_msgs/include/px4_msgs/px4_msgs/msg/detail/sensor_combined__traits.hpp\n'}
[1.469270] (px4_msgs) StdoutLine: {'line': b'-- Up-to-date symlink: /home/maanavjugalshah/SwarmAero/ros2_ws/install/px4_msgs/include/px4_msgs/px4_msgs/msg/detail/sensor_combined__type_support.hpp\n'}
[1.469875] (px4_msgs) StdoutLine: {'line': b'-- Up-to-date symlink: /home/maanavjugalshah/SwarmAero/ros2_ws/install/px4_msgs/include/px4_msgs/px4_msgs/msg/detail/sensor_correction__builder.hpp\n'}
[1.470513] (px4_msgs) StdoutLine: {'line': b'-- Up-to-date symlink: /home/maanavjugalshah/SwarmAero/ros2_ws/install/px4_msgs/include/px4_msgs/px4_msgs/msg/detail/sensor_correction__struct.hpp\n'}
[1.470812] (px4_msgs) StdoutLine: {'line': b'-- Up-to-date symlink: /home/maanavjugalshah/SwarmAero/ros2_ws/install/px4_msgs/include/px4_msgs/px4_msgs/msg/detail/sensor_correction__traits.hpp\n'}
[1.470886] (px4_msgs) StdoutLine: {'line': b'-- Up-to-date symlink: /home/maanavjugalshah/SwarmAero/ros2_ws/install/px4_msgs/include/px4_msgs/px4_msgs/msg/detail/sensor_correction__type_support.hpp\n'}
[1.470928] (px4_msgs) StdoutLine: {'line': b'-- Up-to-date symlink: /home/maanavjugalshah/SwarmAero/ros2_ws/install/px4_msgs/include/px4_msgs/px4_msgs/msg/detail/sensor_gnss_relative__builder.hpp\n'}
[1.471023] (px4_msgs) StdoutLine: {'line': b'-- Up-to-date symlink: /home/maanavjugalshah/SwarmAero/ros2_ws/install/px4_msgs/include/px4_msgs/px4_msgs/msg/detail/sensor_gnss_relative__struct.hpp\n'}
[1.471224] (px4_msgs) StdoutLine: {'line': b'-- Up-to-date symlink: /home/maanavjugalshah/SwarmAero/ros2_ws/install/px4_msgs/include/px4_msgs/px4_msgs/msg/detail/sensor_gnss_relative__traits.hpp\n'}
[1.471351] (px4_msgs) StdoutLine: {'line': b'-- Up-to-date symlink: /home/maanavjugalshah/SwarmAero/ros2_ws/install/px4_msgs/include/px4_msgs/px4_msgs/msg/detail/sensor_gnss_relative__type_support.hpp\n'}
[1.471547] (px4_msgs) StdoutLine: {'line': b'-- Up-to-date symlink: /home/maanavjugalshah/SwarmAero/ros2_ws/install/px4_msgs/include/px4_msgs/px4_msgs/msg/detail/sensor_gnss_status__builder.hpp\n'}
[1.471661] (px4_msgs) StdoutLine: {'line': b'-- Up-to-date symlink: /home/maanavjugalshah/SwarmAero/ros2_ws/install/px4_msgs/include/px4_msgs/px4_msgs/msg/detail/sensor_gnss_status__struct.hpp\n'}
[1.471741] (px4_msgs) StdoutLine: {'line': b'-- Up-to-date symlink: /home/maanavjugalshah/SwarmAero/ros2_ws/install/px4_msgs/include/px4_msgs/px4_msgs/msg/detail/sensor_gnss_status__traits.hpp\n'}
[1.472017] (px4_msgs) StdoutLine: {'line': b'-- Up-to-date symlink: /home/maanavjugalshah/SwarmAero/ros2_ws/install/px4_msgs/include/px4_msgs/px4_msgs/msg/detail/sensor_gnss_status__type_support.hpp\n'}
[1.472113] (px4_msgs) StdoutLine: {'line': b'-- Up-to-date symlink: /home/maanavjugalshah/SwarmAero/ros2_ws/install/px4_msgs/include/px4_msgs/px4_msgs/msg/detail/sensor_gps__builder.hpp\n'}
[1.472522] (px4_msgs) StdoutLine: {'line': b'-- Up-to-date symlink: /home/maanavjugalshah/SwarmAero/ros2_ws/install/px4_msgs/include/px4_msgs/px4_msgs/msg/detail/sensor_gps__struct.hpp\n'}
[1.473198] (px4_msgs) StdoutLine: {'line': b'-- Up-to-date symlink: /home/maanavjugalshah/SwarmAero/ros2_ws/install/px4_msgs/include/px4_msgs/px4_msgs/msg/detail/sensor_gps__traits.hpp\n'}
[1.473636] (px4_msgs) StdoutLine: {'line': b'-- Up-to-date symlink: /home/maanavjugalshah/SwarmAero/ros2_ws/install/px4_msgs/include/px4_msgs/px4_msgs/msg/detail/sensor_gps__type_support.hpp\n'}
[1.474162] (px4_msgs) StdoutLine: {'line': b'-- Up-to-date symlink: /home/maanavjugalshah/SwarmAero/ros2_ws/install/px4_msgs/include/px4_msgs/px4_msgs/msg/detail/sensor_gyro__builder.hpp\n'}
[1.474599] (px4_msgs) StdoutLine: {'line': b'-- Up-to-date symlink: /home/maanavjugalshah/SwarmAero/ros2_ws/install/px4_msgs/include/px4_msgs/px4_msgs/msg/detail/sensor_gyro__struct.hpp\n'}
[1.474848] (px4_msgs) StdoutLine: {'line': b'-- Up-to-date symlink: /home/maanavjugalshah/SwarmAero/ros2_ws/install/px4_msgs/include/px4_msgs/px4_msgs/msg/detail/sensor_gyro__traits.hpp\n'}
[1.475091] (px4_msgs) StdoutLine: {'line': b'-- Up-to-date symlink: /home/maanavjugalshah/SwarmAero/ros2_ws/install/px4_msgs/include/px4_msgs/px4_msgs/msg/detail/sensor_gyro__type_support.hpp\n'}
[1.475231] (px4_msgs) StdoutLine: {'line': b'-- Up-to-date symlink: /home/maanavjugalshah/SwarmAero/ros2_ws/install/px4_msgs/include/px4_msgs/px4_msgs/msg/detail/sensor_gyro_fft__builder.hpp\n'}
[1.475455] (px4_msgs) StdoutLine: {'line': b'-- Up-to-date symlink: /home/maanavjugalshah/SwarmAero/ros2_ws/install/px4_msgs/include/px4_msgs/px4_msgs/msg/detail/sensor_gyro_fft__struct.hpp\n'}
[1.475582] (px4_msgs) StdoutLine: {'line': b'-- Up-to-date symlink: /home/maanavjugalshah/SwarmAero/ros2_ws/install/px4_msgs/include/px4_msgs/px4_msgs/msg/detail/sensor_gyro_fft__traits.hpp\n'}
[1.475624] (px4_msgs) StdoutLine: {'line': b'-- Up-to-date symlink: /home/maanavjugalshah/SwarmAero/ros2_ws/install/px4_msgs/include/px4_msgs/px4_msgs/msg/detail/sensor_gyro_fft__type_support.hpp\n'}
[1.475663] (px4_msgs) StdoutLine: {'line': b'-- Up-to-date symlink: /home/maanavjugalshah/SwarmAero/ros2_ws/install/px4_msgs/include/px4_msgs/px4_msgs/msg/detail/sensor_gyro_fifo__builder.hpp\n'}
[1.475755] (px4_msgs) StdoutLine: {'line': b'-- Up-to-date symlink: /home/maanavjugalshah/SwarmAero/ros2_ws/install/px4_msgs/include/px4_msgs/px4_msgs/msg/detail/sensor_gyro_fifo__struct.hpp\n'}
[1.476057] (px4_msgs) StdoutLine: {'line': b'-- Up-to-date symlink: /home/maanavjugalshah/SwarmAero/ros2_ws/install/px4_msgs/include/px4_msgs/px4_msgs/msg/detail/sensor_gyro_fifo__traits.hpp\n'}
[1.476290] (px4_msgs) StdoutLine: {'line': b'-- Up-to-date symlink: /home/maanavjugalshah/SwarmAero/ros2_ws/install/px4_msgs/include/px4_msgs/px4_msgs/msg/detail/sensor_gyro_fifo__type_support.hpp\n'}
[1.476616] (px4_msgs) StdoutLine: {'line': b'-- Up-to-date symlink: /home/maanavjugalshah/SwarmAero/ros2_ws/install/px4_msgs/include/px4_msgs/px4_msgs/msg/detail/sensor_hygrometer__builder.hpp\n'}
[1.477417] (px4_msgs) StdoutLine: {'line': b'-- Up-to-date symlink: /home/maanavjugalshah/SwarmAero/ros2_ws/install/px4_msgs/include/px4_msgs/px4_msgs/msg/detail/sensor_hygrometer__struct.hpp\n'}
[1.478124] (px4_msgs) StdoutLine: {'line': b'-- Up-to-date symlink: /home/maanavjugalshah/SwarmAero/ros2_ws/install/px4_msgs/include/px4_msgs/px4_msgs/msg/detail/sensor_hygrometer__traits.hpp\n'}
[1.478805] (px4_msgs) StdoutLine: {'line': b'-- Up-to-date symlink: /home/maanavjugalshah/SwarmAero/ros2_ws/install/px4_msgs/include/px4_msgs/px4_msgs/msg/detail/sensor_hygrometer__type_support.hpp\n'}
[1.479191] (px4_msgs) StdoutLine: {'line': b'-- Up-to-date symlink: /home/maanavjugalshah/SwarmAero/ros2_ws/install/px4_msgs/include/px4_msgs/px4_msgs/msg/detail/sensor_mag__builder.hpp\n'}
[1.479378] (px4_msgs) StdoutLine: {'line': b'-- Up-to-date symlink: /home/maanavjugalshah/SwarmAero/ros2_ws/install/px4_msgs/include/px4_msgs/px4_msgs/msg/detail/sensor_mag__struct.hpp\n'}
[1.479503] (px4_msgs) StdoutLine: {'line': b'-- Up-to-date symlink: /home/maanavjugalshah/SwarmAero/ros2_ws/install/px4_msgs/include/px4_msgs/px4_msgs/msg/detail/sensor_mag__traits.hpp\n'}
[1.479906] (px4_msgs) StdoutLine: {'line': b'-- Up-to-date symlink: /home/maanavjugalshah/SwarmAero/ros2_ws/install/px4_msgs/include/px4_msgs/px4_msgs/msg/detail/sensor_mag__type_support.hpp\n'}
[1.480484] (px4_msgs) StdoutLine: {'line': b'-- Up-to-date symlink: /home/maanavjugalshah/SwarmAero/ros2_ws/install/px4_msgs/include/px4_msgs/px4_msgs/msg/detail/sensor_optical_flow__builder.hpp\n'}
[1.480613] (px4_msgs) StdoutLine: {'line': b'-- Up-to-date symlink: /home/maanavjugalshah/SwarmAero/ros2_ws/install/px4_msgs/include/px4_msgs/px4_msgs/msg/detail/sensor_optical_flow__struct.hpp\n'}
[1.480779] (px4_msgs) StdoutLine: {'line': b'-- Up-to-date symlink: /home/maanavjugalshah/SwarmAero/ros2_ws/install/px4_msgs/include/px4_msgs/px4_msgs/msg/detail/sensor_optical_flow__traits.hpp\n'}
[1.480959] (px4_msgs) StdoutLine: {'line': b'-- Up-to-date symlink: /home/maanavjugalshah/SwarmAero/ros2_ws/install/px4_msgs/include/px4_msgs/px4_msgs/msg/detail/sensor_optical_flow__type_support.hpp\n'}
[1.481024] (px4_msgs) StdoutLine: {'line': b'-- Up-to-date symlink: /home/maanavjugalshah/SwarmAero/ros2_ws/install/px4_msgs/include/px4_msgs/px4_msgs/msg/detail/sensor_preflight_mag__builder.hpp\n'}
[1.481516] (px4_msgs) StdoutLine: {'line': b'-- Up-to-date symlink: /home/maanavjugalshah/SwarmAero/ros2_ws/install/px4_msgs/include/px4_msgs/px4_msgs/msg/detail/sensor_preflight_mag__struct.hpp\n'}
[1.481706] (px4_msgs) StdoutLine: {'line': b'-- Up-to-date symlink: /home/maanavjugalshah/SwarmAero/ros2_ws/install/px4_msgs/include/px4_msgs/px4_msgs/msg/detail/sensor_preflight_mag__traits.hpp\n'}
[1.481857] (px4_msgs) StdoutLine: {'line': b'-- Up-to-date symlink: /home/maanavjugalshah/SwarmAero/ros2_ws/install/px4_msgs/include/px4_msgs/px4_msgs/msg/detail/sensor_preflight_mag__type_support.hpp\n'}
[1.481979] (px4_msgs) StdoutLine: {'line': b'-- Up-to-date symlink: /home/maanavjugalshah/SwarmAero/ros2_ws/install/px4_msgs/include/px4_msgs/px4_msgs/msg/detail/sensor_selection__builder.hpp\n'}
[1.482097] (px4_msgs) StdoutLine: {'line': b'-- Up-to-date symlink: /home/maanavjugalshah/SwarmAero/ros2_ws/install/px4_msgs/include/px4_msgs/px4_msgs/msg/detail/sensor_selection__struct.hpp\n'}
[1.482329] (px4_msgs) StdoutLine: {'line': b'-- Up-to-date symlink: /home/maanavjugalshah/SwarmAero/ros2_ws/install/px4_msgs/include/px4_msgs/px4_msgs/msg/detail/sensor_selection__traits.hpp\n'}
[1.482558] (px4_msgs) StdoutLine: {'line': b'-- Up-to-date symlink: /home/maanavjugalshah/SwarmAero/ros2_ws/install/px4_msgs/include/px4_msgs/px4_msgs/msg/detail/sensor_selection__type_support.hpp\n'}
[1.482649] (px4_msgs) StdoutLine: {'line': b'-- Up-to-date symlink: /home/maanavjugalshah/SwarmAero/ros2_ws/install/px4_msgs/include/px4_msgs/px4_msgs/msg/detail/sensor_temp__builder.hpp\n'}
[1.482708] (px4_msgs) StdoutLine: {'line': b'-- Up-to-date symlink: /home/maanavjugalshah/SwarmAero/ros2_ws/install/px4_msgs/include/px4_msgs/px4_msgs/msg/detail/sensor_temp__struct.hpp\n'}
[1.482747] (px4_msgs) StdoutLine: {'line': b'-- Up-to-date symlink: /home/maanavjugalshah/SwarmAero/ros2_ws/install/px4_msgs/include/px4_msgs/px4_msgs/msg/detail/sensor_temp__traits.hpp\n'}
[1.482786] (px4_msgs) StdoutLine: {'line': b'-- Up-to-date symlink: /home/maanavjugalshah/SwarmAero/ros2_ws/install/px4_msgs/include/px4_msgs/px4_msgs/msg/detail/sensor_temp__type_support.hpp\n'}
[1.482876] (px4_msgs) StdoutLine: {'line': b'-- Up-to-date symlink: /home/maanavjugalshah/SwarmAero/ros2_ws/install/px4_msgs/include/px4_msgs/px4_msgs/msg/detail/sensor_uwb__builder.hpp\n'}
[1.483193] (px4_msgs) StdoutLine: {'line': b'-- Up-to-date symlink: /home/maanavjugalshah/SwarmAero/ros2_ws/install/px4_msgs/include/px4_msgs/px4_msgs/msg/detail/sensor_uwb__struct.hpp\n'}
[1.483297] (px4_msgs) StdoutLine: {'line': b'-- Up-to-date symlink: /home/maanavjugalshah/SwarmAero/ros2_ws/install/px4_msgs/include/px4_msgs/px4_msgs/msg/detail/sensor_uwb__traits.hpp\n'}
[1.483350] (px4_msgs) StdoutLine: {'line': b'-- Up-to-date symlink: /home/maanavjugalshah/SwarmAero/ros2_ws/install/px4_msgs/include/px4_msgs/px4_msgs/msg/detail/sensor_uwb__type_support.hpp\n'}
[1.483389] (px4_msgs) StdoutLine: {'line': b'-- Up-to-date symlink: /home/maanavjugalshah/SwarmAero/ros2_ws/install/px4_msgs/include/px4_msgs/px4_msgs/msg/detail/sensors_status__builder.hpp\n'}
[1.483730] (px4_msgs) StdoutLine: {'line': b'-- Up-to-date symlink: /home/maanavjugalshah/SwarmAero/ros2_ws/install/px4_msgs/include/px4_msgs/px4_msgs/msg/detail/sensors_status__struct.hpp\n'}
[1.483827] (px4_msgs) StdoutLine: {'line': b'-- Up-to-date symlink: /home/maanavjugalshah/SwarmAero/ros2_ws/install/px4_msgs/include/px4_msgs/px4_msgs/msg/detail/sensors_status__traits.hpp\n'}
[1.483902] (px4_msgs) StdoutLine: {'line': b'-- Up-to-date symlink: /home/maanavjugalshah/SwarmAero/ros2_ws/install/px4_msgs/include/px4_msgs/px4_msgs/msg/detail/sensors_status__type_support.hpp\n'}
[1.484009] (px4_msgs) StdoutLine: {'line': b'-- Up-to-date symlink: /home/maanavjugalshah/SwarmAero/ros2_ws/install/px4_msgs/include/px4_msgs/px4_msgs/msg/detail/sensors_status_imu__builder.hpp\n'}
[1.484242] (px4_msgs) StdoutLine: {'line': b'-- Up-to-date symlink: /home/maanavjugalshah/SwarmAero/ros2_ws/install/px4_msgs/include/px4_msgs/px4_msgs/msg/detail/sensors_status_imu__struct.hpp\n'}
[1.484359] (px4_msgs) StdoutLine: {'line': b'-- Up-to-date symlink: /home/maanavjugalshah/SwarmAero/ros2_ws/install/px4_msgs/include/px4_msgs/px4_msgs/msg/detail/sensors_status_imu__traits.hpp\n'}
[1.484469] (px4_msgs) StdoutLine: {'line': b'-- Up-to-date symlink: /home/maanavjugalshah/SwarmAero/ros2_ws/install/px4_msgs/include/px4_msgs/px4_msgs/msg/detail/sensors_status_imu__type_support.hpp\n'}
[1.484660] (px4_msgs) StdoutLine: {'line': b'-- Up-to-date symlink: /home/maanavjugalshah/SwarmAero/ros2_ws/install/px4_msgs/include/px4_msgs/px4_msgs/msg/detail/system_power__builder.hpp\n'}
[1.484920] (px4_msgs) StdoutLine: {'line': b'-- Up-to-date symlink: /home/maanavjugalshah/SwarmAero/ros2_ws/install/px4_msgs/include/px4_msgs/px4_msgs/msg/detail/system_power__struct.hpp\n'}
[1.485306] (px4_msgs) StdoutLine: {'line': b'-- Up-to-date symlink: /home/maanavjugalshah/SwarmAero/ros2_ws/install/px4_msgs/include/px4_msgs/px4_msgs/msg/detail/system_power__traits.hpp\n'}
[1.485356] (px4_msgs) StdoutLine: {'line': b'-- Up-to-date symlink: /home/maanavjugalshah/SwarmAero/ros2_ws/install/px4_msgs/include/px4_msgs/px4_msgs/msg/detail/system_power__type_support.hpp\n'}
[1.485395] (px4_msgs) StdoutLine: {'line': b'-- Up-to-date symlink: /home/maanavjugalshah/SwarmAero/ros2_ws/install/px4_msgs/include/px4_msgs/px4_msgs/msg/detail/takeoff_status__builder.hpp\n'}
[1.485433] (px4_msgs) StdoutLine: {'line': b'-- Up-to-date symlink: /home/maanavjugalshah/SwarmAero/ros2_ws/install/px4_msgs/include/px4_msgs/px4_msgs/msg/detail/takeoff_status__struct.hpp\n'}
[1.485615] (px4_msgs) StdoutLine: {'line': b'-- Up-to-date symlink: /home/maanavjugalshah/SwarmAero/ros2_ws/install/px4_msgs/include/px4_msgs/px4_msgs/msg/detail/takeoff_status__traits.hpp\n'}
[1.485714] (px4_msgs) StdoutLine: {'line': b'-- Up-to-date symlink: /home/maanavjugalshah/SwarmAero/ros2_ws/install/px4_msgs/include/px4_msgs/px4_msgs/msg/detail/takeoff_status__type_support.hpp\n'}
[1.485756] (px4_msgs) StdoutLine: {'line': b'-- Up-to-date symlink: /home/maanavjugalshah/SwarmAero/ros2_ws/install/px4_msgs/include/px4_msgs/px4_msgs/msg/detail/task_stack_info__builder.hpp\n'}
[1.485792] (px4_msgs) StdoutLine: {'line': b'-- Up-to-date symlink: /home/maanavjugalshah/SwarmAero/ros2_ws/install/px4_msgs/include/px4_msgs/px4_msgs/msg/detail/task_stack_info__struct.hpp\n'}
[1.485827] (px4_msgs) StdoutLine: {'line': b'-- Up-to-date symlink: /home/maanavjugalshah/SwarmAero/ros2_ws/install/px4_msgs/include/px4_msgs/px4_msgs/msg/detail/task_stack_info__traits.hpp\n'}
[1.485868] (px4_msgs) StdoutLine: {'line': b'-- Up-to-date symlink: /home/maanavjugalshah/SwarmAero/ros2_ws/install/px4_msgs/include/px4_msgs/px4_msgs/msg/detail/task_stack_info__type_support.hpp\n'}
[1.486549] (px4_msgs) StdoutLine: {'line': b'-- Up-to-date symlink: /home/maanavjugalshah/SwarmAero/ros2_ws/install/px4_msgs/include/px4_msgs/px4_msgs/msg/detail/tecs_status__builder.hpp\n'}
[1.487012] (px4_msgs) StdoutLine: {'line': b'-- Up-to-date symlink: /home/maanavjugalshah/SwarmAero/ros2_ws/install/px4_msgs/include/px4_msgs/px4_msgs/msg/detail/tecs_status__struct.hpp\n'}
[1.487119] (px4_msgs) StdoutLine: {'line': b'-- Up-to-date symlink: /home/maanavjugalshah/SwarmAero/ros2_ws/install/px4_msgs/include/px4_msgs/px4_msgs/msg/detail/tecs_status__traits.hpp\n'}
[1.487454] (px4_msgs) StdoutLine: {'line': b'-- Up-to-date symlink: /home/maanavjugalshah/SwarmAero/ros2_ws/install/px4_msgs/include/px4_msgs/px4_msgs/msg/detail/tecs_status__type_support.hpp\n'}
[1.488016] (px4_msgs) StdoutLine: {'line': b'-- Up-to-date symlink: /home/maanavjugalshah/SwarmAero/ros2_ws/install/px4_msgs/include/px4_msgs/px4_msgs/msg/detail/telemetry_status__builder.hpp\n'}
[1.488585] (px4_msgs) StdoutLine: {'line': b'-- Up-to-date symlink: /home/maanavjugalshah/SwarmAero/ros2_ws/install/px4_msgs/include/px4_msgs/px4_msgs/msg/detail/telemetry_status__struct.hpp\n'}
[1.488792] (px4_msgs) StdoutLine: {'line': b'-- Up-to-date symlink: /home/maanavjugalshah/SwarmAero/ros2_ws/install/px4_msgs/include/px4_msgs/px4_msgs/msg/detail/telemetry_status__traits.hpp\n'}
[1.489060] (px4_msgs) StdoutLine: {'line': b'-- Up-to-date symlink: /home/maanavjugalshah/SwarmAero/ros2_ws/install/px4_msgs/include/px4_msgs/px4_msgs/msg/detail/telemetry_status__type_support.hpp\n'}
[1.489136] (px4_msgs) StdoutLine: {'line': b'-- Up-to-date symlink: /home/maanavjugalshah/SwarmAero/ros2_ws/install/px4_msgs/include/px4_msgs/px4_msgs/msg/detail/tiltrotor_extra_controls__builder.hpp\n'}
[1.489250] (px4_msgs) StdoutLine: {'line': b'-- Up-to-date symlink: /home/maanavjugalshah/SwarmAero/ros2_ws/install/px4_msgs/include/px4_msgs/px4_msgs/msg/detail/tiltrotor_extra_controls__struct.hpp\n'}
[1.489716] (px4_msgs) StdoutLine: {'line': b'-- Up-to-date symlink: /home/maanavjugalshah/SwarmAero/ros2_ws/install/px4_msgs/include/px4_msgs/px4_msgs/msg/detail/tiltrotor_extra_controls__traits.hpp\n'}
[1.489977] (px4_msgs) StdoutLine: {'line': b'-- Up-to-date symlink: /home/maanavjugalshah/SwarmAero/ros2_ws/install/px4_msgs/include/px4_msgs/px4_msgs/msg/detail/tiltrotor_extra_controls__type_support.hpp\n'}
[1.490226] (px4_msgs) StdoutLine: {'line': b'-- Up-to-date symlink: /home/maanavjugalshah/SwarmAero/ros2_ws/install/px4_msgs/include/px4_msgs/px4_msgs/msg/detail/timesync_status__builder.hpp\n'}
[1.490459] (px4_msgs) StdoutLine: {'line': b'-- Up-to-date symlink: /home/maanavjugalshah/SwarmAero/ros2_ws/install/px4_msgs/include/px4_msgs/px4_msgs/msg/detail/timesync_status__struct.hpp\n'}
[1.491015] (px4_msgs) StdoutLine: {'line': b'-- Up-to-date symlink: /home/maanavjugalshah/SwarmAero/ros2_ws/install/px4_msgs/include/px4_msgs/px4_msgs/msg/detail/timesync_status__traits.hpp\n'}
[1.491114] (px4_msgs) StdoutLine: {'line': b'-- Up-to-date symlink: /home/maanavjugalshah/SwarmAero/ros2_ws/install/px4_msgs/include/px4_msgs/px4_msgs/msg/detail/timesync_status__type_support.hpp\n'}
[1.491228] (px4_msgs) StdoutLine: {'line': b'-- Up-to-date symlink: /home/maanavjugalshah/SwarmAero/ros2_ws/install/px4_msgs/include/px4_msgs/px4_msgs/msg/detail/trajectory_setpoint6dof__builder.hpp\n'}
[1.491317] (px4_msgs) StdoutLine: {'line': b'-- Up-to-date symlink: /home/maanavjugalshah/SwarmAero/ros2_ws/install/px4_msgs/include/px4_msgs/px4_msgs/msg/detail/trajectory_setpoint6dof__struct.hpp\n'}
[1.491515] (px4_msgs) StdoutLine: {'line': b'-- Up-to-date symlink: /home/maanavjugalshah/SwarmAero/ros2_ws/install/px4_msgs/include/px4_msgs/px4_msgs/msg/detail/trajectory_setpoint6dof__traits.hpp\n'}
[1.491561] (px4_msgs) StdoutLine: {'line': b'-- Up-to-date symlink: /home/maanavjugalshah/SwarmAero/ros2_ws/install/px4_msgs/include/px4_msgs/px4_msgs/msg/detail/trajectory_setpoint6dof__type_support.hpp\n'}
[1.491794] (px4_msgs) StdoutLine: {'line': b'-- Up-to-date symlink: /home/maanavjugalshah/SwarmAero/ros2_ws/install/px4_msgs/include/px4_msgs/px4_msgs/msg/detail/trajectory_setpoint__builder.hpp\n'}
[1.491995] (px4_msgs) StdoutLine: {'line': b'-- Up-to-date symlink: /home/maanavjugalshah/SwarmAero/ros2_ws/install/px4_msgs/include/px4_msgs/px4_msgs/msg/detail/trajectory_setpoint__struct.hpp\n'}
[1.492160] (px4_msgs) StdoutLine: {'line': b'-- Up-to-date symlink: /home/maanavjugalshah/SwarmAero/ros2_ws/install/px4_msgs/include/px4_msgs/px4_msgs/msg/detail/trajectory_setpoint__traits.hpp\n'}
[1.492208] (px4_msgs) StdoutLine: {'line': b'-- Up-to-date symlink: /home/maanavjugalshah/SwarmAero/ros2_ws/install/px4_msgs/include/px4_msgs/px4_msgs/msg/detail/trajectory_setpoint__type_support.hpp\n'}
[1.492485] (px4_msgs) StdoutLine: {'line': b'-- Up-to-date symlink: /home/maanavjugalshah/SwarmAero/ros2_ws/install/px4_msgs/include/px4_msgs/px4_msgs/msg/detail/transponder_report__builder.hpp\n'}
[1.492860] (px4_msgs) StdoutLine: {'line': b'-- Up-to-date symlink: /home/maanavjugalshah/SwarmAero/ros2_ws/install/px4_msgs/include/px4_msgs/px4_msgs/msg/detail/transponder_report__struct.hpp\n'}
[1.493187] (px4_msgs) StdoutLine: {'line': b'-- Up-to-date symlink: /home/maanavjugalshah/SwarmAero/ros2_ws/install/px4_msgs/include/px4_msgs/px4_msgs/msg/detail/transponder_report__traits.hpp\n'}
[1.493286] (px4_msgs) StdoutLine: {'line': b'-- Up-to-date symlink: /home/maanavjugalshah/SwarmAero/ros2_ws/install/px4_msgs/include/px4_msgs/px4_msgs/msg/detail/transponder_report__type_support.hpp\n'}
[1.493333] (px4_msgs) StdoutLine: {'line': b'-- Up-to-date symlink: /home/maanavjugalshah/SwarmAero/ros2_ws/install/px4_msgs/include/px4_msgs/px4_msgs/msg/detail/tune_control__builder.hpp\n'}
[1.493370] (px4_msgs) StdoutLine: {'line': b'-- Up-to-date symlink: /home/maanavjugalshah/SwarmAero/ros2_ws/install/px4_msgs/include/px4_msgs/px4_msgs/msg/detail/tune_control__struct.hpp\n'}
[1.493406] (px4_msgs) StdoutLine: {'line': b'-- Up-to-date symlink: /home/maanavjugalshah/SwarmAero/ros2_ws/install/px4_msgs/include/px4_msgs/px4_msgs/msg/detail/tune_control__traits.hpp\n'}
[1.493579] (px4_msgs) StdoutLine: {'line': b'-- Up-to-date symlink: /home/maanavjugalshah/SwarmAero/ros2_ws/install/px4_msgs/include/px4_msgs/px4_msgs/msg/detail/tune_control__type_support.hpp\n'}
[1.493707] (px4_msgs) StdoutLine: {'line': b'-- Up-to-date symlink: /home/maanavjugalshah/SwarmAero/ros2_ws/install/px4_msgs/include/px4_msgs/px4_msgs/msg/detail/uavcan_parameter_request__builder.hpp\n'}
[1.493801] (px4_msgs) StdoutLine: {'line': b'-- Up-to-date symlink: /home/maanavjugalshah/SwarmAero/ros2_ws/install/px4_msgs/include/px4_msgs/px4_msgs/msg/detail/uavcan_parameter_request__struct.hpp\n'}
[1.494080] (px4_msgs) StdoutLine: {'line': b'-- Up-to-date symlink: /home/maanavjugalshah/SwarmAero/ros2_ws/install/px4_msgs/include/px4_msgs/px4_msgs/msg/detail/uavcan_parameter_request__traits.hpp\n'}
[1.494265] (px4_msgs) StdoutLine: {'line': b'-- Up-to-date symlink: /home/maanavjugalshah/SwarmAero/ros2_ws/install/px4_msgs/include/px4_msgs/px4_msgs/msg/detail/uavcan_parameter_request__type_support.hpp\n'}
[1.494310] (px4_msgs) StdoutLine: {'line': b'-- Up-to-date symlink: /home/maanavjugalshah/SwarmAero/ros2_ws/install/px4_msgs/include/px4_msgs/px4_msgs/msg/detail/uavcan_parameter_value__builder.hpp\n'}
[1.494388] (px4_msgs) StdoutLine: {'line': b'-- Up-to-date symlink: /home/maanavjugalshah/SwarmAero/ros2_ws/install/px4_msgs/include/px4_msgs/px4_msgs/msg/detail/uavcan_parameter_value__struct.hpp\n'}
[1.494733] (px4_msgs) StdoutLine: {'line': b'-- Up-to-date symlink: /home/maanavjugalshah/SwarmAero/ros2_ws/install/px4_msgs/include/px4_msgs/px4_msgs/msg/detail/uavcan_parameter_value__traits.hpp\n'}
[1.494880] (px4_msgs) StdoutLine: {'line': b'-- Up-to-date symlink: /home/maanavjugalshah/SwarmAero/ros2_ws/install/px4_msgs/include/px4_msgs/px4_msgs/msg/detail/uavcan_parameter_value__type_support.hpp\n'}
[1.494955] (px4_msgs) StdoutLine: {'line': b'-- Up-to-date symlink: /home/maanavjugalshah/SwarmAero/ros2_ws/install/px4_msgs/include/px4_msgs/px4_msgs/msg/detail/ulog_stream__builder.hpp\n'}
[1.495057] (px4_msgs) StdoutLine: {'line': b'-- Up-to-date symlink: /home/maanavjugalshah/SwarmAero/ros2_ws/install/px4_msgs/include/px4_msgs/px4_msgs/msg/detail/ulog_stream__struct.hpp\n'}
[1.495147] (px4_msgs) StdoutLine: {'line': b'-- Up-to-date symlink: /home/maanavjugalshah/SwarmAero/ros2_ws/install/px4_msgs/include/px4_msgs/px4_msgs/msg/detail/ulog_stream__traits.hpp\n'}
[1.495222] (px4_msgs) StdoutLine: {'line': b'-- Up-to-date symlink: /home/maanavjugalshah/SwarmAero/ros2_ws/install/px4_msgs/include/px4_msgs/px4_msgs/msg/detail/ulog_stream__type_support.hpp\n'}
[1.495380] (px4_msgs) StdoutLine: {'line': b'-- Up-to-date symlink: /home/maanavjugalshah/SwarmAero/ros2_ws/install/px4_msgs/include/px4_msgs/px4_msgs/msg/detail/ulog_stream_ack__builder.hpp\n'}
[1.495474] (px4_msgs) StdoutLine: {'line': b'-- Up-to-date symlink: /home/maanavjugalshah/SwarmAero/ros2_ws/install/px4_msgs/include/px4_msgs/px4_msgs/msg/detail/ulog_stream_ack__struct.hpp\n'}
[1.495561] (px4_msgs) StdoutLine: {'line': b'-- Up-to-date symlink: /home/maanavjugalshah/SwarmAero/ros2_ws/install/px4_msgs/include/px4_msgs/px4_msgs/msg/detail/ulog_stream_ack__traits.hpp\n'}
[1.495687] (px4_msgs) StdoutLine: {'line': b'-- Up-to-date symlink: /home/maanavjugalshah/SwarmAero/ros2_ws/install/px4_msgs/include/px4_msgs/px4_msgs/msg/detail/ulog_stream_ack__type_support.hpp\n'}
[1.495903] (px4_msgs) StdoutLine: {'line': b'-- Up-to-date symlink: /home/maanavjugalshah/SwarmAero/ros2_ws/install/px4_msgs/include/px4_msgs/px4_msgs/msg/detail/unregister_ext_component__builder.hpp\n'}
[1.496038] (px4_msgs) StdoutLine: {'line': b'-- Up-to-date symlink: /home/maanavjugalshah/SwarmAero/ros2_ws/install/px4_msgs/include/px4_msgs/px4_msgs/msg/detail/unregister_ext_component__struct.hpp\n'}
[1.496276] (px4_msgs) StdoutLine: {'line': b'-- Up-to-date symlink: /home/maanavjugalshah/SwarmAero/ros2_ws/install/px4_msgs/include/px4_msgs/px4_msgs/msg/detail/unregister_ext_component__traits.hpp\n'}
[1.496407] (px4_msgs) StdoutLine: {'line': b'-- Up-to-date symlink: /home/maanavjugalshah/SwarmAero/ros2_ws/install/px4_msgs/include/px4_msgs/px4_msgs/msg/detail/unregister_ext_component__type_support.hpp\n'}
[1.496523] (px4_msgs) StdoutLine: {'line': b'-- Up-to-date symlink: /home/maanavjugalshah/SwarmAero/ros2_ws/install/px4_msgs/include/px4_msgs/px4_msgs/msg/detail/vehicle_acceleration__builder.hpp\n'}
[1.496759] (px4_msgs) StdoutLine: {'line': b'-- Up-to-date symlink: /home/maanavjugalshah/SwarmAero/ros2_ws/install/px4_msgs/include/px4_msgs/px4_msgs/msg/detail/vehicle_acceleration__struct.hpp\n'}
[1.496885] (px4_msgs) StdoutLine: {'line': b'-- Up-to-date symlink: /home/maanavjugalshah/SwarmAero/ros2_ws/install/px4_msgs/include/px4_msgs/px4_msgs/msg/detail/vehicle_acceleration__traits.hpp\n'}
[1.497277] (px4_msgs) StdoutLine: {'line': b'-- Up-to-date symlink: /home/maanavjugalshah/SwarmAero/ros2_ws/install/px4_msgs/include/px4_msgs/px4_msgs/msg/detail/vehicle_acceleration__type_support.hpp\n'}
[1.497623] (px4_msgs) StdoutLine: {'line': b'-- Up-to-date symlink: /home/maanavjugalshah/SwarmAero/ros2_ws/install/px4_msgs/include/px4_msgs/px4_msgs/msg/detail/vehicle_air_data__builder.hpp\n'}
[1.497855] (px4_msgs) StdoutLine: {'line': b'-- Up-to-date symlink: /home/maanavjugalshah/SwarmAero/ros2_ws/install/px4_msgs/include/px4_msgs/px4_msgs/msg/detail/vehicle_air_data__struct.hpp\n'}
[1.498449] (px4_msgs) StdoutLine: {'line': b'-- Up-to-date symlink: /home/maanavjugalshah/SwarmAero/ros2_ws/install/px4_msgs/include/px4_msgs/px4_msgs/msg/detail/vehicle_air_data__traits.hpp\n'}
[1.498719] (px4_msgs) StdoutLine: {'line': b'-- Up-to-date symlink: /home/maanavjugalshah/SwarmAero/ros2_ws/install/px4_msgs/include/px4_msgs/px4_msgs/msg/detail/vehicle_air_data__type_support.hpp\n'}
[1.498777] (px4_msgs) StdoutLine: {'line': b'-- Up-to-date symlink: /home/maanavjugalshah/SwarmAero/ros2_ws/install/px4_msgs/include/px4_msgs/px4_msgs/msg/detail/vehicle_angular_acceleration_setpoint__builder.hpp\n'}
[1.498816] (px4_msgs) StdoutLine: {'line': b'-- Up-to-date symlink: /home/maanavjugalshah/SwarmAero/ros2_ws/install/px4_msgs/include/px4_msgs/px4_msgs/msg/detail/vehicle_angular_acceleration_setpoint__struct.hpp\n'}
[1.498851] (px4_msgs) StdoutLine: {'line': b'-- Up-to-date symlink: /home/maanavjugalshah/SwarmAero/ros2_ws/install/px4_msgs/include/px4_msgs/px4_msgs/msg/detail/vehicle_angular_acceleration_setpoint__traits.hpp\n'}
[1.498885] (px4_msgs) StdoutLine: {'line': b'-- Up-to-date symlink: /home/maanavjugalshah/SwarmAero/ros2_ws/install/px4_msgs/include/px4_msgs/px4_msgs/msg/detail/vehicle_angular_acceleration_setpoint__type_support.hpp\n'}
[1.498972] (px4_msgs) StdoutLine: {'line': b'-- Up-to-date symlink: /home/maanavjugalshah/SwarmAero/ros2_ws/install/px4_msgs/include/px4_msgs/px4_msgs/msg/detail/vehicle_angular_velocity__builder.hpp\n'}
[1.499059] (px4_msgs) StdoutLine: {'line': b'-- Up-to-date symlink: /home/maanavjugalshah/SwarmAero/ros2_ws/install/px4_msgs/include/px4_msgs/px4_msgs/msg/detail/vehicle_angular_velocity__struct.hpp\n'}
[1.499132] (px4_msgs) StdoutLine: {'line': b'-- Up-to-date symlink: /home/maanavjugalshah/SwarmAero/ros2_ws/install/px4_msgs/include/px4_msgs/px4_msgs/msg/detail/vehicle_angular_velocity__traits.hpp\n'}
[1.499487] (px4_msgs) StdoutLine: {'line': b'-- Up-to-date symlink: /home/maanavjugalshah/SwarmAero/ros2_ws/install/px4_msgs/include/px4_msgs/px4_msgs/msg/detail/vehicle_angular_velocity__type_support.hpp\n'}
[1.499663] (px4_msgs) StdoutLine: {'line': b'-- Up-to-date symlink: /home/maanavjugalshah/SwarmAero/ros2_ws/install/px4_msgs/include/px4_msgs/px4_msgs/msg/detail/vehicle_attitude__builder.hpp\n'}
[1.499713] (px4_msgs) StdoutLine: {'line': b'-- Up-to-date symlink: /home/maanavjugalshah/SwarmAero/ros2_ws/install/px4_msgs/include/px4_msgs/px4_msgs/msg/detail/vehicle_attitude__struct.hpp\n'}
[1.499758] (px4_msgs) StdoutLine: {'line': b'-- Up-to-date symlink: /home/maanavjugalshah/SwarmAero/ros2_ws/install/px4_msgs/include/px4_msgs/px4_msgs/msg/detail/vehicle_attitude__traits.hpp\n'}
[1.499824] (px4_msgs) StdoutLine: {'line': b'-- Up-to-date symlink: /home/maanavjugalshah/SwarmAero/ros2_ws/install/px4_msgs/include/px4_msgs/px4_msgs/msg/detail/vehicle_attitude__type_support.hpp\n'}
[1.500044] (px4_msgs) StdoutLine: {'line': b'-- Up-to-date symlink: /home/maanavjugalshah/SwarmAero/ros2_ws/install/px4_msgs/include/px4_msgs/px4_msgs/msg/detail/vehicle_attitude_setpoint__builder.hpp\n'}
[1.500155] (px4_msgs) StdoutLine: {'line': b'-- Up-to-date symlink: /home/maanavjugalshah/SwarmAero/ros2_ws/install/px4_msgs/include/px4_msgs/px4_msgs/msg/detail/vehicle_attitude_setpoint__struct.hpp\n'}
[1.500361] (px4_msgs) StdoutLine: {'line': b'-- Up-to-date symlink: /home/maanavjugalshah/SwarmAero/ros2_ws/install/px4_msgs/include/px4_msgs/px4_msgs/msg/detail/vehicle_attitude_setpoint__traits.hpp\n'}
[1.500592] (px4_msgs) StdoutLine: {'line': b'-- Up-to-date symlink: /home/maanavjugalshah/SwarmAero/ros2_ws/install/px4_msgs/include/px4_msgs/px4_msgs/msg/detail/vehicle_attitude_setpoint__type_support.hpp\n'}
[1.500676] (px4_msgs) StdoutLine: {'line': b'-- Up-to-date symlink: /home/maanavjugalshah/SwarmAero/ros2_ws/install/px4_msgs/include/px4_msgs/px4_msgs/msg/detail/vehicle_command__builder.hpp\n'}
[1.500981] (px4_msgs) StdoutLine: {'line': b'-- Up-to-date symlink: /home/maanavjugalshah/SwarmAero/ros2_ws/install/px4_msgs/include/px4_msgs/px4_msgs/msg/detail/vehicle_command__struct.hpp\n'}
[1.501432] (px4_msgs) StdoutLine: {'line': b'-- Up-to-date symlink: /home/maanavjugalshah/SwarmAero/ros2_ws/install/px4_msgs/include/px4_msgs/px4_msgs/msg/detail/vehicle_command__traits.hpp\n'}
[1.501515] (px4_msgs) StdoutLine: {'line': b'-- Up-to-date symlink: /home/maanavjugalshah/SwarmAero/ros2_ws/install/px4_msgs/include/px4_msgs/px4_msgs/msg/detail/vehicle_command__type_support.hpp\n'}
[1.501814] (px4_msgs) StdoutLine: {'line': b'-- Up-to-date symlink: /home/maanavjugalshah/SwarmAero/ros2_ws/install/px4_msgs/include/px4_msgs/px4_msgs/msg/detail/vehicle_command_ack__builder.hpp\n'}
[1.502118] (px4_msgs) StdoutLine: {'line': b'-- Up-to-date symlink: /home/maanavjugalshah/SwarmAero/ros2_ws/install/px4_msgs/include/px4_msgs/px4_msgs/msg/detail/vehicle_command_ack__struct.hpp\n'}
[1.502394] (px4_msgs) StdoutLine: {'line': b'-- Up-to-date symlink: /home/maanavjugalshah/SwarmAero/ros2_ws/install/px4_msgs/include/px4_msgs/px4_msgs/msg/detail/vehicle_command_ack__traits.hpp\n'}
[1.502440] (px4_msgs) StdoutLine: {'line': b'-- Up-to-date symlink: /home/maanavjugalshah/SwarmAero/ros2_ws/install/px4_msgs/include/px4_msgs/px4_msgs/msg/detail/vehicle_command_ack__type_support.hpp\n'}
[1.502579] (px4_msgs) StdoutLine: {'line': b'-- Up-to-date symlink: /home/maanavjugalshah/SwarmAero/ros2_ws/install/px4_msgs/include/px4_msgs/px4_msgs/msg/detail/vehicle_constraints__builder.hpp\n'}
[1.502734] (px4_msgs) StdoutLine: {'line': b'-- Up-to-date symlink: /home/maanavjugalshah/SwarmAero/ros2_ws/install/px4_msgs/include/px4_msgs/px4_msgs/msg/detail/vehicle_constraints__struct.hpp\n'}
[1.502950] (-) TimerEvent: {}
[1.503052] (px4_msgs) StdoutLine: {'line': b'-- Up-to-date symlink: /home/maanavjugalshah/SwarmAero/ros2_ws/install/px4_msgs/include/px4_msgs/px4_msgs/msg/detail/vehicle_constraints__traits.hpp\n'}
[1.503276] (px4_msgs) StdoutLine: {'line': b'-- Up-to-date symlink: /home/maanavjugalshah/SwarmAero/ros2_ws/install/px4_msgs/include/px4_msgs/px4_msgs/msg/detail/vehicle_constraints__type_support.hpp\n'}
[1.503566] (px4_msgs) StdoutLine: {'line': b'-- Up-to-date symlink: /home/maanavjugalshah/SwarmAero/ros2_ws/install/px4_msgs/include/px4_msgs/px4_msgs/msg/detail/vehicle_control_mode__builder.hpp\n'}
[1.503788] (px4_msgs) StdoutLine: {'line': b'-- Up-to-date symlink: /home/maanavjugalshah/SwarmAero/ros2_ws/install/px4_msgs/include/px4_msgs/px4_msgs/msg/detail/vehicle_control_mode__struct.hpp\n'}
[1.504084] (px4_msgs) StdoutLine: {'line': b'-- Up-to-date symlink: /home/maanavjugalshah/SwarmAero/ros2_ws/install/px4_msgs/include/px4_msgs/px4_msgs/msg/detail/vehicle_control_mode__traits.hpp\n'}
[1.504191] (px4_msgs) StdoutLine: {'line': b'-- Up-to-date symlink: /home/maanavjugalshah/SwarmAero/ros2_ws/install/px4_msgs/include/px4_msgs/px4_msgs/msg/detail/vehicle_control_mode__type_support.hpp\n'}
[1.504387] (px4_msgs) StdoutLine: {'line': b'-- Up-to-date symlink: /home/maanavjugalshah/SwarmAero/ros2_ws/install/px4_msgs/include/px4_msgs/px4_msgs/msg/detail/vehicle_global_position__builder.hpp\n'}
[1.504722] (px4_msgs) StdoutLine: {'line': b'-- Up-to-date symlink: /home/maanavjugalshah/SwarmAero/ros2_ws/install/px4_msgs/include/px4_msgs/px4_msgs/msg/detail/vehicle_global_position__struct.hpp\n'}
[1.505407] (px4_msgs) StdoutLine: {'line': b'-- Up-to-date symlink: /home/maanavjugalshah/SwarmAero/ros2_ws/install/px4_msgs/include/px4_msgs/px4_msgs/msg/detail/vehicle_global_position__traits.hpp\n'}
[1.505511] (px4_msgs) StdoutLine: {'line': b'-- Up-to-date symlink: /home/maanavjugalshah/SwarmAero/ros2_ws/install/px4_msgs/include/px4_msgs/px4_msgs/msg/detail/vehicle_global_position__type_support.hpp\n'}
[1.505625] (px4_msgs) StdoutLine: {'line': b'-- Up-to-date symlink: /home/maanavjugalshah/SwarmAero/ros2_ws/install/px4_msgs/include/px4_msgs/px4_msgs/msg/detail/vehicle_imu__builder.hpp\n'}
[1.506046] (px4_msgs) StdoutLine: {'line': b'-- Up-to-date symlink: /home/maanavjugalshah/SwarmAero/ros2_ws/install/px4_msgs/include/px4_msgs/px4_msgs/msg/detail/vehicle_imu__struct.hpp\n'}
[1.506449] (px4_msgs) StdoutLine: {'line': b'-- Up-to-date symlink: /home/maanavjugalshah/SwarmAero/ros2_ws/install/px4_msgs/include/px4_msgs/px4_msgs/msg/detail/vehicle_imu__traits.hpp\n'}
[1.506643] (px4_msgs) StdoutLine: {'line': b'-- Up-to-date symlink: /home/maanavjugalshah/SwarmAero/ros2_ws/install/px4_msgs/include/px4_msgs/px4_msgs/msg/detail/vehicle_imu__type_support.hpp\n'}
[1.506751] (px4_msgs) StdoutLine: {'line': b'-- Up-to-date symlink: /home/maanavjugalshah/SwarmAero/ros2_ws/install/px4_msgs/include/px4_msgs/px4_msgs/msg/detail/vehicle_imu_status__builder.hpp\n'}
[1.506854] (px4_msgs) StdoutLine: {'line': b'-- Up-to-date symlink: /home/maanavjugalshah/SwarmAero/ros2_ws/install/px4_msgs/include/px4_msgs/px4_msgs/msg/detail/vehicle_imu_status__struct.hpp\n'}
[1.506940] (px4_msgs) StdoutLine: {'line': b'-- Up-to-date symlink: /home/maanavjugalshah/SwarmAero/ros2_ws/install/px4_msgs/include/px4_msgs/px4_msgs/msg/detail/vehicle_imu_status__traits.hpp\n'}
[1.507359] (px4_msgs) StdoutLine: {'line': b'-- Up-to-date symlink: /home/maanavjugalshah/SwarmAero/ros2_ws/install/px4_msgs/include/px4_msgs/px4_msgs/msg/detail/vehicle_imu_status__type_support.hpp\n'}
[1.507456] (px4_msgs) StdoutLine: {'line': b'-- Up-to-date symlink: /home/maanavjugalshah/SwarmAero/ros2_ws/install/px4_msgs/include/px4_msgs/px4_msgs/msg/detail/vehicle_land_detected__builder.hpp\n'}
[1.507548] (px4_msgs) StdoutLine: {'line': b'-- Up-to-date symlink: /home/maanavjugalshah/SwarmAero/ros2_ws/install/px4_msgs/include/px4_msgs/px4_msgs/msg/detail/vehicle_land_detected__struct.hpp\n'}
[1.507635] (px4_msgs) StdoutLine: {'line': b'-- Up-to-date symlink: /home/maanavjugalshah/SwarmAero/ros2_ws/install/px4_msgs/include/px4_msgs/px4_msgs/msg/detail/vehicle_land_detected__traits.hpp\n'}
[1.507898] (px4_msgs) StdoutLine: {'line': b'-- Up-to-date symlink: /home/maanavjugalshah/SwarmAero/ros2_ws/install/px4_msgs/include/px4_msgs/px4_msgs/msg/detail/vehicle_land_detected__type_support.hpp\n'}
[1.508203] (px4_msgs) StdoutLine: {'line': b'-- Up-to-date symlink: /home/maanavjugalshah/SwarmAero/ros2_ws/install/px4_msgs/include/px4_msgs/px4_msgs/msg/detail/vehicle_local_position__builder.hpp\n'}
[1.508436] (px4_msgs) StdoutLine: {'line': b'-- Up-to-date symlink: /home/maanavjugalshah/SwarmAero/ros2_ws/install/px4_msgs/include/px4_msgs/px4_msgs/msg/detail/vehicle_local_position__struct.hpp\n'}
[1.508635] (px4_msgs) StdoutLine: {'line': b'-- Up-to-date symlink: /home/maanavjugalshah/SwarmAero/ros2_ws/install/px4_msgs/include/px4_msgs/px4_msgs/msg/detail/vehicle_local_position__traits.hpp\n'}
[1.508820] (px4_msgs) StdoutLine: {'line': b'-- Up-to-date symlink: /home/maanavjugalshah/SwarmAero/ros2_ws/install/px4_msgs/include/px4_msgs/px4_msgs/msg/detail/vehicle_local_position__type_support.hpp\n'}
[1.508945] (px4_msgs) StdoutLine: {'line': b'-- Up-to-date symlink: /home/maanavjugalshah/SwarmAero/ros2_ws/install/px4_msgs/include/px4_msgs/px4_msgs/msg/detail/vehicle_local_position_setpoint__builder.hpp\n'}
[1.509231] (px4_msgs) StdoutLine: {'line': b'-- Up-to-date symlink: /home/maanavjugalshah/SwarmAero/ros2_ws/install/px4_msgs/include/px4_msgs/px4_msgs/msg/detail/vehicle_local_position_setpoint__struct.hpp\n'}
[1.509299] (px4_msgs) StdoutLine: {'line': b'-- Up-to-date symlink: /home/maanavjugalshah/SwarmAero/ros2_ws/install/px4_msgs/include/px4_msgs/px4_msgs/msg/detail/vehicle_local_position_setpoint__traits.hpp\n'}
[1.509342] (px4_msgs) StdoutLine: {'line': b'-- Up-to-date symlink: /home/maanavjugalshah/SwarmAero/ros2_ws/install/px4_msgs/include/px4_msgs/px4_msgs/msg/detail/vehicle_local_position_setpoint__type_support.hpp\n'}
[1.509395] (px4_msgs) StdoutLine: {'line': b'-- Up-to-date symlink: /home/maanavjugalshah/SwarmAero/ros2_ws/install/px4_msgs/include/px4_msgs/px4_msgs/msg/detail/vehicle_magnetometer__builder.hpp\n'}
[1.509442] (px4_msgs) StdoutLine: {'line': b'-- Up-to-date symlink: /home/maanavjugalshah/SwarmAero/ros2_ws/install/px4_msgs/include/px4_msgs/px4_msgs/msg/detail/vehicle_magnetometer__struct.hpp\n'}
[1.509478] (px4_msgs) StdoutLine: {'line': b'-- Up-to-date symlink: /home/maanavjugalshah/SwarmAero/ros2_ws/install/px4_msgs/include/px4_msgs/px4_msgs/msg/detail/vehicle_magnetometer__traits.hpp\n'}
[1.509543] (px4_msgs) StdoutLine: {'line': b'-- Up-to-date symlink: /home/maanavjugalshah/SwarmAero/ros2_ws/install/px4_msgs/include/px4_msgs/px4_msgs/msg/detail/vehicle_magnetometer__type_support.hpp\n'}
[1.509585] (px4_msgs) StdoutLine: {'line': b'-- Up-to-date symlink: /home/maanavjugalshah/SwarmAero/ros2_ws/install/px4_msgs/include/px4_msgs/px4_msgs/msg/detail/vehicle_odometry__builder.hpp\n'}
[1.509623] (px4_msgs) StdoutLine: {'line': b'-- Up-to-date symlink: /home/maanavjugalshah/SwarmAero/ros2_ws/install/px4_msgs/include/px4_msgs/px4_msgs/msg/detail/vehicle_odometry__struct.hpp\n'}
[1.509658] (px4_msgs) StdoutLine: {'line': b'-- Up-to-date symlink: /home/maanavjugalshah/SwarmAero/ros2_ws/install/px4_msgs/include/px4_msgs/px4_msgs/msg/detail/vehicle_odometry__traits.hpp\n'}
[1.509696] (px4_msgs) StdoutLine: {'line': b'-- Up-to-date symlink: /home/maanavjugalshah/SwarmAero/ros2_ws/install/px4_msgs/include/px4_msgs/px4_msgs/msg/detail/vehicle_odometry__type_support.hpp\n'}
[1.509774] (px4_msgs) StdoutLine: {'line': b'-- Up-to-date symlink: /home/maanavjugalshah/SwarmAero/ros2_ws/install/px4_msgs/include/px4_msgs/px4_msgs/msg/detail/vehicle_optical_flow__builder.hpp\n'}
[1.509846] (px4_msgs) StdoutLine: {'line': b'-- Up-to-date symlink: /home/maanavjugalshah/SwarmAero/ros2_ws/install/px4_msgs/include/px4_msgs/px4_msgs/msg/detail/vehicle_optical_flow__struct.hpp\n'}
[1.509911] (px4_msgs) StdoutLine: {'line': b'-- Up-to-date symlink: /home/maanavjugalshah/SwarmAero/ros2_ws/install/px4_msgs/include/px4_msgs/px4_msgs/msg/detail/vehicle_optical_flow__traits.hpp\n'}
[1.509979] (px4_msgs) StdoutLine: {'line': b'-- Up-to-date symlink: /home/maanavjugalshah/SwarmAero/ros2_ws/install/px4_msgs/include/px4_msgs/px4_msgs/msg/detail/vehicle_optical_flow__type_support.hpp\n'}
[1.510064] (px4_msgs) StdoutLine: {'line': b'-- Up-to-date symlink: /home/maanavjugalshah/SwarmAero/ros2_ws/install/px4_msgs/include/px4_msgs/px4_msgs/msg/detail/vehicle_optical_flow_vel__builder.hpp\n'}
[1.510136] (px4_msgs) StdoutLine: {'line': b'-- Up-to-date symlink: /home/maanavjugalshah/SwarmAero/ros2_ws/install/px4_msgs/include/px4_msgs/px4_msgs/msg/detail/vehicle_optical_flow_vel__struct.hpp\n'}
[1.510193] (px4_msgs) StdoutLine: {'line': b'-- Up-to-date symlink: /home/maanavjugalshah/SwarmAero/ros2_ws/install/px4_msgs/include/px4_msgs/px4_msgs/msg/detail/vehicle_optical_flow_vel__traits.hpp\n'}
[1.510278] (px4_msgs) StdoutLine: {'line': b'-- Up-to-date symlink: /home/maanavjugalshah/SwarmAero/ros2_ws/install/px4_msgs/include/px4_msgs/px4_msgs/msg/detail/vehicle_optical_flow_vel__type_support.hpp\n'}
[1.510356] (px4_msgs) StdoutLine: {'line': b'-- Up-to-date symlink: /home/maanavjugalshah/SwarmAero/ros2_ws/install/px4_msgs/include/px4_msgs/px4_msgs/msg/detail/vehicle_rates_setpoint__builder.hpp\n'}
[1.510424] (px4_msgs) StdoutLine: {'line': b'-- Up-to-date symlink: /home/maanavjugalshah/SwarmAero/ros2_ws/install/px4_msgs/include/px4_msgs/px4_msgs/msg/detail/vehicle_rates_setpoint__struct.hpp\n'}
[1.510489] (px4_msgs) StdoutLine: {'line': b'-- Up-to-date symlink: /home/maanavjugalshah/SwarmAero/ros2_ws/install/px4_msgs/include/px4_msgs/px4_msgs/msg/detail/vehicle_rates_setpoint__traits.hpp\n'}
[1.510548] (px4_msgs) StdoutLine: {'line': b'-- Up-to-date symlink: /home/maanavjugalshah/SwarmAero/ros2_ws/install/px4_msgs/include/px4_msgs/px4_msgs/msg/detail/vehicle_rates_setpoint__type_support.hpp\n'}
[1.510621] (px4_msgs) StdoutLine: {'line': b'-- Up-to-date symlink: /home/maanavjugalshah/SwarmAero/ros2_ws/install/px4_msgs/include/px4_msgs/px4_msgs/msg/detail/vehicle_roi__builder.hpp\n'}
[1.510671] (px4_msgs) StdoutLine: {'line': b'-- Up-to-date symlink: /home/maanavjugalshah/SwarmAero/ros2_ws/install/px4_msgs/include/px4_msgs/px4_msgs/msg/detail/vehicle_roi__struct.hpp\n'}
[1.510715] (px4_msgs) StdoutLine: {'line': b'-- Up-to-date symlink: /home/maanavjugalshah/SwarmAero/ros2_ws/install/px4_msgs/include/px4_msgs/px4_msgs/msg/detail/vehicle_roi__traits.hpp\n'}
[1.510772] (px4_msgs) StdoutLine: {'line': b'-- Up-to-date symlink: /home/maanavjugalshah/SwarmAero/ros2_ws/install/px4_msgs/include/px4_msgs/px4_msgs/msg/detail/vehicle_roi__type_support.hpp\n'}
[1.510880] (px4_msgs) StdoutLine: {'line': b'-- Up-to-date symlink: /home/maanavjugalshah/SwarmAero/ros2_ws/install/px4_msgs/include/px4_msgs/px4_msgs/msg/detail/vehicle_status__builder.hpp\n'}
[1.510944] (px4_msgs) StdoutLine: {'line': b'-- Up-to-date symlink: /home/maanavjugalshah/SwarmAero/ros2_ws/install/px4_msgs/include/px4_msgs/px4_msgs/msg/detail/vehicle_status__struct.hpp\n'}
[1.510985] (px4_msgs) StdoutLine: {'line': b'-- Up-to-date symlink: /home/maanavjugalshah/SwarmAero/ros2_ws/install/px4_msgs/include/px4_msgs/px4_msgs/msg/detail/vehicle_status__traits.hpp\n'}
[1.511024] (px4_msgs) StdoutLine: {'line': b'-- Up-to-date symlink: /home/maanavjugalshah/SwarmAero/ros2_ws/install/px4_msgs/include/px4_msgs/px4_msgs/msg/detail/vehicle_status__type_support.hpp\n'}
[1.511063] (px4_msgs) StdoutLine: {'line': b'-- Up-to-date symlink: /home/maanavjugalshah/SwarmAero/ros2_ws/install/px4_msgs/include/px4_msgs/px4_msgs/msg/detail/vehicle_thrust_setpoint__builder.hpp\n'}
[1.511099] (px4_msgs) StdoutLine: {'line': b'-- Up-to-date symlink: /home/maanavjugalshah/SwarmAero/ros2_ws/install/px4_msgs/include/px4_msgs/px4_msgs/msg/detail/vehicle_thrust_setpoint__struct.hpp\n'}
[1.511134] (px4_msgs) StdoutLine: {'line': b'-- Up-to-date symlink: /home/maanavjugalshah/SwarmAero/ros2_ws/install/px4_msgs/include/px4_msgs/px4_msgs/msg/detail/vehicle_thrust_setpoint__traits.hpp\n'}
[1.511168] (px4_msgs) StdoutLine: {'line': b'-- Up-to-date symlink: /home/maanavjugalshah/SwarmAero/ros2_ws/install/px4_msgs/include/px4_msgs/px4_msgs/msg/detail/vehicle_thrust_setpoint__type_support.hpp\n'}
[1.511203] (px4_msgs) StdoutLine: {'line': b'-- Up-to-date symlink: /home/maanavjugalshah/SwarmAero/ros2_ws/install/px4_msgs/include/px4_msgs/px4_msgs/msg/detail/vehicle_torque_setpoint__builder.hpp\n'}
[1.511275] (px4_msgs) StdoutLine: {'line': b'-- Up-to-date symlink: /home/maanavjugalshah/SwarmAero/ros2_ws/install/px4_msgs/include/px4_msgs/px4_msgs/msg/detail/vehicle_torque_setpoint__struct.hpp\n'}
[1.511348] (px4_msgs) StdoutLine: {'line': b'-- Up-to-date symlink: /home/maanavjugalshah/SwarmAero/ros2_ws/install/px4_msgs/include/px4_msgs/px4_msgs/msg/detail/vehicle_torque_setpoint__traits.hpp\n'}
[1.511394] (px4_msgs) StdoutLine: {'line': b'-- Up-to-date symlink: /home/maanavjugalshah/SwarmAero/ros2_ws/install/px4_msgs/include/px4_msgs/px4_msgs/msg/detail/vehicle_torque_setpoint__type_support.hpp\n'}
[1.511448] (px4_msgs) StdoutLine: {'line': b'-- Up-to-date symlink: /home/maanavjugalshah/SwarmAero/ros2_ws/install/px4_msgs/include/px4_msgs/px4_msgs/msg/detail/velocity_limits__builder.hpp\n'}
[1.511517] (px4_msgs) StdoutLine: {'line': b'-- Up-to-date symlink: /home/maanavjugalshah/SwarmAero/ros2_ws/install/px4_msgs/include/px4_msgs/px4_msgs/msg/detail/velocity_limits__struct.hpp\n'}
[1.511581] (px4_msgs) StdoutLine: {'line': b'-- Up-to-date symlink: /home/maanavjugalshah/SwarmAero/ros2_ws/install/px4_msgs/include/px4_msgs/px4_msgs/msg/detail/velocity_limits__traits.hpp\n'}
[1.511680] (px4_msgs) StdoutLine: {'line': b'-- Up-to-date symlink: /home/maanavjugalshah/SwarmAero/ros2_ws/install/px4_msgs/include/px4_msgs/px4_msgs/msg/detail/velocity_limits__type_support.hpp\n'}
[1.511775] (px4_msgs) StdoutLine: {'line': b'-- Up-to-date symlink: /home/maanavjugalshah/SwarmAero/ros2_ws/install/px4_msgs/include/px4_msgs/px4_msgs/msg/detail/vtol_vehicle_status__builder.hpp\n'}
[1.511920] (px4_msgs) StdoutLine: {'line': b'-- Up-to-date symlink: /home/maanavjugalshah/SwarmAero/ros2_ws/install/px4_msgs/include/px4_msgs/px4_msgs/msg/detail/vtol_vehicle_status__struct.hpp\n'}
[1.512043] (px4_msgs) StdoutLine: {'line': b'-- Up-to-date symlink: /home/maanavjugalshah/SwarmAero/ros2_ws/install/px4_msgs/include/px4_msgs/px4_msgs/msg/detail/vtol_vehicle_status__traits.hpp\n'}
[1.512191] (px4_msgs) StdoutLine: {'line': b'-- Up-to-date symlink: /home/maanavjugalshah/SwarmAero/ros2_ws/install/px4_msgs/include/px4_msgs/px4_msgs/msg/detail/vtol_vehicle_status__type_support.hpp\n'}
[1.512288] (px4_msgs) StdoutLine: {'line': b'-- Up-to-date symlink: /home/maanavjugalshah/SwarmAero/ros2_ws/install/px4_msgs/include/px4_msgs/px4_msgs/msg/detail/vtx__builder.hpp\n'}
[1.512387] (px4_msgs) StdoutLine: {'line': b'-- Up-to-date symlink: /home/maanavjugalshah/SwarmAero/ros2_ws/install/px4_msgs/include/px4_msgs/px4_msgs/msg/detail/vtx__struct.hpp\n'}
[1.512486] (px4_msgs) StdoutLine: {'line': b'-- Up-to-date symlink: /home/maanavjugalshah/SwarmAero/ros2_ws/install/px4_msgs/include/px4_msgs/px4_msgs/msg/detail/vtx__traits.hpp\n'}
[1.512553] (px4_msgs) StdoutLine: {'line': b'-- Up-to-date symlink: /home/maanavjugalshah/SwarmAero/ros2_ws/install/px4_msgs/include/px4_msgs/px4_msgs/msg/detail/vtx__type_support.hpp\n'}
[1.512620] (px4_msgs) StdoutLine: {'line': b'-- Up-to-date symlink: /home/maanavjugalshah/SwarmAero/ros2_ws/install/px4_msgs/include/px4_msgs/px4_msgs/msg/detail/wheel_encoders__builder.hpp\n'}
[1.512677] (px4_msgs) StdoutLine: {'line': b'-- Up-to-date symlink: /home/maanavjugalshah/SwarmAero/ros2_ws/install/px4_msgs/include/px4_msgs/px4_msgs/msg/detail/wheel_encoders__struct.hpp\n'}
[1.512734] (px4_msgs) StdoutLine: {'line': b'-- Up-to-date symlink: /home/maanavjugalshah/SwarmAero/ros2_ws/install/px4_msgs/include/px4_msgs/px4_msgs/msg/detail/wheel_encoders__traits.hpp\n'}
[1.512790] (px4_msgs) StdoutLine: {'line': b'-- Up-to-date symlink: /home/maanavjugalshah/SwarmAero/ros2_ws/install/px4_msgs/include/px4_msgs/px4_msgs/msg/detail/wheel_encoders__type_support.hpp\n'}
[1.512846] (px4_msgs) StdoutLine: {'line': b'-- Up-to-date symlink: /home/maanavjugalshah/SwarmAero/ros2_ws/install/px4_msgs/include/px4_msgs/px4_msgs/msg/detail/wind__builder.hpp\n'}
[1.512933] (px4_msgs) StdoutLine: {'line': b'-- Up-to-date symlink: /home/maanavjugalshah/SwarmAero/ros2_ws/install/px4_msgs/include/px4_msgs/px4_msgs/msg/detail/wind__struct.hpp\n'}
[1.513049] (px4_msgs) StdoutLine: {'line': b'-- Up-to-date symlink: /home/maanavjugalshah/SwarmAero/ros2_ws/install/px4_msgs/include/px4_msgs/px4_msgs/msg/detail/wind__traits.hpp\n'}
[1.513115] (px4_msgs) StdoutLine: {'line': b'-- Up-to-date symlink: /home/maanavjugalshah/SwarmAero/ros2_ws/install/px4_msgs/include/px4_msgs/px4_msgs/msg/detail/wind__type_support.hpp\n'}
[1.513175] (px4_msgs) StdoutLine: {'line': b'-- Up-to-date symlink: /home/maanavjugalshah/SwarmAero/ros2_ws/install/px4_msgs/include/px4_msgs/px4_msgs/msg/detail/yaw_estimator_status__builder.hpp\n'}
[1.513233] (px4_msgs) StdoutLine: {'line': b'-- Up-to-date symlink: /home/maanavjugalshah/SwarmAero/ros2_ws/install/px4_msgs/include/px4_msgs/px4_msgs/msg/detail/yaw_estimator_status__struct.hpp\n'}
[1.513288] (px4_msgs) StdoutLine: {'line': b'-- Up-to-date symlink: /home/maanavjugalshah/SwarmAero/ros2_ws/install/px4_msgs/include/px4_msgs/px4_msgs/msg/detail/yaw_estimator_status__traits.hpp\n'}
[1.513340] (px4_msgs) StdoutLine: {'line': b'-- Up-to-date symlink: /home/maanavjugalshah/SwarmAero/ros2_ws/install/px4_msgs/include/px4_msgs/px4_msgs/msg/detail/yaw_estimator_status__type_support.hpp\n'}
[1.513433] (px4_msgs) StdoutLine: {'line': b'-- Up-to-date symlink: /home/maanavjugalshah/SwarmAero/ros2_ws/install/px4_msgs/include/px4_msgs/px4_msgs/msg/device_information.hpp\n'}
[1.513500] (px4_msgs) StdoutLine: {'line': b'-- Up-to-date symlink: /home/maanavjugalshah/SwarmAero/ros2_ws/install/px4_msgs/include/px4_msgs/px4_msgs/msg/differential_pressure.hpp\n'}
[1.513560] (px4_msgs) StdoutLine: {'line': b'-- Up-to-date symlink: /home/maanavjugalshah/SwarmAero/ros2_ws/install/px4_msgs/include/px4_msgs/px4_msgs/msg/distance_sensor.hpp\n'}
[1.513651] (px4_msgs) StdoutLine: {'line': b'-- Up-to-date symlink: /home/maanavjugalshah/SwarmAero/ros2_ws/install/px4_msgs/include/px4_msgs/px4_msgs/msg/distance_sensor_mode_change_request.hpp\n'}
[1.513748] (px4_msgs) StdoutLine: {'line': b'-- Up-to-date symlink: /home/maanavjugalshah/SwarmAero/ros2_ws/install/px4_msgs/include/px4_msgs/px4_msgs/msg/dronecan_node_status.hpp\n'}
[1.513809] (px4_msgs) StdoutLine: {'line': b'-- Up-to-date symlink: /home/maanavjugalshah/SwarmAero/ros2_ws/install/px4_msgs/include/px4_msgs/px4_msgs/msg/ekf2_timestamps.hpp\n'}
[1.513870] (px4_msgs) StdoutLine: {'line': b'-- Up-to-date symlink: /home/maanavjugalshah/SwarmAero/ros2_ws/install/px4_msgs/include/px4_msgs/px4_msgs/msg/esc_eeprom_read.hpp\n'}
[1.513930] (px4_msgs) StdoutLine: {'line': b'-- Up-to-date symlink: /home/maanavjugalshah/SwarmAero/ros2_ws/install/px4_msgs/include/px4_msgs/px4_msgs/msg/esc_eeprom_write.hpp\n'}
[1.513988] (px4_msgs) StdoutLine: {'line': b'-- Up-to-date symlink: /home/maanavjugalshah/SwarmAero/ros2_ws/install/px4_msgs/include/px4_msgs/px4_msgs/msg/esc_report.hpp\n'}
[1.514046] (px4_msgs) StdoutLine: {'line': b'-- Up-to-date symlink: /home/maanavjugalshah/SwarmAero/ros2_ws/install/px4_msgs/include/px4_msgs/px4_msgs/msg/esc_status.hpp\n'}
[1.514110] (px4_msgs) StdoutLine: {'line': b'-- Up-to-date symlink: /home/maanavjugalshah/SwarmAero/ros2_ws/install/px4_msgs/include/px4_msgs/px4_msgs/msg/estimator_aid_source1d.hpp\n'}
[1.514227] (px4_msgs) StdoutLine: {'line': b'-- Up-to-date symlink: /home/maanavjugalshah/SwarmAero/ros2_ws/install/px4_msgs/include/px4_msgs/px4_msgs/msg/estimator_aid_source2d.hpp\n'}
[1.514295] (px4_msgs) StdoutLine: {'line': b'-- Up-to-date symlink: /home/maanavjugalshah/SwarmAero/ros2_ws/install/px4_msgs/include/px4_msgs/px4_msgs/msg/estimator_aid_source3d.hpp\n'}
[1.514355] (px4_msgs) StdoutLine: {'line': b'-- Up-to-date symlink: /home/maanavjugalshah/SwarmAero/ros2_ws/install/px4_msgs/include/px4_msgs/px4_msgs/msg/estimator_bias.hpp\n'}
[1.514413] (px4_msgs) StdoutLine: {'line': b'-- Up-to-date symlink: /home/maanavjugalshah/SwarmAero/ros2_ws/install/px4_msgs/include/px4_msgs/px4_msgs/msg/estimator_bias3d.hpp\n'}
[1.514500] (px4_msgs) StdoutLine: {'line': b'-- Up-to-date symlink: /home/maanavjugalshah/SwarmAero/ros2_ws/install/px4_msgs/include/px4_msgs/px4_msgs/msg/estimator_event_flags.hpp\n'}
[1.514599] (px4_msgs) StdoutLine: {'line': b'-- Up-to-date symlink: /home/maanavjugalshah/SwarmAero/ros2_ws/install/px4_msgs/include/px4_msgs/px4_msgs/msg/estimator_fusion_control.hpp\n'}
[1.514666] (px4_msgs) StdoutLine: {'line': b'-- Up-to-date symlink: /home/maanavjugalshah/SwarmAero/ros2_ws/install/px4_msgs/include/px4_msgs/px4_msgs/msg/estimator_gps_status.hpp\n'}
[1.514736] (px4_msgs) StdoutLine: {'line': b'-- Up-to-date symlink: /home/maanavjugalshah/SwarmAero/ros2_ws/install/px4_msgs/include/px4_msgs/px4_msgs/msg/estimator_innovations.hpp\n'}
[1.514830] (px4_msgs) StdoutLine: {'line': b'-- Up-to-date symlink: /home/maanavjugalshah/SwarmAero/ros2_ws/install/px4_msgs/include/px4_msgs/px4_msgs/msg/estimator_selector_status.hpp\n'}
[1.514945] (px4_msgs) StdoutLine: {'line': b'-- Up-to-date symlink: /home/maanavjugalshah/SwarmAero/ros2_ws/install/px4_msgs/include/px4_msgs/px4_msgs/msg/estimator_sensor_bias.hpp\n'}
[1.515015] (px4_msgs) StdoutLine: {'line': b'-- Up-to-date symlink: /home/maanavjugalshah/SwarmAero/ros2_ws/install/px4_msgs/include/px4_msgs/px4_msgs/msg/estimator_states.hpp\n'}
[1.515076] (px4_msgs) StdoutLine: {'line': b'-- Up-to-date symlink: /home/maanavjugalshah/SwarmAero/ros2_ws/install/px4_msgs/include/px4_msgs/px4_msgs/msg/estimator_status.hpp\n'}
[1.515137] (px4_msgs) StdoutLine: {'line': b'-- Up-to-date symlink: /home/maanavjugalshah/SwarmAero/ros2_ws/install/px4_msgs/include/px4_msgs/px4_msgs/msg/estimator_status_flags.hpp\n'}
[1.515196] (px4_msgs) StdoutLine: {'line': b'-- Up-to-date symlink: /home/maanavjugalshah/SwarmAero/ros2_ws/install/px4_msgs/include/px4_msgs/px4_msgs/msg/event.hpp\n'}
[1.515253] (px4_msgs) StdoutLine: {'line': b'-- Up-to-date symlink: /home/maanavjugalshah/SwarmAero/ros2_ws/install/px4_msgs/include/px4_msgs/px4_msgs/msg/failsafe_flags.hpp\n'}
[1.515345] (px4_msgs) StdoutLine: {'line': b'-- Up-to-date symlink: /home/maanavjugalshah/SwarmAero/ros2_ws/install/px4_msgs/include/px4_msgs/px4_msgs/msg/failure_detector_status.hpp\n'}
[1.515597] (px4_msgs) StdoutLine: {'line': b'-- Up-to-date symlink: /home/maanavjugalshah/SwarmAero/ros2_ws/install/px4_msgs/include/px4_msgs/px4_msgs/msg/figure_eight_status.hpp\n'}
[1.515667] (px4_msgs) StdoutLine: {'line': b'-- Up-to-date symlink: /home/maanavjugalshah/SwarmAero/ros2_ws/install/px4_msgs/include/px4_msgs/px4_msgs/msg/fixed_wing_lateral_guidance_status.hpp\n'}
[1.515709] (px4_msgs) StdoutLine: {'line': b'-- Up-to-date symlink: /home/maanavjugalshah/SwarmAero/ros2_ws/install/px4_msgs/include/px4_msgs/px4_msgs/msg/fixed_wing_lateral_setpoint.hpp\n'}
[1.515746] (px4_msgs) StdoutLine: {'line': b'-- Up-to-date symlink: /home/maanavjugalshah/SwarmAero/ros2_ws/install/px4_msgs/include/px4_msgs/px4_msgs/msg/fixed_wing_lateral_status.hpp\n'}
[1.515781] (px4_msgs) StdoutLine: {'line': b'-- Up-to-date symlink: /home/maanavjugalshah/SwarmAero/ros2_ws/install/px4_msgs/include/px4_msgs/px4_msgs/msg/fixed_wing_longitudinal_setpoint.hpp\n'}
[1.515815] (px4_msgs) StdoutLine: {'line': b'-- Up-to-date symlink: /home/maanavjugalshah/SwarmAero/ros2_ws/install/px4_msgs/include/px4_msgs/px4_msgs/msg/fixed_wing_runway_control.hpp\n'}
[1.515848] (px4_msgs) StdoutLine: {'line': b'-- Up-to-date symlink: /home/maanavjugalshah/SwarmAero/ros2_ws/install/px4_msgs/include/px4_msgs/px4_msgs/msg/flight_phase_estimation.hpp\n'}
[1.515881] (px4_msgs) StdoutLine: {'line': b'-- Up-to-date symlink: /home/maanavjugalshah/SwarmAero/ros2_ws/install/px4_msgs/include/px4_msgs/px4_msgs/msg/follow_target.hpp\n'}
[1.515916] (px4_msgs) StdoutLine: {'line': b'-- Up-to-date symlink: /home/maanavjugalshah/SwarmAero/ros2_ws/install/px4_msgs/include/px4_msgs/px4_msgs/msg/follow_target_estimator.hpp\n'}
[1.515951] (px4_msgs) StdoutLine: {'line': b'-- Up-to-date symlink: /home/maanavjugalshah/SwarmAero/ros2_ws/install/px4_msgs/include/px4_msgs/px4_msgs/msg/follow_target_status.hpp\n'}
[1.515985] (px4_msgs) StdoutLine: {'line': b'-- Up-to-date symlink: /home/maanavjugalshah/SwarmAero/ros2_ws/install/px4_msgs/include/px4_msgs/px4_msgs/msg/fuel_tank_status.hpp\n'}
[1.516036] (px4_msgs) StdoutLine: {'line': b'-- Up-to-date symlink: /home/maanavjugalshah/SwarmAero/ros2_ws/install/px4_msgs/include/px4_msgs/px4_msgs/msg/gain_compression.hpp\n'}
[1.516071] (px4_msgs) StdoutLine: {'line': b'-- Up-to-date symlink: /home/maanavjugalshah/SwarmAero/ros2_ws/install/px4_msgs/include/px4_msgs/px4_msgs/msg/generator_status.hpp\n'}
[1.516105] (px4_msgs) StdoutLine: {'line': b'-- Up-to-date symlink: /home/maanavjugalshah/SwarmAero/ros2_ws/install/px4_msgs/include/px4_msgs/px4_msgs/msg/geofence_result.hpp\n'}
[1.516139] (px4_msgs) StdoutLine: {'line': b'-- Up-to-date symlink: /home/maanavjugalshah/SwarmAero/ros2_ws/install/px4_msgs/include/px4_msgs/px4_msgs/msg/geofence_status.hpp\n'}
[1.516171] (px4_msgs) StdoutLine: {'line': b'-- Up-to-date symlink: /home/maanavjugalshah/SwarmAero/ros2_ws/install/px4_msgs/include/px4_msgs/px4_msgs/msg/gimbal_controls.hpp\n'}
[1.516204] (px4_msgs) StdoutLine: {'line': b'-- Up-to-date symlink: /home/maanavjugalshah/SwarmAero/ros2_ws/install/px4_msgs/include/px4_msgs/px4_msgs/msg/gimbal_device_attitude_status.hpp\n'}
[1.516238] (px4_msgs) StdoutLine: {'line': b'-- Up-to-date symlink: /home/maanavjugalshah/SwarmAero/ros2_ws/install/px4_msgs/include/px4_msgs/px4_msgs/msg/gimbal_device_information.hpp\n'}
[1.516312] (px4_msgs) StdoutLine: {'line': b'-- Up-to-date symlink: /home/maanavjugalshah/SwarmAero/ros2_ws/install/px4_msgs/include/px4_msgs/px4_msgs/msg/gimbal_device_set_attitude.hpp\n'}
[1.516602] (px4_msgs) StdoutLine: {'line': b'-- Up-to-date symlink: /home/maanavjugalshah/SwarmAero/ros2_ws/install/px4_msgs/include/px4_msgs/px4_msgs/msg/gimbal_manager_information.hpp\n'}
[1.516870] (px4_msgs) StdoutLine: {'line': b'-- Up-to-date symlink: /home/maanavjugalshah/SwarmAero/ros2_ws/install/px4_msgs/include/px4_msgs/px4_msgs/msg/gimbal_manager_set_attitude.hpp\n'}
[1.517422] (px4_msgs) StdoutLine: {'line': b'-- Up-to-date symlink: /home/maanavjugalshah/SwarmAero/ros2_ws/install/px4_msgs/include/px4_msgs/px4_msgs/msg/gimbal_manager_set_manual_control.hpp\n'}
[1.517554] (px4_msgs) StdoutLine: {'line': b'-- Up-to-date symlink: /home/maanavjugalshah/SwarmAero/ros2_ws/install/px4_msgs/include/px4_msgs/px4_msgs/msg/gimbal_manager_status.hpp\n'}
[1.517641] (px4_msgs) StdoutLine: {'line': b'-- Up-to-date symlink: /home/maanavjugalshah/SwarmAero/ros2_ws/install/px4_msgs/include/px4_msgs/px4_msgs/msg/goto_setpoint.hpp\n'}
[1.517767] (px4_msgs) StdoutLine: {'line': b'-- Up-to-date symlink: /home/maanavjugalshah/SwarmAero/ros2_ws/install/px4_msgs/include/px4_msgs/px4_msgs/msg/gpio_config.hpp\n'}
[1.518286] (px4_msgs) StdoutLine: {'line': b'-- Up-to-date symlink: /home/maanavjugalshah/SwarmAero/ros2_ws/install/px4_msgs/include/px4_msgs/px4_msgs/msg/gpio_in.hpp\n'}
[1.518918] (px4_msgs) StdoutLine: {'line': b'-- Up-to-date symlink: /home/maanavjugalshah/SwarmAero/ros2_ws/install/px4_msgs/include/px4_msgs/px4_msgs/msg/gpio_out.hpp\n'}
[1.519091] (px4_msgs) StdoutLine: {'line': b'-- Up-to-date symlink: /home/maanavjugalshah/SwarmAero/ros2_ws/install/px4_msgs/include/px4_msgs/px4_msgs/msg/gpio_request.hpp\n'}
[1.519254] (px4_msgs) StdoutLine: {'line': b'-- Up-to-date symlink: /home/maanavjugalshah/SwarmAero/ros2_ws/install/px4_msgs/include/px4_msgs/px4_msgs/msg/gps_dump.hpp\n'}
[1.519661] (px4_msgs) StdoutLine: {'line': b'-- Up-to-date symlink: /home/maanavjugalshah/SwarmAero/ros2_ws/install/px4_msgs/include/px4_msgs/px4_msgs/msg/gps_inject_data.hpp\n'}
[1.520059] (px4_msgs) StdoutLine: {'line': b'-- Up-to-date symlink: /home/maanavjugalshah/SwarmAero/ros2_ws/install/px4_msgs/include/px4_msgs/px4_msgs/msg/gripper.hpp\n'}
[1.520211] (px4_msgs) StdoutLine: {'line': b'-- Up-to-date symlink: /home/maanavjugalshah/SwarmAero/ros2_ws/install/px4_msgs/include/px4_msgs/px4_msgs/msg/health_report.hpp\n'}
[1.520396] (px4_msgs) StdoutLine: {'line': b'-- Up-to-date symlink: /home/maanavjugalshah/SwarmAero/ros2_ws/install/px4_msgs/include/px4_msgs/px4_msgs/msg/heater_status.hpp\n'}
[1.520445] (px4_msgs) StdoutLine: {'line': b'-- Up-to-date symlink: /home/maanavjugalshah/SwarmAero/ros2_ws/install/px4_msgs/include/px4_msgs/px4_msgs/msg/home_position.hpp\n'}
[1.520852] (px4_msgs) StdoutLine: {'line': b'-- Up-to-date symlink: /home/maanavjugalshah/SwarmAero/ros2_ws/install/px4_msgs/include/px4_msgs/px4_msgs/msg/hover_thrust_estimate.hpp\n'}
[1.521631] (px4_msgs) StdoutLine: {'line': b'-- Up-to-date symlink: /home/maanavjugalshah/SwarmAero/ros2_ws/install/px4_msgs/include/px4_msgs/px4_msgs/msg/input_rc.hpp\n'}
[1.521822] (px4_msgs) StdoutLine: {'line': b'-- Up-to-date symlink: /home/maanavjugalshah/SwarmAero/ros2_ws/install/px4_msgs/include/px4_msgs/px4_msgs/msg/internal_combustion_engine_control.hpp\n'}
[1.521906] (px4_msgs) StdoutLine: {'line': b'-- Up-to-date symlink: /home/maanavjugalshah/SwarmAero/ros2_ws/install/px4_msgs/include/px4_msgs/px4_msgs/msg/internal_combustion_engine_status.hpp\n'}
[1.522270] (px4_msgs) StdoutLine: {'line': b'-- Up-to-date symlink: /home/maanavjugalshah/SwarmAero/ros2_ws/install/px4_msgs/include/px4_msgs/px4_msgs/msg/iridiumsbd_status.hpp\n'}
[1.522478] (px4_msgs) StdoutLine: {'line': b'-- Up-to-date symlink: /home/maanavjugalshah/SwarmAero/ros2_ws/install/px4_msgs/include/px4_msgs/px4_msgs/msg/irlock_report.hpp\n'}
[1.522961] (px4_msgs) StdoutLine: {'line': b'-- Up-to-date symlink: /home/maanavjugalshah/SwarmAero/ros2_ws/install/px4_msgs/include/px4_msgs/px4_msgs/msg/landing_gear.hpp\n'}
[1.523095] (px4_msgs) StdoutLine: {'line': b'-- Up-to-date symlink: /home/maanavjugalshah/SwarmAero/ros2_ws/install/px4_msgs/include/px4_msgs/px4_msgs/msg/landing_gear_wheel.hpp\n'}
[1.523218] (px4_msgs) StdoutLine: {'line': b'-- Up-to-date symlink: /home/maanavjugalshah/SwarmAero/ros2_ws/install/px4_msgs/include/px4_msgs/px4_msgs/msg/landing_target_innovations.hpp\n'}
[1.523310] (px4_msgs) StdoutLine: {'line': b'-- Up-to-date symlink: /home/maanavjugalshah/SwarmAero/ros2_ws/install/px4_msgs/include/px4_msgs/px4_msgs/msg/landing_target_pose.hpp\n'}
[1.523396] (px4_msgs) StdoutLine: {'line': b'-- Up-to-date symlink: /home/maanavjugalshah/SwarmAero/ros2_ws/install/px4_msgs/include/px4_msgs/px4_msgs/msg/lateral_control_configuration.hpp\n'}
[1.523620] (px4_msgs) StdoutLine: {'line': b'-- Up-to-date symlink: /home/maanavjugalshah/SwarmAero/ros2_ws/install/px4_msgs/include/px4_msgs/px4_msgs/msg/launch_detection_status.hpp\n'}
[1.523695] (px4_msgs) StdoutLine: {'line': b'-- Up-to-date symlink: /home/maanavjugalshah/SwarmAero/ros2_ws/install/px4_msgs/include/px4_msgs/px4_msgs/msg/led_control.hpp\n'}
[1.523764] (px4_msgs) StdoutLine: {'line': b'-- Up-to-date symlink: /home/maanavjugalshah/SwarmAero/ros2_ws/install/px4_msgs/include/px4_msgs/px4_msgs/msg/log_message.hpp\n'}
[1.523848] (px4_msgs) StdoutLine: {'line': b'-- Up-to-date symlink: /home/maanavjugalshah/SwarmAero/ros2_ws/install/px4_msgs/include/px4_msgs/px4_msgs/msg/logger_status.hpp\n'}
[1.523927] (px4_msgs) StdoutLine: {'line': b'-- Up-to-date symlink: /home/maanavjugalshah/SwarmAero/ros2_ws/install/px4_msgs/include/px4_msgs/px4_msgs/msg/longitudinal_control_configuration.hpp\n'}
[1.524199] (px4_msgs) StdoutLine: {'line': b'-- Up-to-date symlink: /home/maanavjugalshah/SwarmAero/ros2_ws/install/px4_msgs/include/px4_msgs/px4_msgs/msg/mag_worker_data.hpp\n'}
[1.524302] (px4_msgs) StdoutLine: {'line': b'-- Up-to-date symlink: /home/maanavjugalshah/SwarmAero/ros2_ws/install/px4_msgs/include/px4_msgs/px4_msgs/msg/magnetometer_bias_estimate.hpp\n'}
[1.524654] (px4_msgs) StdoutLine: {'line': b'-- Up-to-date symlink: /home/maanavjugalshah/SwarmAero/ros2_ws/install/px4_msgs/include/px4_msgs/px4_msgs/msg/manual_control_setpoint.hpp\n'}
[1.524721] (px4_msgs) StdoutLine: {'line': b'-- Up-to-date symlink: /home/maanavjugalshah/SwarmAero/ros2_ws/install/px4_msgs/include/px4_msgs/px4_msgs/msg/manual_control_switches.hpp\n'}
[1.525002] (px4_msgs) StdoutLine: {'line': b'-- Up-to-date symlink: /home/maanavjugalshah/SwarmAero/ros2_ws/install/px4_msgs/include/px4_msgs/px4_msgs/msg/mavlink_log.hpp\n'}
[1.525129] (px4_msgs) StdoutLine: {'line': b'-- Up-to-date symlink: /home/maanavjugalshah/SwarmAero/ros2_ws/install/px4_msgs/include/px4_msgs/px4_msgs/msg/mavlink_tunnel.hpp\n'}
[1.525428] (px4_msgs) StdoutLine: {'line': b'-- Up-to-date symlink: /home/maanavjugalshah/SwarmAero/ros2_ws/install/px4_msgs/include/px4_msgs/px4_msgs/msg/message_format_request.hpp\n'}
[1.525488] (px4_msgs) StdoutLine: {'line': b'-- Up-to-date symlink: /home/maanavjugalshah/SwarmAero/ros2_ws/install/px4_msgs/include/px4_msgs/px4_msgs/msg/message_format_response.hpp\n'}
[1.525565] (px4_msgs) StdoutLine: {'line': b'-- Up-to-date symlink: /home/maanavjugalshah/SwarmAero/ros2_ws/install/px4_msgs/include/px4_msgs/px4_msgs/msg/mission.hpp\n'}
[1.525638] (px4_msgs) StdoutLine: {'line': b'-- Up-to-date symlink: /home/maanavjugalshah/SwarmAero/ros2_ws/install/px4_msgs/include/px4_msgs/px4_msgs/msg/mission_result.hpp\n'}
[1.525727] (px4_msgs) StdoutLine: {'line': b'-- Up-to-date symlink: /home/maanavjugalshah/SwarmAero/ros2_ws/install/px4_msgs/include/px4_msgs/px4_msgs/msg/mode_completed.hpp\n'}
[1.525832] (px4_msgs) StdoutLine: {'line': b'-- Up-to-date symlink: /home/maanavjugalshah/SwarmAero/ros2_ws/install/px4_msgs/include/px4_msgs/px4_msgs/msg/mount_orientation.hpp\n'}
[1.525921] (px4_msgs) StdoutLine: {'line': b'-- Up-to-date symlink: /home/maanavjugalshah/SwarmAero/ros2_ws/install/px4_msgs/include/px4_msgs/px4_msgs/msg/navigator_mission_item.hpp\n'}
[1.525995] (px4_msgs) StdoutLine: {'line': b'-- Up-to-date symlink: /home/maanavjugalshah/SwarmAero/ros2_ws/install/px4_msgs/include/px4_msgs/px4_msgs/msg/navigator_status.hpp\n'}
[1.526068] (px4_msgs) StdoutLine: {'line': b'-- Up-to-date symlink: /home/maanavjugalshah/SwarmAero/ros2_ws/install/px4_msgs/include/px4_msgs/px4_msgs/msg/neural_control.hpp\n'}
[1.526172] (px4_msgs) StdoutLine: {'line': b'-- Up-to-date symlink: /home/maanavjugalshah/SwarmAero/ros2_ws/install/px4_msgs/include/px4_msgs/px4_msgs/msg/normalized_unsigned_setpoint.hpp\n'}
[1.526286] (px4_msgs) StdoutLine: {'line': b'-- Up-to-date symlink: /home/maanavjugalshah/SwarmAero/ros2_ws/install/px4_msgs/include/px4_msgs/px4_msgs/msg/obstacle_distance.hpp\n'}
[1.526669] (px4_msgs) StdoutLine: {'line': b'-- Up-to-date symlink: /home/maanavjugalshah/SwarmAero/ros2_ws/install/px4_msgs/include/px4_msgs/px4_msgs/msg/offboard_control_mode.hpp\n'}
[1.527252] (px4_msgs) StdoutLine: {'line': b'-- Up-to-date symlink: /home/maanavjugalshah/SwarmAero/ros2_ws/install/px4_msgs/include/px4_msgs/px4_msgs/msg/onboard_computer_status.hpp\n'}
[1.527682] (px4_msgs) StdoutLine: {'line': b'-- Up-to-date symlink: /home/maanavjugalshah/SwarmAero/ros2_ws/install/px4_msgs/include/px4_msgs/px4_msgs/msg/open_drone_id_arm_status.hpp\n'}
[1.527884] (px4_msgs) StdoutLine: {'line': b'-- Up-to-date symlink: /home/maanavjugalshah/SwarmAero/ros2_ws/install/px4_msgs/include/px4_msgs/px4_msgs/msg/open_drone_id_operator_id.hpp\n'}
[1.527933] (px4_msgs) StdoutLine: {'line': b'-- Up-to-date symlink: /home/maanavjugalshah/SwarmAero/ros2_ws/install/px4_msgs/include/px4_msgs/px4_msgs/msg/open_drone_id_self_id.hpp\n'}
[1.527994] (px4_msgs) StdoutLine: {'line': b'-- Up-to-date symlink: /home/maanavjugalshah/SwarmAero/ros2_ws/install/px4_msgs/include/px4_msgs/px4_msgs/msg/open_drone_id_system.hpp\n'}
[1.528113] (px4_msgs) StdoutLine: {'line': b'-- Up-to-date symlink: /home/maanavjugalshah/SwarmAero/ros2_ws/install/px4_msgs/include/px4_msgs/px4_msgs/msg/orb_test.hpp\n'}
[1.528187] (px4_msgs) StdoutLine: {'line': b'-- Up-to-date symlink: /home/maanavjugalshah/SwarmAero/ros2_ws/install/px4_msgs/include/px4_msgs/px4_msgs/msg/orb_test_large.hpp\n'}
[1.528425] (px4_msgs) StdoutLine: {'line': b'-- Up-to-date symlink: /home/maanavjugalshah/SwarmAero/ros2_ws/install/px4_msgs/include/px4_msgs/px4_msgs/msg/orb_test_medium.hpp\n'}
[1.528682] (px4_msgs) StdoutLine: {'line': b'-- Up-to-date symlink: /home/maanavjugalshah/SwarmAero/ros2_ws/install/px4_msgs/include/px4_msgs/px4_msgs/msg/orbit_status.hpp\n'}
[1.528734] (px4_msgs) StdoutLine: {'line': b'-- Up-to-date symlink: /home/maanavjugalshah/SwarmAero/ros2_ws/install/px4_msgs/include/px4_msgs/px4_msgs/msg/parameter_reset_request.hpp\n'}
[1.528990] (px4_msgs) StdoutLine: {'line': b'-- Up-to-date symlink: /home/maanavjugalshah/SwarmAero/ros2_ws/install/px4_msgs/include/px4_msgs/px4_msgs/msg/parameter_set_used_request.hpp\n'}
[1.529223] (px4_msgs) StdoutLine: {'line': b'-- Up-to-date symlink: /home/maanavjugalshah/SwarmAero/ros2_ws/install/px4_msgs/include/px4_msgs/px4_msgs/msg/parameter_set_value_request.hpp\n'}
[1.529385] (px4_msgs) StdoutLine: {'line': b'-- Up-to-date symlink: /home/maanavjugalshah/SwarmAero/ros2_ws/install/px4_msgs/include/px4_msgs/px4_msgs/msg/parameter_set_value_response.hpp\n'}
[1.529535] (px4_msgs) StdoutLine: {'line': b'-- Up-to-date symlink: /home/maanavjugalshah/SwarmAero/ros2_ws/install/px4_msgs/include/px4_msgs/px4_msgs/msg/parameter_update.hpp\n'}
[1.529640] (px4_msgs) StdoutLine: {'line': b'-- Up-to-date symlink: /home/maanavjugalshah/SwarmAero/ros2_ws/install/px4_msgs/include/px4_msgs/px4_msgs/msg/ping.hpp\n'}
[1.529799] (px4_msgs) StdoutLine: {'line': b'-- Up-to-date symlink: /home/maanavjugalshah/SwarmAero/ros2_ws/install/px4_msgs/include/px4_msgs/px4_msgs/msg/position_controller_landing_status.hpp\n'}
[1.529840] (px4_msgs) StdoutLine: {'line': b'-- Up-to-date symlink: /home/maanavjugalshah/SwarmAero/ros2_ws/install/px4_msgs/include/px4_msgs/px4_msgs/msg/position_controller_status.hpp\n'}
[1.529877] (px4_msgs) StdoutLine: {'line': b'-- Up-to-date symlink: /home/maanavjugalshah/SwarmAero/ros2_ws/install/px4_msgs/include/px4_msgs/px4_msgs/msg/position_setpoint.hpp\n'}
[1.529914] (px4_msgs) StdoutLine: {'line': b'-- Up-to-date symlink: /home/maanavjugalshah/SwarmAero/ros2_ws/install/px4_msgs/include/px4_msgs/px4_msgs/msg/position_setpoint_triplet.hpp\n'}
[1.530008] (px4_msgs) StdoutLine: {'line': b'-- Up-to-date symlink: /home/maanavjugalshah/SwarmAero/ros2_ws/install/px4_msgs/include/px4_msgs/px4_msgs/msg/power_button_state.hpp\n'}
[1.530176] (px4_msgs) StdoutLine: {'line': b'-- Up-to-date symlink: /home/maanavjugalshah/SwarmAero/ros2_ws/install/px4_msgs/include/px4_msgs/px4_msgs/msg/power_monitor.hpp\n'}
[1.530384] (px4_msgs) StdoutLine: {'line': b'-- Up-to-date symlink: /home/maanavjugalshah/SwarmAero/ros2_ws/install/px4_msgs/include/px4_msgs/px4_msgs/msg/pps_capture.hpp\n'}
[1.530433] (px4_msgs) StdoutLine: {'line': b'-- Up-to-date symlink: /home/maanavjugalshah/SwarmAero/ros2_ws/install/px4_msgs/include/px4_msgs/px4_msgs/msg/pure_pursuit_status.hpp\n'}
[1.530471] (px4_msgs) StdoutLine: {'line': b'-- Up-to-date symlink: /home/maanavjugalshah/SwarmAero/ros2_ws/install/px4_msgs/include/px4_msgs/px4_msgs/msg/pwm_input.hpp\n'}
[1.530956] (px4_msgs) StdoutLine: {'line': b'-- Up-to-date symlink: /home/maanavjugalshah/SwarmAero/ros2_ws/install/px4_msgs/include/px4_msgs/px4_msgs/msg/px4io_status.hpp\n'}
[1.531084] (px4_msgs) StdoutLine: {'line': b'-- Up-to-date symlink: /home/maanavjugalshah/SwarmAero/ros2_ws/install/px4_msgs/include/px4_msgs/px4_msgs/msg/qshell_req.hpp\n'}
[1.531752] (px4_msgs) StdoutLine: {'line': b'-- Up-to-date symlink: /home/maanavjugalshah/SwarmAero/ros2_ws/install/px4_msgs/include/px4_msgs/px4_msgs/msg/qshell_retval.hpp\n'}
[1.532054] (px4_msgs) StdoutLine: {'line': b'-- Up-to-date symlink: /home/maanavjugalshah/SwarmAero/ros2_ws/install/px4_msgs/include/px4_msgs/px4_msgs/msg/radio_status.hpp\n'}
[1.532107] (px4_msgs) StdoutLine: {'line': b'-- Up-to-date symlink: /home/maanavjugalshah/SwarmAero/ros2_ws/install/px4_msgs/include/px4_msgs/px4_msgs/msg/ranging_beacon.hpp\n'}
[1.532146] (px4_msgs) StdoutLine: {'line': b'-- Up-to-date symlink: /home/maanavjugalshah/SwarmAero/ros2_ws/install/px4_msgs/include/px4_msgs/px4_msgs/msg/raptor_input.hpp\n'}
[1.532346] (px4_msgs) StdoutLine: {'line': b'-- Up-to-date symlink: /home/maanavjugalshah/SwarmAero/ros2_ws/install/px4_msgs/include/px4_msgs/px4_msgs/msg/raptor_status.hpp\n'}
[1.532525] (px4_msgs) StdoutLine: {'line': b'-- Up-to-date symlink: /home/maanavjugalshah/SwarmAero/ros2_ws/install/px4_msgs/include/px4_msgs/px4_msgs/msg/rate_ctrl_status.hpp\n'}
[1.532622] (px4_msgs) StdoutLine: {'line': b'-- Up-to-date symlink: /home/maanavjugalshah/SwarmAero/ros2_ws/install/px4_msgs/include/px4_msgs/px4_msgs/msg/rc_channels.hpp\n'}
[1.532942] (px4_msgs) StdoutLine: {'line': b'-- Up-to-date symlink: /home/maanavjugalshah/SwarmAero/ros2_ws/install/px4_msgs/include/px4_msgs/px4_msgs/msg/rc_parameter_map.hpp\n'}
[1.533192] (px4_msgs) StdoutLine: {'line': b'-- Up-to-date symlink: /home/maanavjugalshah/SwarmAero/ros2_ws/install/px4_msgs/include/px4_msgs/px4_msgs/msg/register_ext_component_reply.hpp\n'}
[1.533237] (px4_msgs) StdoutLine: {'line': b'-- Up-to-date symlink: /home/maanavjugalshah/SwarmAero/ros2_ws/install/px4_msgs/include/px4_msgs/px4_msgs/msg/register_ext_component_request.hpp\n'}
[1.533277] (px4_msgs) StdoutLine: {'line': b'-- Up-to-date symlink: /home/maanavjugalshah/SwarmAero/ros2_ws/install/px4_msgs/include/px4_msgs/px4_msgs/msg/rosidl_generator_cpp__visibility_control.hpp\n'}
[1.533379] (px4_msgs) StdoutLine: {'line': b'-- Up-to-date symlink: /home/maanavjugalshah/SwarmAero/ros2_ws/install/px4_msgs/include/px4_msgs/px4_msgs/msg/rover_attitude_setpoint.hpp\n'}
[1.533593] (px4_msgs) StdoutLine: {'line': b'-- Up-to-date symlink: /home/maanavjugalshah/SwarmAero/ros2_ws/install/px4_msgs/include/px4_msgs/px4_msgs/msg/rover_attitude_status.hpp\n'}
[1.533698] (px4_msgs) StdoutLine: {'line': b'-- Up-to-date symlink: /home/maanavjugalshah/SwarmAero/ros2_ws/install/px4_msgs/include/px4_msgs/px4_msgs/msg/rover_position_setpoint.hpp\n'}
[1.534063] (px4_msgs) StdoutLine: {'line': b'-- Up-to-date symlink: /home/maanavjugalshah/SwarmAero/ros2_ws/install/px4_msgs/include/px4_msgs/px4_msgs/msg/rover_rate_setpoint.hpp\n'}
[1.534328] (px4_msgs) StdoutLine: {'line': b'-- Up-to-date symlink: /home/maanavjugalshah/SwarmAero/ros2_ws/install/px4_msgs/include/px4_msgs/px4_msgs/msg/rover_rate_status.hpp\n'}
[1.534416] (px4_msgs) StdoutLine: {'line': b'-- Up-to-date symlink: /home/maanavjugalshah/SwarmAero/ros2_ws/install/px4_msgs/include/px4_msgs/px4_msgs/msg/rover_speed_setpoint.hpp\n'}
[1.534748] (px4_msgs) StdoutLine: {'line': b'-- Up-to-date symlink: /home/maanavjugalshah/SwarmAero/ros2_ws/install/px4_msgs/include/px4_msgs/px4_msgs/msg/rover_speed_status.hpp\n'}
[1.534850] (px4_msgs) StdoutLine: {'line': b'-- Up-to-date symlink: /home/maanavjugalshah/SwarmAero/ros2_ws/install/px4_msgs/include/px4_msgs/px4_msgs/msg/rover_steering_setpoint.hpp\n'}
[1.535150] (px4_msgs) StdoutLine: {'line': b'-- Up-to-date symlink: /home/maanavjugalshah/SwarmAero/ros2_ws/install/px4_msgs/include/px4_msgs/px4_msgs/msg/rover_throttle_setpoint.hpp\n'}
[1.535235] (px4_msgs) StdoutLine: {'line': b'-- Up-to-date symlink: /home/maanavjugalshah/SwarmAero/ros2_ws/install/px4_msgs/include/px4_msgs/px4_msgs/msg/rpm.hpp\n'}
[1.535325] (px4_msgs) StdoutLine: {'line': b'-- Up-to-date symlink: /home/maanavjugalshah/SwarmAero/ros2_ws/install/px4_msgs/include/px4_msgs/px4_msgs/msg/rtl_status.hpp\n'}
[1.535453] (px4_msgs) StdoutLine: {'line': b'-- Up-to-date symlink: /home/maanavjugalshah/SwarmAero/ros2_ws/install/px4_msgs/include/px4_msgs/px4_msgs/msg/rtl_time_estimate.hpp\n'}
[1.535716] (px4_msgs) StdoutLine: {'line': b'-- Up-to-date symlink: /home/maanavjugalshah/SwarmAero/ros2_ws/install/px4_msgs/include/px4_msgs/px4_msgs/msg/satellite_info.hpp\n'}
[1.536039] (px4_msgs) StdoutLine: {'line': b'-- Up-to-date symlink: /home/maanavjugalshah/SwarmAero/ros2_ws/install/px4_msgs/include/px4_msgs/px4_msgs/msg/sensor_accel.hpp\n'}
[1.536093] (px4_msgs) StdoutLine: {'line': b'-- Up-to-date symlink: /home/maanavjugalshah/SwarmAero/ros2_ws/install/px4_msgs/include/px4_msgs/px4_msgs/msg/sensor_accel_fifo.hpp\n'}
[1.536177] (px4_msgs) StdoutLine: {'line': b'-- Up-to-date symlink: /home/maanavjugalshah/SwarmAero/ros2_ws/install/px4_msgs/include/px4_msgs/px4_msgs/msg/sensor_airflow.hpp\n'}
[1.536254] (px4_msgs) StdoutLine: {'line': b'-- Up-to-date symlink: /home/maanavjugalshah/SwarmAero/ros2_ws/install/px4_msgs/include/px4_msgs/px4_msgs/msg/sensor_baro.hpp\n'}
[1.536337] (px4_msgs) StdoutLine: {'line': b'-- Up-to-date symlink: /home/maanavjugalshah/SwarmAero/ros2_ws/install/px4_msgs/include/px4_msgs/px4_msgs/msg/sensor_combined.hpp\n'}
[1.536413] (px4_msgs) StdoutLine: {'line': b'-- Up-to-date symlink: /home/maanavjugalshah/SwarmAero/ros2_ws/install/px4_msgs/include/px4_msgs/px4_msgs/msg/sensor_correction.hpp\n'}
[1.537003] (px4_msgs) StdoutLine: {'line': b'-- Up-to-date symlink: /home/maanavjugalshah/SwarmAero/ros2_ws/install/px4_msgs/include/px4_msgs/px4_msgs/msg/sensor_gnss_relative.hpp\n'}
[1.537268] (px4_msgs) StdoutLine: {'line': b'-- Up-to-date symlink: /home/maanavjugalshah/SwarmAero/ros2_ws/install/px4_msgs/include/px4_msgs/px4_msgs/msg/sensor_gnss_status.hpp\n'}
[1.537668] (px4_msgs) StdoutLine: {'line': b'-- Up-to-date symlink: /home/maanavjugalshah/SwarmAero/ros2_ws/install/px4_msgs/include/px4_msgs/px4_msgs/msg/sensor_gps.hpp\n'}
[1.537800] (px4_msgs) StdoutLine: {'line': b'-- Up-to-date symlink: /home/maanavjugalshah/SwarmAero/ros2_ws/install/px4_msgs/include/px4_msgs/px4_msgs/msg/sensor_gyro.hpp\n'}
[1.538130] (px4_msgs) StdoutLine: {'line': b'-- Up-to-date symlink: /home/maanavjugalshah/SwarmAero/ros2_ws/install/px4_msgs/include/px4_msgs/px4_msgs/msg/sensor_gyro_fft.hpp\n'}
[1.538221] (px4_msgs) StdoutLine: {'line': b'-- Up-to-date symlink: /home/maanavjugalshah/SwarmAero/ros2_ws/install/px4_msgs/include/px4_msgs/px4_msgs/msg/sensor_gyro_fifo.hpp\n'}
[1.538297] (px4_msgs) StdoutLine: {'line': b'-- Up-to-date symlink: /home/maanavjugalshah/SwarmAero/ros2_ws/install/px4_msgs/include/px4_msgs/px4_msgs/msg/sensor_hygrometer.hpp\n'}
[1.538365] (px4_msgs) StdoutLine: {'line': b'-- Up-to-date symlink: /home/maanavjugalshah/SwarmAero/ros2_ws/install/px4_msgs/include/px4_msgs/px4_msgs/msg/sensor_mag.hpp\n'}
[1.538483] (px4_msgs) StdoutLine: {'line': b'-- Up-to-date symlink: /home/maanavjugalshah/SwarmAero/ros2_ws/install/px4_msgs/include/px4_msgs/px4_msgs/msg/sensor_optical_flow.hpp\n'}
[1.538538] (px4_msgs) StdoutLine: {'line': b'-- Up-to-date symlink: /home/maanavjugalshah/SwarmAero/ros2_ws/install/px4_msgs/include/px4_msgs/px4_msgs/msg/sensor_preflight_mag.hpp\n'}
[1.538626] (px4_msgs) StdoutLine: {'line': b'-- Up-to-date symlink: /home/maanavjugalshah/SwarmAero/ros2_ws/install/px4_msgs/include/px4_msgs/px4_msgs/msg/sensor_selection.hpp\n'}
[1.538697] (px4_msgs) StdoutLine: {'line': b'-- Up-to-date symlink: /home/maanavjugalshah/SwarmAero/ros2_ws/install/px4_msgs/include/px4_msgs/px4_msgs/msg/sensor_temp.hpp\n'}
[1.538979] (px4_msgs) StdoutLine: {'line': b'-- Up-to-date symlink: /home/maanavjugalshah/SwarmAero/ros2_ws/install/px4_msgs/include/px4_msgs/px4_msgs/msg/sensor_uwb.hpp\n'}
[1.539043] (px4_msgs) StdoutLine: {'line': b'-- Up-to-date symlink: /home/maanavjugalshah/SwarmAero/ros2_ws/install/px4_msgs/include/px4_msgs/px4_msgs/msg/sensors_status.hpp\n'}
[1.539116] (px4_msgs) StdoutLine: {'line': b'-- Up-to-date symlink: /home/maanavjugalshah/SwarmAero/ros2_ws/install/px4_msgs/include/px4_msgs/px4_msgs/msg/sensors_status_imu.hpp\n'}
[1.539186] (px4_msgs) StdoutLine: {'line': b'-- Up-to-date symlink: /home/maanavjugalshah/SwarmAero/ros2_ws/install/px4_msgs/include/px4_msgs/px4_msgs/msg/system_power.hpp\n'}
[1.539276] (px4_msgs) StdoutLine: {'line': b'-- Up-to-date symlink: /home/maanavjugalshah/SwarmAero/ros2_ws/install/px4_msgs/include/px4_msgs/px4_msgs/msg/takeoff_status.hpp\n'}
[1.539514] (px4_msgs) StdoutLine: {'line': b'-- Up-to-date symlink: /home/maanavjugalshah/SwarmAero/ros2_ws/install/px4_msgs/include/px4_msgs/px4_msgs/msg/task_stack_info.hpp\n'}
[1.539872] (px4_msgs) StdoutLine: {'line': b'-- Up-to-date symlink: /home/maanavjugalshah/SwarmAero/ros2_ws/install/px4_msgs/include/px4_msgs/px4_msgs/msg/tecs_status.hpp\n'}
[1.539930] (px4_msgs) StdoutLine: {'line': b'-- Up-to-date symlink: /home/maanavjugalshah/SwarmAero/ros2_ws/install/px4_msgs/include/px4_msgs/px4_msgs/msg/telemetry_status.hpp\n'}
[1.540043] (px4_msgs) StdoutLine: {'line': b'-- Up-to-date symlink: /home/maanavjugalshah/SwarmAero/ros2_ws/install/px4_msgs/include/px4_msgs/px4_msgs/msg/tiltrotor_extra_controls.hpp\n'}
[1.540352] (px4_msgs) StdoutLine: {'line': b'-- Up-to-date symlink: /home/maanavjugalshah/SwarmAero/ros2_ws/install/px4_msgs/include/px4_msgs/px4_msgs/msg/timesync_status.hpp\n'}
[1.540436] (px4_msgs) StdoutLine: {'line': b'-- Up-to-date symlink: /home/maanavjugalshah/SwarmAero/ros2_ws/install/px4_msgs/include/px4_msgs/px4_msgs/msg/trajectory_setpoint.hpp\n'}
[1.540649] (px4_msgs) StdoutLine: {'line': b'-- Up-to-date symlink: /home/maanavjugalshah/SwarmAero/ros2_ws/install/px4_msgs/include/px4_msgs/px4_msgs/msg/trajectory_setpoint6dof.hpp\n'}
[1.540763] (px4_msgs) StdoutLine: {'line': b'-- Up-to-date symlink: /home/maanavjugalshah/SwarmAero/ros2_ws/install/px4_msgs/include/px4_msgs/px4_msgs/msg/transponder_report.hpp\n'}
[1.540835] (px4_msgs) StdoutLine: {'line': b'-- Up-to-date symlink: /home/maanavjugalshah/SwarmAero/ros2_ws/install/px4_msgs/include/px4_msgs/px4_msgs/msg/tune_control.hpp\n'}
[1.541399] (px4_msgs) StdoutLine: {'line': b'-- Up-to-date symlink: /home/maanavjugalshah/SwarmAero/ros2_ws/install/px4_msgs/include/px4_msgs/px4_msgs/msg/uavcan_parameter_request.hpp\n'}
[1.541491] (px4_msgs) StdoutLine: {'line': b'-- Up-to-date symlink: /home/maanavjugalshah/SwarmAero/ros2_ws/install/px4_msgs/include/px4_msgs/px4_msgs/msg/uavcan_parameter_value.hpp\n'}
[1.541549] (px4_msgs) StdoutLine: {'line': b'-- Up-to-date symlink: /home/maanavjugalshah/SwarmAero/ros2_ws/install/px4_msgs/include/px4_msgs/px4_msgs/msg/ulog_stream.hpp\n'}
[1.541640] (px4_msgs) StdoutLine: {'line': b'-- Up-to-date symlink: /home/maanavjugalshah/SwarmAero/ros2_ws/install/px4_msgs/include/px4_msgs/px4_msgs/msg/ulog_stream_ack.hpp\n'}
[1.541718] (px4_msgs) StdoutLine: {'line': b'-- Up-to-date symlink: /home/maanavjugalshah/SwarmAero/ros2_ws/install/px4_msgs/include/px4_msgs/px4_msgs/msg/unregister_ext_component.hpp\n'}
[1.541805] (px4_msgs) StdoutLine: {'line': b'-- Up-to-date symlink: /home/maanavjugalshah/SwarmAero/ros2_ws/install/px4_msgs/include/px4_msgs/px4_msgs/msg/vehicle_acceleration.hpp\n'}
[1.541903] (px4_msgs) StdoutLine: {'line': b'-- Up-to-date symlink: /home/maanavjugalshah/SwarmAero/ros2_ws/install/px4_msgs/include/px4_msgs/px4_msgs/msg/vehicle_air_data.hpp\n'}
[1.542066] (px4_msgs) StdoutLine: {'line': b'-- Up-to-date symlink: /home/maanavjugalshah/SwarmAero/ros2_ws/install/px4_msgs/include/px4_msgs/px4_msgs/msg/vehicle_angular_acceleration_setpoint.hpp\n'}
[1.542298] (px4_msgs) StdoutLine: {'line': b'-- Up-to-date symlink: /home/maanavjugalshah/SwarmAero/ros2_ws/install/px4_msgs/include/px4_msgs/px4_msgs/msg/vehicle_angular_velocity.hpp\n'}
[1.542433] (px4_msgs) StdoutLine: {'line': b'-- Up-to-date symlink: /home/maanavjugalshah/SwarmAero/ros2_ws/install/px4_msgs/include/px4_msgs/px4_msgs/msg/vehicle_attitude.hpp\n'}
[1.542529] (px4_msgs) StdoutLine: {'line': b'-- Up-to-date symlink: /home/maanavjugalshah/SwarmAero/ros2_ws/install/px4_msgs/include/px4_msgs/px4_msgs/msg/vehicle_attitude_setpoint.hpp\n'}
[1.542850] (px4_msgs) StdoutLine: {'line': b'-- Up-to-date symlink: /home/maanavjugalshah/SwarmAero/ros2_ws/install/px4_msgs/include/px4_msgs/px4_msgs/msg/vehicle_command.hpp\n'}
[1.543271] (px4_msgs) StdoutLine: {'line': b'-- Up-to-date symlink: /home/maanavjugalshah/SwarmAero/ros2_ws/install/px4_msgs/include/px4_msgs/px4_msgs/msg/vehicle_command_ack.hpp\n'}
[1.543380] (px4_msgs) StdoutLine: {'line': b'-- Up-to-date symlink: /home/maanavjugalshah/SwarmAero/ros2_ws/install/px4_msgs/include/px4_msgs/px4_msgs/msg/vehicle_constraints.hpp\n'}
[1.543686] (px4_msgs) StdoutLine: {'line': b'-- Up-to-date symlink: /home/maanavjugalshah/SwarmAero/ros2_ws/install/px4_msgs/include/px4_msgs/px4_msgs/msg/vehicle_control_mode.hpp\n'}
[1.543848] (px4_msgs) StdoutLine: {'line': b'-- Up-to-date symlink: /home/maanavjugalshah/SwarmAero/ros2_ws/install/px4_msgs/include/px4_msgs/px4_msgs/msg/vehicle_global_position.hpp\n'}
[1.543929] (px4_msgs) StdoutLine: {'line': b'-- Up-to-date symlink: /home/maanavjugalshah/SwarmAero/ros2_ws/install/px4_msgs/include/px4_msgs/px4_msgs/msg/vehicle_imu.hpp\n'}
[1.544002] (px4_msgs) StdoutLine: {'line': b'-- Up-to-date symlink: /home/maanavjugalshah/SwarmAero/ros2_ws/install/px4_msgs/include/px4_msgs/px4_msgs/msg/vehicle_imu_status.hpp\n'}
[1.544187] (px4_msgs) StdoutLine: {'line': b'-- Up-to-date symlink: /home/maanavjugalshah/SwarmAero/ros2_ws/install/px4_msgs/include/px4_msgs/px4_msgs/msg/vehicle_land_detected.hpp\n'}
[1.544272] (px4_msgs) StdoutLine: {'line': b'-- Up-to-date symlink: /home/maanavjugalshah/SwarmAero/ros2_ws/install/px4_msgs/include/px4_msgs/px4_msgs/msg/vehicle_local_position.hpp\n'}
[1.544343] (px4_msgs) StdoutLine: {'line': b'-- Up-to-date symlink: /home/maanavjugalshah/SwarmAero/ros2_ws/install/px4_msgs/include/px4_msgs/px4_msgs/msg/vehicle_local_position_setpoint.hpp\n'}
[1.544419] (px4_msgs) StdoutLine: {'line': b'-- Up-to-date symlink: /home/maanavjugalshah/SwarmAero/ros2_ws/install/px4_msgs/include/px4_msgs/px4_msgs/msg/vehicle_magnetometer.hpp\n'}
[1.544487] (px4_msgs) StdoutLine: {'line': b'-- Up-to-date symlink: /home/maanavjugalshah/SwarmAero/ros2_ws/install/px4_msgs/include/px4_msgs/px4_msgs/msg/vehicle_odometry.hpp\n'}
[1.544575] (px4_msgs) StdoutLine: {'line': b'-- Up-to-date symlink: /home/maanavjugalshah/SwarmAero/ros2_ws/install/px4_msgs/include/px4_msgs/px4_msgs/msg/vehicle_optical_flow.hpp\n'}
[1.544684] (px4_msgs) StdoutLine: {'line': b'-- Up-to-date symlink: /home/maanavjugalshah/SwarmAero/ros2_ws/install/px4_msgs/include/px4_msgs/px4_msgs/msg/vehicle_optical_flow_vel.hpp\n'}
[1.545146] (px4_msgs) StdoutLine: {'line': b'-- Up-to-date symlink: /home/maanavjugalshah/SwarmAero/ros2_ws/install/px4_msgs/include/px4_msgs/px4_msgs/msg/vehicle_rates_setpoint.hpp\n'}
[1.545598] (px4_msgs) StdoutLine: {'line': b'-- Up-to-date symlink: /home/maanavjugalshah/SwarmAero/ros2_ws/install/px4_msgs/include/px4_msgs/px4_msgs/msg/vehicle_roi.hpp\n'}
[1.545728] (px4_msgs) StdoutLine: {'line': b'-- Up-to-date symlink: /home/maanavjugalshah/SwarmAero/ros2_ws/install/px4_msgs/include/px4_msgs/px4_msgs/msg/vehicle_status.hpp\n'}
[1.546065] (px4_msgs) StdoutLine: {'line': b'-- Up-to-date symlink: /home/maanavjugalshah/SwarmAero/ros2_ws/install/px4_msgs/include/px4_msgs/px4_msgs/msg/vehicle_thrust_setpoint.hpp\n'}
[1.546123] (px4_msgs) StdoutLine: {'line': b'-- Up-to-date symlink: /home/maanavjugalshah/SwarmAero/ros2_ws/install/px4_msgs/include/px4_msgs/px4_msgs/msg/vehicle_torque_setpoint.hpp\n'}
[1.546263] (px4_msgs) StdoutLine: {'line': b'-- Up-to-date symlink: /home/maanavjugalshah/SwarmAero/ros2_ws/install/px4_msgs/include/px4_msgs/px4_msgs/msg/velocity_limits.hpp\n'}
[1.546561] (px4_msgs) StdoutLine: {'line': b'-- Up-to-date symlink: /home/maanavjugalshah/SwarmAero/ros2_ws/install/px4_msgs/include/px4_msgs/px4_msgs/msg/vtol_vehicle_status.hpp\n'}
[1.546617] (px4_msgs) StdoutLine: {'line': b'-- Up-to-date symlink: /home/maanavjugalshah/SwarmAero/ros2_ws/install/px4_msgs/include/px4_msgs/px4_msgs/msg/vtx.hpp\n'}
[1.547173] (px4_msgs) StdoutLine: {'line': b'-- Up-to-date symlink: /home/maanavjugalshah/SwarmAero/ros2_ws/install/px4_msgs/include/px4_msgs/px4_msgs/msg/wheel_encoders.hpp\n'}
[1.547261] (px4_msgs) StdoutLine: {'line': b'-- Up-to-date symlink: /home/maanavjugalshah/SwarmAero/ros2_ws/install/px4_msgs/include/px4_msgs/px4_msgs/msg/wind.hpp\n'}
[1.547570] (px4_msgs) StdoutLine: {'line': b'-- Up-to-date symlink: /home/maanavjugalshah/SwarmAero/ros2_ws/install/px4_msgs/include/px4_msgs/px4_msgs/msg/yaw_estimator_status.hpp\n'}
[1.547734] (px4_msgs) StdoutLine: {'line': b'-- Up-to-date symlink: /home/maanavjugalshah/SwarmAero/ros2_ws/install/px4_msgs/include/px4_msgs/px4_msgs/srv/detail/vehicle_command__builder.hpp\n'}
[1.547972] (px4_msgs) StdoutLine: {'line': b'-- Up-to-date symlink: /home/maanavjugalshah/SwarmAero/ros2_ws/install/px4_msgs/include/px4_msgs/px4_msgs/srv/detail/vehicle_command__struct.hpp\n'}
[1.548120] (px4_msgs) StdoutLine: {'line': b'-- Up-to-date symlink: /home/maanavjugalshah/SwarmAero/ros2_ws/install/px4_msgs/include/px4_msgs/px4_msgs/srv/detail/vehicle_command__traits.hpp\n'}
[1.548230] (px4_msgs) StdoutLine: {'line': b'-- Up-to-date symlink: /home/maanavjugalshah/SwarmAero/ros2_ws/install/px4_msgs/include/px4_msgs/px4_msgs/srv/detail/vehicle_command__type_support.hpp\n'}
[1.548301] (px4_msgs) StdoutLine: {'line': b'-- Up-to-date symlink: /home/maanavjugalshah/SwarmAero/ros2_ws/install/px4_msgs/include/px4_msgs/px4_msgs/srv/vehicle_command.hpp\n'}
[1.548816] (px4_msgs) StdoutLine: {'line': b'-- Up-to-date symlink: /home/maanavjugalshah/SwarmAero/ros2_ws/install/px4_msgs/include/px4_msgs/px4_msgs/msg/detail/action_request__rosidl_typesupport_fastrtps_cpp.hpp\n'}
[1.548933] (px4_msgs) StdoutLine: {'line': b'-- Up-to-date symlink: /home/maanavjugalshah/SwarmAero/ros2_ws/install/px4_msgs/include/px4_msgs/px4_msgs/msg/detail/actuator_armed__rosidl_typesupport_fastrtps_cpp.hpp\n'}
[1.549005] (px4_msgs) StdoutLine: {'line': b'-- Up-to-date symlink: /home/maanavjugalshah/SwarmAero/ros2_ws/install/px4_msgs/include/px4_msgs/px4_msgs/msg/detail/actuator_controls_status__rosidl_typesupport_fastrtps_cpp.hpp\n'}
[1.549149] (px4_msgs) StdoutLine: {'line': b'-- Up-to-date symlink: /home/maanavjugalshah/SwarmAero/ros2_ws/install/px4_msgs/include/px4_msgs/px4_msgs/msg/detail/actuator_motors__rosidl_typesupport_fastrtps_cpp.hpp\n'}
[1.549267] (px4_msgs) StdoutLine: {'line': b'-- Up-to-date symlink: /home/maanavjugalshah/SwarmAero/ros2_ws/install/px4_msgs/include/px4_msgs/px4_msgs/msg/detail/actuator_outputs__rosidl_typesupport_fastrtps_cpp.hpp\n'}
[1.549420] (px4_msgs) StdoutLine: {'line': b'-- Up-to-date symlink: /home/maanavjugalshah/SwarmAero/ros2_ws/install/px4_msgs/include/px4_msgs/px4_msgs/msg/detail/actuator_servos__rosidl_typesupport_fastrtps_cpp.hpp\n'}
[1.549570] (px4_msgs) StdoutLine: {'line': b'-- Up-to-date symlink: /home/maanavjugalshah/SwarmAero/ros2_ws/install/px4_msgs/include/px4_msgs/px4_msgs/msg/detail/actuator_servos_trim__rosidl_typesupport_fastrtps_cpp.hpp\n'}
[1.549689] (px4_msgs) StdoutLine: {'line': b'-- Up-to-date symlink: /home/maanavjugalshah/SwarmAero/ros2_ws/install/px4_msgs/include/px4_msgs/px4_msgs/msg/detail/actuator_test__rosidl_typesupport_fastrtps_cpp.hpp\n'}
[1.549822] (px4_msgs) StdoutLine: {'line': b'-- Up-to-date symlink: /home/maanavjugalshah/SwarmAero/ros2_ws/install/px4_msgs/include/px4_msgs/px4_msgs/msg/detail/adc_report__rosidl_typesupport_fastrtps_cpp.hpp\n'}
[1.550212] (px4_msgs) StdoutLine: {'line': b'-- Up-to-date symlink: /home/maanavjugalshah/SwarmAero/ros2_ws/install/px4_msgs/include/px4_msgs/px4_msgs/msg/detail/airspeed__rosidl_typesupport_fastrtps_cpp.hpp\n'}
[1.550577] (px4_msgs) StdoutLine: {'line': b'-- Up-to-date symlink: /home/maanavjugalshah/SwarmAero/ros2_ws/install/px4_msgs/include/px4_msgs/px4_msgs/msg/detail/airspeed_validated__rosidl_typesupport_fastrtps_cpp.hpp\n'}
[1.551013] (px4_msgs) StdoutLine: {'line': b'-- Up-to-date symlink: /home/maanavjugalshah/SwarmAero/ros2_ws/install/px4_msgs/include/px4_msgs/px4_msgs/msg/detail/airspeed_wind__rosidl_typesupport_fastrtps_cpp.hpp\n'}
[1.551522] (px4_msgs) StdoutLine: {'line': b'-- Up-to-date symlink: /home/maanavjugalshah/SwarmAero/ros2_ws/install/px4_msgs/include/px4_msgs/px4_msgs/msg/detail/arming_check_reply__rosidl_typesupport_fastrtps_cpp.hpp\n'}
[1.551945] (px4_msgs) StdoutLine: {'line': b'-- Up-to-date symlink: /home/maanavjugalshah/SwarmAero/ros2_ws/install/px4_msgs/include/px4_msgs/px4_msgs/msg/detail/arming_check_request__rosidl_typesupport_fastrtps_cpp.hpp\n'}
[1.552559] (px4_msgs) StdoutLine: {'line': b'-- Up-to-date symlink: /home/maanavjugalshah/SwarmAero/ros2_ws/install/px4_msgs/include/px4_msgs/px4_msgs/msg/detail/autotune_attitude_control_status__rosidl_typesupport_fastrtps_cpp.hpp\n'}
[1.553077] (px4_msgs) StdoutLine: {'line': b'-- Up-to-date symlink: /home/maanavjugalshah/SwarmAero/ros2_ws/install/px4_msgs/include/px4_msgs/px4_msgs/msg/detail/aux_global_position__rosidl_typesupport_fastrtps_cpp.hpp\n'}
[1.553220] (px4_msgs) StdoutLine: {'line': b'-- Up-to-date symlink: /home/maanavjugalshah/SwarmAero/ros2_ws/install/px4_msgs/include/px4_msgs/px4_msgs/msg/detail/battery_info__rosidl_typesupport_fastrtps_cpp.hpp\n'}
[1.553604] (px4_msgs) StdoutLine: {'line': b'-- Up-to-date symlink: /home/maanavjugalshah/SwarmAero/ros2_ws/install/px4_msgs/include/px4_msgs/px4_msgs/msg/detail/battery_status__rosidl_typesupport_fastrtps_cpp.hpp\n'}
[1.554068] (px4_msgs) StdoutLine: {'line': b'-- Up-to-date symlink: /home/maanavjugalshah/SwarmAero/ros2_ws/install/px4_msgs/include/px4_msgs/px4_msgs/msg/detail/button_event__rosidl_typesupport_fastrtps_cpp.hpp\n'}
[1.554256] (px4_msgs) StdoutLine: {'line': b'-- Up-to-date symlink: /home/maanavjugalshah/SwarmAero/ros2_ws/install/px4_msgs/include/px4_msgs/px4_msgs/msg/detail/camera_capture__rosidl_typesupport_fastrtps_cpp.hpp\n'}
[1.554306] (px4_msgs) StdoutLine: {'line': b'-- Up-to-date symlink: /home/maanavjugalshah/SwarmAero/ros2_ws/install/px4_msgs/include/px4_msgs/px4_msgs/msg/detail/camera_status__rosidl_typesupport_fastrtps_cpp.hpp\n'}
[1.554463] (px4_msgs) StdoutLine: {'line': b'-- Up-to-date symlink: /home/maanavjugalshah/SwarmAero/ros2_ws/install/px4_msgs/include/px4_msgs/px4_msgs/msg/detail/camera_trigger__rosidl_typesupport_fastrtps_cpp.hpp\n'}
[1.554598] (px4_msgs) StdoutLine: {'line': b'-- Up-to-date symlink: /home/maanavjugalshah/SwarmAero/ros2_ws/install/px4_msgs/include/px4_msgs/px4_msgs/msg/detail/can_interface_status__rosidl_typesupport_fastrtps_cpp.hpp\n'}
[1.555019] (px4_msgs) StdoutLine: {'line': b'-- Up-to-date symlink: /home/maanavjugalshah/SwarmAero/ros2_ws/install/px4_msgs/include/px4_msgs/px4_msgs/msg/detail/cellular_status__rosidl_typesupport_fastrtps_cpp.hpp\n'}
[1.555245] (px4_msgs) StdoutLine: {'line': b'-- Up-to-date symlink: /home/maanavjugalshah/SwarmAero/ros2_ws/install/px4_msgs/include/px4_msgs/px4_msgs/msg/detail/collision_constraints__rosidl_typesupport_fastrtps_cpp.hpp\n'}
[1.555302] (px4_msgs) StdoutLine: {'line': b'-- Up-to-date symlink: /home/maanavjugalshah/SwarmAero/ros2_ws/install/px4_msgs/include/px4_msgs/px4_msgs/msg/detail/config_overrides__rosidl_typesupport_fastrtps_cpp.hpp\n'}
[1.555342] (px4_msgs) StdoutLine: {'line': b'-- Up-to-date symlink: /home/maanavjugalshah/SwarmAero/ros2_ws/install/px4_msgs/include/px4_msgs/px4_msgs/msg/detail/control_allocator_status__rosidl_typesupport_fastrtps_cpp.hpp\n'}
[1.555380] (px4_msgs) StdoutLine: {'line': b'-- Up-to-date symlink: /home/maanavjugalshah/SwarmAero/ros2_ws/install/px4_msgs/include/px4_msgs/px4_msgs/msg/detail/cpuload__rosidl_typesupport_fastrtps_cpp.hpp\n'}
[1.555455] (px4_msgs) StdoutLine: {'line': b'-- Up-to-date symlink: /home/maanavjugalshah/SwarmAero/ros2_ws/install/px4_msgs/include/px4_msgs/px4_msgs/msg/detail/dataman_request__rosidl_typesupport_fastrtps_cpp.hpp\n'}
[1.555524] (px4_msgs) StdoutLine: {'line': b'-- Up-to-date symlink: /home/maanavjugalshah/SwarmAero/ros2_ws/install/px4_msgs/include/px4_msgs/px4_msgs/msg/detail/dataman_response__rosidl_typesupport_fastrtps_cpp.hpp\n'}
[1.555562] (px4_msgs) StdoutLine: {'line': b'-- Up-to-date symlink: /home/maanavjugalshah/SwarmAero/ros2_ws/install/px4_msgs/include/px4_msgs/px4_msgs/msg/detail/debug_array__rosidl_typesupport_fastrtps_cpp.hpp\n'}
[1.555707] (px4_msgs) StdoutLine: {'line': b'-- Up-to-date symlink: /home/maanavjugalshah/SwarmAero/ros2_ws/install/px4_msgs/include/px4_msgs/px4_msgs/msg/detail/debug_key_value__rosidl_typesupport_fastrtps_cpp.hpp\n'}
[1.555754] (px4_msgs) StdoutLine: {'line': b'-- Up-to-date symlink: /home/maanavjugalshah/SwarmAero/ros2_ws/install/px4_msgs/include/px4_msgs/px4_msgs/msg/detail/debug_value__rosidl_typesupport_fastrtps_cpp.hpp\n'}
[1.555793] (px4_msgs) StdoutLine: {'line': b'-- Up-to-date symlink: /home/maanavjugalshah/SwarmAero/ros2_ws/install/px4_msgs/include/px4_msgs/px4_msgs/msg/detail/debug_vect__rosidl_typesupport_fastrtps_cpp.hpp\n'}
[1.555845] (px4_msgs) StdoutLine: {'line': b'-- Up-to-date symlink: /home/maanavjugalshah/SwarmAero/ros2_ws/install/px4_msgs/include/px4_msgs/px4_msgs/msg/detail/device_information__rosidl_typesupport_fastrtps_cpp.hpp\n'}
[1.555882] (px4_msgs) StdoutLine: {'line': b'-- Up-to-date symlink: /home/maanavjugalshah/SwarmAero/ros2_ws/install/px4_msgs/include/px4_msgs/px4_msgs/msg/detail/differential_pressure__rosidl_typesupport_fastrtps_cpp.hpp\n'}
[1.555934] (px4_msgs) StdoutLine: {'line': b'-- Up-to-date symlink: /home/maanavjugalshah/SwarmAero/ros2_ws/install/px4_msgs/include/px4_msgs/px4_msgs/msg/detail/distance_sensor__rosidl_typesupport_fastrtps_cpp.hpp\n'}
[1.555971] (px4_msgs) StdoutLine: {'line': b'-- Up-to-date symlink: /home/maanavjugalshah/SwarmAero/ros2_ws/install/px4_msgs/include/px4_msgs/px4_msgs/msg/detail/distance_sensor_mode_change_request__rosidl_typesupport_fastrtps_cpp.hpp\n'}
[1.556031] (px4_msgs) StdoutLine: {'line': b'-- Up-to-date symlink: /home/maanavjugalshah/SwarmAero/ros2_ws/install/px4_msgs/include/px4_msgs/px4_msgs/msg/detail/dronecan_node_status__rosidl_typesupport_fastrtps_cpp.hpp\n'}
[1.556103] (px4_msgs) StdoutLine: {'line': b'-- Up-to-date symlink: /home/maanavjugalshah/SwarmAero/ros2_ws/install/px4_msgs/include/px4_msgs/px4_msgs/msg/detail/ekf2_timestamps__rosidl_typesupport_fastrtps_cpp.hpp\n'}
[1.556180] (px4_msgs) StdoutLine: {'line': b'-- Up-to-date symlink: /home/maanavjugalshah/SwarmAero/ros2_ws/install/px4_msgs/include/px4_msgs/px4_msgs/msg/detail/esc_eeprom_read__rosidl_typesupport_fastrtps_cpp.hpp\n'}
[1.556223] (px4_msgs) StdoutLine: {'line': b'-- Up-to-date symlink: /home/maanavjugalshah/SwarmAero/ros2_ws/install/px4_msgs/include/px4_msgs/px4_msgs/msg/detail/esc_eeprom_write__rosidl_typesupport_fastrtps_cpp.hpp\n'}
[1.556263] (px4_msgs) StdoutLine: {'line': b'-- Up-to-date symlink: /home/maanavjugalshah/SwarmAero/ros2_ws/install/px4_msgs/include/px4_msgs/px4_msgs/msg/detail/esc_report__rosidl_typesupport_fastrtps_cpp.hpp\n'}
[1.556301] (px4_msgs) StdoutLine: {'line': b'-- Up-to-date symlink: /home/maanavjugalshah/SwarmAero/ros2_ws/install/px4_msgs/include/px4_msgs/px4_msgs/msg/detail/esc_status__rosidl_typesupport_fastrtps_cpp.hpp\n'}
[1.556365] (px4_msgs) StdoutLine: {'line': b'-- Up-to-date symlink: /home/maanavjugalshah/SwarmAero/ros2_ws/install/px4_msgs/include/px4_msgs/px4_msgs/msg/detail/estimator_aid_source1d__rosidl_typesupport_fastrtps_cpp.hpp\n'}
[1.556437] (px4_msgs) StdoutLine: {'line': b'-- Up-to-date symlink: /home/maanavjugalshah/SwarmAero/ros2_ws/install/px4_msgs/include/px4_msgs/px4_msgs/msg/detail/estimator_aid_source2d__rosidl_typesupport_fastrtps_cpp.hpp\n'}
[1.556507] (px4_msgs) StdoutLine: {'line': b'-- Up-to-date symlink: /home/maanavjugalshah/SwarmAero/ros2_ws/install/px4_msgs/include/px4_msgs/px4_msgs/msg/detail/estimator_aid_source3d__rosidl_typesupport_fastrtps_cpp.hpp\n'}
[1.556578] (px4_msgs) StdoutLine: {'line': b'-- Up-to-date symlink: /home/maanavjugalshah/SwarmAero/ros2_ws/install/px4_msgs/include/px4_msgs/px4_msgs/msg/detail/estimator_bias3d__rosidl_typesupport_fastrtps_cpp.hpp\n'}
[1.556634] (px4_msgs) StdoutLine: {'line': b'-- Up-to-date symlink: /home/maanavjugalshah/SwarmAero/ros2_ws/install/px4_msgs/include/px4_msgs/px4_msgs/msg/detail/estimator_bias__rosidl_typesupport_fastrtps_cpp.hpp\n'}
[1.556686] (px4_msgs) StdoutLine: {'line': b'-- Up-to-date symlink: /home/maanavjugalshah/SwarmAero/ros2_ws/install/px4_msgs/include/px4_msgs/px4_msgs/msg/detail/estimator_event_flags__rosidl_typesupport_fastrtps_cpp.hpp\n'}
[1.556726] (px4_msgs) StdoutLine: {'line': b'-- Up-to-date symlink: /home/maanavjugalshah/SwarmAero/ros2_ws/install/px4_msgs/include/px4_msgs/px4_msgs/msg/detail/estimator_fusion_control__rosidl_typesupport_fastrtps_cpp.hpp\n'}
[1.556765] (px4_msgs) StdoutLine: {'line': b'-- Up-to-date symlink: /home/maanavjugalshah/SwarmAero/ros2_ws/install/px4_msgs/include/px4_msgs/px4_msgs/msg/detail/estimator_gps_status__rosidl_typesupport_fastrtps_cpp.hpp\n'}
[1.556805] (px4_msgs) StdoutLine: {'line': b'-- Up-to-date symlink: /home/maanavjugalshah/SwarmAero/ros2_ws/install/px4_msgs/include/px4_msgs/px4_msgs/msg/detail/estimator_innovations__rosidl_typesupport_fastrtps_cpp.hpp\n'}
[1.556841] (px4_msgs) StdoutLine: {'line': b'-- Up-to-date symlink: /home/maanavjugalshah/SwarmAero/ros2_ws/install/px4_msgs/include/px4_msgs/px4_msgs/msg/detail/estimator_selector_status__rosidl_typesupport_fastrtps_cpp.hpp\n'}
[1.556878] (px4_msgs) StdoutLine: {'line': b'-- Up-to-date symlink: /home/maanavjugalshah/SwarmAero/ros2_ws/install/px4_msgs/include/px4_msgs/px4_msgs/msg/detail/estimator_sensor_bias__rosidl_typesupport_fastrtps_cpp.hpp\n'}
[1.556914] (px4_msgs) StdoutLine: {'line': b'-- Up-to-date symlink: /home/maanavjugalshah/SwarmAero/ros2_ws/install/px4_msgs/include/px4_msgs/px4_msgs/msg/detail/estimator_states__rosidl_typesupport_fastrtps_cpp.hpp\n'}
[1.556956] (px4_msgs) StdoutLine: {'line': b'-- Up-to-date symlink: /home/maanavjugalshah/SwarmAero/ros2_ws/install/px4_msgs/include/px4_msgs/px4_msgs/msg/detail/estimator_status__rosidl_typesupport_fastrtps_cpp.hpp\n'}
[1.556993] (px4_msgs) StdoutLine: {'line': b'-- Up-to-date symlink: /home/maanavjugalshah/SwarmAero/ros2_ws/install/px4_msgs/include/px4_msgs/px4_msgs/msg/detail/estimator_status_flags__rosidl_typesupport_fastrtps_cpp.hpp\n'}
[1.557028] (px4_msgs) StdoutLine: {'line': b'-- Up-to-date symlink: /home/maanavjugalshah/SwarmAero/ros2_ws/install/px4_msgs/include/px4_msgs/px4_msgs/msg/detail/event__rosidl_typesupport_fastrtps_cpp.hpp\n'}
[1.557070] (px4_msgs) StdoutLine: {'line': b'-- Up-to-date symlink: /home/maanavjugalshah/SwarmAero/ros2_ws/install/px4_msgs/include/px4_msgs/px4_msgs/msg/detail/failsafe_flags__rosidl_typesupport_fastrtps_cpp.hpp\n'}
[1.557108] (px4_msgs) StdoutLine: {'line': b'-- Up-to-date symlink: /home/maanavjugalshah/SwarmAero/ros2_ws/install/px4_msgs/include/px4_msgs/px4_msgs/msg/detail/failure_detector_status__rosidl_typesupport_fastrtps_cpp.hpp\n'}
[1.557145] (px4_msgs) StdoutLine: {'line': b'-- Up-to-date symlink: /home/maanavjugalshah/SwarmAero/ros2_ws/install/px4_msgs/include/px4_msgs/px4_msgs/msg/detail/figure_eight_status__rosidl_typesupport_fastrtps_cpp.hpp\n'}
[1.557181] (px4_msgs) StdoutLine: {'line': b'-- Up-to-date symlink: /home/maanavjugalshah/SwarmAero/ros2_ws/install/px4_msgs/include/px4_msgs/px4_msgs/msg/detail/fixed_wing_lateral_guidance_status__rosidl_typesupport_fastrtps_cpp.hpp\n'}
[1.557219] (px4_msgs) StdoutLine: {'line': b'-- Up-to-date symlink: /home/maanavjugalshah/SwarmAero/ros2_ws/install/px4_msgs/include/px4_msgs/px4_msgs/msg/detail/fixed_wing_lateral_setpoint__rosidl_typesupport_fastrtps_cpp.hpp\n'}
[1.557254] (px4_msgs) StdoutLine: {'line': b'-- Up-to-date symlink: /home/maanavjugalshah/SwarmAero/ros2_ws/install/px4_msgs/include/px4_msgs/px4_msgs/msg/detail/fixed_wing_lateral_status__rosidl_typesupport_fastrtps_cpp.hpp\n'}
[1.557290] (px4_msgs) StdoutLine: {'line': b'-- Up-to-date symlink: /home/maanavjugalshah/SwarmAero/ros2_ws/install/px4_msgs/include/px4_msgs/px4_msgs/msg/detail/fixed_wing_longitudinal_setpoint__rosidl_typesupport_fastrtps_cpp.hpp\n'}
[1.557327] (px4_msgs) StdoutLine: {'line': b'-- Up-to-date symlink: /home/maanavjugalshah/SwarmAero/ros2_ws/install/px4_msgs/include/px4_msgs/px4_msgs/msg/detail/fixed_wing_runway_control__rosidl_typesupport_fastrtps_cpp.hpp\n'}
[1.557360] (px4_msgs) StdoutLine: {'line': b'-- Up-to-date symlink: /home/maanavjugalshah/SwarmAero/ros2_ws/install/px4_msgs/include/px4_msgs/px4_msgs/msg/detail/flight_phase_estimation__rosidl_typesupport_fastrtps_cpp.hpp\n'}
[1.557393] (px4_msgs) StdoutLine: {'line': b'-- Up-to-date symlink: /home/maanavjugalshah/SwarmAero/ros2_ws/install/px4_msgs/include/px4_msgs/px4_msgs/msg/detail/follow_target__rosidl_typesupport_fastrtps_cpp.hpp\n'}
[1.557429] (px4_msgs) StdoutLine: {'line': b'-- Up-to-date symlink: /home/maanavjugalshah/SwarmAero/ros2_ws/install/px4_msgs/include/px4_msgs/px4_msgs/msg/detail/follow_target_estimator__rosidl_typesupport_fastrtps_cpp.hpp\n'}
[1.557463] (px4_msgs) StdoutLine: {'line': b'-- Up-to-date symlink: /home/maanavjugalshah/SwarmAero/ros2_ws/install/px4_msgs/include/px4_msgs/px4_msgs/msg/detail/follow_target_status__rosidl_typesupport_fastrtps_cpp.hpp\n'}
[1.557499] (px4_msgs) StdoutLine: {'line': b'-- Up-to-date symlink: /home/maanavjugalshah/SwarmAero/ros2_ws/install/px4_msgs/include/px4_msgs/px4_msgs/msg/detail/fuel_tank_status__rosidl_typesupport_fastrtps_cpp.hpp\n'}
[1.557533] (px4_msgs) StdoutLine: {'line': b'-- Up-to-date symlink: /home/maanavjugalshah/SwarmAero/ros2_ws/install/px4_msgs/include/px4_msgs/px4_msgs/msg/detail/gain_compression__rosidl_typesupport_fastrtps_cpp.hpp\n'}
[1.557568] (px4_msgs) StdoutLine: {'line': b'-- Up-to-date symlink: /home/maanavjugalshah/SwarmAero/ros2_ws/install/px4_msgs/include/px4_msgs/px4_msgs/msg/detail/generator_status__rosidl_typesupport_fastrtps_cpp.hpp\n'}
[1.557605] (px4_msgs) StdoutLine: {'line': b'-- Up-to-date symlink: /home/maanavjugalshah/SwarmAero/ros2_ws/install/px4_msgs/include/px4_msgs/px4_msgs/msg/detail/geofence_result__rosidl_typesupport_fastrtps_cpp.hpp\n'}
[1.557670] (px4_msgs) StdoutLine: {'line': b'-- Up-to-date symlink: /home/maanavjugalshah/SwarmAero/ros2_ws/install/px4_msgs/include/px4_msgs/px4_msgs/msg/detail/geofence_status__rosidl_typesupport_fastrtps_cpp.hpp\n'}
[1.558304] (px4_msgs) StdoutLine: {'line': b'-- Up-to-date symlink: /home/maanavjugalshah/SwarmAero/ros2_ws/install/px4_msgs/include/px4_msgs/px4_msgs/msg/detail/gimbal_controls__rosidl_typesupport_fastrtps_cpp.hpp\n'}
[1.558470] (px4_msgs) StdoutLine: {'line': b'-- Up-to-date symlink: /home/maanavjugalshah/SwarmAero/ros2_ws/install/px4_msgs/include/px4_msgs/px4_msgs/msg/detail/gimbal_device_attitude_status__rosidl_typesupport_fastrtps_cpp.hpp\n'}
[1.558548] (px4_msgs) StdoutLine: {'line': b'-- Up-to-date symlink: /home/maanavjugalshah/SwarmAero/ros2_ws/install/px4_msgs/include/px4_msgs/px4_msgs/msg/detail/gimbal_device_information__rosidl_typesupport_fastrtps_cpp.hpp\n'}
[1.558899] (px4_msgs) StdoutLine: {'line': b'-- Up-to-date symlink: /home/maanavjugalshah/SwarmAero/ros2_ws/install/px4_msgs/include/px4_msgs/px4_msgs/msg/detail/gimbal_device_set_attitude__rosidl_typesupport_fastrtps_cpp.hpp\n'}
[1.559131] (px4_msgs) StdoutLine: {'line': b'-- Up-to-date symlink: /home/maanavjugalshah/SwarmAero/ros2_ws/install/px4_msgs/include/px4_msgs/px4_msgs/msg/detail/gimbal_manager_information__rosidl_typesupport_fastrtps_cpp.hpp\n'}
[1.559350] (px4_msgs) StdoutLine: {'line': b'-- Up-to-date symlink: /home/maanavjugalshah/SwarmAero/ros2_ws/install/px4_msgs/include/px4_msgs/px4_msgs/msg/detail/gimbal_manager_set_attitude__rosidl_typesupport_fastrtps_cpp.hpp\n'}
[1.559516] (px4_msgs) StdoutLine: {'line': b'-- Up-to-date symlink: /home/maanavjugalshah/SwarmAero/ros2_ws/install/px4_msgs/include/px4_msgs/px4_msgs/msg/detail/gimbal_manager_set_manual_control__rosidl_typesupport_fastrtps_cpp.hpp\n'}
[1.559668] (px4_msgs) StdoutLine: {'line': b'-- Up-to-date symlink: /home/maanavjugalshah/SwarmAero/ros2_ws/install/px4_msgs/include/px4_msgs/px4_msgs/msg/detail/gimbal_manager_status__rosidl_typesupport_fastrtps_cpp.hpp\n'}
[1.559741] (px4_msgs) StdoutLine: {'line': b'-- Up-to-date symlink: /home/maanavjugalshah/SwarmAero/ros2_ws/install/px4_msgs/include/px4_msgs/px4_msgs/msg/detail/goto_setpoint__rosidl_typesupport_fastrtps_cpp.hpp\n'}
[1.559831] (px4_msgs) StdoutLine: {'line': b'-- Up-to-date symlink: /home/maanavjugalshah/SwarmAero/ros2_ws/install/px4_msgs/include/px4_msgs/px4_msgs/msg/detail/gpio_config__rosidl_typesupport_fastrtps_cpp.hpp\n'}
[1.559940] (px4_msgs) StdoutLine: {'line': b'-- Up-to-date symlink: /home/maanavjugalshah/SwarmAero/ros2_ws/install/px4_msgs/include/px4_msgs/px4_msgs/msg/detail/gpio_in__rosidl_typesupport_fastrtps_cpp.hpp\n'}
[1.560028] (px4_msgs) StdoutLine: {'line': b'-- Up-to-date symlink: /home/maanavjugalshah/SwarmAero/ros2_ws/install/px4_msgs/include/px4_msgs/px4_msgs/msg/detail/gpio_out__rosidl_typesupport_fastrtps_cpp.hpp\n'}
[1.560102] (px4_msgs) StdoutLine: {'line': b'-- Up-to-date symlink: /home/maanavjugalshah/SwarmAero/ros2_ws/install/px4_msgs/include/px4_msgs/px4_msgs/msg/detail/gpio_request__rosidl_typesupport_fastrtps_cpp.hpp\n'}
[1.560194] (px4_msgs) StdoutLine: {'line': b'-- Up-to-date symlink: /home/maanavjugalshah/SwarmAero/ros2_ws/install/px4_msgs/include/px4_msgs/px4_msgs/msg/detail/gps_dump__rosidl_typesupport_fastrtps_cpp.hpp\n'}
[1.560507] (px4_msgs) StdoutLine: {'line': b'-- Up-to-date symlink: /home/maanavjugalshah/SwarmAero/ros2_ws/install/px4_msgs/include/px4_msgs/px4_msgs/msg/detail/gps_inject_data__rosidl_typesupport_fastrtps_cpp.hpp\n'}
[1.560608] (px4_msgs) StdoutLine: {'line': b'-- Up-to-date symlink: /home/maanavjugalshah/SwarmAero/ros2_ws/install/px4_msgs/include/px4_msgs/px4_msgs/msg/detail/gripper__rosidl_typesupport_fastrtps_cpp.hpp\n'}
[1.560683] (px4_msgs) StdoutLine: {'line': b'-- Up-to-date symlink: /home/maanavjugalshah/SwarmAero/ros2_ws/install/px4_msgs/include/px4_msgs/px4_msgs/msg/detail/health_report__rosidl_typesupport_fastrtps_cpp.hpp\n'}
[1.560797] (px4_msgs) StdoutLine: {'line': b'-- Up-to-date symlink: /home/maanavjugalshah/SwarmAero/ros2_ws/install/px4_msgs/include/px4_msgs/px4_msgs/msg/detail/heater_status__rosidl_typesupport_fastrtps_cpp.hpp\n'}
[1.560889] (px4_msgs) StdoutLine: {'line': b'-- Up-to-date symlink: /home/maanavjugalshah/SwarmAero/ros2_ws/install/px4_msgs/include/px4_msgs/px4_msgs/msg/detail/home_position__rosidl_typesupport_fastrtps_cpp.hpp\n'}
[1.561007] (px4_msgs) StdoutLine: {'line': b'-- Up-to-date symlink: /home/maanavjugalshah/SwarmAero/ros2_ws/install/px4_msgs/include/px4_msgs/px4_msgs/msg/detail/hover_thrust_estimate__rosidl_typesupport_fastrtps_cpp.hpp\n'}
[1.561761] (px4_msgs) StdoutLine: {'line': b'-- Up-to-date symlink: /home/maanavjugalshah/SwarmAero/ros2_ws/install/px4_msgs/include/px4_msgs/px4_msgs/msg/detail/input_rc__rosidl_typesupport_fastrtps_cpp.hpp\n'}
[1.562604] (px4_msgs) StdoutLine: {'line': b'-- Up-to-date symlink: /home/maanavjugalshah/SwarmAero/ros2_ws/install/px4_msgs/include/px4_msgs/px4_msgs/msg/detail/internal_combustion_engine_control__rosidl_typesupport_fastrtps_cpp.hpp\n'}
[1.563016] (px4_msgs) StdoutLine: {'line': b'-- Up-to-date symlink: /home/maanavjugalshah/SwarmAero/ros2_ws/install/px4_msgs/include/px4_msgs/px4_msgs/msg/detail/internal_combustion_engine_status__rosidl_typesupport_fastrtps_cpp.hpp\n'}
[1.563275] (px4_msgs) StdoutLine: {'line': b'-- Up-to-date symlink: /home/maanavjugalshah/SwarmAero/ros2_ws/install/px4_msgs/include/px4_msgs/px4_msgs/msg/detail/iridiumsbd_status__rosidl_typesupport_fastrtps_cpp.hpp\n'}
[1.563404] (px4_msgs) StdoutLine: {'line': b'-- Up-to-date symlink: /home/maanavjugalshah/SwarmAero/ros2_ws/install/px4_msgs/include/px4_msgs/px4_msgs/msg/detail/irlock_report__rosidl_typesupport_fastrtps_cpp.hpp\n'}
[1.563879] (px4_msgs) StdoutLine: {'line': b'-- Up-to-date symlink: /home/maanavjugalshah/SwarmAero/ros2_ws/install/px4_msgs/include/px4_msgs/px4_msgs/msg/detail/landing_gear__rosidl_typesupport_fastrtps_cpp.hpp\n'}
[1.564087] (px4_msgs) StdoutLine: {'line': b'-- Up-to-date symlink: /home/maanavjugalshah/SwarmAero/ros2_ws/install/px4_msgs/include/px4_msgs/px4_msgs/msg/detail/landing_gear_wheel__rosidl_typesupport_fastrtps_cpp.hpp\n'}
[1.564192] (px4_msgs) StdoutLine: {'line': b'-- Up-to-date symlink: /home/maanavjugalshah/SwarmAero/ros2_ws/install/px4_msgs/include/px4_msgs/px4_msgs/msg/detail/landing_target_innovations__rosidl_typesupport_fastrtps_cpp.hpp\n'}
[1.564493] (px4_msgs) StdoutLine: {'line': b'-- Up-to-date symlink: /home/maanavjugalshah/SwarmAero/ros2_ws/install/px4_msgs/include/px4_msgs/px4_msgs/msg/detail/landing_target_pose__rosidl_typesupport_fastrtps_cpp.hpp\n'}
[1.565213] (px4_msgs) StdoutLine: {'line': b'-- Up-to-date symlink: /home/maanavjugalshah/SwarmAero/ros2_ws/install/px4_msgs/include/px4_msgs/px4_msgs/msg/detail/lateral_control_configuration__rosidl_typesupport_fastrtps_cpp.hpp\n'}
[1.566181] (px4_msgs) StdoutLine: {'line': b'-- Up-to-date symlink: /home/maanavjugalshah/SwarmAero/ros2_ws/install/px4_msgs/include/px4_msgs/px4_msgs/msg/detail/launch_detection_status__rosidl_typesupport_fastrtps_cpp.hpp\n'}
[1.566466] (px4_msgs) StdoutLine: {'line': b'-- Up-to-date symlink: /home/maanavjugalshah/SwarmAero/ros2_ws/install/px4_msgs/include/px4_msgs/px4_msgs/msg/detail/led_control__rosidl_typesupport_fastrtps_cpp.hpp\n'}
[1.566602] (px4_msgs) StdoutLine: {'line': b'-- Up-to-date symlink: /home/maanavjugalshah/SwarmAero/ros2_ws/install/px4_msgs/include/px4_msgs/px4_msgs/msg/detail/log_message__rosidl_typesupport_fastrtps_cpp.hpp\n'}
[1.566909] (px4_msgs) StdoutLine: {'line': b'-- Up-to-date symlink: /home/maanavjugalshah/SwarmAero/ros2_ws/install/px4_msgs/include/px4_msgs/px4_msgs/msg/detail/logger_status__rosidl_typesupport_fastrtps_cpp.hpp\n'}
[1.566962] (px4_msgs) StdoutLine: {'line': b'-- Up-to-date symlink: /home/maanavjugalshah/SwarmAero/ros2_ws/install/px4_msgs/include/px4_msgs/px4_msgs/msg/detail/longitudinal_control_configuration__rosidl_typesupport_fastrtps_cpp.hpp\n'}
[1.567015] (px4_msgs) StdoutLine: {'line': b'-- Up-to-date symlink: /home/maanavjugalshah/SwarmAero/ros2_ws/install/px4_msgs/include/px4_msgs/px4_msgs/msg/detail/mag_worker_data__rosidl_typesupport_fastrtps_cpp.hpp\n'}
[1.567052] (px4_msgs) StdoutLine: {'line': b'-- Up-to-date symlink: /home/maanavjugalshah/SwarmAero/ros2_ws/install/px4_msgs/include/px4_msgs/px4_msgs/msg/detail/magnetometer_bias_estimate__rosidl_typesupport_fastrtps_cpp.hpp\n'}
[1.567090] (px4_msgs) StdoutLine: {'line': b'-- Up-to-date symlink: /home/maanavjugalshah/SwarmAero/ros2_ws/install/px4_msgs/include/px4_msgs/px4_msgs/msg/detail/manual_control_setpoint__rosidl_typesupport_fastrtps_cpp.hpp\n'}
[1.567127] (px4_msgs) StdoutLine: {'line': b'-- Up-to-date symlink: /home/maanavjugalshah/SwarmAero/ros2_ws/install/px4_msgs/include/px4_msgs/px4_msgs/msg/detail/manual_control_switches__rosidl_typesupport_fastrtps_cpp.hpp\n'}
[1.567163] (px4_msgs) StdoutLine: {'line': b'-- Up-to-date symlink: /home/maanavjugalshah/SwarmAero/ros2_ws/install/px4_msgs/include/px4_msgs/px4_msgs/msg/detail/mavlink_log__rosidl_typesupport_fastrtps_cpp.hpp\n'}
[1.567197] (px4_msgs) StdoutLine: {'line': b'-- Up-to-date symlink: /home/maanavjugalshah/SwarmAero/ros2_ws/install/px4_msgs/include/px4_msgs/px4_msgs/msg/detail/mavlink_tunnel__rosidl_typesupport_fastrtps_cpp.hpp\n'}
[1.567235] (px4_msgs) StdoutLine: {'line': b'-- Up-to-date symlink: /home/maanavjugalshah/SwarmAero/ros2_ws/install/px4_msgs/include/px4_msgs/px4_msgs/msg/detail/message_format_request__rosidl_typesupport_fastrtps_cpp.hpp\n'}
[1.567270] (px4_msgs) StdoutLine: {'line': b'-- Up-to-date symlink: /home/maanavjugalshah/SwarmAero/ros2_ws/install/px4_msgs/include/px4_msgs/px4_msgs/msg/detail/message_format_response__rosidl_typesupport_fastrtps_cpp.hpp\n'}
[1.567354] (px4_msgs) StdoutLine: {'line': b'-- Up-to-date symlink: /home/maanavjugalshah/SwarmAero/ros2_ws/install/px4_msgs/include/px4_msgs/px4_msgs/msg/detail/mission__rosidl_typesupport_fastrtps_cpp.hpp\n'}
[1.567584] (px4_msgs) StdoutLine: {'line': b'-- Up-to-date symlink: /home/maanavjugalshah/SwarmAero/ros2_ws/install/px4_msgs/include/px4_msgs/px4_msgs/msg/detail/mission_result__rosidl_typesupport_fastrtps_cpp.hpp\n'}
[1.567767] (px4_msgs) StdoutLine: {'line': b'-- Up-to-date symlink: /home/maanavjugalshah/SwarmAero/ros2_ws/install/px4_msgs/include/px4_msgs/px4_msgs/msg/detail/mode_completed__rosidl_typesupport_fastrtps_cpp.hpp\n'}
[1.568152] (px4_msgs) StdoutLine: {'line': b'-- Up-to-date symlink: /home/maanavjugalshah/SwarmAero/ros2_ws/install/px4_msgs/include/px4_msgs/px4_msgs/msg/detail/mount_orientation__rosidl_typesupport_fastrtps_cpp.hpp\n'}
[1.568204] (px4_msgs) StdoutLine: {'line': b'-- Up-to-date symlink: /home/maanavjugalshah/SwarmAero/ros2_ws/install/px4_msgs/include/px4_msgs/px4_msgs/msg/detail/navigator_mission_item__rosidl_typesupport_fastrtps_cpp.hpp\n'}
[1.568767] (px4_msgs) StdoutLine: {'line': b'-- Up-to-date symlink: /home/maanavjugalshah/SwarmAero/ros2_ws/install/px4_msgs/include/px4_msgs/px4_msgs/msg/detail/navigator_status__rosidl_typesupport_fastrtps_cpp.hpp\n'}
[1.568840] (px4_msgs) StdoutLine: {'line': b'-- Up-to-date symlink: /home/maanavjugalshah/SwarmAero/ros2_ws/install/px4_msgs/include/px4_msgs/px4_msgs/msg/detail/neural_control__rosidl_typesupport_fastrtps_cpp.hpp\n'}
[1.568877] (px4_msgs) StdoutLine: {'line': b'-- Up-to-date symlink: /home/maanavjugalshah/SwarmAero/ros2_ws/install/px4_msgs/include/px4_msgs/px4_msgs/msg/detail/normalized_unsigned_setpoint__rosidl_typesupport_fastrtps_cpp.hpp\n'}
[1.568913] (px4_msgs) StdoutLine: {'line': b'-- Up-to-date symlink: /home/maanavjugalshah/SwarmAero/ros2_ws/install/px4_msgs/include/px4_msgs/px4_msgs/msg/detail/obstacle_distance__rosidl_typesupport_fastrtps_cpp.hpp\n'}
[1.568986] (px4_msgs) StdoutLine: {'line': b'-- Up-to-date symlink: /home/maanavjugalshah/SwarmAero/ros2_ws/install/px4_msgs/include/px4_msgs/px4_msgs/msg/detail/offboard_control_mode__rosidl_typesupport_fastrtps_cpp.hpp\n'}
[1.569438] (px4_msgs) StdoutLine: {'line': b'-- Up-to-date symlink: /home/maanavjugalshah/SwarmAero/ros2_ws/install/px4_msgs/include/px4_msgs/px4_msgs/msg/detail/onboard_computer_status__rosidl_typesupport_fastrtps_cpp.hpp\n'}
[1.569514] (px4_msgs) StdoutLine: {'line': b'-- Up-to-date symlink: /home/maanavjugalshah/SwarmAero/ros2_ws/install/px4_msgs/include/px4_msgs/px4_msgs/msg/detail/open_drone_id_arm_status__rosidl_typesupport_fastrtps_cpp.hpp\n'}
[1.570196] (px4_msgs) StdoutLine: {'line': b'-- Up-to-date symlink: /home/maanavjugalshah/SwarmAero/ros2_ws/install/px4_msgs/include/px4_msgs/px4_msgs/msg/detail/open_drone_id_operator_id__rosidl_typesupport_fastrtps_cpp.hpp\n'}
[1.570312] (px4_msgs) StdoutLine: {'line': b'-- Up-to-date symlink: /home/maanavjugalshah/SwarmAero/ros2_ws/install/px4_msgs/include/px4_msgs/px4_msgs/msg/detail/open_drone_id_self_id__rosidl_typesupport_fastrtps_cpp.hpp\n'}
[1.570365] (px4_msgs) StdoutLine: {'line': b'-- Up-to-date symlink: /home/maanavjugalshah/SwarmAero/ros2_ws/install/px4_msgs/include/px4_msgs/px4_msgs/msg/detail/open_drone_id_system__rosidl_typesupport_fastrtps_cpp.hpp\n'}
[1.570450] (px4_msgs) StdoutLine: {'line': b'-- Up-to-date symlink: /home/maanavjugalshah/SwarmAero/ros2_ws/install/px4_msgs/include/px4_msgs/px4_msgs/msg/detail/orb_test__rosidl_typesupport_fastrtps_cpp.hpp\n'}
[1.570528] (px4_msgs) StdoutLine: {'line': b'-- Up-to-date symlink: /home/maanavjugalshah/SwarmAero/ros2_ws/install/px4_msgs/include/px4_msgs/px4_msgs/msg/detail/orb_test_large__rosidl_typesupport_fastrtps_cpp.hpp\n'}
[1.570605] (px4_msgs) StdoutLine: {'line': b'-- Up-to-date symlink: /home/maanavjugalshah/SwarmAero/ros2_ws/install/px4_msgs/include/px4_msgs/px4_msgs/msg/detail/orb_test_medium__rosidl_typesupport_fastrtps_cpp.hpp\n'}
[1.570696] (px4_msgs) StdoutLine: {'line': b'-- Up-to-date symlink: /home/maanavjugalshah/SwarmAero/ros2_ws/install/px4_msgs/include/px4_msgs/px4_msgs/msg/detail/orbit_status__rosidl_typesupport_fastrtps_cpp.hpp\n'}
[1.571231] (px4_msgs) StdoutLine: {'line': b'-- Up-to-date symlink: /home/maanavjugalshah/SwarmAero/ros2_ws/install/px4_msgs/include/px4_msgs/px4_msgs/msg/detail/parameter_reset_request__rosidl_typesupport_fastrtps_cpp.hpp\n'}
[1.571321] (px4_msgs) StdoutLine: {'line': b'-- Up-to-date symlink: /home/maanavjugalshah/SwarmAero/ros2_ws/install/px4_msgs/include/px4_msgs/px4_msgs/msg/detail/parameter_set_used_request__rosidl_typesupport_fastrtps_cpp.hpp\n'}
[1.571372] (px4_msgs) StdoutLine: {'line': b'-- Up-to-date symlink: /home/maanavjugalshah/SwarmAero/ros2_ws/install/px4_msgs/include/px4_msgs/px4_msgs/msg/detail/parameter_set_value_request__rosidl_typesupport_fastrtps_cpp.hpp\n'}
[1.571761] (px4_msgs) StdoutLine: {'line': b'-- Up-to-date symlink: /home/maanavjugalshah/SwarmAero/ros2_ws/install/px4_msgs/include/px4_msgs/px4_msgs/msg/detail/parameter_set_value_response__rosidl_typesupport_fastrtps_cpp.hpp\n'}
[1.571930] (px4_msgs) StdoutLine: {'line': b'-- Up-to-date symlink: /home/maanavjugalshah/SwarmAero/ros2_ws/install/px4_msgs/include/px4_msgs/px4_msgs/msg/detail/parameter_update__rosidl_typesupport_fastrtps_cpp.hpp\n'}
[1.572038] (px4_msgs) StdoutLine: {'line': b'-- Up-to-date symlink: /home/maanavjugalshah/SwarmAero/ros2_ws/install/px4_msgs/include/px4_msgs/px4_msgs/msg/detail/ping__rosidl_typesupport_fastrtps_cpp.hpp\n'}
[1.572129] (px4_msgs) StdoutLine: {'line': b'-- Up-to-date symlink: /home/maanavjugalshah/SwarmAero/ros2_ws/install/px4_msgs/include/px4_msgs/px4_msgs/msg/detail/position_controller_landing_status__rosidl_typesupport_fastrtps_cpp.hpp\n'}
[1.572252] (px4_msgs) StdoutLine: {'line': b'-- Up-to-date symlink: /home/maanavjugalshah/SwarmAero/ros2_ws/install/px4_msgs/include/px4_msgs/px4_msgs/msg/detail/position_controller_status__rosidl_typesupport_fastrtps_cpp.hpp\n'}
[1.572334] (px4_msgs) StdoutLine: {'line': b'-- Up-to-date symlink: /home/maanavjugalshah/SwarmAero/ros2_ws/install/px4_msgs/include/px4_msgs/px4_msgs/msg/detail/position_setpoint__rosidl_typesupport_fastrtps_cpp.hpp\n'}
[1.572435] (px4_msgs) StdoutLine: {'line': b'-- Up-to-date symlink: /home/maanavjugalshah/SwarmAero/ros2_ws/install/px4_msgs/include/px4_msgs/px4_msgs/msg/detail/position_setpoint_triplet__rosidl_typesupport_fastrtps_cpp.hpp\n'}
[1.572683] (px4_msgs) StdoutLine: {'line': b'-- Up-to-date symlink: /home/maanavjugalshah/SwarmAero/ros2_ws/install/px4_msgs/include/px4_msgs/px4_msgs/msg/detail/power_button_state__rosidl_typesupport_fastrtps_cpp.hpp\n'}
[1.572981] (px4_msgs) StdoutLine: {'line': b'-- Up-to-date symlink: /home/maanavjugalshah/SwarmAero/ros2_ws/install/px4_msgs/include/px4_msgs/px4_msgs/msg/detail/power_monitor__rosidl_typesupport_fastrtps_cpp.hpp\n'}
[1.573484] (px4_msgs) StdoutLine: {'line': b'-- Up-to-date symlink: /home/maanavjugalshah/SwarmAero/ros2_ws/install/px4_msgs/include/px4_msgs/px4_msgs/msg/detail/pps_capture__rosidl_typesupport_fastrtps_cpp.hpp\n'}
[1.573541] (px4_msgs) StdoutLine: {'line': b'-- Up-to-date symlink: /home/maanavjugalshah/SwarmAero/ros2_ws/install/px4_msgs/include/px4_msgs/px4_msgs/msg/detail/pure_pursuit_status__rosidl_typesupport_fastrtps_cpp.hpp\n'}
[1.573776] (px4_msgs) StdoutLine: {'line': b'-- Up-to-date symlink: /home/maanavjugalshah/SwarmAero/ros2_ws/install/px4_msgs/include/px4_msgs/px4_msgs/msg/detail/pwm_input__rosidl_typesupport_fastrtps_cpp.hpp\n'}
[1.573956] (px4_msgs) StdoutLine: {'line': b'-- Up-to-date symlink: /home/maanavjugalshah/SwarmAero/ros2_ws/install/px4_msgs/include/px4_msgs/px4_msgs/msg/detail/px4io_status__rosidl_typesupport_fastrtps_cpp.hpp\n'}
[1.574080] (px4_msgs) StdoutLine: {'line': b'-- Up-to-date symlink: /home/maanavjugalshah/SwarmAero/ros2_ws/install/px4_msgs/include/px4_msgs/px4_msgs/msg/detail/qshell_req__rosidl_typesupport_fastrtps_cpp.hpp\n'}
[1.574420] (px4_msgs) StdoutLine: {'line': b'-- Up-to-date symlink: /home/maanavjugalshah/SwarmAero/ros2_ws/install/px4_msgs/include/px4_msgs/px4_msgs/msg/detail/qshell_retval__rosidl_typesupport_fastrtps_cpp.hpp\n'}
[1.574508] (px4_msgs) StdoutLine: {'line': b'-- Up-to-date symlink: /home/maanavjugalshah/SwarmAero/ros2_ws/install/px4_msgs/include/px4_msgs/px4_msgs/msg/detail/radio_status__rosidl_typesupport_fastrtps_cpp.hpp\n'}
[1.574572] (px4_msgs) StdoutLine: {'line': b'-- Up-to-date symlink: /home/maanavjugalshah/SwarmAero/ros2_ws/install/px4_msgs/include/px4_msgs/px4_msgs/msg/detail/ranging_beacon__rosidl_typesupport_fastrtps_cpp.hpp\n'}
[1.574610] (px4_msgs) StdoutLine: {'line': b'-- Up-to-date symlink: /home/maanavjugalshah/SwarmAero/ros2_ws/install/px4_msgs/include/px4_msgs/px4_msgs/msg/detail/raptor_input__rosidl_typesupport_fastrtps_cpp.hpp\n'}
[1.574701] (px4_msgs) StdoutLine: {'line': b'-- Up-to-date symlink: /home/maanavjugalshah/SwarmAero/ros2_ws/install/px4_msgs/include/px4_msgs/px4_msgs/msg/detail/raptor_status__rosidl_typesupport_fastrtps_cpp.hpp\n'}
[1.574908] (px4_msgs) StdoutLine: {'line': b'-- Up-to-date symlink: /home/maanavjugalshah/SwarmAero/ros2_ws/install/px4_msgs/include/px4_msgs/px4_msgs/msg/detail/rate_ctrl_status__rosidl_typesupport_fastrtps_cpp.hpp\n'}
[1.574958] (px4_msgs) StdoutLine: {'line': b'-- Up-to-date symlink: /home/maanavjugalshah/SwarmAero/ros2_ws/install/px4_msgs/include/px4_msgs/px4_msgs/msg/detail/rc_channels__rosidl_typesupport_fastrtps_cpp.hpp\n'}
[1.575184] (px4_msgs) StdoutLine: {'line': b'-- Up-to-date symlink: /home/maanavjugalshah/SwarmAero/ros2_ws/install/px4_msgs/include/px4_msgs/px4_msgs/msg/detail/rc_parameter_map__rosidl_typesupport_fastrtps_cpp.hpp\n'}
[1.575269] (px4_msgs) StdoutLine: {'line': b'-- Up-to-date symlink: /home/maanavjugalshah/SwarmAero/ros2_ws/install/px4_msgs/include/px4_msgs/px4_msgs/msg/detail/register_ext_component_reply__rosidl_typesupport_fastrtps_cpp.hpp\n'}
[1.575502] (px4_msgs) StdoutLine: {'line': b'-- Up-to-date symlink: /home/maanavjugalshah/SwarmAero/ros2_ws/install/px4_msgs/include/px4_msgs/px4_msgs/msg/detail/register_ext_component_request__rosidl_typesupport_fastrtps_cpp.hpp\n'}
[1.575603] (px4_msgs) StdoutLine: {'line': b'-- Up-to-date symlink: /home/maanavjugalshah/SwarmAero/ros2_ws/install/px4_msgs/include/px4_msgs/px4_msgs/msg/detail/rover_attitude_setpoint__rosidl_typesupport_fastrtps_cpp.hpp\n'}
[1.576000] (px4_msgs) StdoutLine: {'line': b'-- Up-to-date symlink: /home/maanavjugalshah/SwarmAero/ros2_ws/install/px4_msgs/include/px4_msgs/px4_msgs/msg/detail/rover_attitude_status__rosidl_typesupport_fastrtps_cpp.hpp\n'}
[1.576130] (px4_msgs) StdoutLine: {'line': b'-- Up-to-date symlink: /home/maanavjugalshah/SwarmAero/ros2_ws/install/px4_msgs/include/px4_msgs/px4_msgs/msg/detail/rover_position_setpoint__rosidl_typesupport_fastrtps_cpp.hpp\n'}
[1.576198] (px4_msgs) StdoutLine: {'line': b'-- Up-to-date symlink: /home/maanavjugalshah/SwarmAero/ros2_ws/install/px4_msgs/include/px4_msgs/px4_msgs/msg/detail/rover_rate_setpoint__rosidl_typesupport_fastrtps_cpp.hpp\n'}
[1.576284] (px4_msgs) StdoutLine: {'line': b'-- Up-to-date symlink: /home/maanavjugalshah/SwarmAero/ros2_ws/install/px4_msgs/include/px4_msgs/px4_msgs/msg/detail/rover_rate_status__rosidl_typesupport_fastrtps_cpp.hpp\n'}
[1.576452] (px4_msgs) StdoutLine: {'line': b'-- Up-to-date symlink: /home/maanavjugalshah/SwarmAero/ros2_ws/install/px4_msgs/include/px4_msgs/px4_msgs/msg/detail/rover_speed_setpoint__rosidl_typesupport_fastrtps_cpp.hpp\n'}
[1.576641] (px4_msgs) StdoutLine: {'line': b'-- Up-to-date symlink: /home/maanavjugalshah/SwarmAero/ros2_ws/install/px4_msgs/include/px4_msgs/px4_msgs/msg/detail/rover_speed_status__rosidl_typesupport_fastrtps_cpp.hpp\n'}
[1.576723] (px4_msgs) StdoutLine: {'line': b'-- Up-to-date symlink: /home/maanavjugalshah/SwarmAero/ros2_ws/install/px4_msgs/include/px4_msgs/px4_msgs/msg/detail/rover_steering_setpoint__rosidl_typesupport_fastrtps_cpp.hpp\n'}
[1.576975] (px4_msgs) StdoutLine: {'line': b'-- Up-to-date symlink: /home/maanavjugalshah/SwarmAero/ros2_ws/install/px4_msgs/include/px4_msgs/px4_msgs/msg/detail/rover_throttle_setpoint__rosidl_typesupport_fastrtps_cpp.hpp\n'}
[1.577295] (px4_msgs) StdoutLine: {'line': b'-- Up-to-date symlink: /home/maanavjugalshah/SwarmAero/ros2_ws/install/px4_msgs/include/px4_msgs/px4_msgs/msg/detail/rpm__rosidl_typesupport_fastrtps_cpp.hpp\n'}
[1.577364] (px4_msgs) StdoutLine: {'line': b'-- Up-to-date symlink: /home/maanavjugalshah/SwarmAero/ros2_ws/install/px4_msgs/include/px4_msgs/px4_msgs/msg/detail/rtl_status__rosidl_typesupport_fastrtps_cpp.hpp\n'}
[1.577628] (px4_msgs) StdoutLine: {'line': b'-- Up-to-date symlink: /home/maanavjugalshah/SwarmAero/ros2_ws/install/px4_msgs/include/px4_msgs/px4_msgs/msg/detail/rtl_time_estimate__rosidl_typesupport_fastrtps_cpp.hpp\n'}
[1.577769] (px4_msgs) StdoutLine: {'line': b'-- Up-to-date symlink: /home/maanavjugalshah/SwarmAero/ros2_ws/install/px4_msgs/include/px4_msgs/px4_msgs/msg/detail/satellite_info__rosidl_typesupport_fastrtps_cpp.hpp\n'}
[1.578279] (px4_msgs) StdoutLine: {'line': b'-- Up-to-date symlink: /home/maanavjugalshah/SwarmAero/ros2_ws/install/px4_msgs/include/px4_msgs/px4_msgs/msg/detail/sensor_accel__rosidl_typesupport_fastrtps_cpp.hpp\n'}
[1.578566] (px4_msgs) StdoutLine: {'line': b'-- Up-to-date symlink: /home/maanavjugalshah/SwarmAero/ros2_ws/install/px4_msgs/include/px4_msgs/px4_msgs/msg/detail/sensor_accel_fifo__rosidl_typesupport_fastrtps_cpp.hpp\n'}
[1.578665] (px4_msgs) StdoutLine: {'line': b'-- Up-to-date symlink: /home/maanavjugalshah/SwarmAero/ros2_ws/install/px4_msgs/include/px4_msgs/px4_msgs/msg/detail/sensor_airflow__rosidl_typesupport_fastrtps_cpp.hpp\n'}
[1.578781] (px4_msgs) StdoutLine: {'line': b'-- Up-to-date symlink: /home/maanavjugalshah/SwarmAero/ros2_ws/install/px4_msgs/include/px4_msgs/px4_msgs/msg/detail/sensor_baro__rosidl_typesupport_fastrtps_cpp.hpp\n'}
[1.579042] (px4_msgs) StdoutLine: {'line': b'-- Up-to-date symlink: /home/maanavjugalshah/SwarmAero/ros2_ws/install/px4_msgs/include/px4_msgs/px4_msgs/msg/detail/sensor_combined__rosidl_typesupport_fastrtps_cpp.hpp\n'}
[1.579160] (px4_msgs) StdoutLine: {'line': b'-- Up-to-date symlink: /home/maanavjugalshah/SwarmAero/ros2_ws/install/px4_msgs/include/px4_msgs/px4_msgs/msg/detail/sensor_correction__rosidl_typesupport_fastrtps_cpp.hpp\n'}
[1.579408] (px4_msgs) StdoutLine: {'line': b'-- Up-to-date symlink: /home/maanavjugalshah/SwarmAero/ros2_ws/install/px4_msgs/include/px4_msgs/px4_msgs/msg/detail/sensor_gnss_relative__rosidl_typesupport_fastrtps_cpp.hpp\n'}
[1.579681] (px4_msgs) StdoutLine: {'line': b'-- Up-to-date symlink: /home/maanavjugalshah/SwarmAero/ros2_ws/install/px4_msgs/include/px4_msgs/px4_msgs/msg/detail/sensor_gnss_status__rosidl_typesupport_fastrtps_cpp.hpp\n'}
[1.579924] (px4_msgs) StdoutLine: {'line': b'-- Up-to-date symlink: /home/maanavjugalshah/SwarmAero/ros2_ws/install/px4_msgs/include/px4_msgs/px4_msgs/msg/detail/sensor_gps__rosidl_typesupport_fastrtps_cpp.hpp\n'}
[1.580126] (px4_msgs) StdoutLine: {'line': b'-- Up-to-date symlink: /home/maanavjugalshah/SwarmAero/ros2_ws/install/px4_msgs/include/px4_msgs/px4_msgs/msg/detail/sensor_gyro__rosidl_typesupport_fastrtps_cpp.hpp\n'}
[1.580197] (px4_msgs) StdoutLine: {'line': b'-- Up-to-date symlink: /home/maanavjugalshah/SwarmAero/ros2_ws/install/px4_msgs/include/px4_msgs/px4_msgs/msg/detail/sensor_gyro_fft__rosidl_typesupport_fastrtps_cpp.hpp\n'}
[1.580397] (px4_msgs) StdoutLine: {'line': b'-- Up-to-date symlink: /home/maanavjugalshah/SwarmAero/ros2_ws/install/px4_msgs/include/px4_msgs/px4_msgs/msg/detail/sensor_gyro_fifo__rosidl_typesupport_fastrtps_cpp.hpp\n'}
[1.580613] (px4_msgs) StdoutLine: {'line': b'-- Up-to-date symlink: /home/maanavjugalshah/SwarmAero/ros2_ws/install/px4_msgs/include/px4_msgs/px4_msgs/msg/detail/sensor_hygrometer__rosidl_typesupport_fastrtps_cpp.hpp\n'}
[1.580722] (px4_msgs) StdoutLine: {'line': b'-- Up-to-date symlink: /home/maanavjugalshah/SwarmAero/ros2_ws/install/px4_msgs/include/px4_msgs/px4_msgs/msg/detail/sensor_mag__rosidl_typesupport_fastrtps_cpp.hpp\n'}
[1.580911] (px4_msgs) StdoutLine: {'line': b'-- Up-to-date symlink: /home/maanavjugalshah/SwarmAero/ros2_ws/install/px4_msgs/include/px4_msgs/px4_msgs/msg/detail/sensor_optical_flow__rosidl_typesupport_fastrtps_cpp.hpp\n'}
[1.581128] (px4_msgs) StdoutLine: {'line': b'-- Up-to-date symlink: /home/maanavjugalshah/SwarmAero/ros2_ws/install/px4_msgs/include/px4_msgs/px4_msgs/msg/detail/sensor_preflight_mag__rosidl_typesupport_fastrtps_cpp.hpp\n'}
[1.581432] (px4_msgs) StdoutLine: {'line': b'-- Up-to-date symlink: /home/maanavjugalshah/SwarmAero/ros2_ws/install/px4_msgs/include/px4_msgs/px4_msgs/msg/detail/sensor_selection__rosidl_typesupport_fastrtps_cpp.hpp\n'}
[1.582575] (px4_msgs) StdoutLine: {'line': b'-- Up-to-date symlink: /home/maanavjugalshah/SwarmAero/ros2_ws/install/px4_msgs/include/px4_msgs/px4_msgs/msg/detail/sensor_temp__rosidl_typesupport_fastrtps_cpp.hpp\n'}
[1.582837] (px4_msgs) StdoutLine: {'line': b'-- Up-to-date symlink: /home/maanavjugalshah/SwarmAero/ros2_ws/install/px4_msgs/include/px4_msgs/px4_msgs/msg/detail/sensor_uwb__rosidl_typesupport_fastrtps_cpp.hpp\n'}
[1.582945] (px4_msgs) StdoutLine: {'line': b'-- Up-to-date symlink: /home/maanavjugalshah/SwarmAero/ros2_ws/install/px4_msgs/include/px4_msgs/px4_msgs/msg/detail/sensors_status__rosidl_typesupport_fastrtps_cpp.hpp\n'}
[1.583249] (px4_msgs) StdoutLine: {'line': b'-- Up-to-date symlink: /home/maanavjugalshah/SwarmAero/ros2_ws/install/px4_msgs/include/px4_msgs/px4_msgs/msg/detail/sensors_status_imu__rosidl_typesupport_fastrtps_cpp.hpp\n'}
[1.583346] (px4_msgs) StdoutLine: {'line': b'-- Up-to-date symlink: /home/maanavjugalshah/SwarmAero/ros2_ws/install/px4_msgs/include/px4_msgs/px4_msgs/msg/detail/system_power__rosidl_typesupport_fastrtps_cpp.hpp\n'}
[1.583446] (px4_msgs) StdoutLine: {'line': b'-- Up-to-date symlink: /home/maanavjugalshah/SwarmAero/ros2_ws/install/px4_msgs/include/px4_msgs/px4_msgs/msg/detail/takeoff_status__rosidl_typesupport_fastrtps_cpp.hpp\n'}
[1.583734] (px4_msgs) StdoutLine: {'line': b'-- Up-to-date symlink: /home/maanavjugalshah/SwarmAero/ros2_ws/install/px4_msgs/include/px4_msgs/px4_msgs/msg/detail/task_stack_info__rosidl_typesupport_fastrtps_cpp.hpp\n'}
[1.584080] (px4_msgs) StdoutLine: {'line': b'-- Up-to-date symlink: /home/maanavjugalshah/SwarmAero/ros2_ws/install/px4_msgs/include/px4_msgs/px4_msgs/msg/detail/tecs_status__rosidl_typesupport_fastrtps_cpp.hpp\n'}
[1.584150] (px4_msgs) StdoutLine: {'line': b'-- Up-to-date symlink: /home/maanavjugalshah/SwarmAero/ros2_ws/install/px4_msgs/include/px4_msgs/px4_msgs/msg/detail/telemetry_status__rosidl_typesupport_fastrtps_cpp.hpp\n'}
[1.584232] (px4_msgs) StdoutLine: {'line': b'-- Up-to-date symlink: /home/maanavjugalshah/SwarmAero/ros2_ws/install/px4_msgs/include/px4_msgs/px4_msgs/msg/detail/tiltrotor_extra_controls__rosidl_typesupport_fastrtps_cpp.hpp\n'}
[1.584321] (px4_msgs) StdoutLine: {'line': b'-- Up-to-date symlink: /home/maanavjugalshah/SwarmAero/ros2_ws/install/px4_msgs/include/px4_msgs/px4_msgs/msg/detail/timesync_status__rosidl_typesupport_fastrtps_cpp.hpp\n'}
[1.584545] (px4_msgs) StdoutLine: {'line': b'-- Up-to-date symlink: /home/maanavjugalshah/SwarmAero/ros2_ws/install/px4_msgs/include/px4_msgs/px4_msgs/msg/detail/trajectory_setpoint6dof__rosidl_typesupport_fastrtps_cpp.hpp\n'}
[1.584605] (px4_msgs) StdoutLine: {'line': b'-- Up-to-date symlink: /home/maanavjugalshah/SwarmAero/ros2_ws/install/px4_msgs/include/px4_msgs/px4_msgs/msg/detail/trajectory_setpoint__rosidl_typesupport_fastrtps_cpp.hpp\n'}
[1.584723] (px4_msgs) StdoutLine: {'line': b'-- Up-to-date symlink: /home/maanavjugalshah/SwarmAero/ros2_ws/install/px4_msgs/include/px4_msgs/px4_msgs/msg/detail/transponder_report__rosidl_typesupport_fastrtps_cpp.hpp\n'}
[1.584791] (px4_msgs) StdoutLine: {'line': b'-- Up-to-date symlink: /home/maanavjugalshah/SwarmAero/ros2_ws/install/px4_msgs/include/px4_msgs/px4_msgs/msg/detail/tune_control__rosidl_typesupport_fastrtps_cpp.hpp\n'}
[1.584862] (px4_msgs) StdoutLine: {'line': b'-- Up-to-date symlink: /home/maanavjugalshah/SwarmAero/ros2_ws/install/px4_msgs/include/px4_msgs/px4_msgs/msg/detail/uavcan_parameter_request__rosidl_typesupport_fastrtps_cpp.hpp\n'}
[1.584931] (px4_msgs) StdoutLine: {'line': b'-- Up-to-date symlink: /home/maanavjugalshah/SwarmAero/ros2_ws/install/px4_msgs/include/px4_msgs/px4_msgs/msg/detail/uavcan_parameter_value__rosidl_typesupport_fastrtps_cpp.hpp\n'}
[1.585002] (px4_msgs) StdoutLine: {'line': b'-- Up-to-date symlink: /home/maanavjugalshah/SwarmAero/ros2_ws/install/px4_msgs/include/px4_msgs/px4_msgs/msg/detail/ulog_stream__rosidl_typesupport_fastrtps_cpp.hpp\n'}
[1.585071] (px4_msgs) StdoutLine: {'line': b'-- Up-to-date symlink: /home/maanavjugalshah/SwarmAero/ros2_ws/install/px4_msgs/include/px4_msgs/px4_msgs/msg/detail/ulog_stream_ack__rosidl_typesupport_fastrtps_cpp.hpp\n'}
[1.585535] (px4_msgs) StdoutLine: {'line': b'-- Up-to-date symlink: /home/maanavjugalshah/SwarmAero/ros2_ws/install/px4_msgs/include/px4_msgs/px4_msgs/msg/detail/unregister_ext_component__rosidl_typesupport_fastrtps_cpp.hpp\n'}
[1.585964] (px4_msgs) StdoutLine: {'line': b'-- Up-to-date symlink: /home/maanavjugalshah/SwarmAero/ros2_ws/install/px4_msgs/include/px4_msgs/px4_msgs/msg/detail/vehicle_acceleration__rosidl_typesupport_fastrtps_cpp.hpp\n'}
[1.586191] (px4_msgs) StdoutLine: {'line': b'-- Up-to-date symlink: /home/maanavjugalshah/SwarmAero/ros2_ws/install/px4_msgs/include/px4_msgs/px4_msgs/msg/detail/vehicle_air_data__rosidl_typesupport_fastrtps_cpp.hpp\n'}
[1.586361] (px4_msgs) StdoutLine: {'line': b'-- Up-to-date symlink: /home/maanavjugalshah/SwarmAero/ros2_ws/install/px4_msgs/include/px4_msgs/px4_msgs/msg/detail/vehicle_angular_acceleration_setpoint__rosidl_typesupport_fastrtps_cpp.hpp\n'}
[1.586670] (px4_msgs) StdoutLine: {'line': b'-- Up-to-date symlink: /home/maanavjugalshah/SwarmAero/ros2_ws/install/px4_msgs/include/px4_msgs/px4_msgs/msg/detail/vehicle_angular_velocity__rosidl_typesupport_fastrtps_cpp.hpp\n'}
[1.586839] (px4_msgs) StdoutLine: {'line': b'-- Up-to-date symlink: /home/maanavjugalshah/SwarmAero/ros2_ws/install/px4_msgs/include/px4_msgs/px4_msgs/msg/detail/vehicle_attitude__rosidl_typesupport_fastrtps_cpp.hpp\n'}
[1.586972] (px4_msgs) StdoutLine: {'line': b'-- Up-to-date symlink: /home/maanavjugalshah/SwarmAero/ros2_ws/install/px4_msgs/include/px4_msgs/px4_msgs/msg/detail/vehicle_attitude_setpoint__rosidl_typesupport_fastrtps_cpp.hpp\n'}
[1.587308] (px4_msgs) StdoutLine: {'line': b'-- Up-to-date symlink: /home/maanavjugalshah/SwarmAero/ros2_ws/install/px4_msgs/include/px4_msgs/px4_msgs/msg/detail/vehicle_command__rosidl_typesupport_fastrtps_cpp.hpp\n'}
[1.587481] (px4_msgs) StdoutLine: {'line': b'-- Up-to-date symlink: /home/maanavjugalshah/SwarmAero/ros2_ws/install/px4_msgs/include/px4_msgs/px4_msgs/msg/detail/vehicle_command_ack__rosidl_typesupport_fastrtps_cpp.hpp\n'}
[1.587980] (px4_msgs) StdoutLine: {'line': b'-- Up-to-date symlink: /home/maanavjugalshah/SwarmAero/ros2_ws/install/px4_msgs/include/px4_msgs/px4_msgs/msg/detail/vehicle_constraints__rosidl_typesupport_fastrtps_cpp.hpp\n'}
[1.588548] (px4_msgs) StdoutLine: {'line': b'-- Up-to-date symlink: /home/maanavjugalshah/SwarmAero/ros2_ws/install/px4_msgs/include/px4_msgs/px4_msgs/msg/detail/vehicle_control_mode__rosidl_typesupport_fastrtps_cpp.hpp\n'}
[1.589349] (px4_msgs) StdoutLine: {'line': b'-- Up-to-date symlink: /home/maanavjugalshah/SwarmAero/ros2_ws/install/px4_msgs/include/px4_msgs/px4_msgs/msg/detail/vehicle_global_position__rosidl_typesupport_fastrtps_cpp.hpp\n'}
[1.589780] (px4_msgs) StdoutLine: {'line': b'-- Up-to-date symlink: /home/maanavjugalshah/SwarmAero/ros2_ws/install/px4_msgs/include/px4_msgs/px4_msgs/msg/detail/vehicle_imu__rosidl_typesupport_fastrtps_cpp.hpp\n'}
[1.589946] (px4_msgs) StdoutLine: {'line': b'-- Up-to-date symlink: /home/maanavjugalshah/SwarmAero/ros2_ws/install/px4_msgs/include/px4_msgs/px4_msgs/msg/detail/vehicle_imu_status__rosidl_typesupport_fastrtps_cpp.hpp\n'}
[1.590081] (px4_msgs) StdoutLine: {'line': b'-- Up-to-date symlink: /home/maanavjugalshah/SwarmAero/ros2_ws/install/px4_msgs/include/px4_msgs/px4_msgs/msg/detail/vehicle_land_detected__rosidl_typesupport_fastrtps_cpp.hpp\n'}
[1.590422] (px4_msgs) StdoutLine: {'line': b'-- Up-to-date symlink: /home/maanavjugalshah/SwarmAero/ros2_ws/install/px4_msgs/include/px4_msgs/px4_msgs/msg/detail/vehicle_local_position__rosidl_typesupport_fastrtps_cpp.hpp\n'}
[1.590859] (px4_msgs) StdoutLine: {'line': b'-- Up-to-date symlink: /home/maanavjugalshah/SwarmAero/ros2_ws/install/px4_msgs/include/px4_msgs/px4_msgs/msg/detail/vehicle_local_position_setpoint__rosidl_typesupport_fastrtps_cpp.hpp\n'}
[1.590966] (px4_msgs) StdoutLine: {'line': b'-- Up-to-date symlink: /home/maanavjugalshah/SwarmAero/ros2_ws/install/px4_msgs/include/px4_msgs/px4_msgs/msg/detail/vehicle_magnetometer__rosidl_typesupport_fastrtps_cpp.hpp\n'}
[1.591301] (px4_msgs) StdoutLine: {'line': b'-- Up-to-date symlink: /home/maanavjugalshah/SwarmAero/ros2_ws/install/px4_msgs/include/px4_msgs/px4_msgs/msg/detail/vehicle_odometry__rosidl_typesupport_fastrtps_cpp.hpp\n'}
[1.591374] (px4_msgs) StdoutLine: {'line': b'-- Up-to-date symlink: /home/maanavjugalshah/SwarmAero/ros2_ws/install/px4_msgs/include/px4_msgs/px4_msgs/msg/detail/vehicle_optical_flow__rosidl_typesupport_fastrtps_cpp.hpp\n'}
[1.591669] (px4_msgs) StdoutLine: {'line': b'-- Up-to-date symlink: /home/maanavjugalshah/SwarmAero/ros2_ws/install/px4_msgs/include/px4_msgs/px4_msgs/msg/detail/vehicle_optical_flow_vel__rosidl_typesupport_fastrtps_cpp.hpp\n'}
[1.591923] (px4_msgs) StdoutLine: {'line': b'-- Up-to-date symlink: /home/maanavjugalshah/SwarmAero/ros2_ws/install/px4_msgs/include/px4_msgs/px4_msgs/msg/detail/vehicle_rates_setpoint__rosidl_typesupport_fastrtps_cpp.hpp\n'}
[1.592054] (px4_msgs) StdoutLine: {'line': b'-- Up-to-date symlink: /home/maanavjugalshah/SwarmAero/ros2_ws/install/px4_msgs/include/px4_msgs/px4_msgs/msg/detail/vehicle_roi__rosidl_typesupport_fastrtps_cpp.hpp\n'}
[1.592267] (px4_msgs) StdoutLine: {'line': b'-- Up-to-date symlink: /home/maanavjugalshah/SwarmAero/ros2_ws/install/px4_msgs/include/px4_msgs/px4_msgs/msg/detail/vehicle_status__rosidl_typesupport_fastrtps_cpp.hpp\n'}
[1.592404] (px4_msgs) StdoutLine: {'line': b'-- Up-to-date symlink: /home/maanavjugalshah/SwarmAero/ros2_ws/install/px4_msgs/include/px4_msgs/px4_msgs/msg/detail/vehicle_thrust_setpoint__rosidl_typesupport_fastrtps_cpp.hpp\n'}
[1.592447] (px4_msgs) StdoutLine: {'line': b'-- Up-to-date symlink: /home/maanavjugalshah/SwarmAero/ros2_ws/install/px4_msgs/include/px4_msgs/px4_msgs/msg/detail/vehicle_torque_setpoint__rosidl_typesupport_fastrtps_cpp.hpp\n'}
[1.592493] (px4_msgs) StdoutLine: {'line': b'-- Up-to-date symlink: /home/maanavjugalshah/SwarmAero/ros2_ws/install/px4_msgs/include/px4_msgs/px4_msgs/msg/detail/velocity_limits__rosidl_typesupport_fastrtps_cpp.hpp\n'}
[1.592530] (px4_msgs) StdoutLine: {'line': b'-- Up-to-date symlink: /home/maanavjugalshah/SwarmAero/ros2_ws/install/px4_msgs/include/px4_msgs/px4_msgs/msg/detail/vtol_vehicle_status__rosidl_typesupport_fastrtps_cpp.hpp\n'}
[1.592567] (px4_msgs) StdoutLine: {'line': b'-- Up-to-date symlink: /home/maanavjugalshah/SwarmAero/ros2_ws/install/px4_msgs/include/px4_msgs/px4_msgs/msg/detail/vtx__rosidl_typesupport_fastrtps_cpp.hpp\n'}
[1.592607] (px4_msgs) StdoutLine: {'line': b'-- Up-to-date symlink: /home/maanavjugalshah/SwarmAero/ros2_ws/install/px4_msgs/include/px4_msgs/px4_msgs/msg/detail/wheel_encoders__rosidl_typesupport_fastrtps_cpp.hpp\n'}
[1.592643] (px4_msgs) StdoutLine: {'line': b'-- Up-to-date symlink: /home/maanavjugalshah/SwarmAero/ros2_ws/install/px4_msgs/include/px4_msgs/px4_msgs/msg/detail/wind__rosidl_typesupport_fastrtps_cpp.hpp\n'}
[1.592678] (px4_msgs) StdoutLine: {'line': b'-- Up-to-date symlink: /home/maanavjugalshah/SwarmAero/ros2_ws/install/px4_msgs/include/px4_msgs/px4_msgs/msg/detail/yaw_estimator_status__rosidl_typesupport_fastrtps_cpp.hpp\n'}
[1.592713] (px4_msgs) StdoutLine: {'line': b'-- Up-to-date symlink: /home/maanavjugalshah/SwarmAero/ros2_ws/install/px4_msgs/include/px4_msgs/px4_msgs/msg/rosidl_typesupport_fastrtps_cpp__visibility_control.h\n'}
[1.592746] (px4_msgs) StdoutLine: {'line': b'-- Up-to-date symlink: /home/maanavjugalshah/SwarmAero/ros2_ws/install/px4_msgs/include/px4_msgs/px4_msgs/srv/detail/vehicle_command__rosidl_typesupport_fastrtps_cpp.hpp\n'}
[1.592777] (px4_msgs) StdoutLine: {'line': b'-- Up-to-date symlink: /home/maanavjugalshah/SwarmAero/ros2_ws/install/px4_msgs/include/px4_msgs/px4_msgs/msg/detail/action_request__rosidl_typesupport_introspection_c.h\n'}
[1.592814] (px4_msgs) StdoutLine: {'line': b'-- Up-to-date symlink: /home/maanavjugalshah/SwarmAero/ros2_ws/install/px4_msgs/include/px4_msgs/px4_msgs/msg/detail/actuator_armed__rosidl_typesupport_introspection_c.h\n'}
[1.592847] (px4_msgs) StdoutLine: {'line': b'-- Up-to-date symlink: /home/maanavjugalshah/SwarmAero/ros2_ws/install/px4_msgs/include/px4_msgs/px4_msgs/msg/detail/actuator_controls_status__rosidl_typesupport_introspection_c.h\n'}
[1.592883] (px4_msgs) StdoutLine: {'line': b'-- Up-to-date symlink: /home/maanavjugalshah/SwarmAero/ros2_ws/install/px4_msgs/include/px4_msgs/px4_msgs/msg/detail/actuator_motors__rosidl_typesupport_introspection_c.h\n'}
[1.592918] (px4_msgs) StdoutLine: {'line': b'-- Up-to-date symlink: /home/maanavjugalshah/SwarmAero/ros2_ws/install/px4_msgs/include/px4_msgs/px4_msgs/msg/detail/actuator_outputs__rosidl_typesupport_introspection_c.h\n'}
[1.592954] (px4_msgs) StdoutLine: {'line': b'-- Up-to-date symlink: /home/maanavjugalshah/SwarmAero/ros2_ws/install/px4_msgs/include/px4_msgs/px4_msgs/msg/detail/actuator_servos__rosidl_typesupport_introspection_c.h\n'}
[1.592987] (px4_msgs) StdoutLine: {'line': b'-- Up-to-date symlink: /home/maanavjugalshah/SwarmAero/ros2_ws/install/px4_msgs/include/px4_msgs/px4_msgs/msg/detail/actuator_servos_trim__rosidl_typesupport_introspection_c.h\n'}
[1.593041] (px4_msgs) StdoutLine: {'line': b'-- Up-to-date symlink: /home/maanavjugalshah/SwarmAero/ros2_ws/install/px4_msgs/include/px4_msgs/px4_msgs/msg/detail/actuator_test__rosidl_typesupport_introspection_c.h\n'}
[1.593098] (px4_msgs) StdoutLine: {'line': b'-- Up-to-date symlink: /home/maanavjugalshah/SwarmAero/ros2_ws/install/px4_msgs/include/px4_msgs/px4_msgs/msg/detail/adc_report__rosidl_typesupport_introspection_c.h\n'}
[1.593136] (px4_msgs) StdoutLine: {'line': b'-- Up-to-date symlink: /home/maanavjugalshah/SwarmAero/ros2_ws/install/px4_msgs/include/px4_msgs/px4_msgs/msg/detail/airspeed__rosidl_typesupport_introspection_c.h\n'}
[1.593176] (px4_msgs) StdoutLine: {'line': b'-- Up-to-date symlink: /home/maanavjugalshah/SwarmAero/ros2_ws/install/px4_msgs/include/px4_msgs/px4_msgs/msg/detail/airspeed_validated__rosidl_typesupport_introspection_c.h\n'}
[1.593218] (px4_msgs) StdoutLine: {'line': b'-- Up-to-date symlink: /home/maanavjugalshah/SwarmAero/ros2_ws/install/px4_msgs/include/px4_msgs/px4_msgs/msg/detail/airspeed_wind__rosidl_typesupport_introspection_c.h\n'}
[1.593252] (px4_msgs) StdoutLine: {'line': b'-- Up-to-date symlink: /home/maanavjugalshah/SwarmAero/ros2_ws/install/px4_msgs/include/px4_msgs/px4_msgs/msg/detail/arming_check_reply__rosidl_typesupport_introspection_c.h\n'}
[1.593306] (px4_msgs) StdoutLine: {'line': b'-- Up-to-date symlink: /home/maanavjugalshah/SwarmAero/ros2_ws/install/px4_msgs/include/px4_msgs/px4_msgs/msg/detail/arming_check_request__rosidl_typesupport_introspection_c.h\n'}
[1.593356] (px4_msgs) StdoutLine: {'line': b'-- Up-to-date symlink: /home/maanavjugalshah/SwarmAero/ros2_ws/install/px4_msgs/include/px4_msgs/px4_msgs/msg/detail/autotune_attitude_control_status__rosidl_typesupport_introspection_c.h\n'}
[1.593392] (px4_msgs) StdoutLine: {'line': b'-- Up-to-date symlink: /home/maanavjugalshah/SwarmAero/ros2_ws/install/px4_msgs/include/px4_msgs/px4_msgs/msg/detail/aux_global_position__rosidl_typesupport_introspection_c.h\n'}
[1.593425] (px4_msgs) StdoutLine: {'line': b'-- Up-to-date symlink: /home/maanavjugalshah/SwarmAero/ros2_ws/install/px4_msgs/include/px4_msgs/px4_msgs/msg/detail/battery_info__rosidl_typesupport_introspection_c.h\n'}
[1.593462] (px4_msgs) StdoutLine: {'line': b'-- Up-to-date symlink: /home/maanavjugalshah/SwarmAero/ros2_ws/install/px4_msgs/include/px4_msgs/px4_msgs/msg/detail/battery_status__rosidl_typesupport_introspection_c.h\n'}
[1.593499] (px4_msgs) StdoutLine: {'line': b'-- Up-to-date symlink: /home/maanavjugalshah/SwarmAero/ros2_ws/install/px4_msgs/include/px4_msgs/px4_msgs/msg/detail/button_event__rosidl_typesupport_introspection_c.h\n'}
[1.593535] (px4_msgs) StdoutLine: {'line': b'-- Up-to-date symlink: /home/maanavjugalshah/SwarmAero/ros2_ws/install/px4_msgs/include/px4_msgs/px4_msgs/msg/detail/camera_capture__rosidl_typesupport_introspection_c.h\n'}
[1.593569] (px4_msgs) StdoutLine: {'line': b'-- Up-to-date symlink: /home/maanavjugalshah/SwarmAero/ros2_ws/install/px4_msgs/include/px4_msgs/px4_msgs/msg/detail/camera_status__rosidl_typesupport_introspection_c.h\n'}
[1.593604] (px4_msgs) StdoutLine: {'line': b'-- Up-to-date symlink: /home/maanavjugalshah/SwarmAero/ros2_ws/install/px4_msgs/include/px4_msgs/px4_msgs/msg/detail/camera_trigger__rosidl_typesupport_introspection_c.h\n'}
[1.593637] (px4_msgs) StdoutLine: {'line': b'-- Up-to-date symlink: /home/maanavjugalshah/SwarmAero/ros2_ws/install/px4_msgs/include/px4_msgs/px4_msgs/msg/detail/can_interface_status__rosidl_typesupport_introspection_c.h\n'}
[1.593672] (px4_msgs) StdoutLine: {'line': b'-- Up-to-date symlink: /home/maanavjugalshah/SwarmAero/ros2_ws/install/px4_msgs/include/px4_msgs/px4_msgs/msg/detail/cellular_status__rosidl_typesupport_introspection_c.h\n'}
[1.593708] (px4_msgs) StdoutLine: {'line': b'-- Up-to-date symlink: /home/maanavjugalshah/SwarmAero/ros2_ws/install/px4_msgs/include/px4_msgs/px4_msgs/msg/detail/collision_constraints__rosidl_typesupport_introspection_c.h\n'}
[1.593742] (px4_msgs) StdoutLine: {'line': b'-- Up-to-date symlink: /home/maanavjugalshah/SwarmAero/ros2_ws/install/px4_msgs/include/px4_msgs/px4_msgs/msg/detail/config_overrides__rosidl_typesupport_introspection_c.h\n'}
[1.593775] (px4_msgs) StdoutLine: {'line': b'-- Up-to-date symlink: /home/maanavjugalshah/SwarmAero/ros2_ws/install/px4_msgs/include/px4_msgs/px4_msgs/msg/detail/control_allocator_status__rosidl_typesupport_introspection_c.h\n'}
[1.593807] (px4_msgs) StdoutLine: {'line': b'-- Up-to-date symlink: /home/maanavjugalshah/SwarmAero/ros2_ws/install/px4_msgs/include/px4_msgs/px4_msgs/msg/detail/cpuload__rosidl_typesupport_introspection_c.h\n'}
[1.593840] (px4_msgs) StdoutLine: {'line': b'-- Up-to-date symlink: /home/maanavjugalshah/SwarmAero/ros2_ws/install/px4_msgs/include/px4_msgs/px4_msgs/msg/detail/dataman_request__rosidl_typesupport_introspection_c.h\n'}
[1.593883] (px4_msgs) StdoutLine: {'line': b'-- Up-to-date symlink: /home/maanavjugalshah/SwarmAero/ros2_ws/install/px4_msgs/include/px4_msgs/px4_msgs/msg/detail/dataman_response__rosidl_typesupport_introspection_c.h\n'}
[1.593928] (px4_msgs) StdoutLine: {'line': b'-- Up-to-date symlink: /home/maanavjugalshah/SwarmAero/ros2_ws/install/px4_msgs/include/px4_msgs/px4_msgs/msg/detail/debug_array__rosidl_typesupport_introspection_c.h\n'}
[1.593970] (px4_msgs) StdoutLine: {'line': b'-- Up-to-date symlink: /home/maanavjugalshah/SwarmAero/ros2_ws/install/px4_msgs/include/px4_msgs/px4_msgs/msg/detail/debug_key_value__rosidl_typesupport_introspection_c.h\n'}
[1.594004] (px4_msgs) StdoutLine: {'line': b'-- Up-to-date symlink: /home/maanavjugalshah/SwarmAero/ros2_ws/install/px4_msgs/include/px4_msgs/px4_msgs/msg/detail/debug_value__rosidl_typesupport_introspection_c.h\n'}
[1.594038] (px4_msgs) StdoutLine: {'line': b'-- Up-to-date symlink: /home/maanavjugalshah/SwarmAero/ros2_ws/install/px4_msgs/include/px4_msgs/px4_msgs/msg/detail/debug_vect__rosidl_typesupport_introspection_c.h\n'}
[1.594091] (px4_msgs) StdoutLine: {'line': b'-- Up-to-date symlink: /home/maanavjugalshah/SwarmAero/ros2_ws/install/px4_msgs/include/px4_msgs/px4_msgs/msg/detail/device_information__rosidl_typesupport_introspection_c.h\n'}
[1.594150] (px4_msgs) StdoutLine: {'line': b'-- Up-to-date symlink: /home/maanavjugalshah/SwarmAero/ros2_ws/install/px4_msgs/include/px4_msgs/px4_msgs/msg/detail/differential_pressure__rosidl_typesupport_introspection_c.h\n'}
[1.594195] (px4_msgs) StdoutLine: {'line': b'-- Up-to-date symlink: /home/maanavjugalshah/SwarmAero/ros2_ws/install/px4_msgs/include/px4_msgs/px4_msgs/msg/detail/distance_sensor__rosidl_typesupport_introspection_c.h\n'}
[1.594232] (px4_msgs) StdoutLine: {'line': b'-- Up-to-date symlink: /home/maanavjugalshah/SwarmAero/ros2_ws/install/px4_msgs/include/px4_msgs/px4_msgs/msg/detail/distance_sensor_mode_change_request__rosidl_typesupport_introspection_c.h\n'}
[1.594267] (px4_msgs) StdoutLine: {'line': b'-- Up-to-date symlink: /home/maanavjugalshah/SwarmAero/ros2_ws/install/px4_msgs/include/px4_msgs/px4_msgs/msg/detail/dronecan_node_status__rosidl_typesupport_introspection_c.h\n'}
[1.594302] (px4_msgs) StdoutLine: {'line': b'-- Up-to-date symlink: /home/maanavjugalshah/SwarmAero/ros2_ws/install/px4_msgs/include/px4_msgs/px4_msgs/msg/detail/ekf2_timestamps__rosidl_typesupport_introspection_c.h\n'}
[1.594365] (px4_msgs) StdoutLine: {'line': b'-- Up-to-date symlink: /home/maanavjugalshah/SwarmAero/ros2_ws/install/px4_msgs/include/px4_msgs/px4_msgs/msg/detail/esc_eeprom_read__rosidl_typesupport_introspection_c.h\n'}
[1.594441] (px4_msgs) StdoutLine: {'line': b'-- Up-to-date symlink: /home/maanavjugalshah/SwarmAero/ros2_ws/install/px4_msgs/include/px4_msgs/px4_msgs/msg/detail/esc_eeprom_write__rosidl_typesupport_introspection_c.h\n'}
[1.594515] (px4_msgs) StdoutLine: {'line': b'-- Up-to-date symlink: /home/maanavjugalshah/SwarmAero/ros2_ws/install/px4_msgs/include/px4_msgs/px4_msgs/msg/detail/esc_report__rosidl_typesupport_introspection_c.h\n'}
[1.594605] (px4_msgs) StdoutLine: {'line': b'-- Up-to-date symlink: /home/maanavjugalshah/SwarmAero/ros2_ws/install/px4_msgs/include/px4_msgs/px4_msgs/msg/detail/esc_status__rosidl_typesupport_introspection_c.h\n'}
[1.594649] (px4_msgs) StdoutLine: {'line': b'-- Up-to-date symlink: /home/maanavjugalshah/SwarmAero/ros2_ws/install/px4_msgs/include/px4_msgs/px4_msgs/msg/detail/estimator_aid_source1d__rosidl_typesupport_introspection_c.h\n'}
[1.594723] (px4_msgs) StdoutLine: {'line': b'-- Up-to-date symlink: /home/maanavjugalshah/SwarmAero/ros2_ws/install/px4_msgs/include/px4_msgs/px4_msgs/msg/detail/estimator_aid_source2d__rosidl_typesupport_introspection_c.h\n'}
[1.594764] (px4_msgs) StdoutLine: {'line': b'-- Up-to-date symlink: /home/maanavjugalshah/SwarmAero/ros2_ws/install/px4_msgs/include/px4_msgs/px4_msgs/msg/detail/estimator_aid_source3d__rosidl_typesupport_introspection_c.h\n'}
[1.594802] (px4_msgs) StdoutLine: {'line': b'-- Up-to-date symlink: /home/maanavjugalshah/SwarmAero/ros2_ws/install/px4_msgs/include/px4_msgs/px4_msgs/msg/detail/estimator_bias3d__rosidl_typesupport_introspection_c.h\n'}
[1.594844] (px4_msgs) StdoutLine: {'line': b'-- Up-to-date symlink: /home/maanavjugalshah/SwarmAero/ros2_ws/install/px4_msgs/include/px4_msgs/px4_msgs/msg/detail/estimator_bias__rosidl_typesupport_introspection_c.h\n'}
[1.594881] (px4_msgs) StdoutLine: {'line': b'-- Up-to-date symlink: /home/maanavjugalshah/SwarmAero/ros2_ws/install/px4_msgs/include/px4_msgs/px4_msgs/msg/detail/estimator_event_flags__rosidl_typesupport_introspection_c.h\n'}
[1.594917] (px4_msgs) StdoutLine: {'line': b'-- Up-to-date symlink: /home/maanavjugalshah/SwarmAero/ros2_ws/install/px4_msgs/include/px4_msgs/px4_msgs/msg/detail/estimator_fusion_control__rosidl_typesupport_introspection_c.h\n'}
[1.594952] (px4_msgs) StdoutLine: {'line': b'-- Up-to-date symlink: /home/maanavjugalshah/SwarmAero/ros2_ws/install/px4_msgs/include/px4_msgs/px4_msgs/msg/detail/estimator_gps_status__rosidl_typesupport_introspection_c.h\n'}
[1.594987] (px4_msgs) StdoutLine: {'line': b'-- Up-to-date symlink: /home/maanavjugalshah/SwarmAero/ros2_ws/install/px4_msgs/include/px4_msgs/px4_msgs/msg/detail/estimator_innovations__rosidl_typesupport_introspection_c.h\n'}
[1.595024] (px4_msgs) StdoutLine: {'line': b'-- Up-to-date symlink: /home/maanavjugalshah/SwarmAero/ros2_ws/install/px4_msgs/include/px4_msgs/px4_msgs/msg/detail/estimator_selector_status__rosidl_typesupport_introspection_c.h\n'}
[1.595060] (px4_msgs) StdoutLine: {'line': b'-- Up-to-date symlink: /home/maanavjugalshah/SwarmAero/ros2_ws/install/px4_msgs/include/px4_msgs/px4_msgs/msg/detail/estimator_sensor_bias__rosidl_typesupport_introspection_c.h\n'}
[1.595095] (px4_msgs) StdoutLine: {'line': b'-- Up-to-date symlink: /home/maanavjugalshah/SwarmAero/ros2_ws/install/px4_msgs/include/px4_msgs/px4_msgs/msg/detail/estimator_states__rosidl_typesupport_introspection_c.h\n'}
[1.595128] (px4_msgs) StdoutLine: {'line': b'-- Up-to-date symlink: /home/maanavjugalshah/SwarmAero/ros2_ws/install/px4_msgs/include/px4_msgs/px4_msgs/msg/detail/estimator_status__rosidl_typesupport_introspection_c.h\n'}
[1.595162] (px4_msgs) StdoutLine: {'line': b'-- Up-to-date symlink: /home/maanavjugalshah/SwarmAero/ros2_ws/install/px4_msgs/include/px4_msgs/px4_msgs/msg/detail/estimator_status_flags__rosidl_typesupport_introspection_c.h\n'}
[1.595195] (px4_msgs) StdoutLine: {'line': b'-- Up-to-date symlink: /home/maanavjugalshah/SwarmAero/ros2_ws/install/px4_msgs/include/px4_msgs/px4_msgs/msg/detail/event__rosidl_typesupport_introspection_c.h\n'}
[1.595230] (px4_msgs) StdoutLine: {'line': b'-- Up-to-date symlink: /home/maanavjugalshah/SwarmAero/ros2_ws/install/px4_msgs/include/px4_msgs/px4_msgs/msg/detail/failsafe_flags__rosidl_typesupport_introspection_c.h\n'}
[1.595296] (px4_msgs) StdoutLine: {'line': b'-- Up-to-date symlink: /home/maanavjugalshah/SwarmAero/ros2_ws/install/px4_msgs/include/px4_msgs/px4_msgs/msg/detail/failure_detector_status__rosidl_typesupport_introspection_c.h\n'}
[1.595336] (px4_msgs) StdoutLine: {'line': b'-- Up-to-date symlink: /home/maanavjugalshah/SwarmAero/ros2_ws/install/px4_msgs/include/px4_msgs/px4_msgs/msg/detail/figure_eight_status__rosidl_typesupport_introspection_c.h\n'}
[1.595584] (px4_msgs) StdoutLine: {'line': b'-- Up-to-date symlink: /home/maanavjugalshah/SwarmAero/ros2_ws/install/px4_msgs/include/px4_msgs/px4_msgs/msg/detail/fixed_wing_lateral_guidance_status__rosidl_typesupport_introspection_c.h\n'}
[1.595894] (px4_msgs) StdoutLine: {'line': b'-- Up-to-date symlink: /home/maanavjugalshah/SwarmAero/ros2_ws/install/px4_msgs/include/px4_msgs/px4_msgs/msg/detail/fixed_wing_lateral_setpoint__rosidl_typesupport_introspection_c.h\n'}
[1.596071] (px4_msgs) StdoutLine: {'line': b'-- Up-to-date symlink: /home/maanavjugalshah/SwarmAero/ros2_ws/install/px4_msgs/include/px4_msgs/px4_msgs/msg/detail/fixed_wing_lateral_status__rosidl_typesupport_introspection_c.h\n'}
[1.596163] (px4_msgs) StdoutLine: {'line': b'-- Up-to-date symlink: /home/maanavjugalshah/SwarmAero/ros2_ws/install/px4_msgs/include/px4_msgs/px4_msgs/msg/detail/fixed_wing_longitudinal_setpoint__rosidl_typesupport_introspection_c.h\n'}
[1.596276] (px4_msgs) StdoutLine: {'line': b'-- Up-to-date symlink: /home/maanavjugalshah/SwarmAero/ros2_ws/install/px4_msgs/include/px4_msgs/px4_msgs/msg/detail/fixed_wing_runway_control__rosidl_typesupport_introspection_c.h\n'}
[1.596448] (px4_msgs) StdoutLine: {'line': b'-- Up-to-date symlink: /home/maanavjugalshah/SwarmAero/ros2_ws/install/px4_msgs/include/px4_msgs/px4_msgs/msg/detail/flight_phase_estimation__rosidl_typesupport_introspection_c.h\n'}
[1.596493] (px4_msgs) StdoutLine: {'line': b'-- Up-to-date symlink: /home/maanavjugalshah/SwarmAero/ros2_ws/install/px4_msgs/include/px4_msgs/px4_msgs/msg/detail/follow_target__rosidl_typesupport_introspection_c.h\n'}
[1.596531] (px4_msgs) StdoutLine: {'line': b'-- Up-to-date symlink: /home/maanavjugalshah/SwarmAero/ros2_ws/install/px4_msgs/include/px4_msgs/px4_msgs/msg/detail/follow_target_estimator__rosidl_typesupport_introspection_c.h\n'}
[1.596572] (px4_msgs) StdoutLine: {'line': b'-- Up-to-date symlink: /home/maanavjugalshah/SwarmAero/ros2_ws/install/px4_msgs/include/px4_msgs/px4_msgs/msg/detail/follow_target_status__rosidl_typesupport_introspection_c.h\n'}
[1.596719] (px4_msgs) StdoutLine: {'line': b'-- Up-to-date symlink: /home/maanavjugalshah/SwarmAero/ros2_ws/install/px4_msgs/include/px4_msgs/px4_msgs/msg/detail/fuel_tank_status__rosidl_typesupport_introspection_c.h\n'}
[1.596804] (px4_msgs) StdoutLine: {'line': b'-- Up-to-date symlink: /home/maanavjugalshah/SwarmAero/ros2_ws/install/px4_msgs/include/px4_msgs/px4_msgs/msg/detail/gain_compression__rosidl_typesupport_introspection_c.h\n'}
[1.596906] (px4_msgs) StdoutLine: {'line': b'-- Up-to-date symlink: /home/maanavjugalshah/SwarmAero/ros2_ws/install/px4_msgs/include/px4_msgs/px4_msgs/msg/detail/generator_status__rosidl_typesupport_introspection_c.h\n'}
[1.597647] (px4_msgs) StdoutLine: {'line': b'-- Up-to-date symlink: /home/maanavjugalshah/SwarmAero/ros2_ws/install/px4_msgs/include/px4_msgs/px4_msgs/msg/detail/geofence_result__rosidl_typesupport_introspection_c.h\n'}
[1.598799] (px4_msgs) StdoutLine: {'line': b'-- Up-to-date symlink: /home/maanavjugalshah/SwarmAero/ros2_ws/install/px4_msgs/include/px4_msgs/px4_msgs/msg/detail/geofence_status__rosidl_typesupport_introspection_c.h\n'}
[1.599142] (px4_msgs) StdoutLine: {'line': b'-- Up-to-date symlink: /home/maanavjugalshah/SwarmAero/ros2_ws/install/px4_msgs/include/px4_msgs/px4_msgs/msg/detail/gimbal_controls__rosidl_typesupport_introspection_c.h\n'}
[1.599267] (px4_msgs) StdoutLine: {'line': b'-- Up-to-date symlink: /home/maanavjugalshah/SwarmAero/ros2_ws/install/px4_msgs/include/px4_msgs/px4_msgs/msg/detail/gimbal_device_attitude_status__rosidl_typesupport_introspection_c.h\n'}
[1.599707] (px4_msgs) StdoutLine: {'line': b'-- Up-to-date symlink: /home/maanavjugalshah/SwarmAero/ros2_ws/install/px4_msgs/include/px4_msgs/px4_msgs/msg/detail/gimbal_device_information__rosidl_typesupport_introspection_c.h\n'}
[1.600250] (px4_msgs) StdoutLine: {'line': b'-- Up-to-date symlink: /home/maanavjugalshah/SwarmAero/ros2_ws/install/px4_msgs/include/px4_msgs/px4_msgs/msg/detail/gimbal_device_set_attitude__rosidl_typesupport_introspection_c.h\n'}
[1.600335] (px4_msgs) StdoutLine: {'line': b'-- Up-to-date symlink: /home/maanavjugalshah/SwarmAero/ros2_ws/install/px4_msgs/include/px4_msgs/px4_msgs/msg/detail/gimbal_manager_information__rosidl_typesupport_introspection_c.h\n'}
[1.600425] (px4_msgs) StdoutLine: {'line': b'-- Up-to-date symlink: /home/maanavjugalshah/SwarmAero/ros2_ws/install/px4_msgs/include/px4_msgs/px4_msgs/msg/detail/gimbal_manager_set_attitude__rosidl_typesupport_introspection_c.h\n'}
[1.600573] (px4_msgs) StdoutLine: {'line': b'-- Up-to-date symlink: /home/maanavjugalshah/SwarmAero/ros2_ws/install/px4_msgs/include/px4_msgs/px4_msgs/msg/detail/gimbal_manager_set_manual_control__rosidl_typesupport_introspection_c.h\n'}
[1.600613] (px4_msgs) StdoutLine: {'line': b'-- Up-to-date symlink: /home/maanavjugalshah/SwarmAero/ros2_ws/install/px4_msgs/include/px4_msgs/px4_msgs/msg/detail/gimbal_manager_status__rosidl_typesupport_introspection_c.h\n'}
[1.600666] (px4_msgs) StdoutLine: {'line': b'-- Up-to-date symlink: /home/maanavjugalshah/SwarmAero/ros2_ws/install/px4_msgs/include/px4_msgs/px4_msgs/msg/detail/goto_setpoint__rosidl_typesupport_introspection_c.h\n'}
[1.600733] (px4_msgs) StdoutLine: {'line': b'-- Up-to-date symlink: /home/maanavjugalshah/SwarmAero/ros2_ws/install/px4_msgs/include/px4_msgs/px4_msgs/msg/detail/gpio_config__rosidl_typesupport_introspection_c.h\n'}
[1.600820] (px4_msgs) StdoutLine: {'line': b'-- Up-to-date symlink: /home/maanavjugalshah/SwarmAero/ros2_ws/install/px4_msgs/include/px4_msgs/px4_msgs/msg/detail/gpio_in__rosidl_typesupport_introspection_c.h\n'}
[1.600900] (px4_msgs) StdoutLine: {'line': b'-- Up-to-date symlink: /home/maanavjugalshah/SwarmAero/ros2_ws/install/px4_msgs/include/px4_msgs/px4_msgs/msg/detail/gpio_out__rosidl_typesupport_introspection_c.h\n'}
[1.600995] (px4_msgs) StdoutLine: {'line': b'-- Up-to-date symlink: /home/maanavjugalshah/SwarmAero/ros2_ws/install/px4_msgs/include/px4_msgs/px4_msgs/msg/detail/gpio_request__rosidl_typesupport_introspection_c.h\n'}
[1.601070] (px4_msgs) StdoutLine: {'line': b'-- Up-to-date symlink: /home/maanavjugalshah/SwarmAero/ros2_ws/install/px4_msgs/include/px4_msgs/px4_msgs/msg/detail/gps_dump__rosidl_typesupport_introspection_c.h\n'}
[1.601155] (px4_msgs) StdoutLine: {'line': b'-- Up-to-date symlink: /home/maanavjugalshah/SwarmAero/ros2_ws/install/px4_msgs/include/px4_msgs/px4_msgs/msg/detail/gps_inject_data__rosidl_typesupport_introspection_c.h\n'}
[1.601246] (px4_msgs) StdoutLine: {'line': b'-- Up-to-date symlink: /home/maanavjugalshah/SwarmAero/ros2_ws/install/px4_msgs/include/px4_msgs/px4_msgs/msg/detail/gripper__rosidl_typesupport_introspection_c.h\n'}
[1.601298] (px4_msgs) StdoutLine: {'line': b'-- Up-to-date symlink: /home/maanavjugalshah/SwarmAero/ros2_ws/install/px4_msgs/include/px4_msgs/px4_msgs/msg/detail/health_report__rosidl_typesupport_introspection_c.h\n'}
[1.601363] (px4_msgs) StdoutLine: {'line': b'-- Up-to-date symlink: /home/maanavjugalshah/SwarmAero/ros2_ws/install/px4_msgs/include/px4_msgs/px4_msgs/msg/detail/heater_status__rosidl_typesupport_introspection_c.h\n'}
[1.601742] (px4_msgs) StdoutLine: {'line': b'-- Up-to-date symlink: /home/maanavjugalshah/SwarmAero/ros2_ws/install/px4_msgs/include/px4_msgs/px4_msgs/msg/detail/home_position__rosidl_typesupport_introspection_c.h\n'}
[1.602127] (px4_msgs) StdoutLine: {'line': b'-- Up-to-date symlink: /home/maanavjugalshah/SwarmAero/ros2_ws/install/px4_msgs/include/px4_msgs/px4_msgs/msg/detail/hover_thrust_estimate__rosidl_typesupport_introspection_c.h\n'}
[1.602185] (px4_msgs) StdoutLine: {'line': b'-- Up-to-date symlink: /home/maanavjugalshah/SwarmAero/ros2_ws/install/px4_msgs/include/px4_msgs/px4_msgs/msg/detail/input_rc__rosidl_typesupport_introspection_c.h\n'}
[1.602259] (px4_msgs) StdoutLine: {'line': b'-- Up-to-date symlink: /home/maanavjugalshah/SwarmAero/ros2_ws/install/px4_msgs/include/px4_msgs/px4_msgs/msg/detail/internal_combustion_engine_control__rosidl_typesupport_introspection_c.h\n'}
[1.602470] (px4_msgs) StdoutLine: {'line': b'-- Up-to-date symlink: /home/maanavjugalshah/SwarmAero/ros2_ws/install/px4_msgs/include/px4_msgs/px4_msgs/msg/detail/internal_combustion_engine_status__rosidl_typesupport_introspection_c.h\n'}
[1.602722] (px4_msgs) StdoutLine: {'line': b'-- Up-to-date symlink: /home/maanavjugalshah/SwarmAero/ros2_ws/install/px4_msgs/include/px4_msgs/px4_msgs/msg/detail/iridiumsbd_status__rosidl_typesupport_introspection_c.h\n'}
[1.602815] (px4_msgs) StdoutLine: {'line': b'-- Up-to-date symlink: /home/maanavjugalshah/SwarmAero/ros2_ws/install/px4_msgs/include/px4_msgs/px4_msgs/msg/detail/irlock_report__rosidl_typesupport_introspection_c.h\n'}
[1.602962] (-) TimerEvent: {}
[1.603075] (px4_msgs) StdoutLine: {'line': b'-- Up-to-date symlink: /home/maanavjugalshah/SwarmAero/ros2_ws/install/px4_msgs/include/px4_msgs/px4_msgs/msg/detail/landing_gear__rosidl_typesupport_introspection_c.h\n'}
[1.603254] (px4_msgs) StdoutLine: {'line': b'-- Up-to-date symlink: /home/maanavjugalshah/SwarmAero/ros2_ws/install/px4_msgs/include/px4_msgs/px4_msgs/msg/detail/landing_gear_wheel__rosidl_typesupport_introspection_c.h\n'}
[1.603410] (px4_msgs) StdoutLine: {'line': b'-- Up-to-date symlink: /home/maanavjugalshah/SwarmAero/ros2_ws/install/px4_msgs/include/px4_msgs/px4_msgs/msg/detail/landing_target_innovations__rosidl_typesupport_introspection_c.h\n'}
[1.603558] (px4_msgs) StdoutLine: {'line': b'-- Up-to-date symlink: /home/maanavjugalshah/SwarmAero/ros2_ws/install/px4_msgs/include/px4_msgs/px4_msgs/msg/detail/landing_target_pose__rosidl_typesupport_introspection_c.h\n'}
[1.603662] (px4_msgs) StdoutLine: {'line': b'-- Up-to-date symlink: /home/maanavjugalshah/SwarmAero/ros2_ws/install/px4_msgs/include/px4_msgs/px4_msgs/msg/detail/lateral_control_configuration__rosidl_typesupport_introspection_c.h\n'}
[1.603729] (px4_msgs) StdoutLine: {'line': b'-- Up-to-date symlink: /home/maanavjugalshah/SwarmAero/ros2_ws/install/px4_msgs/include/px4_msgs/px4_msgs/msg/detail/launch_detection_status__rosidl_typesupport_introspection_c.h\n'}
[1.603818] (px4_msgs) StdoutLine: {'line': b'-- Up-to-date symlink: /home/maanavjugalshah/SwarmAero/ros2_ws/install/px4_msgs/include/px4_msgs/px4_msgs/msg/detail/led_control__rosidl_typesupport_introspection_c.h\n'}
[1.604046] (px4_msgs) StdoutLine: {'line': b'-- Up-to-date symlink: /home/maanavjugalshah/SwarmAero/ros2_ws/install/px4_msgs/include/px4_msgs/px4_msgs/msg/detail/log_message__rosidl_typesupport_introspection_c.h\n'}
[1.604140] (px4_msgs) StdoutLine: {'line': b'-- Up-to-date symlink: /home/maanavjugalshah/SwarmAero/ros2_ws/install/px4_msgs/include/px4_msgs/px4_msgs/msg/detail/logger_status__rosidl_typesupport_introspection_c.h\n'}
[1.604438] (px4_msgs) StdoutLine: {'line': b'-- Up-to-date symlink: /home/maanavjugalshah/SwarmAero/ros2_ws/install/px4_msgs/include/px4_msgs/px4_msgs/msg/detail/longitudinal_control_configuration__rosidl_typesupport_introspection_c.h\n'}
[1.604529] (px4_msgs) StdoutLine: {'line': b'-- Up-to-date symlink: /home/maanavjugalshah/SwarmAero/ros2_ws/install/px4_msgs/include/px4_msgs/px4_msgs/msg/detail/mag_worker_data__rosidl_typesupport_introspection_c.h\n'}
[1.604617] (px4_msgs) StdoutLine: {'line': b'-- Up-to-date symlink: /home/maanavjugalshah/SwarmAero/ros2_ws/install/px4_msgs/include/px4_msgs/px4_msgs/msg/detail/magnetometer_bias_estimate__rosidl_typesupport_introspection_c.h\n'}
[1.604698] (px4_msgs) StdoutLine: {'line': b'-- Up-to-date symlink: /home/maanavjugalshah/SwarmAero/ros2_ws/install/px4_msgs/include/px4_msgs/px4_msgs/msg/detail/manual_control_setpoint__rosidl_typesupport_introspection_c.h\n'}
[1.604801] (px4_msgs) StdoutLine: {'line': b'-- Up-to-date symlink: /home/maanavjugalshah/SwarmAero/ros2_ws/install/px4_msgs/include/px4_msgs/px4_msgs/msg/detail/manual_control_switches__rosidl_typesupport_introspection_c.h\n'}
[1.604887] (px4_msgs) StdoutLine: {'line': b'-- Up-to-date symlink: /home/maanavjugalshah/SwarmAero/ros2_ws/install/px4_msgs/include/px4_msgs/px4_msgs/msg/detail/mavlink_log__rosidl_typesupport_introspection_c.h\n'}
[1.605122] (px4_msgs) StdoutLine: {'line': b'-- Up-to-date symlink: /home/maanavjugalshah/SwarmAero/ros2_ws/install/px4_msgs/include/px4_msgs/px4_msgs/msg/detail/mavlink_tunnel__rosidl_typesupport_introspection_c.h\n'}
[1.605749] (px4_msgs) StdoutLine: {'line': b'-- Up-to-date symlink: /home/maanavjugalshah/SwarmAero/ros2_ws/install/px4_msgs/include/px4_msgs/px4_msgs/msg/detail/message_format_request__rosidl_typesupport_introspection_c.h\n'}
[1.605930] (px4_msgs) StdoutLine: {'line': b'-- Up-to-date symlink: /home/maanavjugalshah/SwarmAero/ros2_ws/install/px4_msgs/include/px4_msgs/px4_msgs/msg/detail/message_format_response__rosidl_typesupport_introspection_c.h\n'}
[1.606039] (px4_msgs) StdoutLine: {'line': b'-- Up-to-date symlink: /home/maanavjugalshah/SwarmAero/ros2_ws/install/px4_msgs/include/px4_msgs/px4_msgs/msg/detail/mission__rosidl_typesupport_introspection_c.h\n'}
[1.606114] (px4_msgs) StdoutLine: {'line': b'-- Up-to-date symlink: /home/maanavjugalshah/SwarmAero/ros2_ws/install/px4_msgs/include/px4_msgs/px4_msgs/msg/detail/mission_result__rosidl_typesupport_introspection_c.h\n'}
[1.606769] (px4_msgs) StdoutLine: {'line': b'-- Up-to-date symlink: /home/maanavjugalshah/SwarmAero/ros2_ws/install/px4_msgs/include/px4_msgs/px4_msgs/msg/detail/mode_completed__rosidl_typesupport_introspection_c.h\n'}
[1.607142] (px4_msgs) StdoutLine: {'line': b'-- Up-to-date symlink: /home/maanavjugalshah/SwarmAero/ros2_ws/install/px4_msgs/include/px4_msgs/px4_msgs/msg/detail/mount_orientation__rosidl_typesupport_introspection_c.h\n'}
[1.607239] (px4_msgs) StdoutLine: {'line': b'-- Up-to-date symlink: /home/maanavjugalshah/SwarmAero/ros2_ws/install/px4_msgs/include/px4_msgs/px4_msgs/msg/detail/navigator_mission_item__rosidl_typesupport_introspection_c.h\n'}
[1.607326] (px4_msgs) StdoutLine: {'line': b'-- Up-to-date symlink: /home/maanavjugalshah/SwarmAero/ros2_ws/install/px4_msgs/include/px4_msgs/px4_msgs/msg/detail/navigator_status__rosidl_typesupport_introspection_c.h\n'}
[1.607585] (px4_msgs) StdoutLine: {'line': b'-- Up-to-date symlink: /home/maanavjugalshah/SwarmAero/ros2_ws/install/px4_msgs/include/px4_msgs/px4_msgs/msg/detail/neural_control__rosidl_typesupport_introspection_c.h\n'}
[1.607804] (px4_msgs) StdoutLine: {'line': b'-- Up-to-date symlink: /home/maanavjugalshah/SwarmAero/ros2_ws/install/px4_msgs/include/px4_msgs/px4_msgs/msg/detail/normalized_unsigned_setpoint__rosidl_typesupport_introspection_c.h\n'}
[1.607881] (px4_msgs) StdoutLine: {'line': b'-- Up-to-date symlink: /home/maanavjugalshah/SwarmAero/ros2_ws/install/px4_msgs/include/px4_msgs/px4_msgs/msg/detail/obstacle_distance__rosidl_typesupport_introspection_c.h\n'}
[1.607992] (px4_msgs) StdoutLine: {'line': b'-- Up-to-date symlink: /home/maanavjugalshah/SwarmAero/ros2_ws/install/px4_msgs/include/px4_msgs/px4_msgs/msg/detail/offboard_control_mode__rosidl_typesupport_introspection_c.h\n'}
[1.608189] (px4_msgs) StdoutLine: {'line': b'-- Up-to-date symlink: /home/maanavjugalshah/SwarmAero/ros2_ws/install/px4_msgs/include/px4_msgs/px4_msgs/msg/detail/onboard_computer_status__rosidl_typesupport_introspection_c.h\n'}
[1.608293] (px4_msgs) StdoutLine: {'line': b'-- Up-to-date symlink: /home/maanavjugalshah/SwarmAero/ros2_ws/install/px4_msgs/include/px4_msgs/px4_msgs/msg/detail/open_drone_id_arm_status__rosidl_typesupport_introspection_c.h\n'}
[1.608552] (px4_msgs) StdoutLine: {'line': b'-- Up-to-date symlink: /home/maanavjugalshah/SwarmAero/ros2_ws/install/px4_msgs/include/px4_msgs/px4_msgs/msg/detail/open_drone_id_operator_id__rosidl_typesupport_introspection_c.h\n'}
[1.608628] (px4_msgs) StdoutLine: {'line': b'-- Up-to-date symlink: /home/maanavjugalshah/SwarmAero/ros2_ws/install/px4_msgs/include/px4_msgs/px4_msgs/msg/detail/open_drone_id_self_id__rosidl_typesupport_introspection_c.h\n'}
[1.608713] (px4_msgs) StdoutLine: {'line': b'-- Up-to-date symlink: /home/maanavjugalshah/SwarmAero/ros2_ws/install/px4_msgs/include/px4_msgs/px4_msgs/msg/detail/open_drone_id_system__rosidl_typesupport_introspection_c.h\n'}
[1.608785] (px4_msgs) StdoutLine: {'line': b'-- Up-to-date symlink: /home/maanavjugalshah/SwarmAero/ros2_ws/install/px4_msgs/include/px4_msgs/px4_msgs/msg/detail/orb_test__rosidl_typesupport_introspection_c.h\n'}
[1.608871] (px4_msgs) StdoutLine: {'line': b'-- Up-to-date symlink: /home/maanavjugalshah/SwarmAero/ros2_ws/install/px4_msgs/include/px4_msgs/px4_msgs/msg/detail/orb_test_large__rosidl_typesupport_introspection_c.h\n'}
[1.609071] (px4_msgs) StdoutLine: {'line': b'-- Up-to-date symlink: /home/maanavjugalshah/SwarmAero/ros2_ws/install/px4_msgs/include/px4_msgs/px4_msgs/msg/detail/orb_test_medium__rosidl_typesupport_introspection_c.h\n'}
[1.609179] (px4_msgs) StdoutLine: {'line': b'-- Up-to-date symlink: /home/maanavjugalshah/SwarmAero/ros2_ws/install/px4_msgs/include/px4_msgs/px4_msgs/msg/detail/orbit_status__rosidl_typesupport_introspection_c.h\n'}
[1.609409] (px4_msgs) StdoutLine: {'line': b'-- Up-to-date symlink: /home/maanavjugalshah/SwarmAero/ros2_ws/install/px4_msgs/include/px4_msgs/px4_msgs/msg/detail/parameter_reset_request__rosidl_typesupport_introspection_c.h\n'}
[1.609529] (px4_msgs) StdoutLine: {'line': b'-- Up-to-date symlink: /home/maanavjugalshah/SwarmAero/ros2_ws/install/px4_msgs/include/px4_msgs/px4_msgs/msg/detail/parameter_set_used_request__rosidl_typesupport_introspection_c.h\n'}
[1.609765] (px4_msgs) StdoutLine: {'line': b'-- Up-to-date symlink: /home/maanavjugalshah/SwarmAero/ros2_ws/install/px4_msgs/include/px4_msgs/px4_msgs/msg/detail/parameter_set_value_request__rosidl_typesupport_introspection_c.h\n'}
[1.609878] (px4_msgs) StdoutLine: {'line': b'-- Up-to-date symlink: /home/maanavjugalshah/SwarmAero/ros2_ws/install/px4_msgs/include/px4_msgs/px4_msgs/msg/detail/parameter_set_value_response__rosidl_typesupport_introspection_c.h\n'}
[1.610024] (px4_msgs) StdoutLine: {'line': b'-- Up-to-date symlink: /home/maanavjugalshah/SwarmAero/ros2_ws/install/px4_msgs/include/px4_msgs/px4_msgs/msg/detail/parameter_update__rosidl_typesupport_introspection_c.h\n'}
[1.610101] (px4_msgs) StdoutLine: {'line': b'-- Up-to-date symlink: /home/maanavjugalshah/SwarmAero/ros2_ws/install/px4_msgs/include/px4_msgs/px4_msgs/msg/detail/ping__rosidl_typesupport_introspection_c.h\n'}
[1.610173] (px4_msgs) StdoutLine: {'line': b'-- Up-to-date symlink: /home/maanavjugalshah/SwarmAero/ros2_ws/install/px4_msgs/include/px4_msgs/px4_msgs/msg/detail/position_controller_landing_status__rosidl_typesupport_introspection_c.h\n'}
[1.610309] (px4_msgs) StdoutLine: {'line': b'-- Up-to-date symlink: /home/maanavjugalshah/SwarmAero/ros2_ws/install/px4_msgs/include/px4_msgs/px4_msgs/msg/detail/position_controller_status__rosidl_typesupport_introspection_c.h\n'}
[1.610590] (px4_msgs) StdoutLine: {'line': b'-- Up-to-date symlink: /home/maanavjugalshah/SwarmAero/ros2_ws/install/px4_msgs/include/px4_msgs/px4_msgs/msg/detail/position_setpoint__rosidl_typesupport_introspection_c.h\n'}
[1.610779] (px4_msgs) StdoutLine: {'line': b'-- Up-to-date symlink: /home/maanavjugalshah/SwarmAero/ros2_ws/install/px4_msgs/include/px4_msgs/px4_msgs/msg/detail/position_setpoint_triplet__rosidl_typesupport_introspection_c.h\n'}
[1.610827] (px4_msgs) StdoutLine: {'line': b'-- Up-to-date symlink: /home/maanavjugalshah/SwarmAero/ros2_ws/install/px4_msgs/include/px4_msgs/px4_msgs/msg/detail/power_button_state__rosidl_typesupport_introspection_c.h\n'}
[1.610946] (px4_msgs) StdoutLine: {'line': b'-- Up-to-date symlink: /home/maanavjugalshah/SwarmAero/ros2_ws/install/px4_msgs/include/px4_msgs/px4_msgs/msg/detail/power_monitor__rosidl_typesupport_introspection_c.h\n'}
[1.611018] (px4_msgs) StdoutLine: {'line': b'-- Up-to-date symlink: /home/maanavjugalshah/SwarmAero/ros2_ws/install/px4_msgs/include/px4_msgs/px4_msgs/msg/detail/pps_capture__rosidl_typesupport_introspection_c.h\n'}
[1.611506] (px4_msgs) StdoutLine: {'line': b'-- Up-to-date symlink: /home/maanavjugalshah/SwarmAero/ros2_ws/install/px4_msgs/include/px4_msgs/px4_msgs/msg/detail/pure_pursuit_status__rosidl_typesupport_introspection_c.h\n'}
[1.611674] (px4_msgs) StdoutLine: {'line': b'-- Up-to-date symlink: /home/maanavjugalshah/SwarmAero/ros2_ws/install/px4_msgs/include/px4_msgs/px4_msgs/msg/detail/pwm_input__rosidl_typesupport_introspection_c.h\n'}
[1.611717] (px4_msgs) StdoutLine: {'line': b'-- Up-to-date symlink: /home/maanavjugalshah/SwarmAero/ros2_ws/install/px4_msgs/include/px4_msgs/px4_msgs/msg/detail/px4io_status__rosidl_typesupport_introspection_c.h\n'}
[1.611814] (px4_msgs) StdoutLine: {'line': b'-- Up-to-date symlink: /home/maanavjugalshah/SwarmAero/ros2_ws/install/px4_msgs/include/px4_msgs/px4_msgs/msg/detail/qshell_req__rosidl_typesupport_introspection_c.h\n'}
[1.611899] (px4_msgs) StdoutLine: {'line': b'-- Up-to-date symlink: /home/maanavjugalshah/SwarmAero/ros2_ws/install/px4_msgs/include/px4_msgs/px4_msgs/msg/detail/qshell_retval__rosidl_typesupport_introspection_c.h\n'}
[1.611991] (px4_msgs) StdoutLine: {'line': b'-- Up-to-date symlink: /home/maanavjugalshah/SwarmAero/ros2_ws/install/px4_msgs/include/px4_msgs/px4_msgs/msg/detail/radio_status__rosidl_typesupport_introspection_c.h\n'}
[1.612343] (px4_msgs) StdoutLine: {'line': b'-- Up-to-date symlink: /home/maanavjugalshah/SwarmAero/ros2_ws/install/px4_msgs/include/px4_msgs/px4_msgs/msg/detail/ranging_beacon__rosidl_typesupport_introspection_c.h\n'}
[1.612443] (px4_msgs) StdoutLine: {'line': b'-- Up-to-date symlink: /home/maanavjugalshah/SwarmAero/ros2_ws/install/px4_msgs/include/px4_msgs/px4_msgs/msg/detail/raptor_input__rosidl_typesupport_introspection_c.h\n'}
[1.612613] (px4_msgs) StdoutLine: {'line': b'-- Up-to-date symlink: /home/maanavjugalshah/SwarmAero/ros2_ws/install/px4_msgs/include/px4_msgs/px4_msgs/msg/detail/raptor_status__rosidl_typesupport_introspection_c.h\n'}
[1.612743] (px4_msgs) StdoutLine: {'line': b'-- Up-to-date symlink: /home/maanavjugalshah/SwarmAero/ros2_ws/install/px4_msgs/include/px4_msgs/px4_msgs/msg/detail/rate_ctrl_status__rosidl_typesupport_introspection_c.h\n'}
[1.612784] (px4_msgs) StdoutLine: {'line': b'-- Up-to-date symlink: /home/maanavjugalshah/SwarmAero/ros2_ws/install/px4_msgs/include/px4_msgs/px4_msgs/msg/detail/rc_channels__rosidl_typesupport_introspection_c.h\n'}
[1.612821] (px4_msgs) StdoutLine: {'line': b'-- Up-to-date symlink: /home/maanavjugalshah/SwarmAero/ros2_ws/install/px4_msgs/include/px4_msgs/px4_msgs/msg/detail/rc_parameter_map__rosidl_typesupport_introspection_c.h\n'}
[1.612921] (px4_msgs) StdoutLine: {'line': b'-- Up-to-date symlink: /home/maanavjugalshah/SwarmAero/ros2_ws/install/px4_msgs/include/px4_msgs/px4_msgs/msg/detail/register_ext_component_reply__rosidl_typesupport_introspection_c.h\n'}
[1.613245] (px4_msgs) StdoutLine: {'line': b'-- Up-to-date symlink: /home/maanavjugalshah/SwarmAero/ros2_ws/install/px4_msgs/include/px4_msgs/px4_msgs/msg/detail/register_ext_component_request__rosidl_typesupport_introspection_c.h\n'}
[1.613671] (px4_msgs) StdoutLine: {'line': b'-- Up-to-date symlink: /home/maanavjugalshah/SwarmAero/ros2_ws/install/px4_msgs/include/px4_msgs/px4_msgs/msg/detail/rover_attitude_setpoint__rosidl_typesupport_introspection_c.h\n'}
[1.613842] (px4_msgs) StdoutLine: {'line': b'-- Up-to-date symlink: /home/maanavjugalshah/SwarmAero/ros2_ws/install/px4_msgs/include/px4_msgs/px4_msgs/msg/detail/rover_attitude_status__rosidl_typesupport_introspection_c.h\n'}
[1.614122] (px4_msgs) StdoutLine: {'line': b'-- Up-to-date symlink: /home/maanavjugalshah/SwarmAero/ros2_ws/install/px4_msgs/include/px4_msgs/px4_msgs/msg/detail/rover_position_setpoint__rosidl_typesupport_introspection_c.h\n'}
[1.614306] (px4_msgs) StdoutLine: {'line': b'-- Up-to-date symlink: /home/maanavjugalshah/SwarmAero/ros2_ws/install/px4_msgs/include/px4_msgs/px4_msgs/msg/detail/rover_rate_setpoint__rosidl_typesupport_introspection_c.h\n'}
[1.614805] (px4_msgs) StdoutLine: {'line': b'-- Up-to-date symlink: /home/maanavjugalshah/SwarmAero/ros2_ws/install/px4_msgs/include/px4_msgs/px4_msgs/msg/detail/rover_rate_status__rosidl_typesupport_introspection_c.h\n'}
[1.614908] (px4_msgs) StdoutLine: {'line': b'-- Up-to-date symlink: /home/maanavjugalshah/SwarmAero/ros2_ws/install/px4_msgs/include/px4_msgs/px4_msgs/msg/detail/rover_speed_setpoint__rosidl_typesupport_introspection_c.h\n'}
[1.615099] (px4_msgs) StdoutLine: {'line': b'-- Up-to-date symlink: /home/maanavjugalshah/SwarmAero/ros2_ws/install/px4_msgs/include/px4_msgs/px4_msgs/msg/detail/rover_speed_status__rosidl_typesupport_introspection_c.h\n'}
[1.615187] (px4_msgs) StdoutLine: {'line': b'-- Up-to-date symlink: /home/maanavjugalshah/SwarmAero/ros2_ws/install/px4_msgs/include/px4_msgs/px4_msgs/msg/detail/rover_steering_setpoint__rosidl_typesupport_introspection_c.h\n'}
[1.615272] (px4_msgs) StdoutLine: {'line': b'-- Up-to-date symlink: /home/maanavjugalshah/SwarmAero/ros2_ws/install/px4_msgs/include/px4_msgs/px4_msgs/msg/detail/rover_throttle_setpoint__rosidl_typesupport_introspection_c.h\n'}
[1.615620] (px4_msgs) StdoutLine: {'line': b'-- Up-to-date symlink: /home/maanavjugalshah/SwarmAero/ros2_ws/install/px4_msgs/include/px4_msgs/px4_msgs/msg/detail/rpm__rosidl_typesupport_introspection_c.h\n'}
[1.615785] (px4_msgs) StdoutLine: {'line': b'-- Up-to-date symlink: /home/maanavjugalshah/SwarmAero/ros2_ws/install/px4_msgs/include/px4_msgs/px4_msgs/msg/detail/rtl_status__rosidl_typesupport_introspection_c.h\n'}
[1.615947] (px4_msgs) StdoutLine: {'line': b'-- Up-to-date symlink: /home/maanavjugalshah/SwarmAero/ros2_ws/install/px4_msgs/include/px4_msgs/px4_msgs/msg/detail/rtl_time_estimate__rosidl_typesupport_introspection_c.h\n'}
[1.615998] (px4_msgs) StdoutLine: {'line': b'-- Up-to-date symlink: /home/maanavjugalshah/SwarmAero/ros2_ws/install/px4_msgs/include/px4_msgs/px4_msgs/msg/detail/satellite_info__rosidl_typesupport_introspection_c.h\n'}
[1.616069] (px4_msgs) StdoutLine: {'line': b'-- Up-to-date symlink: /home/maanavjugalshah/SwarmAero/ros2_ws/install/px4_msgs/include/px4_msgs/px4_msgs/msg/detail/sensor_accel__rosidl_typesupport_introspection_c.h\n'}
[1.616330] (px4_msgs) StdoutLine: {'line': b'-- Up-to-date symlink: /home/maanavjugalshah/SwarmAero/ros2_ws/install/px4_msgs/include/px4_msgs/px4_msgs/msg/detail/sensor_accel_fifo__rosidl_typesupport_introspection_c.h\n'}
[1.616929] (px4_msgs) StdoutLine: {'line': b'-- Up-to-date symlink: /home/maanavjugalshah/SwarmAero/ros2_ws/install/px4_msgs/include/px4_msgs/px4_msgs/msg/detail/sensor_airflow__rosidl_typesupport_introspection_c.h\n'}
[1.617350] (px4_msgs) StdoutLine: {'line': b'-- Up-to-date symlink: /home/maanavjugalshah/SwarmAero/ros2_ws/install/px4_msgs/include/px4_msgs/px4_msgs/msg/detail/sensor_baro__rosidl_typesupport_introspection_c.h\n'}
[1.617565] (px4_msgs) StdoutLine: {'line': b'-- Up-to-date symlink: /home/maanavjugalshah/SwarmAero/ros2_ws/install/px4_msgs/include/px4_msgs/px4_msgs/msg/detail/sensor_combined__rosidl_typesupport_introspection_c.h\n'}
[1.617979] (px4_msgs) StdoutLine: {'line': b'-- Up-to-date symlink: /home/maanavjugalshah/SwarmAero/ros2_ws/install/px4_msgs/include/px4_msgs/px4_msgs/msg/detail/sensor_correction__rosidl_typesupport_introspection_c.h\n'}
[1.618119] (px4_msgs) StdoutLine: {'line': b'-- Up-to-date symlink: /home/maanavjugalshah/SwarmAero/ros2_ws/install/px4_msgs/include/px4_msgs/px4_msgs/msg/detail/sensor_gnss_relative__rosidl_typesupport_introspection_c.h\n'}
[1.618184] (px4_msgs) StdoutLine: {'line': b'-- Up-to-date symlink: /home/maanavjugalshah/SwarmAero/ros2_ws/install/px4_msgs/include/px4_msgs/px4_msgs/msg/detail/sensor_gnss_status__rosidl_typesupport_introspection_c.h\n'}
[1.618310] (px4_msgs) StdoutLine: {'line': b'-- Up-to-date symlink: /home/maanavjugalshah/SwarmAero/ros2_ws/install/px4_msgs/include/px4_msgs/px4_msgs/msg/detail/sensor_gps__rosidl_typesupport_introspection_c.h\n'}
[1.618507] (px4_msgs) StdoutLine: {'line': b'-- Up-to-date symlink: /home/maanavjugalshah/SwarmAero/ros2_ws/install/px4_msgs/include/px4_msgs/px4_msgs/msg/detail/sensor_gyro__rosidl_typesupport_introspection_c.h\n'}
[1.618576] (px4_msgs) StdoutLine: {'line': b'-- Up-to-date symlink: /home/maanavjugalshah/SwarmAero/ros2_ws/install/px4_msgs/include/px4_msgs/px4_msgs/msg/detail/sensor_gyro_fft__rosidl_typesupport_introspection_c.h\n'}
[1.618643] (px4_msgs) StdoutLine: {'line': b'-- Up-to-date symlink: /home/maanavjugalshah/SwarmAero/ros2_ws/install/px4_msgs/include/px4_msgs/px4_msgs/msg/detail/sensor_gyro_fifo__rosidl_typesupport_introspection_c.h\n'}
[1.618733] (px4_msgs) StdoutLine: {'line': b'-- Up-to-date symlink: /home/maanavjugalshah/SwarmAero/ros2_ws/install/px4_msgs/include/px4_msgs/px4_msgs/msg/detail/sensor_hygrometer__rosidl_typesupport_introspection_c.h\n'}
[1.618824] (px4_msgs) StdoutLine: {'line': b'-- Up-to-date symlink: /home/maanavjugalshah/SwarmAero/ros2_ws/install/px4_msgs/include/px4_msgs/px4_msgs/msg/detail/sensor_mag__rosidl_typesupport_introspection_c.h\n'}
[1.619178] (px4_msgs) StdoutLine: {'line': b'-- Up-to-date symlink: /home/maanavjugalshah/SwarmAero/ros2_ws/install/px4_msgs/include/px4_msgs/px4_msgs/msg/detail/sensor_optical_flow__rosidl_typesupport_introspection_c.h\n'}
[1.619455] (px4_msgs) StdoutLine: {'line': b'-- Up-to-date symlink: /home/maanavjugalshah/SwarmAero/ros2_ws/install/px4_msgs/include/px4_msgs/px4_msgs/msg/detail/sensor_preflight_mag__rosidl_typesupport_introspection_c.h\n'}
[1.619824] (px4_msgs) StdoutLine: {'line': b'-- Up-to-date symlink: /home/maanavjugalshah/SwarmAero/ros2_ws/install/px4_msgs/include/px4_msgs/px4_msgs/msg/detail/sensor_selection__rosidl_typesupport_introspection_c.h\n'}
[1.620043] (px4_msgs) StdoutLine: {'line': b'-- Up-to-date symlink: /home/maanavjugalshah/SwarmAero/ros2_ws/install/px4_msgs/include/px4_msgs/px4_msgs/msg/detail/sensor_temp__rosidl_typesupport_introspection_c.h\n'}
[1.620333] (px4_msgs) StdoutLine: {'line': b'-- Up-to-date symlink: /home/maanavjugalshah/SwarmAero/ros2_ws/install/px4_msgs/include/px4_msgs/px4_msgs/msg/detail/sensor_uwb__rosidl_typesupport_introspection_c.h\n'}
[1.620688] (px4_msgs) StdoutLine: {'line': b'-- Up-to-date symlink: /home/maanavjugalshah/SwarmAero/ros2_ws/install/px4_msgs/include/px4_msgs/px4_msgs/msg/detail/sensors_status__rosidl_typesupport_introspection_c.h\n'}
[1.620910] (px4_msgs) StdoutLine: {'line': b'-- Up-to-date symlink: /home/maanavjugalshah/SwarmAero/ros2_ws/install/px4_msgs/include/px4_msgs/px4_msgs/msg/detail/sensors_status_imu__rosidl_typesupport_introspection_c.h\n'}
[1.621014] (px4_msgs) StdoutLine: {'line': b'-- Up-to-date symlink: /home/maanavjugalshah/SwarmAero/ros2_ws/install/px4_msgs/include/px4_msgs/px4_msgs/msg/detail/system_power__rosidl_typesupport_introspection_c.h\n'}
[1.621447] (px4_msgs) StdoutLine: {'line': b'-- Up-to-date symlink: /home/maanavjugalshah/SwarmAero/ros2_ws/install/px4_msgs/include/px4_msgs/px4_msgs/msg/detail/takeoff_status__rosidl_typesupport_introspection_c.h\n'}
[1.621907] (px4_msgs) StdoutLine: {'line': b'-- Up-to-date symlink: /home/maanavjugalshah/SwarmAero/ros2_ws/install/px4_msgs/include/px4_msgs/px4_msgs/msg/detail/task_stack_info__rosidl_typesupport_introspection_c.h\n'}
[1.622155] (px4_msgs) StdoutLine: {'line': b'-- Up-to-date symlink: /home/maanavjugalshah/SwarmAero/ros2_ws/install/px4_msgs/include/px4_msgs/px4_msgs/msg/detail/tecs_status__rosidl_typesupport_introspection_c.h\n'}
[1.622279] (px4_msgs) StdoutLine: {'line': b'-- Up-to-date symlink: /home/maanavjugalshah/SwarmAero/ros2_ws/install/px4_msgs/include/px4_msgs/px4_msgs/msg/detail/telemetry_status__rosidl_typesupport_introspection_c.h\n'}
[1.622365] (px4_msgs) StdoutLine: {'line': b'-- Up-to-date symlink: /home/maanavjugalshah/SwarmAero/ros2_ws/install/px4_msgs/include/px4_msgs/px4_msgs/msg/detail/tiltrotor_extra_controls__rosidl_typesupport_introspection_c.h\n'}
[1.622584] (px4_msgs) StdoutLine: {'line': b'-- Up-to-date symlink: /home/maanavjugalshah/SwarmAero/ros2_ws/install/px4_msgs/include/px4_msgs/px4_msgs/msg/detail/timesync_status__rosidl_typesupport_introspection_c.h\n'}
[1.622711] (px4_msgs) StdoutLine: {'line': b'-- Up-to-date symlink: /home/maanavjugalshah/SwarmAero/ros2_ws/install/px4_msgs/include/px4_msgs/px4_msgs/msg/detail/trajectory_setpoint6dof__rosidl_typesupport_introspection_c.h\n'}
[1.622781] (px4_msgs) StdoutLine: {'line': b'-- Up-to-date symlink: /home/maanavjugalshah/SwarmAero/ros2_ws/install/px4_msgs/include/px4_msgs/px4_msgs/msg/detail/trajectory_setpoint__rosidl_typesupport_introspection_c.h\n'}
[1.622898] (px4_msgs) StdoutLine: {'line': b'-- Up-to-date symlink: /home/maanavjugalshah/SwarmAero/ros2_ws/install/px4_msgs/include/px4_msgs/px4_msgs/msg/detail/transponder_report__rosidl_typesupport_introspection_c.h\n'}
[1.623057] (px4_msgs) StdoutLine: {'line': b'-- Up-to-date symlink: /home/maanavjugalshah/SwarmAero/ros2_ws/install/px4_msgs/include/px4_msgs/px4_msgs/msg/detail/tune_control__rosidl_typesupport_introspection_c.h\n'}
[1.623263] (px4_msgs) StdoutLine: {'line': b'-- Up-to-date symlink: /home/maanavjugalshah/SwarmAero/ros2_ws/install/px4_msgs/include/px4_msgs/px4_msgs/msg/detail/uavcan_parameter_request__rosidl_typesupport_introspection_c.h\n'}
[1.623346] (px4_msgs) StdoutLine: {'line': b'-- Up-to-date symlink: /home/maanavjugalshah/SwarmAero/ros2_ws/install/px4_msgs/include/px4_msgs/px4_msgs/msg/detail/uavcan_parameter_value__rosidl_typesupport_introspection_c.h\n'}
[1.623656] (px4_msgs) StdoutLine: {'line': b'-- Up-to-date symlink: /home/maanavjugalshah/SwarmAero/ros2_ws/install/px4_msgs/include/px4_msgs/px4_msgs/msg/detail/ulog_stream__rosidl_typesupport_introspection_c.h\n'}
[1.623847] (px4_msgs) StdoutLine: {'line': b'-- Up-to-date symlink: /home/maanavjugalshah/SwarmAero/ros2_ws/install/px4_msgs/include/px4_msgs/px4_msgs/msg/detail/ulog_stream_ack__rosidl_typesupport_introspection_c.h\n'}
[1.624186] (px4_msgs) StdoutLine: {'line': b'-- Up-to-date symlink: /home/maanavjugalshah/SwarmAero/ros2_ws/install/px4_msgs/include/px4_msgs/px4_msgs/msg/detail/unregister_ext_component__rosidl_typesupport_introspection_c.h\n'}
[1.624429] (px4_msgs) StdoutLine: {'line': b'-- Up-to-date symlink: /home/maanavjugalshah/SwarmAero/ros2_ws/install/px4_msgs/include/px4_msgs/px4_msgs/msg/detail/vehicle_acceleration__rosidl_typesupport_introspection_c.h\n'}
[1.624484] (px4_msgs) StdoutLine: {'line': b'-- Up-to-date symlink: /home/maanavjugalshah/SwarmAero/ros2_ws/install/px4_msgs/include/px4_msgs/px4_msgs/msg/detail/vehicle_air_data__rosidl_typesupport_introspection_c.h\n'}
[1.624530] (px4_msgs) StdoutLine: {'line': b'-- Up-to-date symlink: /home/maanavjugalshah/SwarmAero/ros2_ws/install/px4_msgs/include/px4_msgs/px4_msgs/msg/detail/vehicle_angular_acceleration_setpoint__rosidl_typesupport_introspection_c.h\n'}
[1.624721] (px4_msgs) StdoutLine: {'line': b'-- Up-to-date symlink: /home/maanavjugalshah/SwarmAero/ros2_ws/install/px4_msgs/include/px4_msgs/px4_msgs/msg/detail/vehicle_angular_velocity__rosidl_typesupport_introspection_c.h\n'}
[1.624950] (px4_msgs) StdoutLine: {'line': b'-- Up-to-date symlink: /home/maanavjugalshah/SwarmAero/ros2_ws/install/px4_msgs/include/px4_msgs/px4_msgs/msg/detail/vehicle_attitude__rosidl_typesupport_introspection_c.h\n'}
[1.625210] (px4_msgs) StdoutLine: {'line': b'-- Up-to-date symlink: /home/maanavjugalshah/SwarmAero/ros2_ws/install/px4_msgs/include/px4_msgs/px4_msgs/msg/detail/vehicle_attitude_setpoint__rosidl_typesupport_introspection_c.h\n'}
[1.625331] (px4_msgs) StdoutLine: {'line': b'-- Up-to-date symlink: /home/maanavjugalshah/SwarmAero/ros2_ws/install/px4_msgs/include/px4_msgs/px4_msgs/msg/detail/vehicle_command__rosidl_typesupport_introspection_c.h\n'}
[1.625538] (px4_msgs) StdoutLine: {'line': b'-- Up-to-date symlink: /home/maanavjugalshah/SwarmAero/ros2_ws/install/px4_msgs/include/px4_msgs/px4_msgs/msg/detail/vehicle_command_ack__rosidl_typesupport_introspection_c.h\n'}
[1.625668] (px4_msgs) StdoutLine: {'line': b'-- Up-to-date symlink: /home/maanavjugalshah/SwarmAero/ros2_ws/install/px4_msgs/include/px4_msgs/px4_msgs/msg/detail/vehicle_constraints__rosidl_typesupport_introspection_c.h\n'}
[1.625849] (px4_msgs) StdoutLine: {'line': b'-- Up-to-date symlink: /home/maanavjugalshah/SwarmAero/ros2_ws/install/px4_msgs/include/px4_msgs/px4_msgs/msg/detail/vehicle_control_mode__rosidl_typesupport_introspection_c.h\n'}
[1.626055] (px4_msgs) StdoutLine: {'line': b'-- Up-to-date symlink: /home/maanavjugalshah/SwarmAero/ros2_ws/install/px4_msgs/include/px4_msgs/px4_msgs/msg/detail/vehicle_global_position__rosidl_typesupport_introspection_c.h\n'}
[1.626132] (px4_msgs) StdoutLine: {'line': b'-- Up-to-date symlink: /home/maanavjugalshah/SwarmAero/ros2_ws/install/px4_msgs/include/px4_msgs/px4_msgs/msg/detail/vehicle_imu__rosidl_typesupport_introspection_c.h\n'}
[1.626269] (px4_msgs) StdoutLine: {'line': b'-- Up-to-date symlink: /home/maanavjugalshah/SwarmAero/ros2_ws/install/px4_msgs/include/px4_msgs/px4_msgs/msg/detail/vehicle_imu_status__rosidl_typesupport_introspection_c.h\n'}
[1.626311] (px4_msgs) StdoutLine: {'line': b'-- Up-to-date symlink: /home/maanavjugalshah/SwarmAero/ros2_ws/install/px4_msgs/include/px4_msgs/px4_msgs/msg/detail/vehicle_land_detected__rosidl_typesupport_introspection_c.h\n'}
[1.626429] (px4_msgs) StdoutLine: {'line': b'-- Up-to-date symlink: /home/maanavjugalshah/SwarmAero/ros2_ws/install/px4_msgs/include/px4_msgs/px4_msgs/msg/detail/vehicle_local_position__rosidl_typesupport_introspection_c.h\n'}
[1.626501] (px4_msgs) StdoutLine: {'line': b'-- Up-to-date symlink: /home/maanavjugalshah/SwarmAero/ros2_ws/install/px4_msgs/include/px4_msgs/px4_msgs/msg/detail/vehicle_local_position_setpoint__rosidl_typesupport_introspection_c.h\n'}
[1.626756] (px4_msgs) StdoutLine: {'line': b'-- Up-to-date symlink: /home/maanavjugalshah/SwarmAero/ros2_ws/install/px4_msgs/include/px4_msgs/px4_msgs/msg/detail/vehicle_magnetometer__rosidl_typesupport_introspection_c.h\n'}
[1.626871] (px4_msgs) StdoutLine: {'line': b'-- Up-to-date symlink: /home/maanavjugalshah/SwarmAero/ros2_ws/install/px4_msgs/include/px4_msgs/px4_msgs/msg/detail/vehicle_odometry__rosidl_typesupport_introspection_c.h\n'}
[1.626917] (px4_msgs) StdoutLine: {'line': b'-- Up-to-date symlink: /home/maanavjugalshah/SwarmAero/ros2_ws/install/px4_msgs/include/px4_msgs/px4_msgs/msg/detail/vehicle_optical_flow__rosidl_typesupport_introspection_c.h\n'}
[1.626954] (px4_msgs) StdoutLine: {'line': b'-- Up-to-date symlink: /home/maanavjugalshah/SwarmAero/ros2_ws/install/px4_msgs/include/px4_msgs/px4_msgs/msg/detail/vehicle_optical_flow_vel__rosidl_typesupport_introspection_c.h\n'}
[1.627066] (px4_msgs) StdoutLine: {'line': b'-- Up-to-date symlink: /home/maanavjugalshah/SwarmAero/ros2_ws/install/px4_msgs/include/px4_msgs/px4_msgs/msg/detail/vehicle_rates_setpoint__rosidl_typesupport_introspection_c.h\n'}
[1.627206] (px4_msgs) StdoutLine: {'line': b'-- Up-to-date symlink: /home/maanavjugalshah/SwarmAero/ros2_ws/install/px4_msgs/include/px4_msgs/px4_msgs/msg/detail/vehicle_roi__rosidl_typesupport_introspection_c.h\n'}
[1.627273] (px4_msgs) StdoutLine: {'line': b'-- Up-to-date symlink: /home/maanavjugalshah/SwarmAero/ros2_ws/install/px4_msgs/include/px4_msgs/px4_msgs/msg/detail/vehicle_status__rosidl_typesupport_introspection_c.h\n'}
[1.627312] (px4_msgs) StdoutLine: {'line': b'-- Up-to-date symlink: /home/maanavjugalshah/SwarmAero/ros2_ws/install/px4_msgs/include/px4_msgs/px4_msgs/msg/detail/vehicle_thrust_setpoint__rosidl_typesupport_introspection_c.h\n'}
[1.627348] (px4_msgs) StdoutLine: {'line': b'-- Up-to-date symlink: /home/maanavjugalshah/SwarmAero/ros2_ws/install/px4_msgs/include/px4_msgs/px4_msgs/msg/detail/vehicle_torque_setpoint__rosidl_typesupport_introspection_c.h\n'}
[1.627383] (px4_msgs) StdoutLine: {'line': b'-- Up-to-date symlink: /home/maanavjugalshah/SwarmAero/ros2_ws/install/px4_msgs/include/px4_msgs/px4_msgs/msg/detail/velocity_limits__rosidl_typesupport_introspection_c.h\n'}
[1.627452] (px4_msgs) StdoutLine: {'line': b'-- Up-to-date symlink: /home/maanavjugalshah/SwarmAero/ros2_ws/install/px4_msgs/include/px4_msgs/px4_msgs/msg/detail/vtol_vehicle_status__rosidl_typesupport_introspection_c.h\n'}
[1.627532] (px4_msgs) StdoutLine: {'line': b'-- Up-to-date symlink: /home/maanavjugalshah/SwarmAero/ros2_ws/install/px4_msgs/include/px4_msgs/px4_msgs/msg/detail/vtx__rosidl_typesupport_introspection_c.h\n'}
[1.627598] (px4_msgs) StdoutLine: {'line': b'-- Up-to-date symlink: /home/maanavjugalshah/SwarmAero/ros2_ws/install/px4_msgs/include/px4_msgs/px4_msgs/msg/detail/wheel_encoders__rosidl_typesupport_introspection_c.h\n'}
[1.627636] (px4_msgs) StdoutLine: {'line': b'-- Up-to-date symlink: /home/maanavjugalshah/SwarmAero/ros2_ws/install/px4_msgs/include/px4_msgs/px4_msgs/msg/detail/wind__rosidl_typesupport_introspection_c.h\n'}
[1.627673] (px4_msgs) StdoutLine: {'line': b'-- Up-to-date symlink: /home/maanavjugalshah/SwarmAero/ros2_ws/install/px4_msgs/include/px4_msgs/px4_msgs/msg/detail/yaw_estimator_status__rosidl_typesupport_introspection_c.h\n'}
[1.627708] (px4_msgs) StdoutLine: {'line': b'-- Up-to-date symlink: /home/maanavjugalshah/SwarmAero/ros2_ws/install/px4_msgs/include/px4_msgs/px4_msgs/msg/rosidl_typesupport_introspection_c__visibility_control.h\n'}
[1.627743] (px4_msgs) StdoutLine: {'line': b'-- Up-to-date symlink: /home/maanavjugalshah/SwarmAero/ros2_ws/install/px4_msgs/include/px4_msgs/px4_msgs/srv/detail/vehicle_command__rosidl_typesupport_introspection_c.h\n'}
[1.627779] (px4_msgs) StdoutLine: {'line': b'-- Up-to-date symlink: /home/maanavjugalshah/SwarmAero/ros2_ws/install/px4_msgs/include/px4_msgs/px4_msgs/msg/detail/action_request__rosidl_typesupport_introspection_cpp.hpp\n'}
[1.627813] (px4_msgs) StdoutLine: {'line': b'-- Up-to-date symlink: /home/maanavjugalshah/SwarmAero/ros2_ws/install/px4_msgs/include/px4_msgs/px4_msgs/msg/detail/actuator_armed__rosidl_typesupport_introspection_cpp.hpp\n'}
[1.627848] (px4_msgs) StdoutLine: {'line': b'-- Up-to-date symlink: /home/maanavjugalshah/SwarmAero/ros2_ws/install/px4_msgs/include/px4_msgs/px4_msgs/msg/detail/actuator_controls_status__rosidl_typesupport_introspection_cpp.hpp\n'}
[1.627881] (px4_msgs) StdoutLine: {'line': b'-- Up-to-date symlink: /home/maanavjugalshah/SwarmAero/ros2_ws/install/px4_msgs/include/px4_msgs/px4_msgs/msg/detail/actuator_motors__rosidl_typesupport_introspection_cpp.hpp\n'}
[1.627913] (px4_msgs) StdoutLine: {'line': b'-- Up-to-date symlink: /home/maanavjugalshah/SwarmAero/ros2_ws/install/px4_msgs/include/px4_msgs/px4_msgs/msg/detail/actuator_outputs__rosidl_typesupport_introspection_cpp.hpp\n'}
[1.627945] (px4_msgs) StdoutLine: {'line': b'-- Up-to-date symlink: /home/maanavjugalshah/SwarmAero/ros2_ws/install/px4_msgs/include/px4_msgs/px4_msgs/msg/detail/actuator_servos__rosidl_typesupport_introspection_cpp.hpp\n'}
[1.627976] (px4_msgs) StdoutLine: {'line': b'-- Up-to-date symlink: /home/maanavjugalshah/SwarmAero/ros2_ws/install/px4_msgs/include/px4_msgs/px4_msgs/msg/detail/actuator_servos_trim__rosidl_typesupport_introspection_cpp.hpp\n'}
[1.628009] (px4_msgs) StdoutLine: {'line': b'-- Up-to-date symlink: /home/maanavjugalshah/SwarmAero/ros2_ws/install/px4_msgs/include/px4_msgs/px4_msgs/msg/detail/actuator_test__rosidl_typesupport_introspection_cpp.hpp\n'}
[1.628043] (px4_msgs) StdoutLine: {'line': b'-- Up-to-date symlink: /home/maanavjugalshah/SwarmAero/ros2_ws/install/px4_msgs/include/px4_msgs/px4_msgs/msg/detail/adc_report__rosidl_typesupport_introspection_cpp.hpp\n'}
[1.628075] (px4_msgs) StdoutLine: {'line': b'-- Up-to-date symlink: /home/maanavjugalshah/SwarmAero/ros2_ws/install/px4_msgs/include/px4_msgs/px4_msgs/msg/detail/airspeed__rosidl_typesupport_introspection_cpp.hpp\n'}
[1.628158] (px4_msgs) StdoutLine: {'line': b'-- Up-to-date symlink: /home/maanavjugalshah/SwarmAero/ros2_ws/install/px4_msgs/include/px4_msgs/px4_msgs/msg/detail/airspeed_validated__rosidl_typesupport_introspection_cpp.hpp\n'}
[1.628201] (px4_msgs) StdoutLine: {'line': b'-- Up-to-date symlink: /home/maanavjugalshah/SwarmAero/ros2_ws/install/px4_msgs/include/px4_msgs/px4_msgs/msg/detail/airspeed_wind__rosidl_typesupport_introspection_cpp.hpp\n'}
[1.628241] (px4_msgs) StdoutLine: {'line': b'-- Up-to-date symlink: /home/maanavjugalshah/SwarmAero/ros2_ws/install/px4_msgs/include/px4_msgs/px4_msgs/msg/detail/arming_check_reply__rosidl_typesupport_introspection_cpp.hpp\n'}
[1.628275] (px4_msgs) StdoutLine: {'line': b'-- Up-to-date symlink: /home/maanavjugalshah/SwarmAero/ros2_ws/install/px4_msgs/include/px4_msgs/px4_msgs/msg/detail/arming_check_request__rosidl_typesupport_introspection_cpp.hpp\n'}
[1.628307] (px4_msgs) StdoutLine: {'line': b'-- Up-to-date symlink: /home/maanavjugalshah/SwarmAero/ros2_ws/install/px4_msgs/include/px4_msgs/px4_msgs/msg/detail/autotune_attitude_control_status__rosidl_typesupport_introspection_cpp.hpp\n'}
[1.628340] (px4_msgs) StdoutLine: {'line': b'-- Up-to-date symlink: /home/maanavjugalshah/SwarmAero/ros2_ws/install/px4_msgs/include/px4_msgs/px4_msgs/msg/detail/aux_global_position__rosidl_typesupport_introspection_cpp.hpp\n'}
[1.628376] (px4_msgs) StdoutLine: {'line': b'-- Up-to-date symlink: /home/maanavjugalshah/SwarmAero/ros2_ws/install/px4_msgs/include/px4_msgs/px4_msgs/msg/detail/battery_info__rosidl_typesupport_introspection_cpp.hpp\n'}
[1.628409] (px4_msgs) StdoutLine: {'line': b'-- Up-to-date symlink: /home/maanavjugalshah/SwarmAero/ros2_ws/install/px4_msgs/include/px4_msgs/px4_msgs/msg/detail/battery_status__rosidl_typesupport_introspection_cpp.hpp\n'}
[1.628442] (px4_msgs) StdoutLine: {'line': b'-- Up-to-date symlink: /home/maanavjugalshah/SwarmAero/ros2_ws/install/px4_msgs/include/px4_msgs/px4_msgs/msg/detail/button_event__rosidl_typesupport_introspection_cpp.hpp\n'}
[1.628477] (px4_msgs) StdoutLine: {'line': b'-- Up-to-date symlink: /home/maanavjugalshah/SwarmAero/ros2_ws/install/px4_msgs/include/px4_msgs/px4_msgs/msg/detail/camera_capture__rosidl_typesupport_introspection_cpp.hpp\n'}
[1.628511] (px4_msgs) StdoutLine: {'line': b'-- Up-to-date symlink: /home/maanavjugalshah/SwarmAero/ros2_ws/install/px4_msgs/include/px4_msgs/px4_msgs/msg/detail/camera_status__rosidl_typesupport_introspection_cpp.hpp\n'}
[1.628543] (px4_msgs) StdoutLine: {'line': b'-- Up-to-date symlink: /home/maanavjugalshah/SwarmAero/ros2_ws/install/px4_msgs/include/px4_msgs/px4_msgs/msg/detail/camera_trigger__rosidl_typesupport_introspection_cpp.hpp\n'}
[1.628607] (px4_msgs) StdoutLine: {'line': b'-- Up-to-date symlink: /home/maanavjugalshah/SwarmAero/ros2_ws/install/px4_msgs/include/px4_msgs/px4_msgs/msg/detail/can_interface_status__rosidl_typesupport_introspection_cpp.hpp\n'}
[1.628670] (px4_msgs) StdoutLine: {'line': b'-- Up-to-date symlink: /home/maanavjugalshah/SwarmAero/ros2_ws/install/px4_msgs/include/px4_msgs/px4_msgs/msg/detail/cellular_status__rosidl_typesupport_introspection_cpp.hpp\n'}
[1.628739] (px4_msgs) StdoutLine: {'line': b'-- Up-to-date symlink: /home/maanavjugalshah/SwarmAero/ros2_ws/install/px4_msgs/include/px4_msgs/px4_msgs/msg/detail/collision_constraints__rosidl_typesupport_introspection_cpp.hpp\n'}
[1.628805] (px4_msgs) StdoutLine: {'line': b'-- Up-to-date symlink: /home/maanavjugalshah/SwarmAero/ros2_ws/install/px4_msgs/include/px4_msgs/px4_msgs/msg/detail/config_overrides__rosidl_typesupport_introspection_cpp.hpp\n'}
[1.628870] (px4_msgs) StdoutLine: {'line': b'-- Up-to-date symlink: /home/maanavjugalshah/SwarmAero/ros2_ws/install/px4_msgs/include/px4_msgs/px4_msgs/msg/detail/control_allocator_status__rosidl_typesupport_introspection_cpp.hpp\n'}
[1.628968] (px4_msgs) StdoutLine: {'line': b'-- Up-to-date symlink: /home/maanavjugalshah/SwarmAero/ros2_ws/install/px4_msgs/include/px4_msgs/px4_msgs/msg/detail/cpuload__rosidl_typesupport_introspection_cpp.hpp\n'}
[1.629037] (px4_msgs) StdoutLine: {'line': b'-- Up-to-date symlink: /home/maanavjugalshah/SwarmAero/ros2_ws/install/px4_msgs/include/px4_msgs/px4_msgs/msg/detail/dataman_request__rosidl_typesupport_introspection_cpp.hpp\n'}
[1.629080] (px4_msgs) StdoutLine: {'line': b'-- Up-to-date symlink: /home/maanavjugalshah/SwarmAero/ros2_ws/install/px4_msgs/include/px4_msgs/px4_msgs/msg/detail/dataman_response__rosidl_typesupport_introspection_cpp.hpp\n'}
[1.629116] (px4_msgs) StdoutLine: {'line': b'-- Up-to-date symlink: /home/maanavjugalshah/SwarmAero/ros2_ws/install/px4_msgs/include/px4_msgs/px4_msgs/msg/detail/debug_array__rosidl_typesupport_introspection_cpp.hpp\n'}
[1.629233] (px4_msgs) StdoutLine: {'line': b'-- Up-to-date symlink: /home/maanavjugalshah/SwarmAero/ros2_ws/install/px4_msgs/include/px4_msgs/px4_msgs/msg/detail/debug_key_value__rosidl_typesupport_introspection_cpp.hpp\n'}
[1.629450] (px4_msgs) StdoutLine: {'line': b'-- Up-to-date symlink: /home/maanavjugalshah/SwarmAero/ros2_ws/install/px4_msgs/include/px4_msgs/px4_msgs/msg/detail/debug_value__rosidl_typesupport_introspection_cpp.hpp\n'}
[1.629570] (px4_msgs) StdoutLine: {'line': b'-- Up-to-date symlink: /home/maanavjugalshah/SwarmAero/ros2_ws/install/px4_msgs/include/px4_msgs/px4_msgs/msg/detail/debug_vect__rosidl_typesupport_introspection_cpp.hpp\n'}
[1.629663] (px4_msgs) StdoutLine: {'line': b'-- Up-to-date symlink: /home/maanavjugalshah/SwarmAero/ros2_ws/install/px4_msgs/include/px4_msgs/px4_msgs/msg/detail/device_information__rosidl_typesupport_introspection_cpp.hpp\n'}
[1.629719] (px4_msgs) StdoutLine: {'line': b'-- Up-to-date symlink: /home/maanavjugalshah/SwarmAero/ros2_ws/install/px4_msgs/include/px4_msgs/px4_msgs/msg/detail/differential_pressure__rosidl_typesupport_introspection_cpp.hpp\n'}
[1.629762] (px4_msgs) StdoutLine: {'line': b'-- Up-to-date symlink: /home/maanavjugalshah/SwarmAero/ros2_ws/install/px4_msgs/include/px4_msgs/px4_msgs/msg/detail/distance_sensor__rosidl_typesupport_introspection_cpp.hpp\n'}
[1.629819] (px4_msgs) StdoutLine: {'line': b'-- Up-to-date symlink: /home/maanavjugalshah/SwarmAero/ros2_ws/install/px4_msgs/include/px4_msgs/px4_msgs/msg/detail/distance_sensor_mode_change_request__rosidl_typesupport_introspection_cpp.hpp\n'}
[1.629898] (px4_msgs) StdoutLine: {'line': b'-- Up-to-date symlink: /home/maanavjugalshah/SwarmAero/ros2_ws/install/px4_msgs/include/px4_msgs/px4_msgs/msg/detail/dronecan_node_status__rosidl_typesupport_introspection_cpp.hpp\n'}
[1.629937] (px4_msgs) StdoutLine: {'line': b'-- Up-to-date symlink: /home/maanavjugalshah/SwarmAero/ros2_ws/install/px4_msgs/include/px4_msgs/px4_msgs/msg/detail/ekf2_timestamps__rosidl_typesupport_introspection_cpp.hpp\n'}
[1.629974] (px4_msgs) StdoutLine: {'line': b'-- Up-to-date symlink: /home/maanavjugalshah/SwarmAero/ros2_ws/install/px4_msgs/include/px4_msgs/px4_msgs/msg/detail/esc_eeprom_read__rosidl_typesupport_introspection_cpp.hpp\n'}
[1.630037] (px4_msgs) StdoutLine: {'line': b'-- Up-to-date symlink: /home/maanavjugalshah/SwarmAero/ros2_ws/install/px4_msgs/include/px4_msgs/px4_msgs/msg/detail/esc_eeprom_write__rosidl_typesupport_introspection_cpp.hpp\n'}
[1.630078] (px4_msgs) StdoutLine: {'line': b'-- Up-to-date symlink: /home/maanavjugalshah/SwarmAero/ros2_ws/install/px4_msgs/include/px4_msgs/px4_msgs/msg/detail/esc_report__rosidl_typesupport_introspection_cpp.hpp\n'}
[1.630140] (px4_msgs) StdoutLine: {'line': b'-- Up-to-date symlink: /home/maanavjugalshah/SwarmAero/ros2_ws/install/px4_msgs/include/px4_msgs/px4_msgs/msg/detail/esc_status__rosidl_typesupport_introspection_cpp.hpp\n'}
[1.630178] (px4_msgs) StdoutLine: {'line': b'-- Up-to-date symlink: /home/maanavjugalshah/SwarmAero/ros2_ws/install/px4_msgs/include/px4_msgs/px4_msgs/msg/detail/estimator_aid_source1d__rosidl_typesupport_introspection_cpp.hpp\n'}
[1.630212] (px4_msgs) StdoutLine: {'line': b'-- Up-to-date symlink: /home/maanavjugalshah/SwarmAero/ros2_ws/install/px4_msgs/include/px4_msgs/px4_msgs/msg/detail/estimator_aid_source2d__rosidl_typesupport_introspection_cpp.hpp\n'}
[1.630246] (px4_msgs) StdoutLine: {'line': b'-- Up-to-date symlink: /home/maanavjugalshah/SwarmAero/ros2_ws/install/px4_msgs/include/px4_msgs/px4_msgs/msg/detail/estimator_aid_source3d__rosidl_typesupport_introspection_cpp.hpp\n'}
[1.630280] (px4_msgs) StdoutLine: {'line': b'-- Up-to-date symlink: /home/maanavjugalshah/SwarmAero/ros2_ws/install/px4_msgs/include/px4_msgs/px4_msgs/msg/detail/estimator_bias3d__rosidl_typesupport_introspection_cpp.hpp\n'}
[1.630312] (px4_msgs) StdoutLine: {'line': b'-- Up-to-date symlink: /home/maanavjugalshah/SwarmAero/ros2_ws/install/px4_msgs/include/px4_msgs/px4_msgs/msg/detail/estimator_bias__rosidl_typesupport_introspection_cpp.hpp\n'}
[1.630344] (px4_msgs) StdoutLine: {'line': b'-- Up-to-date symlink: /home/maanavjugalshah/SwarmAero/ros2_ws/install/px4_msgs/include/px4_msgs/px4_msgs/msg/detail/estimator_event_flags__rosidl_typesupport_introspection_cpp.hpp\n'}
[1.630376] (px4_msgs) StdoutLine: {'line': b'-- Up-to-date symlink: /home/maanavjugalshah/SwarmAero/ros2_ws/install/px4_msgs/include/px4_msgs/px4_msgs/msg/detail/estimator_fusion_control__rosidl_typesupport_introspection_cpp.hpp\n'}
[1.630408] (px4_msgs) StdoutLine: {'line': b'-- Up-to-date symlink: /home/maanavjugalshah/SwarmAero/ros2_ws/install/px4_msgs/include/px4_msgs/px4_msgs/msg/detail/estimator_gps_status__rosidl_typesupport_introspection_cpp.hpp\n'}
[1.630441] (px4_msgs) StdoutLine: {'line': b'-- Up-to-date symlink: /home/maanavjugalshah/SwarmAero/ros2_ws/install/px4_msgs/include/px4_msgs/px4_msgs/msg/detail/estimator_innovations__rosidl_typesupport_introspection_cpp.hpp\n'}
[1.630473] (px4_msgs) StdoutLine: {'line': b'-- Up-to-date symlink: /home/maanavjugalshah/SwarmAero/ros2_ws/install/px4_msgs/include/px4_msgs/px4_msgs/msg/detail/estimator_selector_status__rosidl_typesupport_introspection_cpp.hpp\n'}
[1.630505] (px4_msgs) StdoutLine: {'line': b'-- Up-to-date symlink: /home/maanavjugalshah/SwarmAero/ros2_ws/install/px4_msgs/include/px4_msgs/px4_msgs/msg/detail/estimator_sensor_bias__rosidl_typesupport_introspection_cpp.hpp\n'}
[1.630536] (px4_msgs) StdoutLine: {'line': b'-- Up-to-date symlink: /home/maanavjugalshah/SwarmAero/ros2_ws/install/px4_msgs/include/px4_msgs/px4_msgs/msg/detail/estimator_states__rosidl_typesupport_introspection_cpp.hpp\n'}
[1.630571] (px4_msgs) StdoutLine: {'line': b'-- Up-to-date symlink: /home/maanavjugalshah/SwarmAero/ros2_ws/install/px4_msgs/include/px4_msgs/px4_msgs/msg/detail/estimator_status__rosidl_typesupport_introspection_cpp.hpp\n'}
[1.630602] (px4_msgs) StdoutLine: {'line': b'-- Up-to-date symlink: /home/maanavjugalshah/SwarmAero/ros2_ws/install/px4_msgs/include/px4_msgs/px4_msgs/msg/detail/estimator_status_flags__rosidl_typesupport_introspection_cpp.hpp\n'}
[1.630640] (px4_msgs) StdoutLine: {'line': b'-- Up-to-date symlink: /home/maanavjugalshah/SwarmAero/ros2_ws/install/px4_msgs/include/px4_msgs/px4_msgs/msg/detail/event__rosidl_typesupport_introspection_cpp.hpp\n'}
[1.630673] (px4_msgs) StdoutLine: {'line': b'-- Up-to-date symlink: /home/maanavjugalshah/SwarmAero/ros2_ws/install/px4_msgs/include/px4_msgs/px4_msgs/msg/detail/failsafe_flags__rosidl_typesupport_introspection_cpp.hpp\n'}
[1.630706] (px4_msgs) StdoutLine: {'line': b'-- Up-to-date symlink: /home/maanavjugalshah/SwarmAero/ros2_ws/install/px4_msgs/include/px4_msgs/px4_msgs/msg/detail/failure_detector_status__rosidl_typesupport_introspection_cpp.hpp\n'}
[1.630737] (px4_msgs) StdoutLine: {'line': b'-- Up-to-date symlink: /home/maanavjugalshah/SwarmAero/ros2_ws/install/px4_msgs/include/px4_msgs/px4_msgs/msg/detail/figure_eight_status__rosidl_typesupport_introspection_cpp.hpp\n'}
[1.630768] (px4_msgs) StdoutLine: {'line': b'-- Up-to-date symlink: /home/maanavjugalshah/SwarmAero/ros2_ws/install/px4_msgs/include/px4_msgs/px4_msgs/msg/detail/fixed_wing_lateral_guidance_status__rosidl_typesupport_introspection_cpp.hpp\n'}
[1.630798] (px4_msgs) StdoutLine: {'line': b'-- Up-to-date symlink: /home/maanavjugalshah/SwarmAero/ros2_ws/install/px4_msgs/include/px4_msgs/px4_msgs/msg/detail/fixed_wing_lateral_setpoint__rosidl_typesupport_introspection_cpp.hpp\n'}
[1.630829] (px4_msgs) StdoutLine: {'line': b'-- Up-to-date symlink: /home/maanavjugalshah/SwarmAero/ros2_ws/install/px4_msgs/include/px4_msgs/px4_msgs/msg/detail/fixed_wing_lateral_status__rosidl_typesupport_introspection_cpp.hpp\n'}
[1.630860] (px4_msgs) StdoutLine: {'line': b'-- Up-to-date symlink: /home/maanavjugalshah/SwarmAero/ros2_ws/install/px4_msgs/include/px4_msgs/px4_msgs/msg/detail/fixed_wing_longitudinal_setpoint__rosidl_typesupport_introspection_cpp.hpp\n'}
[1.630921] (px4_msgs) StdoutLine: {'line': b'-- Up-to-date symlink: /home/maanavjugalshah/SwarmAero/ros2_ws/install/px4_msgs/include/px4_msgs/px4_msgs/msg/detail/fixed_wing_runway_control__rosidl_typesupport_introspection_cpp.hpp\n'}
[1.630962] (px4_msgs) StdoutLine: {'line': b'-- Up-to-date symlink: /home/maanavjugalshah/SwarmAero/ros2_ws/install/px4_msgs/include/px4_msgs/px4_msgs/msg/detail/flight_phase_estimation__rosidl_typesupport_introspection_cpp.hpp\n'}
[1.630998] (px4_msgs) StdoutLine: {'line': b'-- Up-to-date symlink: /home/maanavjugalshah/SwarmAero/ros2_ws/install/px4_msgs/include/px4_msgs/px4_msgs/msg/detail/follow_target__rosidl_typesupport_introspection_cpp.hpp\n'}
[1.631033] (px4_msgs) StdoutLine: {'line': b'-- Up-to-date symlink: /home/maanavjugalshah/SwarmAero/ros2_ws/install/px4_msgs/include/px4_msgs/px4_msgs/msg/detail/follow_target_estimator__rosidl_typesupport_introspection_cpp.hpp\n'}
[1.631067] (px4_msgs) StdoutLine: {'line': b'-- Up-to-date symlink: /home/maanavjugalshah/SwarmAero/ros2_ws/install/px4_msgs/include/px4_msgs/px4_msgs/msg/detail/follow_target_status__rosidl_typesupport_introspection_cpp.hpp\n'}
[1.631100] (px4_msgs) StdoutLine: {'line': b'-- Up-to-date symlink: /home/maanavjugalshah/SwarmAero/ros2_ws/install/px4_msgs/include/px4_msgs/px4_msgs/msg/detail/fuel_tank_status__rosidl_typesupport_introspection_cpp.hpp\n'}
[1.631133] (px4_msgs) StdoutLine: {'line': b'-- Up-to-date symlink: /home/maanavjugalshah/SwarmAero/ros2_ws/install/px4_msgs/include/px4_msgs/px4_msgs/msg/detail/gain_compression__rosidl_typesupport_introspection_cpp.hpp\n'}
[1.631164] (px4_msgs) StdoutLine: {'line': b'-- Up-to-date symlink: /home/maanavjugalshah/SwarmAero/ros2_ws/install/px4_msgs/include/px4_msgs/px4_msgs/msg/detail/generator_status__rosidl_typesupport_introspection_cpp.hpp\n'}
[1.631198] (px4_msgs) StdoutLine: {'line': b'-- Up-to-date symlink: /home/maanavjugalshah/SwarmAero/ros2_ws/install/px4_msgs/include/px4_msgs/px4_msgs/msg/detail/geofence_result__rosidl_typesupport_introspection_cpp.hpp\n'}
[1.631228] (px4_msgs) StdoutLine: {'line': b'-- Up-to-date symlink: /home/maanavjugalshah/SwarmAero/ros2_ws/install/px4_msgs/include/px4_msgs/px4_msgs/msg/detail/geofence_status__rosidl_typesupport_introspection_cpp.hpp\n'}
[1.631259] (px4_msgs) StdoutLine: {'line': b'-- Up-to-date symlink: /home/maanavjugalshah/SwarmAero/ros2_ws/install/px4_msgs/include/px4_msgs/px4_msgs/msg/detail/gimbal_controls__rosidl_typesupport_introspection_cpp.hpp\n'}
[1.631291] (px4_msgs) StdoutLine: {'line': b'-- Up-to-date symlink: /home/maanavjugalshah/SwarmAero/ros2_ws/install/px4_msgs/include/px4_msgs/px4_msgs/msg/detail/gimbal_device_attitude_status__rosidl_typesupport_introspection_cpp.hpp\n'}
[1.631322] (px4_msgs) StdoutLine: {'line': b'-- Up-to-date symlink: /home/maanavjugalshah/SwarmAero/ros2_ws/install/px4_msgs/include/px4_msgs/px4_msgs/msg/detail/gimbal_device_information__rosidl_typesupport_introspection_cpp.hpp\n'}
[1.631355] (px4_msgs) StdoutLine: {'line': b'-- Up-to-date symlink: /home/maanavjugalshah/SwarmAero/ros2_ws/install/px4_msgs/include/px4_msgs/px4_msgs/msg/detail/gimbal_device_set_attitude__rosidl_typesupport_introspection_cpp.hpp\n'}
[1.631388] (px4_msgs) StdoutLine: {'line': b'-- Up-to-date symlink: /home/maanavjugalshah/SwarmAero/ros2_ws/install/px4_msgs/include/px4_msgs/px4_msgs/msg/detail/gimbal_manager_information__rosidl_typesupport_introspection_cpp.hpp\n'}
[1.631490] (px4_msgs) StdoutLine: {'line': b'-- Up-to-date symlink: /home/maanavjugalshah/SwarmAero/ros2_ws/install/px4_msgs/include/px4_msgs/px4_msgs/msg/detail/gimbal_manager_set_attitude__rosidl_typesupport_introspection_cpp.hpp\n'}
[1.631573] (px4_msgs) StdoutLine: {'line': b'-- Up-to-date symlink: /home/maanavjugalshah/SwarmAero/ros2_ws/install/px4_msgs/include/px4_msgs/px4_msgs/msg/detail/gimbal_manager_set_manual_control__rosidl_typesupport_introspection_cpp.hpp\n'}
[1.631616] (px4_msgs) StdoutLine: {'line': b'-- Up-to-date symlink: /home/maanavjugalshah/SwarmAero/ros2_ws/install/px4_msgs/include/px4_msgs/px4_msgs/msg/detail/gimbal_manager_status__rosidl_typesupport_introspection_cpp.hpp\n'}
[1.631683] (px4_msgs) StdoutLine: {'line': b'-- Up-to-date symlink: /home/maanavjugalshah/SwarmAero/ros2_ws/install/px4_msgs/include/px4_msgs/px4_msgs/msg/detail/goto_setpoint__rosidl_typesupport_introspection_cpp.hpp\n'}
[1.631727] (px4_msgs) StdoutLine: {'line': b'-- Up-to-date symlink: /home/maanavjugalshah/SwarmAero/ros2_ws/install/px4_msgs/include/px4_msgs/px4_msgs/msg/detail/gpio_config__rosidl_typesupport_introspection_cpp.hpp\n'}
[1.631765] (px4_msgs) StdoutLine: {'line': b'-- Up-to-date symlink: /home/maanavjugalshah/SwarmAero/ros2_ws/install/px4_msgs/include/px4_msgs/px4_msgs/msg/detail/gpio_in__rosidl_typesupport_introspection_cpp.hpp\n'}
[1.631801] (px4_msgs) StdoutLine: {'line': b'-- Up-to-date symlink: /home/maanavjugalshah/SwarmAero/ros2_ws/install/px4_msgs/include/px4_msgs/px4_msgs/msg/detail/gpio_out__rosidl_typesupport_introspection_cpp.hpp\n'}
[1.631837] (px4_msgs) StdoutLine: {'line': b'-- Up-to-date symlink: /home/maanavjugalshah/SwarmAero/ros2_ws/install/px4_msgs/include/px4_msgs/px4_msgs/msg/detail/gpio_request__rosidl_typesupport_introspection_cpp.hpp\n'}
[1.631906] (px4_msgs) StdoutLine: {'line': b'-- Up-to-date symlink: /home/maanavjugalshah/SwarmAero/ros2_ws/install/px4_msgs/include/px4_msgs/px4_msgs/msg/detail/gps_dump__rosidl_typesupport_introspection_cpp.hpp\n'}
[1.631977] (px4_msgs) StdoutLine: {'line': b'-- Up-to-date symlink: /home/maanavjugalshah/SwarmAero/ros2_ws/install/px4_msgs/include/px4_msgs/px4_msgs/msg/detail/gps_inject_data__rosidl_typesupport_introspection_cpp.hpp\n'}
[1.632017] (px4_msgs) StdoutLine: {'line': b'-- Up-to-date symlink: /home/maanavjugalshah/SwarmAero/ros2_ws/install/px4_msgs/include/px4_msgs/px4_msgs/msg/detail/gripper__rosidl_typesupport_introspection_cpp.hpp\n'}
[1.632058] (px4_msgs) StdoutLine: {'line': b'-- Up-to-date symlink: /home/maanavjugalshah/SwarmAero/ros2_ws/install/px4_msgs/include/px4_msgs/px4_msgs/msg/detail/health_report__rosidl_typesupport_introspection_cpp.hpp\n'}
[1.632094] (px4_msgs) StdoutLine: {'line': b'-- Up-to-date symlink: /home/maanavjugalshah/SwarmAero/ros2_ws/install/px4_msgs/include/px4_msgs/px4_msgs/msg/detail/heater_status__rosidl_typesupport_introspection_cpp.hpp\n'}
[1.632130] (px4_msgs) StdoutLine: {'line': b'-- Up-to-date symlink: /home/maanavjugalshah/SwarmAero/ros2_ws/install/px4_msgs/include/px4_msgs/px4_msgs/msg/detail/home_position__rosidl_typesupport_introspection_cpp.hpp\n'}
[1.632166] (px4_msgs) StdoutLine: {'line': b'-- Up-to-date symlink: /home/maanavjugalshah/SwarmAero/ros2_ws/install/px4_msgs/include/px4_msgs/px4_msgs/msg/detail/hover_thrust_estimate__rosidl_typesupport_introspection_cpp.hpp\n'}
[1.632200] (px4_msgs) StdoutLine: {'line': b'-- Up-to-date symlink: /home/maanavjugalshah/SwarmAero/ros2_ws/install/px4_msgs/include/px4_msgs/px4_msgs/msg/detail/input_rc__rosidl_typesupport_introspection_cpp.hpp\n'}
[1.632237] (px4_msgs) StdoutLine: {'line': b'-- Up-to-date symlink: /home/maanavjugalshah/SwarmAero/ros2_ws/install/px4_msgs/include/px4_msgs/px4_msgs/msg/detail/internal_combustion_engine_control__rosidl_typesupport_introspection_cpp.hpp\n'}
[1.632273] (px4_msgs) StdoutLine: {'line': b'-- Up-to-date symlink: /home/maanavjugalshah/SwarmAero/ros2_ws/install/px4_msgs/include/px4_msgs/px4_msgs/msg/detail/internal_combustion_engine_status__rosidl_typesupport_introspection_cpp.hpp\n'}
[1.632309] (px4_msgs) StdoutLine: {'line': b'-- Up-to-date symlink: /home/maanavjugalshah/SwarmAero/ros2_ws/install/px4_msgs/include/px4_msgs/px4_msgs/msg/detail/iridiumsbd_status__rosidl_typesupport_introspection_cpp.hpp\n'}
[1.632346] (px4_msgs) StdoutLine: {'line': b'-- Up-to-date symlink: /home/maanavjugalshah/SwarmAero/ros2_ws/install/px4_msgs/include/px4_msgs/px4_msgs/msg/detail/irlock_report__rosidl_typesupport_introspection_cpp.hpp\n'}
[1.632383] (px4_msgs) StdoutLine: {'line': b'-- Up-to-date symlink: /home/maanavjugalshah/SwarmAero/ros2_ws/install/px4_msgs/include/px4_msgs/px4_msgs/msg/detail/landing_gear__rosidl_typesupport_introspection_cpp.hpp\n'}
[1.632421] (px4_msgs) StdoutLine: {'line': b'-- Up-to-date symlink: /home/maanavjugalshah/SwarmAero/ros2_ws/install/px4_msgs/include/px4_msgs/px4_msgs/msg/detail/landing_gear_wheel__rosidl_typesupport_introspection_cpp.hpp\n'}
[1.632463] (px4_msgs) StdoutLine: {'line': b'-- Up-to-date symlink: /home/maanavjugalshah/SwarmAero/ros2_ws/install/px4_msgs/include/px4_msgs/px4_msgs/msg/detail/landing_target_innovations__rosidl_typesupport_introspection_cpp.hpp\n'}
[1.632506] (px4_msgs) StdoutLine: {'line': b'-- Up-to-date symlink: /home/maanavjugalshah/SwarmAero/ros2_ws/install/px4_msgs/include/px4_msgs/px4_msgs/msg/detail/landing_target_pose__rosidl_typesupport_introspection_cpp.hpp\n'}
[1.632543] (px4_msgs) StdoutLine: {'line': b'-- Up-to-date symlink: /home/maanavjugalshah/SwarmAero/ros2_ws/install/px4_msgs/include/px4_msgs/px4_msgs/msg/detail/lateral_control_configuration__rosidl_typesupport_introspection_cpp.hpp\n'}
[1.632584] (px4_msgs) StdoutLine: {'line': b'-- Up-to-date symlink: /home/maanavjugalshah/SwarmAero/ros2_ws/install/px4_msgs/include/px4_msgs/px4_msgs/msg/detail/launch_detection_status__rosidl_typesupport_introspection_cpp.hpp\n'}
[1.632625] (px4_msgs) StdoutLine: {'line': b'-- Up-to-date symlink: /home/maanavjugalshah/SwarmAero/ros2_ws/install/px4_msgs/include/px4_msgs/px4_msgs/msg/detail/led_control__rosidl_typesupport_introspection_cpp.hpp\n'}
[1.632661] (px4_msgs) StdoutLine: {'line': b'-- Up-to-date symlink: /home/maanavjugalshah/SwarmAero/ros2_ws/install/px4_msgs/include/px4_msgs/px4_msgs/msg/detail/log_message__rosidl_typesupport_introspection_cpp.hpp\n'}
[1.632700] (px4_msgs) StdoutLine: {'line': b'-- Up-to-date symlink: /home/maanavjugalshah/SwarmAero/ros2_ws/install/px4_msgs/include/px4_msgs/px4_msgs/msg/detail/logger_status__rosidl_typesupport_introspection_cpp.hpp\n'}
[1.632743] (px4_msgs) StdoutLine: {'line': b'-- Up-to-date symlink: /home/maanavjugalshah/SwarmAero/ros2_ws/install/px4_msgs/include/px4_msgs/px4_msgs/msg/detail/longitudinal_control_configuration__rosidl_typesupport_introspection_cpp.hpp\n'}
[1.632781] (px4_msgs) StdoutLine: {'line': b'-- Up-to-date symlink: /home/maanavjugalshah/SwarmAero/ros2_ws/install/px4_msgs/include/px4_msgs/px4_msgs/msg/detail/mag_worker_data__rosidl_typesupport_introspection_cpp.hpp\n'}
[1.632823] (px4_msgs) StdoutLine: {'line': b'-- Up-to-date symlink: /home/maanavjugalshah/SwarmAero/ros2_ws/install/px4_msgs/include/px4_msgs/px4_msgs/msg/detail/magnetometer_bias_estimate__rosidl_typesupport_introspection_cpp.hpp\n'}
[1.632951] (px4_msgs) StdoutLine: {'line': b'-- Up-to-date symlink: /home/maanavjugalshah/SwarmAero/ros2_ws/install/px4_msgs/include/px4_msgs/px4_msgs/msg/detail/manual_control_setpoint__rosidl_typesupport_introspection_cpp.hpp\n'}
[1.633554] (px4_msgs) StdoutLine: {'line': b'-- Up-to-date symlink: /home/maanavjugalshah/SwarmAero/ros2_ws/install/px4_msgs/include/px4_msgs/px4_msgs/msg/detail/manual_control_switches__rosidl_typesupport_introspection_cpp.hpp\n'}
[1.633674] (px4_msgs) StdoutLine: {'line': b'-- Up-to-date symlink: /home/maanavjugalshah/SwarmAero/ros2_ws/install/px4_msgs/include/px4_msgs/px4_msgs/msg/detail/mavlink_log__rosidl_typesupport_introspection_cpp.hpp\n'}
[1.633778] (px4_msgs) StdoutLine: {'line': b'-- Up-to-date symlink: /home/maanavjugalshah/SwarmAero/ros2_ws/install/px4_msgs/include/px4_msgs/px4_msgs/msg/detail/mavlink_tunnel__rosidl_typesupport_introspection_cpp.hpp\n'}
[1.633853] (px4_msgs) StdoutLine: {'line': b'-- Up-to-date symlink: /home/maanavjugalshah/SwarmAero/ros2_ws/install/px4_msgs/include/px4_msgs/px4_msgs/msg/detail/message_format_request__rosidl_typesupport_introspection_cpp.hpp\n'}
[1.633955] (px4_msgs) StdoutLine: {'line': b'-- Up-to-date symlink: /home/maanavjugalshah/SwarmAero/ros2_ws/install/px4_msgs/include/px4_msgs/px4_msgs/msg/detail/message_format_response__rosidl_typesupport_introspection_cpp.hpp\n'}
[1.634041] (px4_msgs) StdoutLine: {'line': b'-- Up-to-date symlink: /home/maanavjugalshah/SwarmAero/ros2_ws/install/px4_msgs/include/px4_msgs/px4_msgs/msg/detail/mission__rosidl_typesupport_introspection_cpp.hpp\n'}
[1.634291] (px4_msgs) StdoutLine: {'line': b'-- Up-to-date symlink: /home/maanavjugalshah/SwarmAero/ros2_ws/install/px4_msgs/include/px4_msgs/px4_msgs/msg/detail/mission_result__rosidl_typesupport_introspection_cpp.hpp\n'}
[1.634415] (px4_msgs) StdoutLine: {'line': b'-- Up-to-date symlink: /home/maanavjugalshah/SwarmAero/ros2_ws/install/px4_msgs/include/px4_msgs/px4_msgs/msg/detail/mode_completed__rosidl_typesupport_introspection_cpp.hpp\n'}
[1.634518] (px4_msgs) StdoutLine: {'line': b'-- Up-to-date symlink: /home/maanavjugalshah/SwarmAero/ros2_ws/install/px4_msgs/include/px4_msgs/px4_msgs/msg/detail/mount_orientation__rosidl_typesupport_introspection_cpp.hpp\n'}
[1.634618] (px4_msgs) StdoutLine: {'line': b'-- Up-to-date symlink: /home/maanavjugalshah/SwarmAero/ros2_ws/install/px4_msgs/include/px4_msgs/px4_msgs/msg/detail/navigator_mission_item__rosidl_typesupport_introspection_cpp.hpp\n'}
[1.634858] (px4_msgs) StdoutLine: {'line': b'-- Up-to-date symlink: /home/maanavjugalshah/SwarmAero/ros2_ws/install/px4_msgs/include/px4_msgs/px4_msgs/msg/detail/navigator_status__rosidl_typesupport_introspection_cpp.hpp\n'}
[1.635002] (px4_msgs) StdoutLine: {'line': b'-- Up-to-date symlink: /home/maanavjugalshah/SwarmAero/ros2_ws/install/px4_msgs/include/px4_msgs/px4_msgs/msg/detail/neural_control__rosidl_typesupport_introspection_cpp.hpp\n'}
[1.635205] (px4_msgs) StdoutLine: {'line': b'-- Up-to-date symlink: /home/maanavjugalshah/SwarmAero/ros2_ws/install/px4_msgs/include/px4_msgs/px4_msgs/msg/detail/normalized_unsigned_setpoint__rosidl_typesupport_introspection_cpp.hpp\n'}
[1.635473] (px4_msgs) StdoutLine: {'line': b'-- Up-to-date symlink: /home/maanavjugalshah/SwarmAero/ros2_ws/install/px4_msgs/include/px4_msgs/px4_msgs/msg/detail/obstacle_distance__rosidl_typesupport_introspection_cpp.hpp\n'}
[1.635650] (px4_msgs) StdoutLine: {'line': b'-- Up-to-date symlink: /home/maanavjugalshah/SwarmAero/ros2_ws/install/px4_msgs/include/px4_msgs/px4_msgs/msg/detail/offboard_control_mode__rosidl_typesupport_introspection_cpp.hpp\n'}
[1.635903] (px4_msgs) StdoutLine: {'line': b'-- Up-to-date symlink: /home/maanavjugalshah/SwarmAero/ros2_ws/install/px4_msgs/include/px4_msgs/px4_msgs/msg/detail/onboard_computer_status__rosidl_typesupport_introspection_cpp.hpp\n'}
[1.635959] (px4_msgs) StdoutLine: {'line': b'-- Up-to-date symlink: /home/maanavjugalshah/SwarmAero/ros2_ws/install/px4_msgs/include/px4_msgs/px4_msgs/msg/detail/open_drone_id_arm_status__rosidl_typesupport_introspection_cpp.hpp\n'}
[1.636078] (px4_msgs) StdoutLine: {'line': b'-- Up-to-date symlink: /home/maanavjugalshah/SwarmAero/ros2_ws/install/px4_msgs/include/px4_msgs/px4_msgs/msg/detail/open_drone_id_operator_id__rosidl_typesupport_introspection_cpp.hpp\n'}
[1.636168] (px4_msgs) StdoutLine: {'line': b'-- Up-to-date symlink: /home/maanavjugalshah/SwarmAero/ros2_ws/install/px4_msgs/include/px4_msgs/px4_msgs/msg/detail/open_drone_id_self_id__rosidl_typesupport_introspection_cpp.hpp\n'}
[1.636206] (px4_msgs) StdoutLine: {'line': b'-- Up-to-date symlink: /home/maanavjugalshah/SwarmAero/ros2_ws/install/px4_msgs/include/px4_msgs/px4_msgs/msg/detail/open_drone_id_system__rosidl_typesupport_introspection_cpp.hpp\n'}
[1.636299] (px4_msgs) StdoutLine: {'line': b'-- Up-to-date symlink: /home/maanavjugalshah/SwarmAero/ros2_ws/install/px4_msgs/include/px4_msgs/px4_msgs/msg/detail/orb_test__rosidl_typesupport_introspection_cpp.hpp\n'}
[1.636479] (px4_msgs) StdoutLine: {'line': b'-- Up-to-date symlink: /home/maanavjugalshah/SwarmAero/ros2_ws/install/px4_msgs/include/px4_msgs/px4_msgs/msg/detail/orb_test_large__rosidl_typesupport_introspection_cpp.hpp\n'}
[1.636793] (px4_msgs) StdoutLine: {'line': b'-- Up-to-date symlink: /home/maanavjugalshah/SwarmAero/ros2_ws/install/px4_msgs/include/px4_msgs/px4_msgs/msg/detail/orb_test_medium__rosidl_typesupport_introspection_cpp.hpp\n'}
[1.636845] (px4_msgs) StdoutLine: {'line': b'-- Up-to-date symlink: /home/maanavjugalshah/SwarmAero/ros2_ws/install/px4_msgs/include/px4_msgs/px4_msgs/msg/detail/orbit_status__rosidl_typesupport_introspection_cpp.hpp\n'}
[1.636933] (px4_msgs) StdoutLine: {'line': b'-- Up-to-date symlink: /home/maanavjugalshah/SwarmAero/ros2_ws/install/px4_msgs/include/px4_msgs/px4_msgs/msg/detail/parameter_reset_request__rosidl_typesupport_introspection_cpp.hpp\n'}
[1.637020] (px4_msgs) StdoutLine: {'line': b'-- Up-to-date symlink: /home/maanavjugalshah/SwarmAero/ros2_ws/install/px4_msgs/include/px4_msgs/px4_msgs/msg/detail/parameter_set_used_request__rosidl_typesupport_introspection_cpp.hpp\n'}
[1.637179] (px4_msgs) StdoutLine: {'line': b'-- Up-to-date symlink: /home/maanavjugalshah/SwarmAero/ros2_ws/install/px4_msgs/include/px4_msgs/px4_msgs/msg/detail/parameter_set_value_request__rosidl_typesupport_introspection_cpp.hpp\n'}
[1.637555] (px4_msgs) StdoutLine: {'line': b'-- Up-to-date symlink: /home/maanavjugalshah/SwarmAero/ros2_ws/install/px4_msgs/include/px4_msgs/px4_msgs/msg/detail/parameter_set_value_response__rosidl_typesupport_introspection_cpp.hpp\n'}
[1.637775] (px4_msgs) StdoutLine: {'line': b'-- Up-to-date symlink: /home/maanavjugalshah/SwarmAero/ros2_ws/install/px4_msgs/include/px4_msgs/px4_msgs/msg/detail/parameter_update__rosidl_typesupport_introspection_cpp.hpp\n'}
[1.637821] (px4_msgs) StdoutLine: {'line': b'-- Up-to-date symlink: /home/maanavjugalshah/SwarmAero/ros2_ws/install/px4_msgs/include/px4_msgs/px4_msgs/msg/detail/ping__rosidl_typesupport_introspection_cpp.hpp\n'}
[1.637919] (px4_msgs) StdoutLine: {'line': b'-- Up-to-date symlink: /home/maanavjugalshah/SwarmAero/ros2_ws/install/px4_msgs/include/px4_msgs/px4_msgs/msg/detail/position_controller_landing_status__rosidl_typesupport_introspection_cpp.hpp\n'}
[1.638176] (px4_msgs) StdoutLine: {'line': b'-- Up-to-date symlink: /home/maanavjugalshah/SwarmAero/ros2_ws/install/px4_msgs/include/px4_msgs/px4_msgs/msg/detail/position_controller_status__rosidl_typesupport_introspection_cpp.hpp\n'}
[1.638337] (px4_msgs) StdoutLine: {'line': b'-- Up-to-date symlink: /home/maanavjugalshah/SwarmAero/ros2_ws/install/px4_msgs/include/px4_msgs/px4_msgs/msg/detail/position_setpoint__rosidl_typesupport_introspection_cpp.hpp\n'}
[1.638439] (px4_msgs) StdoutLine: {'line': b'-- Up-to-date symlink: /home/maanavjugalshah/SwarmAero/ros2_ws/install/px4_msgs/include/px4_msgs/px4_msgs/msg/detail/position_setpoint_triplet__rosidl_typesupport_introspection_cpp.hpp\n'}
[1.638698] (px4_msgs) StdoutLine: {'line': b'-- Up-to-date symlink: /home/maanavjugalshah/SwarmAero/ros2_ws/install/px4_msgs/include/px4_msgs/px4_msgs/msg/detail/power_button_state__rosidl_typesupport_introspection_cpp.hpp\n'}
[1.638858] (px4_msgs) StdoutLine: {'line': b'-- Up-to-date symlink: /home/maanavjugalshah/SwarmAero/ros2_ws/install/px4_msgs/include/px4_msgs/px4_msgs/msg/detail/power_monitor__rosidl_typesupport_introspection_cpp.hpp\n'}
[1.638935] (px4_msgs) StdoutLine: {'line': b'-- Up-to-date symlink: /home/maanavjugalshah/SwarmAero/ros2_ws/install/px4_msgs/include/px4_msgs/px4_msgs/msg/detail/pps_capture__rosidl_typesupport_introspection_cpp.hpp\n'}
[1.639007] (px4_msgs) StdoutLine: {'line': b'-- Up-to-date symlink: /home/maanavjugalshah/SwarmAero/ros2_ws/install/px4_msgs/include/px4_msgs/px4_msgs/msg/detail/pure_pursuit_status__rosidl_typesupport_introspection_cpp.hpp\n'}
[1.639060] (px4_msgs) StdoutLine: {'line': b'-- Up-to-date symlink: /home/maanavjugalshah/SwarmAero/ros2_ws/install/px4_msgs/include/px4_msgs/px4_msgs/msg/detail/pwm_input__rosidl_typesupport_introspection_cpp.hpp\n'}
[1.639140] (px4_msgs) StdoutLine: {'line': b'-- Up-to-date symlink: /home/maanavjugalshah/SwarmAero/ros2_ws/install/px4_msgs/include/px4_msgs/px4_msgs/msg/detail/px4io_status__rosidl_typesupport_introspection_cpp.hpp\n'}
[1.639311] (px4_msgs) StdoutLine: {'line': b'-- Up-to-date symlink: /home/maanavjugalshah/SwarmAero/ros2_ws/install/px4_msgs/include/px4_msgs/px4_msgs/msg/detail/qshell_req__rosidl_typesupport_introspection_cpp.hpp\n'}
[1.639519] (px4_msgs) StdoutLine: {'line': b'-- Up-to-date symlink: /home/maanavjugalshah/SwarmAero/ros2_ws/install/px4_msgs/include/px4_msgs/px4_msgs/msg/detail/qshell_retval__rosidl_typesupport_introspection_cpp.hpp\n'}
[1.639635] (px4_msgs) StdoutLine: {'line': b'-- Up-to-date symlink: /home/maanavjugalshah/SwarmAero/ros2_ws/install/px4_msgs/include/px4_msgs/px4_msgs/msg/detail/radio_status__rosidl_typesupport_introspection_cpp.hpp\n'}
[1.639673] (px4_msgs) StdoutLine: {'line': b'-- Up-to-date symlink: /home/maanavjugalshah/SwarmAero/ros2_ws/install/px4_msgs/include/px4_msgs/px4_msgs/msg/detail/ranging_beacon__rosidl_typesupport_introspection_cpp.hpp\n'}
[1.639773] (px4_msgs) StdoutLine: {'line': b'-- Up-to-date symlink: /home/maanavjugalshah/SwarmAero/ros2_ws/install/px4_msgs/include/px4_msgs/px4_msgs/msg/detail/raptor_input__rosidl_typesupport_introspection_cpp.hpp\n'}
[1.639845] (px4_msgs) StdoutLine: {'line': b'-- Up-to-date symlink: /home/maanavjugalshah/SwarmAero/ros2_ws/install/px4_msgs/include/px4_msgs/px4_msgs/msg/detail/raptor_status__rosidl_typesupport_introspection_cpp.hpp\n'}
[1.640012] (px4_msgs) StdoutLine: {'line': b'-- Up-to-date symlink: /home/maanavjugalshah/SwarmAero/ros2_ws/install/px4_msgs/include/px4_msgs/px4_msgs/msg/detail/rate_ctrl_status__rosidl_typesupport_introspection_cpp.hpp\n'}
[1.640127] (px4_msgs) StdoutLine: {'line': b'-- Up-to-date symlink: /home/maanavjugalshah/SwarmAero/ros2_ws/install/px4_msgs/include/px4_msgs/px4_msgs/msg/detail/rc_channels__rosidl_typesupport_introspection_cpp.hpp\n'}
[1.640242] (px4_msgs) StdoutLine: {'line': b'-- Up-to-date symlink: /home/maanavjugalshah/SwarmAero/ros2_ws/install/px4_msgs/include/px4_msgs/px4_msgs/msg/detail/rc_parameter_map__rosidl_typesupport_introspection_cpp.hpp\n'}
[1.640425] (px4_msgs) StdoutLine: {'line': b'-- Up-to-date symlink: /home/maanavjugalshah/SwarmAero/ros2_ws/install/px4_msgs/include/px4_msgs/px4_msgs/msg/detail/register_ext_component_reply__rosidl_typesupport_introspection_cpp.hpp\n'}
[1.640546] (px4_msgs) StdoutLine: {'line': b'-- Up-to-date symlink: /home/maanavjugalshah/SwarmAero/ros2_ws/install/px4_msgs/include/px4_msgs/px4_msgs/msg/detail/register_ext_component_request__rosidl_typesupport_introspection_cpp.hpp\n'}
[1.640661] (px4_msgs) StdoutLine: {'line': b'-- Up-to-date symlink: /home/maanavjugalshah/SwarmAero/ros2_ws/install/px4_msgs/include/px4_msgs/px4_msgs/msg/detail/rover_attitude_setpoint__rosidl_typesupport_introspection_cpp.hpp\n'}
[1.640726] (px4_msgs) StdoutLine: {'line': b'-- Up-to-date symlink: /home/maanavjugalshah/SwarmAero/ros2_ws/install/px4_msgs/include/px4_msgs/px4_msgs/msg/detail/rover_attitude_status__rosidl_typesupport_introspection_cpp.hpp\n'}
[1.640804] (px4_msgs) StdoutLine: {'line': b'-- Up-to-date symlink: /home/maanavjugalshah/SwarmAero/ros2_ws/install/px4_msgs/include/px4_msgs/px4_msgs/msg/detail/rover_position_setpoint__rosidl_typesupport_introspection_cpp.hpp\n'}
[1.641135] (px4_msgs) StdoutLine: {'line': b'-- Up-to-date symlink: /home/maanavjugalshah/SwarmAero/ros2_ws/install/px4_msgs/include/px4_msgs/px4_msgs/msg/detail/rover_rate_setpoint__rosidl_typesupport_introspection_cpp.hpp\n'}
[1.641262] (px4_msgs) StdoutLine: {'line': b'-- Up-to-date symlink: /home/maanavjugalshah/SwarmAero/ros2_ws/install/px4_msgs/include/px4_msgs/px4_msgs/msg/detail/rover_rate_status__rosidl_typesupport_introspection_cpp.hpp\n'}
[1.641383] (px4_msgs) StdoutLine: {'line': b'-- Up-to-date symlink: /home/maanavjugalshah/SwarmAero/ros2_ws/install/px4_msgs/include/px4_msgs/px4_msgs/msg/detail/rover_speed_setpoint__rosidl_typesupport_introspection_cpp.hpp\n'}
[1.641563] (px4_msgs) StdoutLine: {'line': b'-- Up-to-date symlink: /home/maanavjugalshah/SwarmAero/ros2_ws/install/px4_msgs/include/px4_msgs/px4_msgs/msg/detail/rover_speed_status__rosidl_typesupport_introspection_cpp.hpp\n'}
[1.641631] (px4_msgs) StdoutLine: {'line': b'-- Up-to-date symlink: /home/maanavjugalshah/SwarmAero/ros2_ws/install/px4_msgs/include/px4_msgs/px4_msgs/msg/detail/rover_steering_setpoint__rosidl_typesupport_introspection_cpp.hpp\n'}
[1.642055] (px4_msgs) StdoutLine: {'line': b'-- Up-to-date symlink: /home/maanavjugalshah/SwarmAero/ros2_ws/install/px4_msgs/include/px4_msgs/px4_msgs/msg/detail/rover_throttle_setpoint__rosidl_typesupport_introspection_cpp.hpp\n'}
[1.642304] (px4_msgs) StdoutLine: {'line': b'-- Up-to-date symlink: /home/maanavjugalshah/SwarmAero/ros2_ws/install/px4_msgs/include/px4_msgs/px4_msgs/msg/detail/rpm__rosidl_typesupport_introspection_cpp.hpp\n'}
[1.642433] (px4_msgs) StdoutLine: {'line': b'-- Up-to-date symlink: /home/maanavjugalshah/SwarmAero/ros2_ws/install/px4_msgs/include/px4_msgs/px4_msgs/msg/detail/rtl_status__rosidl_typesupport_introspection_cpp.hpp\n'}
[1.642520] (px4_msgs) StdoutLine: {'line': b'-- Up-to-date symlink: /home/maanavjugalshah/SwarmAero/ros2_ws/install/px4_msgs/include/px4_msgs/px4_msgs/msg/detail/rtl_time_estimate__rosidl_typesupport_introspection_cpp.hpp\n'}
[1.642770] (px4_msgs) StdoutLine: {'line': b'-- Up-to-date symlink: /home/maanavjugalshah/SwarmAero/ros2_ws/install/px4_msgs/include/px4_msgs/px4_msgs/msg/detail/satellite_info__rosidl_typesupport_introspection_cpp.hpp\n'}
[1.642823] (px4_msgs) StdoutLine: {'line': b'-- Up-to-date symlink: /home/maanavjugalshah/SwarmAero/ros2_ws/install/px4_msgs/include/px4_msgs/px4_msgs/msg/detail/sensor_accel__rosidl_typesupport_introspection_cpp.hpp\n'}
[1.642919] (px4_msgs) StdoutLine: {'line': b'-- Up-to-date symlink: /home/maanavjugalshah/SwarmAero/ros2_ws/install/px4_msgs/include/px4_msgs/px4_msgs/msg/detail/sensor_accel_fifo__rosidl_typesupport_introspection_cpp.hpp\n'}
[1.643033] (px4_msgs) StdoutLine: {'line': b'-- Up-to-date symlink: /home/maanavjugalshah/SwarmAero/ros2_ws/install/px4_msgs/include/px4_msgs/px4_msgs/msg/detail/sensor_airflow__rosidl_typesupport_introspection_cpp.hpp\n'}
[1.643337] (px4_msgs) StdoutLine: {'line': b'-- Up-to-date symlink: /home/maanavjugalshah/SwarmAero/ros2_ws/install/px4_msgs/include/px4_msgs/px4_msgs/msg/detail/sensor_baro__rosidl_typesupport_introspection_cpp.hpp\n'}
[1.643653] (px4_msgs) StdoutLine: {'line': b'-- Up-to-date symlink: /home/maanavjugalshah/SwarmAero/ros2_ws/install/px4_msgs/include/px4_msgs/px4_msgs/msg/detail/sensor_combined__rosidl_typesupport_introspection_cpp.hpp\n'}
[1.643850] (px4_msgs) StdoutLine: {'line': b'-- Up-to-date symlink: /home/maanavjugalshah/SwarmAero/ros2_ws/install/px4_msgs/include/px4_msgs/px4_msgs/msg/detail/sensor_correction__rosidl_typesupport_introspection_cpp.hpp\n'}
[1.643999] (px4_msgs) StdoutLine: {'line': b'-- Up-to-date symlink: /home/maanavjugalshah/SwarmAero/ros2_ws/install/px4_msgs/include/px4_msgs/px4_msgs/msg/detail/sensor_gnss_relative__rosidl_typesupport_introspection_cpp.hpp\n'}
[1.644126] (px4_msgs) StdoutLine: {'line': b'-- Up-to-date symlink: /home/maanavjugalshah/SwarmAero/ros2_ws/install/px4_msgs/include/px4_msgs/px4_msgs/msg/detail/sensor_gnss_status__rosidl_typesupport_introspection_cpp.hpp\n'}
[1.644195] (px4_msgs) StdoutLine: {'line': b'-- Up-to-date symlink: /home/maanavjugalshah/SwarmAero/ros2_ws/install/px4_msgs/include/px4_msgs/px4_msgs/msg/detail/sensor_gps__rosidl_typesupport_introspection_cpp.hpp\n'}
[1.644386] (px4_msgs) StdoutLine: {'line': b'-- Up-to-date symlink: /home/maanavjugalshah/SwarmAero/ros2_ws/install/px4_msgs/include/px4_msgs/px4_msgs/msg/detail/sensor_gyro__rosidl_typesupport_introspection_cpp.hpp\n'}
[1.644439] (px4_msgs) StdoutLine: {'line': b'-- Up-to-date symlink: /home/maanavjugalshah/SwarmAero/ros2_ws/install/px4_msgs/include/px4_msgs/px4_msgs/msg/detail/sensor_gyro_fft__rosidl_typesupport_introspection_cpp.hpp\n'}
[1.644537] (px4_msgs) StdoutLine: {'line': b'-- Up-to-date symlink: /home/maanavjugalshah/SwarmAero/ros2_ws/install/px4_msgs/include/px4_msgs/px4_msgs/msg/detail/sensor_gyro_fifo__rosidl_typesupport_introspection_cpp.hpp\n'}
[1.644640] (px4_msgs) StdoutLine: {'line': b'-- Up-to-date symlink: /home/maanavjugalshah/SwarmAero/ros2_ws/install/px4_msgs/include/px4_msgs/px4_msgs/msg/detail/sensor_hygrometer__rosidl_typesupport_introspection_cpp.hpp\n'}
[1.644885] (px4_msgs) StdoutLine: {'line': b'-- Up-to-date symlink: /home/maanavjugalshah/SwarmAero/ros2_ws/install/px4_msgs/include/px4_msgs/px4_msgs/msg/detail/sensor_mag__rosidl_typesupport_introspection_cpp.hpp\n'}
[1.645021] (px4_msgs) StdoutLine: {'line': b'-- Up-to-date symlink: /home/maanavjugalshah/SwarmAero/ros2_ws/install/px4_msgs/include/px4_msgs/px4_msgs/msg/detail/sensor_optical_flow__rosidl_typesupport_introspection_cpp.hpp\n'}
[1.645098] (px4_msgs) StdoutLine: {'line': b'-- Up-to-date symlink: /home/maanavjugalshah/SwarmAero/ros2_ws/install/px4_msgs/include/px4_msgs/px4_msgs/msg/detail/sensor_preflight_mag__rosidl_typesupport_introspection_cpp.hpp\n'}
[1.645400] (px4_msgs) StdoutLine: {'line': b'-- Up-to-date symlink: /home/maanavjugalshah/SwarmAero/ros2_ws/install/px4_msgs/include/px4_msgs/px4_msgs/msg/detail/sensor_selection__rosidl_typesupport_introspection_cpp.hpp\n'}
[1.645722] (px4_msgs) StdoutLine: {'line': b'-- Up-to-date symlink: /home/maanavjugalshah/SwarmAero/ros2_ws/install/px4_msgs/include/px4_msgs/px4_msgs/msg/detail/sensor_temp__rosidl_typesupport_introspection_cpp.hpp\n'}
[1.646019] (px4_msgs) StdoutLine: {'line': b'-- Up-to-date symlink: /home/maanavjugalshah/SwarmAero/ros2_ws/install/px4_msgs/include/px4_msgs/px4_msgs/msg/detail/sensor_uwb__rosidl_typesupport_introspection_cpp.hpp\n'}
[1.646115] (px4_msgs) StdoutLine: {'line': b'-- Up-to-date symlink: /home/maanavjugalshah/SwarmAero/ros2_ws/install/px4_msgs/include/px4_msgs/px4_msgs/msg/detail/sensors_status__rosidl_typesupport_introspection_cpp.hpp\n'}
[1.646282] (px4_msgs) StdoutLine: {'line': b'-- Up-to-date symlink: /home/maanavjugalshah/SwarmAero/ros2_ws/install/px4_msgs/include/px4_msgs/px4_msgs/msg/detail/sensors_status_imu__rosidl_typesupport_introspection_cpp.hpp\n'}
[1.646581] (px4_msgs) StdoutLine: {'line': b'-- Up-to-date symlink: /home/maanavjugalshah/SwarmAero/ros2_ws/install/px4_msgs/include/px4_msgs/px4_msgs/msg/detail/system_power__rosidl_typesupport_introspection_cpp.hpp\n'}
[1.646966] (px4_msgs) StdoutLine: {'line': b'-- Up-to-date symlink: /home/maanavjugalshah/SwarmAero/ros2_ws/install/px4_msgs/include/px4_msgs/px4_msgs/msg/detail/takeoff_status__rosidl_typesupport_introspection_cpp.hpp\n'}
[1.647075] (px4_msgs) StdoutLine: {'line': b'-- Up-to-date symlink: /home/maanavjugalshah/SwarmAero/ros2_ws/install/px4_msgs/include/px4_msgs/px4_msgs/msg/detail/task_stack_info__rosidl_typesupport_introspection_cpp.hpp\n'}
[1.647293] (px4_msgs) StdoutLine: {'line': b'-- Up-to-date symlink: /home/maanavjugalshah/SwarmAero/ros2_ws/install/px4_msgs/include/px4_msgs/px4_msgs/msg/detail/tecs_status__rosidl_typesupport_introspection_cpp.hpp\n'}
[1.647711] (px4_msgs) StdoutLine: {'line': b'-- Up-to-date symlink: /home/maanavjugalshah/SwarmAero/ros2_ws/install/px4_msgs/include/px4_msgs/px4_msgs/msg/detail/telemetry_status__rosidl_typesupport_introspection_cpp.hpp\n'}
[1.647861] (px4_msgs) StdoutLine: {'line': b'-- Up-to-date symlink: /home/maanavjugalshah/SwarmAero/ros2_ws/install/px4_msgs/include/px4_msgs/px4_msgs/msg/detail/tiltrotor_extra_controls__rosidl_typesupport_introspection_cpp.hpp\n'}
[1.647904] (px4_msgs) StdoutLine: {'line': b'-- Up-to-date symlink: /home/maanavjugalshah/SwarmAero/ros2_ws/install/px4_msgs/include/px4_msgs/px4_msgs/msg/detail/timesync_status__rosidl_typesupport_introspection_cpp.hpp\n'}
[1.647991] (px4_msgs) StdoutLine: {'line': b'-- Up-to-date symlink: /home/maanavjugalshah/SwarmAero/ros2_ws/install/px4_msgs/include/px4_msgs/px4_msgs/msg/detail/trajectory_setpoint6dof__rosidl_typesupport_introspection_cpp.hpp\n'}
[1.648077] (px4_msgs) StdoutLine: {'line': b'-- Up-to-date symlink: /home/maanavjugalshah/SwarmAero/ros2_ws/install/px4_msgs/include/px4_msgs/px4_msgs/msg/detail/trajectory_setpoint__rosidl_typesupport_introspection_cpp.hpp\n'}
[1.648144] (px4_msgs) StdoutLine: {'line': b'-- Up-to-date symlink: /home/maanavjugalshah/SwarmAero/ros2_ws/install/px4_msgs/include/px4_msgs/px4_msgs/msg/detail/transponder_report__rosidl_typesupport_introspection_cpp.hpp\n'}
[1.648274] (px4_msgs) StdoutLine: {'line': b'-- Up-to-date symlink: /home/maanavjugalshah/SwarmAero/ros2_ws/install/px4_msgs/include/px4_msgs/px4_msgs/msg/detail/tune_control__rosidl_typesupport_introspection_cpp.hpp\n'}
[1.648359] (px4_msgs) StdoutLine: {'line': b'-- Up-to-date symlink: /home/maanavjugalshah/SwarmAero/ros2_ws/install/px4_msgs/include/px4_msgs/px4_msgs/msg/detail/uavcan_parameter_request__rosidl_typesupport_introspection_cpp.hpp\n'}
[1.648448] (px4_msgs) StdoutLine: {'line': b'-- Up-to-date symlink: /home/maanavjugalshah/SwarmAero/ros2_ws/install/px4_msgs/include/px4_msgs/px4_msgs/msg/detail/uavcan_parameter_value__rosidl_typesupport_introspection_cpp.hpp\n'}
[1.648819] (px4_msgs) StdoutLine: {'line': b'-- Up-to-date symlink: /home/maanavjugalshah/SwarmAero/ros2_ws/install/px4_msgs/include/px4_msgs/px4_msgs/msg/detail/ulog_stream__rosidl_typesupport_introspection_cpp.hpp\n'}
[1.649452] (px4_msgs) StdoutLine: {'line': b'-- Up-to-date symlink: /home/maanavjugalshah/SwarmAero/ros2_ws/install/px4_msgs/include/px4_msgs/px4_msgs/msg/detail/ulog_stream_ack__rosidl_typesupport_introspection_cpp.hpp\n'}
[1.649569] (px4_msgs) StdoutLine: {'line': b'-- Up-to-date symlink: /home/maanavjugalshah/SwarmAero/ros2_ws/install/px4_msgs/include/px4_msgs/px4_msgs/msg/detail/unregister_ext_component__rosidl_typesupport_introspection_cpp.hpp\n'}
[1.649775] (px4_msgs) StdoutLine: {'line': b'-- Up-to-date symlink: /home/maanavjugalshah/SwarmAero/ros2_ws/install/px4_msgs/include/px4_msgs/px4_msgs/msg/detail/vehicle_acceleration__rosidl_typesupport_introspection_cpp.hpp\n'}
[1.650343] (px4_msgs) StdoutLine: {'line': b'-- Up-to-date symlink: /home/maanavjugalshah/SwarmAero/ros2_ws/install/px4_msgs/include/px4_msgs/px4_msgs/msg/detail/vehicle_air_data__rosidl_typesupport_introspection_cpp.hpp\n'}
[1.650644] (px4_msgs) StdoutLine: {'line': b'-- Up-to-date symlink: /home/maanavjugalshah/SwarmAero/ros2_ws/install/px4_msgs/include/px4_msgs/px4_msgs/msg/detail/vehicle_angular_acceleration_setpoint__rosidl_typesupport_introspection_cpp.hpp\n'}
[1.650790] (px4_msgs) StdoutLine: {'line': b'-- Up-to-date symlink: /home/maanavjugalshah/SwarmAero/ros2_ws/install/px4_msgs/include/px4_msgs/px4_msgs/msg/detail/vehicle_angular_velocity__rosidl_typesupport_introspection_cpp.hpp\n'}
[1.651012] (px4_msgs) StdoutLine: {'line': b'-- Up-to-date symlink: /home/maanavjugalshah/SwarmAero/ros2_ws/install/px4_msgs/include/px4_msgs/px4_msgs/msg/detail/vehicle_attitude__rosidl_typesupport_introspection_cpp.hpp\n'}
[1.651066] (px4_msgs) StdoutLine: {'line': b'-- Up-to-date symlink: /home/maanavjugalshah/SwarmAero/ros2_ws/install/px4_msgs/include/px4_msgs/px4_msgs/msg/detail/vehicle_attitude_setpoint__rosidl_typesupport_introspection_cpp.hpp\n'}
[1.651164] (px4_msgs) StdoutLine: {'line': b'-- Up-to-date symlink: /home/maanavjugalshah/SwarmAero/ros2_ws/install/px4_msgs/include/px4_msgs/px4_msgs/msg/detail/vehicle_command__rosidl_typesupport_introspection_cpp.hpp\n'}
[1.651394] (px4_msgs) StdoutLine: {'line': b'-- Up-to-date symlink: /home/maanavjugalshah/SwarmAero/ros2_ws/install/px4_msgs/include/px4_msgs/px4_msgs/msg/detail/vehicle_command_ack__rosidl_typesupport_introspection_cpp.hpp\n'}
[1.651563] (px4_msgs) StdoutLine: {'line': b'-- Up-to-date symlink: /home/maanavjugalshah/SwarmAero/ros2_ws/install/px4_msgs/include/px4_msgs/px4_msgs/msg/detail/vehicle_constraints__rosidl_typesupport_introspection_cpp.hpp\n'}
[1.651665] (px4_msgs) StdoutLine: {'line': b'-- Up-to-date symlink: /home/maanavjugalshah/SwarmAero/ros2_ws/install/px4_msgs/include/px4_msgs/px4_msgs/msg/detail/vehicle_control_mode__rosidl_typesupport_introspection_cpp.hpp\n'}
[1.651779] (px4_msgs) StdoutLine: {'line': b'-- Up-to-date symlink: /home/maanavjugalshah/SwarmAero/ros2_ws/install/px4_msgs/include/px4_msgs/px4_msgs/msg/detail/vehicle_global_position__rosidl_typesupport_introspection_cpp.hpp\n'}
[1.651866] (px4_msgs) StdoutLine: {'line': b'-- Up-to-date symlink: /home/maanavjugalshah/SwarmAero/ros2_ws/install/px4_msgs/include/px4_msgs/px4_msgs/msg/detail/vehicle_imu__rosidl_typesupport_introspection_cpp.hpp\n'}
[1.652157] (px4_msgs) StdoutLine: {'line': b'-- Up-to-date symlink: /home/maanavjugalshah/SwarmAero/ros2_ws/install/px4_msgs/include/px4_msgs/px4_msgs/msg/detail/vehicle_imu_status__rosidl_typesupport_introspection_cpp.hpp\n'}
[1.652316] (px4_msgs) StdoutLine: {'line': b'-- Up-to-date symlink: /home/maanavjugalshah/SwarmAero/ros2_ws/install/px4_msgs/include/px4_msgs/px4_msgs/msg/detail/vehicle_land_detected__rosidl_typesupport_introspection_cpp.hpp\n'}
[1.652447] (px4_msgs) StdoutLine: {'line': b'-- Up-to-date symlink: /home/maanavjugalshah/SwarmAero/ros2_ws/install/px4_msgs/include/px4_msgs/px4_msgs/msg/detail/vehicle_local_position__rosidl_typesupport_introspection_cpp.hpp\n'}
[1.652685] (px4_msgs) StdoutLine: {'line': b'-- Up-to-date symlink: /home/maanavjugalshah/SwarmAero/ros2_ws/install/px4_msgs/include/px4_msgs/px4_msgs/msg/detail/vehicle_local_position_setpoint__rosidl_typesupport_introspection_cpp.hpp\n'}
[1.653148] (px4_msgs) StdoutLine: {'line': b'-- Up-to-date symlink: /home/maanavjugalshah/SwarmAero/ros2_ws/install/px4_msgs/include/px4_msgs/px4_msgs/msg/detail/vehicle_magnetometer__rosidl_typesupport_introspection_cpp.hpp\n'}
[1.653239] (px4_msgs) StdoutLine: {'line': b'-- Up-to-date symlink: /home/maanavjugalshah/SwarmAero/ros2_ws/install/px4_msgs/include/px4_msgs/px4_msgs/msg/detail/vehicle_odometry__rosidl_typesupport_introspection_cpp.hpp\n'}
[1.653311] (px4_msgs) StdoutLine: {'line': b'-- Up-to-date symlink: /home/maanavjugalshah/SwarmAero/ros2_ws/install/px4_msgs/include/px4_msgs/px4_msgs/msg/detail/vehicle_optical_flow__rosidl_typesupport_introspection_cpp.hpp\n'}
[1.653374] (px4_msgs) StdoutLine: {'line': b'-- Up-to-date symlink: /home/maanavjugalshah/SwarmAero/ros2_ws/install/px4_msgs/include/px4_msgs/px4_msgs/msg/detail/vehicle_optical_flow_vel__rosidl_typesupport_introspection_cpp.hpp\n'}
[1.653449] (px4_msgs) StdoutLine: {'line': b'-- Up-to-date symlink: /home/maanavjugalshah/SwarmAero/ros2_ws/install/px4_msgs/include/px4_msgs/px4_msgs/msg/detail/vehicle_rates_setpoint__rosidl_typesupport_introspection_cpp.hpp\n'}
[1.653536] (px4_msgs) StdoutLine: {'line': b'-- Up-to-date symlink: /home/maanavjugalshah/SwarmAero/ros2_ws/install/px4_msgs/include/px4_msgs/px4_msgs/msg/detail/vehicle_roi__rosidl_typesupport_introspection_cpp.hpp\n'}
[1.653710] (px4_msgs) StdoutLine: {'line': b'-- Up-to-date symlink: /home/maanavjugalshah/SwarmAero/ros2_ws/install/px4_msgs/include/px4_msgs/px4_msgs/msg/detail/vehicle_status__rosidl_typesupport_introspection_cpp.hpp\n'}
[1.653776] (px4_msgs) StdoutLine: {'line': b'-- Up-to-date symlink: /home/maanavjugalshah/SwarmAero/ros2_ws/install/px4_msgs/include/px4_msgs/px4_msgs/msg/detail/vehicle_thrust_setpoint__rosidl_typesupport_introspection_cpp.hpp\n'}
[1.653861] (px4_msgs) StdoutLine: {'line': b'-- Up-to-date symlink: /home/maanavjugalshah/SwarmAero/ros2_ws/install/px4_msgs/include/px4_msgs/px4_msgs/msg/detail/vehicle_torque_setpoint__rosidl_typesupport_introspection_cpp.hpp\n'}
[1.654097] (px4_msgs) StdoutLine: {'line': b'-- Up-to-date symlink: /home/maanavjugalshah/SwarmAero/ros2_ws/install/px4_msgs/include/px4_msgs/px4_msgs/msg/detail/velocity_limits__rosidl_typesupport_introspection_cpp.hpp\n'}
[1.654495] (px4_msgs) StdoutLine: {'line': b'-- Up-to-date symlink: /home/maanavjugalshah/SwarmAero/ros2_ws/install/px4_msgs/include/px4_msgs/px4_msgs/msg/detail/vtol_vehicle_status__rosidl_typesupport_introspection_cpp.hpp\n'}
[1.654605] (px4_msgs) StdoutLine: {'line': b'-- Up-to-date symlink: /home/maanavjugalshah/SwarmAero/ros2_ws/install/px4_msgs/include/px4_msgs/px4_msgs/msg/detail/vtx__rosidl_typesupport_introspection_cpp.hpp\n'}
[1.654734] (px4_msgs) StdoutLine: {'line': b'-- Up-to-date symlink: /home/maanavjugalshah/SwarmAero/ros2_ws/install/px4_msgs/include/px4_msgs/px4_msgs/msg/detail/wheel_encoders__rosidl_typesupport_introspection_cpp.hpp\n'}
[1.654815] (px4_msgs) StdoutLine: {'line': b'-- Up-to-date symlink: /home/maanavjugalshah/SwarmAero/ros2_ws/install/px4_msgs/include/px4_msgs/px4_msgs/msg/detail/wind__rosidl_typesupport_introspection_cpp.hpp\n'}
[1.655002] (px4_msgs) StdoutLine: {'line': b'-- Up-to-date symlink: /home/maanavjugalshah/SwarmAero/ros2_ws/install/px4_msgs/include/px4_msgs/px4_msgs/msg/detail/yaw_estimator_status__rosidl_typesupport_introspection_cpp.hpp\n'}
[1.655045] (px4_msgs) StdoutLine: {'line': b'-- Up-to-date symlink: /home/maanavjugalshah/SwarmAero/ros2_ws/install/px4_msgs/include/px4_msgs/px4_msgs/srv/detail/vehicle_command__rosidl_typesupport_introspection_cpp.hpp\n'}
[1.655128] (px4_msgs) StdoutLine: {'line': b'-- Up-to-date symlink: /home/maanavjugalshah/SwarmAero/ros2_ws/install/px4_msgs/share/px4_msgs/environment/pythonpath.sh\n'}
[1.655242] (px4_msgs) StdoutLine: {'line': b'-- Up-to-date symlink: /home/maanavjugalshah/SwarmAero/ros2_ws/install/px4_msgs/share/px4_msgs/environment/pythonpath.dsv\n'}
[1.655354] (px4_msgs) StdoutLine: {'line': b'-- Up-to-date symlink: /home/maanavjugalshah/SwarmAero/ros2_ws/install/px4_msgs/local/lib/python3.10/dist-packages/px4_msgs-2.0.1-py3.10.egg-info/PKG-INFO\n'}
[1.655463] (px4_msgs) StdoutLine: {'line': b'-- Up-to-date symlink: /home/maanavjugalshah/SwarmAero/ros2_ws/install/px4_msgs/local/lib/python3.10/dist-packages/px4_msgs-2.0.1-py3.10.egg-info/SOURCES.txt\n'}
[1.655765] (px4_msgs) StdoutLine: {'line': b'-- Up-to-date symlink: /home/maanavjugalshah/SwarmAero/ros2_ws/install/px4_msgs/local/lib/python3.10/dist-packages/px4_msgs-2.0.1-py3.10.egg-info/dependency_links.txt\n'}
[1.655885] (px4_msgs) StdoutLine: {'line': b'-- Up-to-date symlink: /home/maanavjugalshah/SwarmAero/ros2_ws/install/px4_msgs/local/lib/python3.10/dist-packages/px4_msgs-2.0.1-py3.10.egg-info/top_level.txt\n'}
[1.656001] (px4_msgs) StdoutLine: {'line': b'-- Up-to-date symlink: /home/maanavjugalshah/SwarmAero/ros2_ws/install/px4_msgs/local/lib/python3.10/dist-packages/px4_msgs/__init__.py\n'}
[1.656115] (px4_msgs) StdoutLine: {'line': b'-- Up-to-date symlink: /home/maanavjugalshah/SwarmAero/ros2_ws/install/px4_msgs/local/lib/python3.10/dist-packages/px4_msgs/_px4_msgs_s.ep.rosidl_typesupport_c.c\n'}
[1.656181] (px4_msgs) StdoutLine: {'line': b'-- Up-to-date symlink: /home/maanavjugalshah/SwarmAero/ros2_ws/install/px4_msgs/local/lib/python3.10/dist-packages/px4_msgs/_px4_msgs_s.ep.rosidl_typesupport_fastrtps_c.c\n'}
[1.656415] (px4_msgs) StdoutLine: {'line': b'-- Up-to-date symlink: /home/maanavjugalshah/SwarmAero/ros2_ws/install/px4_msgs/local/lib/python3.10/dist-packages/px4_msgs/_px4_msgs_s.ep.rosidl_typesupport_introspection_c.c\n'}
[1.656462] (px4_msgs) StdoutLine: {'line': b'-- Up-to-date symlink: /home/maanavjugalshah/SwarmAero/ros2_ws/install/px4_msgs/local/lib/python3.10/dist-packages/px4_msgs/libpx4_msgs__rosidl_generator_py.so\n'}
[1.656704] (px4_msgs) StdoutLine: {'line': b'-- Up-to-date symlink: /home/maanavjugalshah/SwarmAero/ros2_ws/install/px4_msgs/local/lib/python3.10/dist-packages/px4_msgs/msg/__init__.py\n'}
[1.656804] (px4_msgs) StdoutLine: {'line': b'-- Up-to-date symlink: /home/maanavjugalshah/SwarmAero/ros2_ws/install/px4_msgs/local/lib/python3.10/dist-packages/px4_msgs/msg/_action_request.py\n'}
[1.657042] (px4_msgs) StdoutLine: {'line': b'-- Up-to-date symlink: /home/maanavjugalshah/SwarmAero/ros2_ws/install/px4_msgs/local/lib/python3.10/dist-packages/px4_msgs/msg/_action_request_s.c\n'}
[1.657436] (px4_msgs) StdoutLine: {'line': b'-- Up-to-date symlink: /home/maanavjugalshah/SwarmAero/ros2_ws/install/px4_msgs/local/lib/python3.10/dist-packages/px4_msgs/msg/_actuator_armed.py\n'}
[1.657550] (px4_msgs) StdoutLine: {'line': b'-- Up-to-date symlink: /home/maanavjugalshah/SwarmAero/ros2_ws/install/px4_msgs/local/lib/python3.10/dist-packages/px4_msgs/msg/_actuator_armed_s.c\n'}
[1.657605] (px4_msgs) StdoutLine: {'line': b'-- Up-to-date symlink: /home/maanavjugalshah/SwarmAero/ros2_ws/install/px4_msgs/local/lib/python3.10/dist-packages/px4_msgs/msg/_actuator_controls_status.py\n'}
[1.658107] (px4_msgs) StdoutLine: {'line': b'-- Up-to-date symlink: /home/maanavjugalshah/SwarmAero/ros2_ws/install/px4_msgs/local/lib/python3.10/dist-packages/px4_msgs/msg/_actuator_controls_status_s.c\n'}
[1.658217] (px4_msgs) StdoutLine: {'line': b'-- Up-to-date symlink: /home/maanavjugalshah/SwarmAero/ros2_ws/install/px4_msgs/local/lib/python3.10/dist-packages/px4_msgs/msg/_actuator_motors.py\n'}
[1.658268] (px4_msgs) StdoutLine: {'line': b'-- Up-to-date symlink: /home/maanavjugalshah/SwarmAero/ros2_ws/install/px4_msgs/local/lib/python3.10/dist-packages/px4_msgs/msg/_actuator_motors_s.c\n'}
[1.658699] (px4_msgs) StdoutLine: {'line': b'-- Up-to-date symlink: /home/maanavjugalshah/SwarmAero/ros2_ws/install/px4_msgs/local/lib/python3.10/dist-packages/px4_msgs/msg/_actuator_outputs.py\n'}
[1.658859] (px4_msgs) StdoutLine: {'line': b'-- Up-to-date symlink: /home/maanavjugalshah/SwarmAero/ros2_ws/install/px4_msgs/local/lib/python3.10/dist-packages/px4_msgs/msg/_actuator_outputs_s.c\n'}
[1.659024] (px4_msgs) StdoutLine: {'line': b'-- Up-to-date symlink: /home/maanavjugalshah/SwarmAero/ros2_ws/install/px4_msgs/local/lib/python3.10/dist-packages/px4_msgs/msg/_actuator_servos.py\n'}
[1.659198] (px4_msgs) StdoutLine: {'line': b'-- Up-to-date symlink: /home/maanavjugalshah/SwarmAero/ros2_ws/install/px4_msgs/local/lib/python3.10/dist-packages/px4_msgs/msg/_actuator_servos_s.c\n'}
[1.659319] (px4_msgs) StdoutLine: {'line': b'-- Up-to-date symlink: /home/maanavjugalshah/SwarmAero/ros2_ws/install/px4_msgs/local/lib/python3.10/dist-packages/px4_msgs/msg/_actuator_servos_trim.py\n'}
[1.659474] (px4_msgs) StdoutLine: {'line': b'-- Up-to-date symlink: /home/maanavjugalshah/SwarmAero/ros2_ws/install/px4_msgs/local/lib/python3.10/dist-packages/px4_msgs/msg/_actuator_servos_trim_s.c\n'}
[1.659693] (px4_msgs) StdoutLine: {'line': b'-- Up-to-date symlink: /home/maanavjugalshah/SwarmAero/ros2_ws/install/px4_msgs/local/lib/python3.10/dist-packages/px4_msgs/msg/_actuator_test.py\n'}
[1.659821] (px4_msgs) StdoutLine: {'line': b'-- Up-to-date symlink: /home/maanavjugalshah/SwarmAero/ros2_ws/install/px4_msgs/local/lib/python3.10/dist-packages/px4_msgs/msg/_actuator_test_s.c\n'}
[1.659865] (px4_msgs) StdoutLine: {'line': b'-- Up-to-date symlink: /home/maanavjugalshah/SwarmAero/ros2_ws/install/px4_msgs/local/lib/python3.10/dist-packages/px4_msgs/msg/_adc_report.py\n'}
[1.659936] (px4_msgs) StdoutLine: {'line': b'-- Up-to-date symlink: /home/maanavjugalshah/SwarmAero/ros2_ws/install/px4_msgs/local/lib/python3.10/dist-packages/px4_msgs/msg/_adc_report_s.c\n'}
[1.660038] (px4_msgs) StdoutLine: {'line': b'-- Up-to-date symlink: /home/maanavjugalshah/SwarmAero/ros2_ws/install/px4_msgs/local/lib/python3.10/dist-packages/px4_msgs/msg/_airspeed.py\n'}
[1.660361] (px4_msgs) StdoutLine: {'line': b'-- Up-to-date symlink: /home/maanavjugalshah/SwarmAero/ros2_ws/install/px4_msgs/local/lib/python3.10/dist-packages/px4_msgs/msg/_airspeed_s.c\n'}
[1.660548] (px4_msgs) StdoutLine: {'line': b'-- Up-to-date symlink: /home/maanavjugalshah/SwarmAero/ros2_ws/install/px4_msgs/local/lib/python3.10/dist-packages/px4_msgs/msg/_airspeed_validated.py\n'}
[1.660614] (px4_msgs) StdoutLine: {'line': b'-- Up-to-date symlink: /home/maanavjugalshah/SwarmAero/ros2_ws/install/px4_msgs/local/lib/python3.10/dist-packages/px4_msgs/msg/_airspeed_validated_s.c\n'}
[1.660952] (px4_msgs) StdoutLine: {'line': b'-- Up-to-date symlink: /home/maanavjugalshah/SwarmAero/ros2_ws/install/px4_msgs/local/lib/python3.10/dist-packages/px4_msgs/msg/_airspeed_wind.py\n'}
[1.661267] (px4_msgs) StdoutLine: {'line': b'-- Up-to-date symlink: /home/maanavjugalshah/SwarmAero/ros2_ws/install/px4_msgs/local/lib/python3.10/dist-packages/px4_msgs/msg/_airspeed_wind_s.c\n'}
[1.661318] (px4_msgs) StdoutLine: {'line': b'-- Up-to-date symlink: /home/maanavjugalshah/SwarmAero/ros2_ws/install/px4_msgs/local/lib/python3.10/dist-packages/px4_msgs/msg/_arming_check_reply.py\n'}
[1.661401] (px4_msgs) StdoutLine: {'line': b'-- Up-to-date symlink: /home/maanavjugalshah/SwarmAero/ros2_ws/install/px4_msgs/local/lib/python3.10/dist-packages/px4_msgs/msg/_arming_check_reply_s.c\n'}
[1.661582] (px4_msgs) StdoutLine: {'line': b'-- Up-to-date symlink: /home/maanavjugalshah/SwarmAero/ros2_ws/install/px4_msgs/local/lib/python3.10/dist-packages/px4_msgs/msg/_arming_check_request.py\n'}
[1.661671] (px4_msgs) StdoutLine: {'line': b'-- Up-to-date symlink: /home/maanavjugalshah/SwarmAero/ros2_ws/install/px4_msgs/local/lib/python3.10/dist-packages/px4_msgs/msg/_arming_check_request_s.c\n'}
[1.661767] (px4_msgs) StdoutLine: {'line': b'-- Up-to-date symlink: /home/maanavjugalshah/SwarmAero/ros2_ws/install/px4_msgs/local/lib/python3.10/dist-packages/px4_msgs/msg/_autotune_attitude_control_status.py\n'}
[1.662020] (px4_msgs) StdoutLine: {'line': b'-- Up-to-date symlink: /home/maanavjugalshah/SwarmAero/ros2_ws/install/px4_msgs/local/lib/python3.10/dist-packages/px4_msgs/msg/_autotune_attitude_control_status_s.c\n'}
[1.662117] (px4_msgs) StdoutLine: {'line': b'-- Up-to-date symlink: /home/maanavjugalshah/SwarmAero/ros2_ws/install/px4_msgs/local/lib/python3.10/dist-packages/px4_msgs/msg/_aux_global_position.py\n'}
[1.662218] (px4_msgs) StdoutLine: {'line': b'-- Up-to-date symlink: /home/maanavjugalshah/SwarmAero/ros2_ws/install/px4_msgs/local/lib/python3.10/dist-packages/px4_msgs/msg/_aux_global_position_s.c\n'}
[1.662390] (px4_msgs) StdoutLine: {'line': b'-- Up-to-date symlink: /home/maanavjugalshah/SwarmAero/ros2_ws/install/px4_msgs/local/lib/python3.10/dist-packages/px4_msgs/msg/_battery_info.py\n'}
[1.662744] (px4_msgs) StdoutLine: {'line': b'-- Up-to-date symlink: /home/maanavjugalshah/SwarmAero/ros2_ws/install/px4_msgs/local/lib/python3.10/dist-packages/px4_msgs/msg/_battery_info_s.c\n'}
[1.662905] (px4_msgs) StdoutLine: {'line': b'-- Up-to-date symlink: /home/maanavjugalshah/SwarmAero/ros2_ws/install/px4_msgs/local/lib/python3.10/dist-packages/px4_msgs/msg/_battery_status.py\n'}
[1.662950] (px4_msgs) StdoutLine: {'line': b'-- Up-to-date symlink: /home/maanavjugalshah/SwarmAero/ros2_ws/install/px4_msgs/local/lib/python3.10/dist-packages/px4_msgs/msg/_battery_status_s.c\n'}
[1.663047] (px4_msgs) StdoutLine: {'line': b'-- Up-to-date symlink: /home/maanavjugalshah/SwarmAero/ros2_ws/install/px4_msgs/local/lib/python3.10/dist-packages/px4_msgs/msg/_button_event.py\n'}
[1.663172] (px4_msgs) StdoutLine: {'line': b'-- Up-to-date symlink: /home/maanavjugalshah/SwarmAero/ros2_ws/install/px4_msgs/local/lib/python3.10/dist-packages/px4_msgs/msg/_button_event_s.c\n'}
[1.663259] (px4_msgs) StdoutLine: {'line': b'-- Up-to-date symlink: /home/maanavjugalshah/SwarmAero/ros2_ws/install/px4_msgs/local/lib/python3.10/dist-packages/px4_msgs/msg/_camera_capture.py\n'}
[1.663342] (px4_msgs) StdoutLine: {'line': b'-- Up-to-date symlink: /home/maanavjugalshah/SwarmAero/ros2_ws/install/px4_msgs/local/lib/python3.10/dist-packages/px4_msgs/msg/_camera_capture_s.c\n'}
[1.663499] (px4_msgs) StdoutLine: {'line': b'-- Up-to-date symlink: /home/maanavjugalshah/SwarmAero/ros2_ws/install/px4_msgs/local/lib/python3.10/dist-packages/px4_msgs/msg/_camera_status.py\n'}
[1.663573] (px4_msgs) StdoutLine: {'line': b'-- Up-to-date symlink: /home/maanavjugalshah/SwarmAero/ros2_ws/install/px4_msgs/local/lib/python3.10/dist-packages/px4_msgs/msg/_camera_status_s.c\n'}
[1.663875] (px4_msgs) StdoutLine: {'line': b'-- Up-to-date symlink: /home/maanavjugalshah/SwarmAero/ros2_ws/install/px4_msgs/local/lib/python3.10/dist-packages/px4_msgs/msg/_camera_trigger.py\n'}
[1.664021] (px4_msgs) StdoutLine: {'line': b'-- Up-to-date symlink: /home/maanavjugalshah/SwarmAero/ros2_ws/install/px4_msgs/local/lib/python3.10/dist-packages/px4_msgs/msg/_camera_trigger_s.c\n'}
[1.664208] (px4_msgs) StdoutLine: {'line': b'-- Up-to-date symlink: /home/maanavjugalshah/SwarmAero/ros2_ws/install/px4_msgs/local/lib/python3.10/dist-packages/px4_msgs/msg/_can_interface_status.py\n'}
[1.664352] (px4_msgs) StdoutLine: {'line': b'-- Up-to-date symlink: /home/maanavjugalshah/SwarmAero/ros2_ws/install/px4_msgs/local/lib/python3.10/dist-packages/px4_msgs/msg/_can_interface_status_s.c\n'}
[1.664422] (px4_msgs) StdoutLine: {'line': b'-- Up-to-date symlink: /home/maanavjugalshah/SwarmAero/ros2_ws/install/px4_msgs/local/lib/python3.10/dist-packages/px4_msgs/msg/_cellular_status.py\n'}
[1.664538] (px4_msgs) StdoutLine: {'line': b'-- Up-to-date symlink: /home/maanavjugalshah/SwarmAero/ros2_ws/install/px4_msgs/local/lib/python3.10/dist-packages/px4_msgs/msg/_cellular_status_s.c\n'}
[1.664663] (px4_msgs) StdoutLine: {'line': b'-- Up-to-date symlink: /home/maanavjugalshah/SwarmAero/ros2_ws/install/px4_msgs/local/lib/python3.10/dist-packages/px4_msgs/msg/_collision_constraints.py\n'}
[1.664911] (px4_msgs) StdoutLine: {'line': b'-- Up-to-date symlink: /home/maanavjugalshah/SwarmAero/ros2_ws/install/px4_msgs/local/lib/python3.10/dist-packages/px4_msgs/msg/_collision_constraints_s.c\n'}
[1.665055] (px4_msgs) StdoutLine: {'line': b'-- Up-to-date symlink: /home/maanavjugalshah/SwarmAero/ros2_ws/install/px4_msgs/local/lib/python3.10/dist-packages/px4_msgs/msg/_config_overrides.py\n'}
[1.665169] (px4_msgs) StdoutLine: {'line': b'-- Up-to-date symlink: /home/maanavjugalshah/SwarmAero/ros2_ws/install/px4_msgs/local/lib/python3.10/dist-packages/px4_msgs/msg/_config_overrides_s.c\n'}
[1.665241] (px4_msgs) StdoutLine: {'line': b'-- Up-to-date symlink: /home/maanavjugalshah/SwarmAero/ros2_ws/install/px4_msgs/local/lib/python3.10/dist-packages/px4_msgs/msg/_control_allocator_status.py\n'}
[1.665460] (px4_msgs) StdoutLine: {'line': b'-- Up-to-date symlink: /home/maanavjugalshah/SwarmAero/ros2_ws/install/px4_msgs/local/lib/python3.10/dist-packages/px4_msgs/msg/_control_allocator_status_s.c\n'}
[1.665608] (px4_msgs) StdoutLine: {'line': b'-- Up-to-date symlink: /home/maanavjugalshah/SwarmAero/ros2_ws/install/px4_msgs/local/lib/python3.10/dist-packages/px4_msgs/msg/_cpuload.py\n'}
[1.666118] (px4_msgs) StdoutLine: {'line': b'-- Up-to-date symlink: /home/maanavjugalshah/SwarmAero/ros2_ws/install/px4_msgs/local/lib/python3.10/dist-packages/px4_msgs/msg/_cpuload_s.c\n'}
[1.666174] (px4_msgs) StdoutLine: {'line': b'-- Up-to-date symlink: /home/maanavjugalshah/SwarmAero/ros2_ws/install/px4_msgs/local/lib/python3.10/dist-packages/px4_msgs/msg/_dataman_request.py\n'}
[1.666574] (px4_msgs) StdoutLine: {'line': b'-- Up-to-date symlink: /home/maanavjugalshah/SwarmAero/ros2_ws/install/px4_msgs/local/lib/python3.10/dist-packages/px4_msgs/msg/_dataman_request_s.c\n'}
[1.667108] (px4_msgs) StdoutLine: {'line': b'-- Up-to-date symlink: /home/maanavjugalshah/SwarmAero/ros2_ws/install/px4_msgs/local/lib/python3.10/dist-packages/px4_msgs/msg/_dataman_response.py\n'}
[1.667298] (px4_msgs) StdoutLine: {'line': b'-- Up-to-date symlink: /home/maanavjugalshah/SwarmAero/ros2_ws/install/px4_msgs/local/lib/python3.10/dist-packages/px4_msgs/msg/_dataman_response_s.c\n'}
[1.667694] (px4_msgs) StdoutLine: {'line': b'-- Up-to-date symlink: /home/maanavjugalshah/SwarmAero/ros2_ws/install/px4_msgs/local/lib/python3.10/dist-packages/px4_msgs/msg/_debug_array.py\n'}
[1.667757] (px4_msgs) StdoutLine: {'line': b'-- Up-to-date symlink: /home/maanavjugalshah/SwarmAero/ros2_ws/install/px4_msgs/local/lib/python3.10/dist-packages/px4_msgs/msg/_debug_array_s.c\n'}
[1.667837] (px4_msgs) StdoutLine: {'line': b'-- Up-to-date symlink: /home/maanavjugalshah/SwarmAero/ros2_ws/install/px4_msgs/local/lib/python3.10/dist-packages/px4_msgs/msg/_debug_key_value.py\n'}
[1.667922] (px4_msgs) StdoutLine: {'line': b'-- Up-to-date symlink: /home/maanavjugalshah/SwarmAero/ros2_ws/install/px4_msgs/local/lib/python3.10/dist-packages/px4_msgs/msg/_debug_key_value_s.c\n'}
[1.668099] (px4_msgs) StdoutLine: {'line': b'-- Up-to-date symlink: /home/maanavjugalshah/SwarmAero/ros2_ws/install/px4_msgs/local/lib/python3.10/dist-packages/px4_msgs/msg/_debug_value.py\n'}
[1.668300] (px4_msgs) StdoutLine: {'line': b'-- Up-to-date symlink: /home/maanavjugalshah/SwarmAero/ros2_ws/install/px4_msgs/local/lib/python3.10/dist-packages/px4_msgs/msg/_debug_value_s.c\n'}
[1.668354] (px4_msgs) StdoutLine: {'line': b'-- Up-to-date symlink: /home/maanavjugalshah/SwarmAero/ros2_ws/install/px4_msgs/local/lib/python3.10/dist-packages/px4_msgs/msg/_debug_vect.py\n'}
[1.668428] (px4_msgs) StdoutLine: {'line': b'-- Up-to-date symlink: /home/maanavjugalshah/SwarmAero/ros2_ws/install/px4_msgs/local/lib/python3.10/dist-packages/px4_msgs/msg/_debug_vect_s.c\n'}
[1.668512] (px4_msgs) StdoutLine: {'line': b'-- Up-to-date symlink: /home/maanavjugalshah/SwarmAero/ros2_ws/install/px4_msgs/local/lib/python3.10/dist-packages/px4_msgs/msg/_device_information.py\n'}
[1.668694] (px4_msgs) StdoutLine: {'line': b'-- Up-to-date symlink: /home/maanavjugalshah/SwarmAero/ros2_ws/install/px4_msgs/local/lib/python3.10/dist-packages/px4_msgs/msg/_device_information_s.c\n'}
[1.668780] (px4_msgs) StdoutLine: {'line': b'-- Up-to-date symlink: /home/maanavjugalshah/SwarmAero/ros2_ws/install/px4_msgs/local/lib/python3.10/dist-packages/px4_msgs/msg/_differential_pressure.py\n'}
[1.669044] (px4_msgs) StdoutLine: {'line': b'-- Up-to-date symlink: /home/maanavjugalshah/SwarmAero/ros2_ws/install/px4_msgs/local/lib/python3.10/dist-packages/px4_msgs/msg/_differential_pressure_s.c\n'}
[1.669113] (px4_msgs) StdoutLine: {'line': b'-- Up-to-date symlink: /home/maanavjugalshah/SwarmAero/ros2_ws/install/px4_msgs/local/lib/python3.10/dist-packages/px4_msgs/msg/_distance_sensor.py\n'}
[1.669181] (px4_msgs) StdoutLine: {'line': b'-- Up-to-date symlink: /home/maanavjugalshah/SwarmAero/ros2_ws/install/px4_msgs/local/lib/python3.10/dist-packages/px4_msgs/msg/_distance_sensor_mode_change_request.py\n'}
[1.669553] (px4_msgs) StdoutLine: {'line': b'-- Up-to-date symlink: /home/maanavjugalshah/SwarmAero/ros2_ws/install/px4_msgs/local/lib/python3.10/dist-packages/px4_msgs/msg/_distance_sensor_mode_change_request_s.c\n'}
[1.669986] (px4_msgs) StdoutLine: {'line': b'-- Up-to-date symlink: /home/maanavjugalshah/SwarmAero/ros2_ws/install/px4_msgs/local/lib/python3.10/dist-packages/px4_msgs/msg/_distance_sensor_s.c\n'}
[1.670202] (px4_msgs) StdoutLine: {'line': b'-- Up-to-date symlink: /home/maanavjugalshah/SwarmAero/ros2_ws/install/px4_msgs/local/lib/python3.10/dist-packages/px4_msgs/msg/_dronecan_node_status.py\n'}
[1.670390] (px4_msgs) StdoutLine: {'line': b'-- Up-to-date symlink: /home/maanavjugalshah/SwarmAero/ros2_ws/install/px4_msgs/local/lib/python3.10/dist-packages/px4_msgs/msg/_dronecan_node_status_s.c\n'}
[1.670523] (px4_msgs) StdoutLine: {'line': b'-- Up-to-date symlink: /home/maanavjugalshah/SwarmAero/ros2_ws/install/px4_msgs/local/lib/python3.10/dist-packages/px4_msgs/msg/_ekf2_timestamps.py\n'}
[1.670947] (px4_msgs) StdoutLine: {'line': b'-- Up-to-date symlink: /home/maanavjugalshah/SwarmAero/ros2_ws/install/px4_msgs/local/lib/python3.10/dist-packages/px4_msgs/msg/_ekf2_timestamps_s.c\n'}
[1.671038] (px4_msgs) StdoutLine: {'line': b'-- Up-to-date symlink: /home/maanavjugalshah/SwarmAero/ros2_ws/install/px4_msgs/local/lib/python3.10/dist-packages/px4_msgs/msg/_esc_eeprom_read.py\n'}
[1.671343] (px4_msgs) StdoutLine: {'line': b'-- Up-to-date symlink: /home/maanavjugalshah/SwarmAero/ros2_ws/install/px4_msgs/local/lib/python3.10/dist-packages/px4_msgs/msg/_esc_eeprom_read_s.c\n'}
[1.671450] (px4_msgs) StdoutLine: {'line': b'-- Up-to-date symlink: /home/maanavjugalshah/SwarmAero/ros2_ws/install/px4_msgs/local/lib/python3.10/dist-packages/px4_msgs/msg/_esc_eeprom_write.py\n'}
[1.671525] (px4_msgs) StdoutLine: {'line': b'-- Up-to-date symlink: /home/maanavjugalshah/SwarmAero/ros2_ws/install/px4_msgs/local/lib/python3.10/dist-packages/px4_msgs/msg/_esc_eeprom_write_s.c\n'}
[1.671718] (px4_msgs) StdoutLine: {'line': b'-- Up-to-date symlink: /home/maanavjugalshah/SwarmAero/ros2_ws/install/px4_msgs/local/lib/python3.10/dist-packages/px4_msgs/msg/_esc_report.py\n'}
[1.671842] (px4_msgs) StdoutLine: {'line': b'-- Up-to-date symlink: /home/maanavjugalshah/SwarmAero/ros2_ws/install/px4_msgs/local/lib/python3.10/dist-packages/px4_msgs/msg/_esc_report_s.c\n'}
[1.672134] (px4_msgs) StdoutLine: {'line': b'-- Up-to-date symlink: /home/maanavjugalshah/SwarmAero/ros2_ws/install/px4_msgs/local/lib/python3.10/dist-packages/px4_msgs/msg/_esc_status.py\n'}
[1.672254] (px4_msgs) StdoutLine: {'line': b'-- Up-to-date symlink: /home/maanavjugalshah/SwarmAero/ros2_ws/install/px4_msgs/local/lib/python3.10/dist-packages/px4_msgs/msg/_esc_status_s.c\n'}
[1.672371] (px4_msgs) StdoutLine: {'line': b'-- Up-to-date symlink: /home/maanavjugalshah/SwarmAero/ros2_ws/install/px4_msgs/local/lib/python3.10/dist-packages/px4_msgs/msg/_estimator_aid_source1d.py\n'}
[1.672559] (px4_msgs) StdoutLine: {'line': b'-- Up-to-date symlink: /home/maanavjugalshah/SwarmAero/ros2_ws/install/px4_msgs/local/lib/python3.10/dist-packages/px4_msgs/msg/_estimator_aid_source1d_s.c\n'}
[1.672826] (px4_msgs) StdoutLine: {'line': b'-- Up-to-date symlink: /home/maanavjugalshah/SwarmAero/ros2_ws/install/px4_msgs/local/lib/python3.10/dist-packages/px4_msgs/msg/_estimator_aid_source2d.py\n'}
[1.672971] (px4_msgs) StdoutLine: {'line': b'-- Up-to-date symlink: /home/maanavjugalshah/SwarmAero/ros2_ws/install/px4_msgs/local/lib/python3.10/dist-packages/px4_msgs/msg/_estimator_aid_source2d_s.c\n'}
[1.673440] (px4_msgs) StdoutLine: {'line': b'-- Up-to-date symlink: /home/maanavjugalshah/SwarmAero/ros2_ws/install/px4_msgs/local/lib/python3.10/dist-packages/px4_msgs/msg/_estimator_aid_source3d.py\n'}
[1.673920] (px4_msgs) StdoutLine: {'line': b'-- Up-to-date symlink: /home/maanavjugalshah/SwarmAero/ros2_ws/install/px4_msgs/local/lib/python3.10/dist-packages/px4_msgs/msg/_estimator_aid_source3d_s.c\n'}
[1.674148] (px4_msgs) StdoutLine: {'line': b'-- Up-to-date symlink: /home/maanavjugalshah/SwarmAero/ros2_ws/install/px4_msgs/local/lib/python3.10/dist-packages/px4_msgs/msg/_estimator_bias.py\n'}
[1.674446] (px4_msgs) StdoutLine: {'line': b'-- Up-to-date symlink: /home/maanavjugalshah/SwarmAero/ros2_ws/install/px4_msgs/local/lib/python3.10/dist-packages/px4_msgs/msg/_estimator_bias3d.py\n'}
[1.674593] (px4_msgs) StdoutLine: {'line': b'-- Up-to-date symlink: /home/maanavjugalshah/SwarmAero/ros2_ws/install/px4_msgs/local/lib/python3.10/dist-packages/px4_msgs/msg/_estimator_bias3d_s.c\n'}
[1.674779] (px4_msgs) StdoutLine: {'line': b'-- Up-to-date symlink: /home/maanavjugalshah/SwarmAero/ros2_ws/install/px4_msgs/local/lib/python3.10/dist-packages/px4_msgs/msg/_estimator_bias_s.c\n'}
[1.674909] (px4_msgs) StdoutLine: {'line': b'-- Up-to-date symlink: /home/maanavjugalshah/SwarmAero/ros2_ws/install/px4_msgs/local/lib/python3.10/dist-packages/px4_msgs/msg/_estimator_event_flags.py\n'}
[1.674997] (px4_msgs) StdoutLine: {'line': b'-- Up-to-date symlink: /home/maanavjugalshah/SwarmAero/ros2_ws/install/px4_msgs/local/lib/python3.10/dist-packages/px4_msgs/msg/_estimator_event_flags_s.c\n'}
[1.675221] (px4_msgs) StdoutLine: {'line': b'-- Up-to-date symlink: /home/maanavjugalshah/SwarmAero/ros2_ws/install/px4_msgs/local/lib/python3.10/dist-packages/px4_msgs/msg/_estimator_fusion_control.py\n'}
[1.675318] (px4_msgs) StdoutLine: {'line': b'-- Up-to-date symlink: /home/maanavjugalshah/SwarmAero/ros2_ws/install/px4_msgs/local/lib/python3.10/dist-packages/px4_msgs/msg/_estimator_fusion_control_s.c\n'}
[1.675707] (px4_msgs) StdoutLine: {'line': b'-- Up-to-date symlink: /home/maanavjugalshah/SwarmAero/ros2_ws/install/px4_msgs/local/lib/python3.10/dist-packages/px4_msgs/msg/_estimator_gps_status.py\n'}
[1.675788] (px4_msgs) StdoutLine: {'line': b'-- Up-to-date symlink: /home/maanavjugalshah/SwarmAero/ros2_ws/install/px4_msgs/local/lib/python3.10/dist-packages/px4_msgs/msg/_estimator_gps_status_s.c\n'}
[1.675911] (px4_msgs) StdoutLine: {'line': b'-- Up-to-date symlink: /home/maanavjugalshah/SwarmAero/ros2_ws/install/px4_msgs/local/lib/python3.10/dist-packages/px4_msgs/msg/_estimator_innovations.py\n'}
[1.676028] (px4_msgs) StdoutLine: {'line': b'-- Up-to-date symlink: /home/maanavjugalshah/SwarmAero/ros2_ws/install/px4_msgs/local/lib/python3.10/dist-packages/px4_msgs/msg/_estimator_innovations_s.c\n'}
[1.676174] (px4_msgs) StdoutLine: {'line': b'-- Up-to-date symlink: /home/maanavjugalshah/SwarmAero/ros2_ws/install/px4_msgs/local/lib/python3.10/dist-packages/px4_msgs/msg/_estimator_selector_status.py\n'}
[1.676385] (px4_msgs) StdoutLine: {'line': b'-- Up-to-date symlink: /home/maanavjugalshah/SwarmAero/ros2_ws/install/px4_msgs/local/lib/python3.10/dist-packages/px4_msgs/msg/_estimator_selector_status_s.c\n'}
[1.676761] (px4_msgs) StdoutLine: {'line': b'-- Up-to-date symlink: /home/maanavjugalshah/SwarmAero/ros2_ws/install/px4_msgs/local/lib/python3.10/dist-packages/px4_msgs/msg/_estimator_sensor_bias.py\n'}
[1.677070] (px4_msgs) StdoutLine: {'line': b'-- Up-to-date symlink: /home/maanavjugalshah/SwarmAero/ros2_ws/install/px4_msgs/local/lib/python3.10/dist-packages/px4_msgs/msg/_estimator_sensor_bias_s.c\n'}
[1.677210] (px4_msgs) StdoutLine: {'line': b'-- Up-to-date symlink: /home/maanavjugalshah/SwarmAero/ros2_ws/install/px4_msgs/local/lib/python3.10/dist-packages/px4_msgs/msg/_estimator_states.py\n'}
[1.677302] (px4_msgs) StdoutLine: {'line': b'-- Up-to-date symlink: /home/maanavjugalshah/SwarmAero/ros2_ws/install/px4_msgs/local/lib/python3.10/dist-packages/px4_msgs/msg/_estimator_states_s.c\n'}
[1.677829] (px4_msgs) StdoutLine: {'line': b'-- Up-to-date symlink: /home/maanavjugalshah/SwarmAero/ros2_ws/install/px4_msgs/local/lib/python3.10/dist-packages/px4_msgs/msg/_estimator_status.py\n'}
[1.678037] (px4_msgs) StdoutLine: {'line': b'-- Up-to-date symlink: /home/maanavjugalshah/SwarmAero/ros2_ws/install/px4_msgs/local/lib/python3.10/dist-packages/px4_msgs/msg/_estimator_status_flags.py\n'}
[1.678159] (px4_msgs) StdoutLine: {'line': b'-- Up-to-date symlink: /home/maanavjugalshah/SwarmAero/ros2_ws/install/px4_msgs/local/lib/python3.10/dist-packages/px4_msgs/msg/_estimator_status_flags_s.c\n'}
[1.678279] (px4_msgs) StdoutLine: {'line': b'-- Up-to-date symlink: /home/maanavjugalshah/SwarmAero/ros2_ws/install/px4_msgs/local/lib/python3.10/dist-packages/px4_msgs/msg/_estimator_status_s.c\n'}
[1.678520] (px4_msgs) StdoutLine: {'line': b'-- Up-to-date symlink: /home/maanavjugalshah/SwarmAero/ros2_ws/install/px4_msgs/local/lib/python3.10/dist-packages/px4_msgs/msg/_event.py\n'}
[1.678713] (px4_msgs) StdoutLine: {'line': b'-- Up-to-date symlink: /home/maanavjugalshah/SwarmAero/ros2_ws/install/px4_msgs/local/lib/python3.10/dist-packages/px4_msgs/msg/_event_s.c\n'}
[1.678809] (px4_msgs) StdoutLine: {'line': b'-- Up-to-date symlink: /home/maanavjugalshah/SwarmAero/ros2_ws/install/px4_msgs/local/lib/python3.10/dist-packages/px4_msgs/msg/_failsafe_flags.py\n'}
[1.678943] (px4_msgs) StdoutLine: {'line': b'-- Up-to-date symlink: /home/maanavjugalshah/SwarmAero/ros2_ws/install/px4_msgs/local/lib/python3.10/dist-packages/px4_msgs/msg/_failsafe_flags_s.c\n'}
[1.679009] (px4_msgs) StdoutLine: {'line': b'-- Up-to-date symlink: /home/maanavjugalshah/SwarmAero/ros2_ws/install/px4_msgs/local/lib/python3.10/dist-packages/px4_msgs/msg/_failure_detector_status.py\n'}
[1.679123] (px4_msgs) StdoutLine: {'line': b'-- Up-to-date symlink: /home/maanavjugalshah/SwarmAero/ros2_ws/install/px4_msgs/local/lib/python3.10/dist-packages/px4_msgs/msg/_failure_detector_status_s.c\n'}
[1.679326] (px4_msgs) StdoutLine: {'line': b'-- Up-to-date symlink: /home/maanavjugalshah/SwarmAero/ros2_ws/install/px4_msgs/local/lib/python3.10/dist-packages/px4_msgs/msg/_figure_eight_status.py\n'}
[1.679412] (px4_msgs) StdoutLine: {'line': b'-- Up-to-date symlink: /home/maanavjugalshah/SwarmAero/ros2_ws/install/px4_msgs/local/lib/python3.10/dist-packages/px4_msgs/msg/_figure_eight_status_s.c\n'}
[1.679647] (px4_msgs) StdoutLine: {'line': b'-- Up-to-date symlink: /home/maanavjugalshah/SwarmAero/ros2_ws/install/px4_msgs/local/lib/python3.10/dist-packages/px4_msgs/msg/_fixed_wing_lateral_guidance_status.py\n'}
[1.679733] (px4_msgs) StdoutLine: {'line': b'-- Up-to-date symlink: /home/maanavjugalshah/SwarmAero/ros2_ws/install/px4_msgs/local/lib/python3.10/dist-packages/px4_msgs/msg/_fixed_wing_lateral_guidance_status_s.c\n'}
[1.679957] (px4_msgs) StdoutLine: {'line': b'-- Up-to-date symlink: /home/maanavjugalshah/SwarmAero/ros2_ws/install/px4_msgs/local/lib/python3.10/dist-packages/px4_msgs/msg/_fixed_wing_lateral_setpoint.py\n'}
[1.680072] (px4_msgs) StdoutLine: {'line': b'-- Up-to-date symlink: /home/maanavjugalshah/SwarmAero/ros2_ws/install/px4_msgs/local/lib/python3.10/dist-packages/px4_msgs/msg/_fixed_wing_lateral_setpoint_s.c\n'}
[1.680172] (px4_msgs) StdoutLine: {'line': b'-- Up-to-date symlink: /home/maanavjugalshah/SwarmAero/ros2_ws/install/px4_msgs/local/lib/python3.10/dist-packages/px4_msgs/msg/_fixed_wing_lateral_status.py\n'}
[1.680286] (px4_msgs) StdoutLine: {'line': b'-- Up-to-date symlink: /home/maanavjugalshah/SwarmAero/ros2_ws/install/px4_msgs/local/lib/python3.10/dist-packages/px4_msgs/msg/_fixed_wing_lateral_status_s.c\n'}
[1.680657] (px4_msgs) StdoutLine: {'line': b'-- Up-to-date symlink: /home/maanavjugalshah/SwarmAero/ros2_ws/install/px4_msgs/local/lib/python3.10/dist-packages/px4_msgs/msg/_fixed_wing_longitudinal_setpoint.py\n'}
[1.680724] (px4_msgs) StdoutLine: {'line': b'-- Up-to-date symlink: /home/maanavjugalshah/SwarmAero/ros2_ws/install/px4_msgs/local/lib/python3.10/dist-packages/px4_msgs/msg/_fixed_wing_longitudinal_setpoint_s.c\n'}
[1.681040] (px4_msgs) StdoutLine: {'line': b'-- Up-to-date symlink: /home/maanavjugalshah/SwarmAero/ros2_ws/install/px4_msgs/local/lib/python3.10/dist-packages/px4_msgs/msg/_fixed_wing_runway_control.py\n'}
[1.681468] (px4_msgs) StdoutLine: {'line': b'-- Up-to-date symlink: /home/maanavjugalshah/SwarmAero/ros2_ws/install/px4_msgs/local/lib/python3.10/dist-packages/px4_msgs/msg/_fixed_wing_runway_control_s.c\n'}
[1.681546] (px4_msgs) StdoutLine: {'line': b'-- Up-to-date symlink: /home/maanavjugalshah/SwarmAero/ros2_ws/install/px4_msgs/local/lib/python3.10/dist-packages/px4_msgs/msg/_flight_phase_estimation.py\n'}
[1.681635] (px4_msgs) StdoutLine: {'line': b'-- Up-to-date symlink: /home/maanavjugalshah/SwarmAero/ros2_ws/install/px4_msgs/local/lib/python3.10/dist-packages/px4_msgs/msg/_flight_phase_estimation_s.c\n'}
[1.681705] (px4_msgs) StdoutLine: {'line': b'-- Up-to-date symlink: /home/maanavjugalshah/SwarmAero/ros2_ws/install/px4_msgs/local/lib/python3.10/dist-packages/px4_msgs/msg/_follow_target.py\n'}
[1.681905] (px4_msgs) StdoutLine: {'line': b'-- Up-to-date symlink: /home/maanavjugalshah/SwarmAero/ros2_ws/install/px4_msgs/local/lib/python3.10/dist-packages/px4_msgs/msg/_follow_target_estimator.py\n'}
[1.682117] (px4_msgs) StdoutLine: {'line': b'-- Up-to-date symlink: /home/maanavjugalshah/SwarmAero/ros2_ws/install/px4_msgs/local/lib/python3.10/dist-packages/px4_msgs/msg/_follow_target_estimator_s.c\n'}
[1.682163] (px4_msgs) StdoutLine: {'line': b'-- Up-to-date symlink: /home/maanavjugalshah/SwarmAero/ros2_ws/install/px4_msgs/local/lib/python3.10/dist-packages/px4_msgs/msg/_follow_target_s.c\n'}
[1.682231] (px4_msgs) StdoutLine: {'line': b'-- Up-to-date symlink: /home/maanavjugalshah/SwarmAero/ros2_ws/install/px4_msgs/local/lib/python3.10/dist-packages/px4_msgs/msg/_follow_target_status.py\n'}
[1.682767] (px4_msgs) StdoutLine: {'line': b'-- Up-to-date symlink: /home/maanavjugalshah/SwarmAero/ros2_ws/install/px4_msgs/local/lib/python3.10/dist-packages/px4_msgs/msg/_follow_target_status_s.c\n'}
[1.682868] (px4_msgs) StdoutLine: {'line': b'-- Up-to-date symlink: /home/maanavjugalshah/SwarmAero/ros2_ws/install/px4_msgs/local/lib/python3.10/dist-packages/px4_msgs/msg/_fuel_tank_status.py\n'}
[1.682914] (px4_msgs) StdoutLine: {'line': b'-- Up-to-date symlink: /home/maanavjugalshah/SwarmAero/ros2_ws/install/px4_msgs/local/lib/python3.10/dist-packages/px4_msgs/msg/_fuel_tank_status_s.c\n'}
[1.682979] (px4_msgs) StdoutLine: {'line': b'-- Up-to-date symlink: /home/maanavjugalshah/SwarmAero/ros2_ws/install/px4_msgs/local/lib/python3.10/dist-packages/px4_msgs/msg/_gain_compression.py\n'}
[1.683215] (px4_msgs) StdoutLine: {'line': b'-- Up-to-date symlink: /home/maanavjugalshah/SwarmAero/ros2_ws/install/px4_msgs/local/lib/python3.10/dist-packages/px4_msgs/msg/_gain_compression_s.c\n'}
[1.683449] (px4_msgs) StdoutLine: {'line': b'-- Up-to-date symlink: /home/maanavjugalshah/SwarmAero/ros2_ws/install/px4_msgs/local/lib/python3.10/dist-packages/px4_msgs/msg/_generator_status.py\n'}
[1.683667] (px4_msgs) StdoutLine: {'line': b'-- Up-to-date symlink: /home/maanavjugalshah/SwarmAero/ros2_ws/install/px4_msgs/local/lib/python3.10/dist-packages/px4_msgs/msg/_generator_status_s.c\n'}
[1.683713] (px4_msgs) StdoutLine: {'line': b'-- Up-to-date symlink: /home/maanavjugalshah/SwarmAero/ros2_ws/install/px4_msgs/local/lib/python3.10/dist-packages/px4_msgs/msg/_geofence_result.py\n'}
[1.683808] (px4_msgs) StdoutLine: {'line': b'-- Up-to-date symlink: /home/maanavjugalshah/SwarmAero/ros2_ws/install/px4_msgs/local/lib/python3.10/dist-packages/px4_msgs/msg/_geofence_result_s.c\n'}
[1.683893] (px4_msgs) StdoutLine: {'line': b'-- Up-to-date symlink: /home/maanavjugalshah/SwarmAero/ros2_ws/install/px4_msgs/local/lib/python3.10/dist-packages/px4_msgs/msg/_geofence_status.py\n'}
[1.684080] (px4_msgs) StdoutLine: {'line': b'-- Up-to-date symlink: /home/maanavjugalshah/SwarmAero/ros2_ws/install/px4_msgs/local/lib/python3.10/dist-packages/px4_msgs/msg/_geofence_status_s.c\n'}
[1.684341] (px4_msgs) StdoutLine: {'line': b'-- Up-to-date symlink: /home/maanavjugalshah/SwarmAero/ros2_ws/install/px4_msgs/local/lib/python3.10/dist-packages/px4_msgs/msg/_gimbal_controls.py\n'}
[1.684656] (px4_msgs) StdoutLine: {'line': b'-- Up-to-date symlink: /home/maanavjugalshah/SwarmAero/ros2_ws/install/px4_msgs/local/lib/python3.10/dist-packages/px4_msgs/msg/_gimbal_controls_s.c\n'}
[1.684871] (px4_msgs) StdoutLine: {'line': b'-- Up-to-date symlink: /home/maanavjugalshah/SwarmAero/ros2_ws/install/px4_msgs/local/lib/python3.10/dist-packages/px4_msgs/msg/_gimbal_device_attitude_status.py\n'}
[1.684941] (px4_msgs) StdoutLine: {'line': b'-- Up-to-date symlink: /home/maanavjugalshah/SwarmAero/ros2_ws/install/px4_msgs/local/lib/python3.10/dist-packages/px4_msgs/msg/_gimbal_device_attitude_status_s.c\n'}
[1.685458] (px4_msgs) StdoutLine: {'line': b'-- Up-to-date symlink: /home/maanavjugalshah/SwarmAero/ros2_ws/install/px4_msgs/local/lib/python3.10/dist-packages/px4_msgs/msg/_gimbal_device_information.py\n'}
[1.685732] (px4_msgs) StdoutLine: {'line': b'-- Up-to-date symlink: /home/maanavjugalshah/SwarmAero/ros2_ws/install/px4_msgs/local/lib/python3.10/dist-packages/px4_msgs/msg/_gimbal_device_information_s.c\n'}
[1.685980] (px4_msgs) StdoutLine: {'line': b'-- Up-to-date symlink: /home/maanavjugalshah/SwarmAero/ros2_ws/install/px4_msgs/local/lib/python3.10/dist-packages/px4_msgs/msg/_gimbal_device_set_attitude.py\n'}
[1.686076] (px4_msgs) StdoutLine: {'line': b'-- Up-to-date symlink: /home/maanavjugalshah/SwarmAero/ros2_ws/install/px4_msgs/local/lib/python3.10/dist-packages/px4_msgs/msg/_gimbal_device_set_attitude_s.c\n'}
[1.686203] (px4_msgs) StdoutLine: {'line': b'-- Up-to-date symlink: /home/maanavjugalshah/SwarmAero/ros2_ws/install/px4_msgs/local/lib/python3.10/dist-packages/px4_msgs/msg/_gimbal_manager_information.py\n'}
[1.686404] (px4_msgs) StdoutLine: {'line': b'-- Up-to-date symlink: /home/maanavjugalshah/SwarmAero/ros2_ws/install/px4_msgs/local/lib/python3.10/dist-packages/px4_msgs/msg/_gimbal_manager_information_s.c\n'}
[1.686502] (px4_msgs) StdoutLine: {'line': b'-- Up-to-date symlink: /home/maanavjugalshah/SwarmAero/ros2_ws/install/px4_msgs/local/lib/python3.10/dist-packages/px4_msgs/msg/_gimbal_manager_set_attitude.py\n'}
[1.686591] (px4_msgs) StdoutLine: {'line': b'-- Up-to-date symlink: /home/maanavjugalshah/SwarmAero/ros2_ws/install/px4_msgs/local/lib/python3.10/dist-packages/px4_msgs/msg/_gimbal_manager_set_attitude_s.c\n'}
[1.686706] (px4_msgs) StdoutLine: {'line': b'-- Up-to-date symlink: /home/maanavjugalshah/SwarmAero/ros2_ws/install/px4_msgs/local/lib/python3.10/dist-packages/px4_msgs/msg/_gimbal_manager_set_manual_control.py\n'}
[1.687005] (px4_msgs) StdoutLine: {'line': b'-- Up-to-date symlink: /home/maanavjugalshah/SwarmAero/ros2_ws/install/px4_msgs/local/lib/python3.10/dist-packages/px4_msgs/msg/_gimbal_manager_set_manual_control_s.c\n'}
[1.687075] (px4_msgs) StdoutLine: {'line': b'-- Up-to-date symlink: /home/maanavjugalshah/SwarmAero/ros2_ws/install/px4_msgs/local/lib/python3.10/dist-packages/px4_msgs/msg/_gimbal_manager_status.py\n'}
[1.687118] (px4_msgs) StdoutLine: {'line': b'-- Up-to-date symlink: /home/maanavjugalshah/SwarmAero/ros2_ws/install/px4_msgs/local/lib/python3.10/dist-packages/px4_msgs/msg/_gimbal_manager_status_s.c\n'}
[1.687294] (px4_msgs) StdoutLine: {'line': b'-- Up-to-date symlink: /home/maanavjugalshah/SwarmAero/ros2_ws/install/px4_msgs/local/lib/python3.10/dist-packages/px4_msgs/msg/_goto_setpoint.py\n'}
[1.687343] (px4_msgs) StdoutLine: {'line': b'-- Up-to-date symlink: /home/maanavjugalshah/SwarmAero/ros2_ws/install/px4_msgs/local/lib/python3.10/dist-packages/px4_msgs/msg/_goto_setpoint_s.c\n'}
[1.687584] (px4_msgs) StdoutLine: {'line': b'-- Up-to-date symlink: /home/maanavjugalshah/SwarmAero/ros2_ws/install/px4_msgs/local/lib/python3.10/dist-packages/px4_msgs/msg/_gpio_config.py\n'}
[1.687818] (px4_msgs) StdoutLine: {'line': b'-- Up-to-date symlink: /home/maanavjugalshah/SwarmAero/ros2_ws/install/px4_msgs/local/lib/python3.10/dist-packages/px4_msgs/msg/_gpio_config_s.c\n'}
[1.687965] (px4_msgs) StdoutLine: {'line': b'-- Up-to-date symlink: /home/maanavjugalshah/SwarmAero/ros2_ws/install/px4_msgs/local/lib/python3.10/dist-packages/px4_msgs/msg/_gpio_in.py\n'}
[1.688018] (px4_msgs) StdoutLine: {'line': b'-- Up-to-date symlink: /home/maanavjugalshah/SwarmAero/ros2_ws/install/px4_msgs/local/lib/python3.10/dist-packages/px4_msgs/msg/_gpio_in_s.c\n'}
[1.688141] (px4_msgs) StdoutLine: {'line': b'-- Up-to-date symlink: /home/maanavjugalshah/SwarmAero/ros2_ws/install/px4_msgs/local/lib/python3.10/dist-packages/px4_msgs/msg/_gpio_out.py\n'}
[1.688208] (px4_msgs) StdoutLine: {'line': b'-- Up-to-date symlink: /home/maanavjugalshah/SwarmAero/ros2_ws/install/px4_msgs/local/lib/python3.10/dist-packages/px4_msgs/msg/_gpio_out_s.c\n'}
[1.688417] (px4_msgs) StdoutLine: {'line': b'-- Up-to-date symlink: /home/maanavjugalshah/SwarmAero/ros2_ws/install/px4_msgs/local/lib/python3.10/dist-packages/px4_msgs/msg/_gpio_request.py\n'}
[1.688519] (px4_msgs) StdoutLine: {'line': b'-- Up-to-date symlink: /home/maanavjugalshah/SwarmAero/ros2_ws/install/px4_msgs/local/lib/python3.10/dist-packages/px4_msgs/msg/_gpio_request_s.c\n'}
[1.688653] (px4_msgs) StdoutLine: {'line': b'-- Up-to-date symlink: /home/maanavjugalshah/SwarmAero/ros2_ws/install/px4_msgs/local/lib/python3.10/dist-packages/px4_msgs/msg/_gps_dump.py\n'}
[1.688741] (px4_msgs) StdoutLine: {'line': b'-- Up-to-date symlink: /home/maanavjugalshah/SwarmAero/ros2_ws/install/px4_msgs/local/lib/python3.10/dist-packages/px4_msgs/msg/_gps_dump_s.c\n'}
[1.688811] (px4_msgs) StdoutLine: {'line': b'-- Up-to-date symlink: /home/maanavjugalshah/SwarmAero/ros2_ws/install/px4_msgs/local/lib/python3.10/dist-packages/px4_msgs/msg/_gps_inject_data.py\n'}
[1.688993] (px4_msgs) StdoutLine: {'line': b'-- Up-to-date symlink: /home/maanavjugalshah/SwarmAero/ros2_ws/install/px4_msgs/local/lib/python3.10/dist-packages/px4_msgs/msg/_gps_inject_data_s.c\n'}
[1.689079] (px4_msgs) StdoutLine: {'line': b'-- Up-to-date symlink: /home/maanavjugalshah/SwarmAero/ros2_ws/install/px4_msgs/local/lib/python3.10/dist-packages/px4_msgs/msg/_gripper.py\n'}
[1.689192] (px4_msgs) StdoutLine: {'line': b'-- Up-to-date symlink: /home/maanavjugalshah/SwarmAero/ros2_ws/install/px4_msgs/local/lib/python3.10/dist-packages/px4_msgs/msg/_gripper_s.c\n'}
[1.689426] (px4_msgs) StdoutLine: {'line': b'-- Up-to-date symlink: /home/maanavjugalshah/SwarmAero/ros2_ws/install/px4_msgs/local/lib/python3.10/dist-packages/px4_msgs/msg/_health_report.py\n'}
[1.689540] (px4_msgs) StdoutLine: {'line': b'-- Up-to-date symlink: /home/maanavjugalshah/SwarmAero/ros2_ws/install/px4_msgs/local/lib/python3.10/dist-packages/px4_msgs/msg/_health_report_s.c\n'}
[1.689586] (px4_msgs) StdoutLine: {'line': b'-- Up-to-date symlink: /home/maanavjugalshah/SwarmAero/ros2_ws/install/px4_msgs/local/lib/python3.10/dist-packages/px4_msgs/msg/_heater_status.py\n'}
[1.689623] (px4_msgs) StdoutLine: {'line': b'-- Up-to-date symlink: /home/maanavjugalshah/SwarmAero/ros2_ws/install/px4_msgs/local/lib/python3.10/dist-packages/px4_msgs/msg/_heater_status_s.c\n'}
[1.689659] (px4_msgs) StdoutLine: {'line': b'-- Up-to-date symlink: /home/maanavjugalshah/SwarmAero/ros2_ws/install/px4_msgs/local/lib/python3.10/dist-packages/px4_msgs/msg/_home_position.py\n'}
[1.689693] (px4_msgs) StdoutLine: {'line': b'-- Up-to-date symlink: /home/maanavjugalshah/SwarmAero/ros2_ws/install/px4_msgs/local/lib/python3.10/dist-packages/px4_msgs/msg/_home_position_s.c\n'}
[1.689727] (px4_msgs) StdoutLine: {'line': b'-- Up-to-date symlink: /home/maanavjugalshah/SwarmAero/ros2_ws/install/px4_msgs/local/lib/python3.10/dist-packages/px4_msgs/msg/_hover_thrust_estimate.py\n'}
[1.689789] (px4_msgs) StdoutLine: {'line': b'-- Up-to-date symlink: /home/maanavjugalshah/SwarmAero/ros2_ws/install/px4_msgs/local/lib/python3.10/dist-packages/px4_msgs/msg/_hover_thrust_estimate_s.c\n'}
[1.689898] (px4_msgs) StdoutLine: {'line': b'-- Up-to-date symlink: /home/maanavjugalshah/SwarmAero/ros2_ws/install/px4_msgs/local/lib/python3.10/dist-packages/px4_msgs/msg/_input_rc.py\n'}
[1.689965] (px4_msgs) StdoutLine: {'line': b'-- Up-to-date symlink: /home/maanavjugalshah/SwarmAero/ros2_ws/install/px4_msgs/local/lib/python3.10/dist-packages/px4_msgs/msg/_input_rc_s.c\n'}
[1.690127] (px4_msgs) StdoutLine: {'line': b'-- Up-to-date symlink: /home/maanavjugalshah/SwarmAero/ros2_ws/install/px4_msgs/local/lib/python3.10/dist-packages/px4_msgs/msg/_internal_combustion_engine_control.py\n'}
[1.690194] (px4_msgs) StdoutLine: {'line': b'-- Up-to-date symlink: /home/maanavjugalshah/SwarmAero/ros2_ws/install/px4_msgs/local/lib/python3.10/dist-packages/px4_msgs/msg/_internal_combustion_engine_control_s.c\n'}
[1.690281] (px4_msgs) StdoutLine: {'line': b'-- Up-to-date symlink: /home/maanavjugalshah/SwarmAero/ros2_ws/install/px4_msgs/local/lib/python3.10/dist-packages/px4_msgs/msg/_internal_combustion_engine_status.py\n'}
[1.690336] (px4_msgs) StdoutLine: {'line': b'-- Up-to-date symlink: /home/maanavjugalshah/SwarmAero/ros2_ws/install/px4_msgs/local/lib/python3.10/dist-packages/px4_msgs/msg/_internal_combustion_engine_status_s.c\n'}
[1.690628] (px4_msgs) StdoutLine: {'line': b'-- Up-to-date symlink: /home/maanavjugalshah/SwarmAero/ros2_ws/install/px4_msgs/local/lib/python3.10/dist-packages/px4_msgs/msg/_iridiumsbd_status.py\n'}
[1.690817] (px4_msgs) StdoutLine: {'line': b'-- Up-to-date symlink: /home/maanavjugalshah/SwarmAero/ros2_ws/install/px4_msgs/local/lib/python3.10/dist-packages/px4_msgs/msg/_iridiumsbd_status_s.c\n'}
[1.690895] (px4_msgs) StdoutLine: {'line': b'-- Up-to-date symlink: /home/maanavjugalshah/SwarmAero/ros2_ws/install/px4_msgs/local/lib/python3.10/dist-packages/px4_msgs/msg/_irlock_report.py\n'}
[1.690937] (px4_msgs) StdoutLine: {'line': b'-- Up-to-date symlink: /home/maanavjugalshah/SwarmAero/ros2_ws/install/px4_msgs/local/lib/python3.10/dist-packages/px4_msgs/msg/_irlock_report_s.c\n'}
[1.690973] (px4_msgs) StdoutLine: {'line': b'-- Up-to-date symlink: /home/maanavjugalshah/SwarmAero/ros2_ws/install/px4_msgs/local/lib/python3.10/dist-packages/px4_msgs/msg/_landing_gear.py\n'}
[1.691121] (px4_msgs) StdoutLine: {'line': b'-- Up-to-date symlink: /home/maanavjugalshah/SwarmAero/ros2_ws/install/px4_msgs/local/lib/python3.10/dist-packages/px4_msgs/msg/_landing_gear_s.c\n'}
[1.691172] (px4_msgs) StdoutLine: {'line': b'-- Up-to-date symlink: /home/maanavjugalshah/SwarmAero/ros2_ws/install/px4_msgs/local/lib/python3.10/dist-packages/px4_msgs/msg/_landing_gear_wheel.py\n'}
[1.691210] (px4_msgs) StdoutLine: {'line': b'-- Up-to-date symlink: /home/maanavjugalshah/SwarmAero/ros2_ws/install/px4_msgs/local/lib/python3.10/dist-packages/px4_msgs/msg/_landing_gear_wheel_s.c\n'}
[1.691310] (px4_msgs) StdoutLine: {'line': b'-- Up-to-date symlink: /home/maanavjugalshah/SwarmAero/ros2_ws/install/px4_msgs/local/lib/python3.10/dist-packages/px4_msgs/msg/_landing_target_innovations.py\n'}
[1.691603] (px4_msgs) StdoutLine: {'line': b'-- Up-to-date symlink: /home/maanavjugalshah/SwarmAero/ros2_ws/install/px4_msgs/local/lib/python3.10/dist-packages/px4_msgs/msg/_landing_target_innovations_s.c\n'}
[1.691715] (px4_msgs) StdoutLine: {'line': b'-- Up-to-date symlink: /home/maanavjugalshah/SwarmAero/ros2_ws/install/px4_msgs/local/lib/python3.10/dist-packages/px4_msgs/msg/_landing_target_pose.py\n'}
[1.691921] (px4_msgs) StdoutLine: {'line': b'-- Up-to-date symlink: /home/maanavjugalshah/SwarmAero/ros2_ws/install/px4_msgs/local/lib/python3.10/dist-packages/px4_msgs/msg/_landing_target_pose_s.c\n'}
[1.691994] (px4_msgs) StdoutLine: {'line': b'-- Up-to-date symlink: /home/maanavjugalshah/SwarmAero/ros2_ws/install/px4_msgs/local/lib/python3.10/dist-packages/px4_msgs/msg/_lateral_control_configuration.py\n'}
[1.692139] (px4_msgs) StdoutLine: {'line': b'-- Up-to-date symlink: /home/maanavjugalshah/SwarmAero/ros2_ws/install/px4_msgs/local/lib/python3.10/dist-packages/px4_msgs/msg/_lateral_control_configuration_s.c\n'}
[1.692255] (px4_msgs) StdoutLine: {'line': b'-- Up-to-date symlink: /home/maanavjugalshah/SwarmAero/ros2_ws/install/px4_msgs/local/lib/python3.10/dist-packages/px4_msgs/msg/_launch_detection_status.py\n'}
[1.692365] (px4_msgs) StdoutLine: {'line': b'-- Up-to-date symlink: /home/maanavjugalshah/SwarmAero/ros2_ws/install/px4_msgs/local/lib/python3.10/dist-packages/px4_msgs/msg/_launch_detection_status_s.c\n'}
[1.692686] (px4_msgs) StdoutLine: {'line': b'-- Up-to-date symlink: /home/maanavjugalshah/SwarmAero/ros2_ws/install/px4_msgs/local/lib/python3.10/dist-packages/px4_msgs/msg/_led_control.py\n'}
[1.692752] (px4_msgs) StdoutLine: {'line': b'-- Up-to-date symlink: /home/maanavjugalshah/SwarmAero/ros2_ws/install/px4_msgs/local/lib/python3.10/dist-packages/px4_msgs/msg/_led_control_s.c\n'}
[1.692788] (px4_msgs) StdoutLine: {'line': b'-- Up-to-date symlink: /home/maanavjugalshah/SwarmAero/ros2_ws/install/px4_msgs/local/lib/python3.10/dist-packages/px4_msgs/msg/_log_message.py\n'}
[1.692992] (px4_msgs) StdoutLine: {'line': b'-- Up-to-date symlink: /home/maanavjugalshah/SwarmAero/ros2_ws/install/px4_msgs/local/lib/python3.10/dist-packages/px4_msgs/msg/_log_message_s.c\n'}
[1.693084] (px4_msgs) StdoutLine: {'line': b'-- Up-to-date symlink: /home/maanavjugalshah/SwarmAero/ros2_ws/install/px4_msgs/local/lib/python3.10/dist-packages/px4_msgs/msg/_logger_status.py\n'}
[1.693388] (px4_msgs) StdoutLine: {'line': b'-- Up-to-date symlink: /home/maanavjugalshah/SwarmAero/ros2_ws/install/px4_msgs/local/lib/python3.10/dist-packages/px4_msgs/msg/_logger_status_s.c\n'}
[1.693493] (px4_msgs) StdoutLine: {'line': b'-- Up-to-date symlink: /home/maanavjugalshah/SwarmAero/ros2_ws/install/px4_msgs/local/lib/python3.10/dist-packages/px4_msgs/msg/_longitudinal_control_configuration.py\n'}
[1.693843] (px4_msgs) StdoutLine: {'line': b'-- Up-to-date symlink: /home/maanavjugalshah/SwarmAero/ros2_ws/install/px4_msgs/local/lib/python3.10/dist-packages/px4_msgs/msg/_longitudinal_control_configuration_s.c\n'}
[1.693914] (px4_msgs) StdoutLine: {'line': b'-- Up-to-date symlink: /home/maanavjugalshah/SwarmAero/ros2_ws/install/px4_msgs/local/lib/python3.10/dist-packages/px4_msgs/msg/_mag_worker_data.py\n'}
[1.693984] (px4_msgs) StdoutLine: {'line': b'-- Up-to-date symlink: /home/maanavjugalshah/SwarmAero/ros2_ws/install/px4_msgs/local/lib/python3.10/dist-packages/px4_msgs/msg/_mag_worker_data_s.c\n'}
[1.694087] (px4_msgs) StdoutLine: {'line': b'-- Up-to-date symlink: /home/maanavjugalshah/SwarmAero/ros2_ws/install/px4_msgs/local/lib/python3.10/dist-packages/px4_msgs/msg/_magnetometer_bias_estimate.py\n'}
[1.694193] (px4_msgs) StdoutLine: {'line': b'-- Up-to-date symlink: /home/maanavjugalshah/SwarmAero/ros2_ws/install/px4_msgs/local/lib/python3.10/dist-packages/px4_msgs/msg/_magnetometer_bias_estimate_s.c\n'}
[1.694306] (px4_msgs) StdoutLine: {'line': b'-- Up-to-date symlink: /home/maanavjugalshah/SwarmAero/ros2_ws/install/px4_msgs/local/lib/python3.10/dist-packages/px4_msgs/msg/_manual_control_setpoint.py\n'}
[1.694419] (px4_msgs) StdoutLine: {'line': b'-- Up-to-date symlink: /home/maanavjugalshah/SwarmAero/ros2_ws/install/px4_msgs/local/lib/python3.10/dist-packages/px4_msgs/msg/_manual_control_setpoint_s.c\n'}
[1.694500] (px4_msgs) StdoutLine: {'line': b'-- Up-to-date symlink: /home/maanavjugalshah/SwarmAero/ros2_ws/install/px4_msgs/local/lib/python3.10/dist-packages/px4_msgs/msg/_manual_control_switches.py\n'}
[1.694855] (px4_msgs) StdoutLine: {'line': b'-- Up-to-date symlink: /home/maanavjugalshah/SwarmAero/ros2_ws/install/px4_msgs/local/lib/python3.10/dist-packages/px4_msgs/msg/_manual_control_switches_s.c\n'}
[1.694911] (px4_msgs) StdoutLine: {'line': b'-- Up-to-date symlink: /home/maanavjugalshah/SwarmAero/ros2_ws/install/px4_msgs/local/lib/python3.10/dist-packages/px4_msgs/msg/_mavlink_log.py\n'}
[1.694948] (px4_msgs) StdoutLine: {'line': b'-- Up-to-date symlink: /home/maanavjugalshah/SwarmAero/ros2_ws/install/px4_msgs/local/lib/python3.10/dist-packages/px4_msgs/msg/_mavlink_log_s.c\n'}
[1.694982] (px4_msgs) StdoutLine: {'line': b'-- Up-to-date symlink: /home/maanavjugalshah/SwarmAero/ros2_ws/install/px4_msgs/local/lib/python3.10/dist-packages/px4_msgs/msg/_mavlink_tunnel.py\n'}
[1.695150] (px4_msgs) StdoutLine: {'line': b'-- Up-to-date symlink: /home/maanavjugalshah/SwarmAero/ros2_ws/install/px4_msgs/local/lib/python3.10/dist-packages/px4_msgs/msg/_mavlink_tunnel_s.c\n'}
[1.695628] (px4_msgs) StdoutLine: {'line': b'-- Up-to-date symlink: /home/maanavjugalshah/SwarmAero/ros2_ws/install/px4_msgs/local/lib/python3.10/dist-packages/px4_msgs/msg/_message_format_request.py\n'}
[1.695822] (px4_msgs) StdoutLine: {'line': b'-- Up-to-date symlink: /home/maanavjugalshah/SwarmAero/ros2_ws/install/px4_msgs/local/lib/python3.10/dist-packages/px4_msgs/msg/_message_format_request_s.c\n'}
[1.695871] (px4_msgs) StdoutLine: {'line': b'-- Up-to-date symlink: /home/maanavjugalshah/SwarmAero/ros2_ws/install/px4_msgs/local/lib/python3.10/dist-packages/px4_msgs/msg/_message_format_response.py\n'}
[1.695936] (px4_msgs) StdoutLine: {'line': b'-- Up-to-date symlink: /home/maanavjugalshah/SwarmAero/ros2_ws/install/px4_msgs/local/lib/python3.10/dist-packages/px4_msgs/msg/_message_format_response_s.c\n'}
[1.696091] (px4_msgs) StdoutLine: {'line': b'-- Up-to-date symlink: /home/maanavjugalshah/SwarmAero/ros2_ws/install/px4_msgs/local/lib/python3.10/dist-packages/px4_msgs/msg/_mission.py\n'}
[1.696398] (px4_msgs) StdoutLine: {'line': b'-- Up-to-date symlink: /home/maanavjugalshah/SwarmAero/ros2_ws/install/px4_msgs/local/lib/python3.10/dist-packages/px4_msgs/msg/_mission_result.py\n'}
[1.696445] (px4_msgs) StdoutLine: {'line': b'-- Up-to-date symlink: /home/maanavjugalshah/SwarmAero/ros2_ws/install/px4_msgs/local/lib/python3.10/dist-packages/px4_msgs/msg/_mission_result_s.c\n'}
[1.696483] (px4_msgs) StdoutLine: {'line': b'-- Up-to-date symlink: /home/maanavjugalshah/SwarmAero/ros2_ws/install/px4_msgs/local/lib/python3.10/dist-packages/px4_msgs/msg/_mission_s.c\n'}
[1.696587] (px4_msgs) StdoutLine: {'line': b'-- Up-to-date symlink: /home/maanavjugalshah/SwarmAero/ros2_ws/install/px4_msgs/local/lib/python3.10/dist-packages/px4_msgs/msg/_mode_completed.py\n'}
[1.696796] (px4_msgs) StdoutLine: {'line': b'-- Up-to-date symlink: /home/maanavjugalshah/SwarmAero/ros2_ws/install/px4_msgs/local/lib/python3.10/dist-packages/px4_msgs/msg/_mode_completed_s.c\n'}
[1.696921] (px4_msgs) StdoutLine: {'line': b'-- Up-to-date symlink: /home/maanavjugalshah/SwarmAero/ros2_ws/install/px4_msgs/local/lib/python3.10/dist-packages/px4_msgs/msg/_mount_orientation.py\n'}
[1.696998] (px4_msgs) StdoutLine: {'line': b'-- Up-to-date symlink: /home/maanavjugalshah/SwarmAero/ros2_ws/install/px4_msgs/local/lib/python3.10/dist-packages/px4_msgs/msg/_mount_orientation_s.c\n'}
[1.697085] (px4_msgs) StdoutLine: {'line': b'-- Up-to-date symlink: /home/maanavjugalshah/SwarmAero/ros2_ws/install/px4_msgs/local/lib/python3.10/dist-packages/px4_msgs/msg/_navigator_mission_item.py\n'}
[1.697393] (px4_msgs) StdoutLine: {'line': b'-- Up-to-date symlink: /home/maanavjugalshah/SwarmAero/ros2_ws/install/px4_msgs/local/lib/python3.10/dist-packages/px4_msgs/msg/_navigator_mission_item_s.c\n'}
[1.697447] (px4_msgs) StdoutLine: {'line': b'-- Up-to-date symlink: /home/maanavjugalshah/SwarmAero/ros2_ws/install/px4_msgs/local/lib/python3.10/dist-packages/px4_msgs/msg/_navigator_status.py\n'}
[1.697916] (px4_msgs) StdoutLine: {'line': b'-- Up-to-date symlink: /home/maanavjugalshah/SwarmAero/ros2_ws/install/px4_msgs/local/lib/python3.10/dist-packages/px4_msgs/msg/_navigator_status_s.c\n'}
[1.698206] (px4_msgs) StdoutLine: {'line': b'-- Up-to-date symlink: /home/maanavjugalshah/SwarmAero/ros2_ws/install/px4_msgs/local/lib/python3.10/dist-packages/px4_msgs/msg/_neural_control.py\n'}
[1.698347] (px4_msgs) StdoutLine: {'line': b'-- Up-to-date symlink: /home/maanavjugalshah/SwarmAero/ros2_ws/install/px4_msgs/local/lib/python3.10/dist-packages/px4_msgs/msg/_neural_control_s.c\n'}
[1.698448] (px4_msgs) StdoutLine: {'line': b'-- Up-to-date symlink: /home/maanavjugalshah/SwarmAero/ros2_ws/install/px4_msgs/local/lib/python3.10/dist-packages/px4_msgs/msg/_normalized_unsigned_setpoint.py\n'}
[1.698671] (px4_msgs) StdoutLine: {'line': b'-- Up-to-date symlink: /home/maanavjugalshah/SwarmAero/ros2_ws/install/px4_msgs/local/lib/python3.10/dist-packages/px4_msgs/msg/_normalized_unsigned_setpoint_s.c\n'}
[1.698724] (px4_msgs) StdoutLine: {'line': b'-- Up-to-date symlink: /home/maanavjugalshah/SwarmAero/ros2_ws/install/px4_msgs/local/lib/python3.10/dist-packages/px4_msgs/msg/_obstacle_distance.py\n'}
[1.698985] (px4_msgs) StdoutLine: {'line': b'-- Up-to-date symlink: /home/maanavjugalshah/SwarmAero/ros2_ws/install/px4_msgs/local/lib/python3.10/dist-packages/px4_msgs/msg/_obstacle_distance_s.c\n'}
[1.699068] (px4_msgs) StdoutLine: {'line': b'-- Up-to-date symlink: /home/maanavjugalshah/SwarmAero/ros2_ws/install/px4_msgs/local/lib/python3.10/dist-packages/px4_msgs/msg/_offboard_control_mode.py\n'}
[1.699136] (px4_msgs) StdoutLine: {'line': b'-- Up-to-date symlink: /home/maanavjugalshah/SwarmAero/ros2_ws/install/px4_msgs/local/lib/python3.10/dist-packages/px4_msgs/msg/_offboard_control_mode_s.c\n'}
[1.699400] (px4_msgs) StdoutLine: {'line': b'-- Up-to-date symlink: /home/maanavjugalshah/SwarmAero/ros2_ws/install/px4_msgs/local/lib/python3.10/dist-packages/px4_msgs/msg/_onboard_computer_status.py\n'}
[1.699576] (px4_msgs) StdoutLine: {'line': b'-- Up-to-date symlink: /home/maanavjugalshah/SwarmAero/ros2_ws/install/px4_msgs/local/lib/python3.10/dist-packages/px4_msgs/msg/_onboard_computer_status_s.c\n'}
[1.699656] (px4_msgs) StdoutLine: {'line': b'-- Up-to-date symlink: /home/maanavjugalshah/SwarmAero/ros2_ws/install/px4_msgs/local/lib/python3.10/dist-packages/px4_msgs/msg/_open_drone_id_arm_status.py\n'}
[1.699870] (px4_msgs) StdoutLine: {'line': b'-- Up-to-date symlink: /home/maanavjugalshah/SwarmAero/ros2_ws/install/px4_msgs/local/lib/python3.10/dist-packages/px4_msgs/msg/_open_drone_id_arm_status_s.c\n'}
[1.700109] (px4_msgs) StdoutLine: {'line': b'-- Up-to-date symlink: /home/maanavjugalshah/SwarmAero/ros2_ws/install/px4_msgs/local/lib/python3.10/dist-packages/px4_msgs/msg/_open_drone_id_operator_id.py\n'}
[1.700244] (px4_msgs) StdoutLine: {'line': b'-- Up-to-date symlink: /home/maanavjugalshah/SwarmAero/ros2_ws/install/px4_msgs/local/lib/python3.10/dist-packages/px4_msgs/msg/_open_drone_id_operator_id_s.c\n'}
[1.700391] (px4_msgs) StdoutLine: {'line': b'-- Up-to-date symlink: /home/maanavjugalshah/SwarmAero/ros2_ws/install/px4_msgs/local/lib/python3.10/dist-packages/px4_msgs/msg/_open_drone_id_self_id.py\n'}
[1.700494] (px4_msgs) StdoutLine: {'line': b'-- Up-to-date symlink: /home/maanavjugalshah/SwarmAero/ros2_ws/install/px4_msgs/local/lib/python3.10/dist-packages/px4_msgs/msg/_open_drone_id_self_id_s.c\n'}
[1.700626] (px4_msgs) StdoutLine: {'line': b'-- Up-to-date symlink: /home/maanavjugalshah/SwarmAero/ros2_ws/install/px4_msgs/local/lib/python3.10/dist-packages/px4_msgs/msg/_open_drone_id_system.py\n'}
[1.700901] (px4_msgs) StdoutLine: {'line': b'-- Up-to-date symlink: /home/maanavjugalshah/SwarmAero/ros2_ws/install/px4_msgs/local/lib/python3.10/dist-packages/px4_msgs/msg/_open_drone_id_system_s.c\n'}
[1.701069] (px4_msgs) StdoutLine: {'line': b'-- Up-to-date symlink: /home/maanavjugalshah/SwarmAero/ros2_ws/install/px4_msgs/local/lib/python3.10/dist-packages/px4_msgs/msg/_orb_test.py\n'}
[1.701365] (px4_msgs) StdoutLine: {'line': b'-- Up-to-date symlink: /home/maanavjugalshah/SwarmAero/ros2_ws/install/px4_msgs/local/lib/python3.10/dist-packages/px4_msgs/msg/_orb_test_large.py\n'}
[1.701585] (px4_msgs) StdoutLine: {'line': b'-- Up-to-date symlink: /home/maanavjugalshah/SwarmAero/ros2_ws/install/px4_msgs/local/lib/python3.10/dist-packages/px4_msgs/msg/_orb_test_large_s.c\n'}
[1.701677] (px4_msgs) StdoutLine: {'line': b'-- Up-to-date symlink: /home/maanavjugalshah/SwarmAero/ros2_ws/install/px4_msgs/local/lib/python3.10/dist-packages/px4_msgs/msg/_orb_test_medium.py\n'}
[1.701755] (px4_msgs) StdoutLine: {'line': b'-- Up-to-date symlink: /home/maanavjugalshah/SwarmAero/ros2_ws/install/px4_msgs/local/lib/python3.10/dist-packages/px4_msgs/msg/_orb_test_medium_s.c\n'}
[1.702127] (px4_msgs) StdoutLine: {'line': b'-- Up-to-date symlink: /home/maanavjugalshah/SwarmAero/ros2_ws/install/px4_msgs/local/lib/python3.10/dist-packages/px4_msgs/msg/_orb_test_s.c\n'}
[1.702400] (px4_msgs) StdoutLine: {'line': b'-- Up-to-date symlink: /home/maanavjugalshah/SwarmAero/ros2_ws/install/px4_msgs/local/lib/python3.10/dist-packages/px4_msgs/msg/_orbit_status.py\n'}
[1.702493] (px4_msgs) StdoutLine: {'line': b'-- Up-to-date symlink: /home/maanavjugalshah/SwarmAero/ros2_ws/install/px4_msgs/local/lib/python3.10/dist-packages/px4_msgs/msg/_orbit_status_s.c\n'}
[1.702608] (px4_msgs) StdoutLine: {'line': b'-- Up-to-date symlink: /home/maanavjugalshah/SwarmAero/ros2_ws/install/px4_msgs/local/lib/python3.10/dist-packages/px4_msgs/msg/_parameter_reset_request.py\n'}
[1.702649] (px4_msgs) StdoutLine: {'line': b'-- Up-to-date symlink: /home/maanavjugalshah/SwarmAero/ros2_ws/install/px4_msgs/local/lib/python3.10/dist-packages/px4_msgs/msg/_parameter_reset_request_s.c\n'}
[1.702743] (px4_msgs) StdoutLine: {'line': b'-- Up-to-date symlink: /home/maanavjugalshah/SwarmAero/ros2_ws/install/px4_msgs/local/lib/python3.10/dist-packages/px4_msgs/msg/_parameter_set_used_request.py\n'}
[1.702843] (px4_msgs) StdoutLine: {'line': b'-- Up-to-date symlink: /home/maanavjugalshah/SwarmAero/ros2_ws/install/px4_msgs/local/lib/python3.10/dist-packages/px4_msgs/msg/_parameter_set_used_request_s.c\n'}
[1.703179] (-) TimerEvent: {}
[1.703386] (px4_msgs) StdoutLine: {'line': b'-- Up-to-date symlink: /home/maanavjugalshah/SwarmAero/ros2_ws/install/px4_msgs/local/lib/python3.10/dist-packages/px4_msgs/msg/_parameter_set_value_request.py\n'}
[1.703494] (px4_msgs) StdoutLine: {'line': b'-- Up-to-date symlink: /home/maanavjugalshah/SwarmAero/ros2_ws/install/px4_msgs/local/lib/python3.10/dist-packages/px4_msgs/msg/_parameter_set_value_request_s.c\n'}
[1.703745] (px4_msgs) StdoutLine: {'line': b'-- Up-to-date symlink: /home/maanavjugalshah/SwarmAero/ros2_ws/install/px4_msgs/local/lib/python3.10/dist-packages/px4_msgs/msg/_parameter_set_value_response.py\n'}
[1.704213] (px4_msgs) StdoutLine: {'line': b'-- Up-to-date symlink: /home/maanavjugalshah/SwarmAero/ros2_ws/install/px4_msgs/local/lib/python3.10/dist-packages/px4_msgs/msg/_parameter_set_value_response_s.c\n'}
[1.704359] (px4_msgs) StdoutLine: {'line': b'-- Up-to-date symlink: /home/maanavjugalshah/SwarmAero/ros2_ws/install/px4_msgs/local/lib/python3.10/dist-packages/px4_msgs/msg/_parameter_update.py\n'}
[1.704461] (px4_msgs) StdoutLine: {'line': b'-- Up-to-date symlink: /home/maanavjugalshah/SwarmAero/ros2_ws/install/px4_msgs/local/lib/python3.10/dist-packages/px4_msgs/msg/_parameter_update_s.c\n'}
[1.704584] (px4_msgs) StdoutLine: {'line': b'-- Up-to-date symlink: /home/maanavjugalshah/SwarmAero/ros2_ws/install/px4_msgs/local/lib/python3.10/dist-packages/px4_msgs/msg/_ping.py\n'}
[1.705081] (px4_msgs) StdoutLine: {'line': b'-- Up-to-date symlink: /home/maanavjugalshah/SwarmAero/ros2_ws/install/px4_msgs/local/lib/python3.10/dist-packages/px4_msgs/msg/_ping_s.c\n'}
[1.705557] (px4_msgs) StdoutLine: {'line': b'-- Up-to-date symlink: /home/maanavjugalshah/SwarmAero/ros2_ws/install/px4_msgs/local/lib/python3.10/dist-packages/px4_msgs/msg/_position_controller_landing_status.py\n'}
[1.705648] (px4_msgs) StdoutLine: {'line': b'-- Up-to-date symlink: /home/maanavjugalshah/SwarmAero/ros2_ws/install/px4_msgs/local/lib/python3.10/dist-packages/px4_msgs/msg/_position_controller_landing_status_s.c\n'}
[1.705821] (px4_msgs) StdoutLine: {'line': b'-- Up-to-date symlink: /home/maanavjugalshah/SwarmAero/ros2_ws/install/px4_msgs/local/lib/python3.10/dist-packages/px4_msgs/msg/_position_controller_status.py\n'}
[1.706037] (px4_msgs) StdoutLine: {'line': b'-- Up-to-date symlink: /home/maanavjugalshah/SwarmAero/ros2_ws/install/px4_msgs/local/lib/python3.10/dist-packages/px4_msgs/msg/_position_controller_status_s.c\n'}
[1.706111] (px4_msgs) StdoutLine: {'line': b'-- Up-to-date symlink: /home/maanavjugalshah/SwarmAero/ros2_ws/install/px4_msgs/local/lib/python3.10/dist-packages/px4_msgs/msg/_position_setpoint.py\n'}
[1.706150] (px4_msgs) StdoutLine: {'line': b'-- Up-to-date symlink: /home/maanavjugalshah/SwarmAero/ros2_ws/install/px4_msgs/local/lib/python3.10/dist-packages/px4_msgs/msg/_position_setpoint_s.c\n'}
[1.706289] (px4_msgs) StdoutLine: {'line': b'-- Up-to-date symlink: /home/maanavjugalshah/SwarmAero/ros2_ws/install/px4_msgs/local/lib/python3.10/dist-packages/px4_msgs/msg/_position_setpoint_triplet.py\n'}
[1.706405] (px4_msgs) StdoutLine: {'line': b'-- Up-to-date symlink: /home/maanavjugalshah/SwarmAero/ros2_ws/install/px4_msgs/local/lib/python3.10/dist-packages/px4_msgs/msg/_position_setpoint_triplet_s.c\n'}
[1.706489] (px4_msgs) StdoutLine: {'line': b'-- Up-to-date symlink: /home/maanavjugalshah/SwarmAero/ros2_ws/install/px4_msgs/local/lib/python3.10/dist-packages/px4_msgs/msg/_power_button_state.py\n'}
[1.706678] (px4_msgs) StdoutLine: {'line': b'-- Up-to-date symlink: /home/maanavjugalshah/SwarmAero/ros2_ws/install/px4_msgs/local/lib/python3.10/dist-packages/px4_msgs/msg/_power_button_state_s.c\n'}
[1.706984] (px4_msgs) StdoutLine: {'line': b'-- Up-to-date symlink: /home/maanavjugalshah/SwarmAero/ros2_ws/install/px4_msgs/local/lib/python3.10/dist-packages/px4_msgs/msg/_power_monitor.py\n'}
[1.707036] (px4_msgs) StdoutLine: {'line': b'-- Up-to-date symlink: /home/maanavjugalshah/SwarmAero/ros2_ws/install/px4_msgs/local/lib/python3.10/dist-packages/px4_msgs/msg/_power_monitor_s.c\n'}
[1.707239] (px4_msgs) StdoutLine: {'line': b'-- Up-to-date symlink: /home/maanavjugalshah/SwarmAero/ros2_ws/install/px4_msgs/local/lib/python3.10/dist-packages/px4_msgs/msg/_pps_capture.py\n'}
[1.707625] (px4_msgs) StdoutLine: {'line': b'-- Up-to-date symlink: /home/maanavjugalshah/SwarmAero/ros2_ws/install/px4_msgs/local/lib/python3.10/dist-packages/px4_msgs/msg/_pps_capture_s.c\n'}
[1.707674] (px4_msgs) StdoutLine: {'line': b'-- Up-to-date symlink: /home/maanavjugalshah/SwarmAero/ros2_ws/install/px4_msgs/local/lib/python3.10/dist-packages/px4_msgs/msg/_pure_pursuit_status.py\n'}
[1.707718] (px4_msgs) StdoutLine: {'line': b'-- Up-to-date symlink: /home/maanavjugalshah/SwarmAero/ros2_ws/install/px4_msgs/local/lib/python3.10/dist-packages/px4_msgs/msg/_pure_pursuit_status_s.c\n'}
[1.707755] (px4_msgs) StdoutLine: {'line': b'-- Up-to-date symlink: /home/maanavjugalshah/SwarmAero/ros2_ws/install/px4_msgs/local/lib/python3.10/dist-packages/px4_msgs/msg/_pwm_input.py\n'}
[1.707917] (px4_msgs) StdoutLine: {'line': b'-- Up-to-date symlink: /home/maanavjugalshah/SwarmAero/ros2_ws/install/px4_msgs/local/lib/python3.10/dist-packages/px4_msgs/msg/_pwm_input_s.c\n'}
[1.708142] (px4_msgs) StdoutLine: {'line': b'-- Up-to-date symlink: /home/maanavjugalshah/SwarmAero/ros2_ws/install/px4_msgs/local/lib/python3.10/dist-packages/px4_msgs/msg/_px4io_status.py\n'}
[1.708338] (px4_msgs) StdoutLine: {'line': b'-- Up-to-date symlink: /home/maanavjugalshah/SwarmAero/ros2_ws/install/px4_msgs/local/lib/python3.10/dist-packages/px4_msgs/msg/_px4io_status_s.c\n'}
[1.708503] (px4_msgs) StdoutLine: {'line': b'-- Up-to-date symlink: /home/maanavjugalshah/SwarmAero/ros2_ws/install/px4_msgs/local/lib/python3.10/dist-packages/px4_msgs/msg/_qshell_req.py\n'}
[1.708547] (px4_msgs) StdoutLine: {'line': b'-- Up-to-date symlink: /home/maanavjugalshah/SwarmAero/ros2_ws/install/px4_msgs/local/lib/python3.10/dist-packages/px4_msgs/msg/_qshell_req_s.c\n'}
[1.708583] (px4_msgs) StdoutLine: {'line': b'-- Up-to-date symlink: /home/maanavjugalshah/SwarmAero/ros2_ws/install/px4_msgs/local/lib/python3.10/dist-packages/px4_msgs/msg/_qshell_retval.py\n'}
[1.708737] (px4_msgs) StdoutLine: {'line': b'-- Up-to-date symlink: /home/maanavjugalshah/SwarmAero/ros2_ws/install/px4_msgs/local/lib/python3.10/dist-packages/px4_msgs/msg/_qshell_retval_s.c\n'}
[1.708838] (px4_msgs) StdoutLine: {'line': b'-- Up-to-date symlink: /home/maanavjugalshah/SwarmAero/ros2_ws/install/px4_msgs/local/lib/python3.10/dist-packages/px4_msgs/msg/_radio_status.py\n'}
[1.709321] (px4_msgs) StdoutLine: {'line': b'-- Up-to-date symlink: /home/maanavjugalshah/SwarmAero/ros2_ws/install/px4_msgs/local/lib/python3.10/dist-packages/px4_msgs/msg/_radio_status_s.c\n'}
[1.709389] (px4_msgs) StdoutLine: {'line': b'-- Up-to-date symlink: /home/maanavjugalshah/SwarmAero/ros2_ws/install/px4_msgs/local/lib/python3.10/dist-packages/px4_msgs/msg/_ranging_beacon.py\n'}
[1.709448] (px4_msgs) StdoutLine: {'line': b'-- Up-to-date symlink: /home/maanavjugalshah/SwarmAero/ros2_ws/install/px4_msgs/local/lib/python3.10/dist-packages/px4_msgs/msg/_ranging_beacon_s.c\n'}
[1.709665] (px4_msgs) StdoutLine: {'line': b'-- Up-to-date symlink: /home/maanavjugalshah/SwarmAero/ros2_ws/install/px4_msgs/local/lib/python3.10/dist-packages/px4_msgs/msg/_raptor_input.py\n'}
[1.709811] (px4_msgs) StdoutLine: {'line': b'-- Up-to-date symlink: /home/maanavjugalshah/SwarmAero/ros2_ws/install/px4_msgs/local/lib/python3.10/dist-packages/px4_msgs/msg/_raptor_input_s.c\n'}
[1.709980] (px4_msgs) StdoutLine: {'line': b'-- Up-to-date symlink: /home/maanavjugalshah/SwarmAero/ros2_ws/install/px4_msgs/local/lib/python3.10/dist-packages/px4_msgs/msg/_raptor_status.py\n'}
[1.710054] (px4_msgs) StdoutLine: {'line': b'-- Up-to-date symlink: /home/maanavjugalshah/SwarmAero/ros2_ws/install/px4_msgs/local/lib/python3.10/dist-packages/px4_msgs/msg/_raptor_status_s.c\n'}
[1.710383] (px4_msgs) StdoutLine: {'line': b'-- Up-to-date symlink: /home/maanavjugalshah/SwarmAero/ros2_ws/install/px4_msgs/local/lib/python3.10/dist-packages/px4_msgs/msg/_rate_ctrl_status.py\n'}
[1.710502] (px4_msgs) StdoutLine: {'line': b'-- Up-to-date symlink: /home/maanavjugalshah/SwarmAero/ros2_ws/install/px4_msgs/local/lib/python3.10/dist-packages/px4_msgs/msg/_rate_ctrl_status_s.c\n'}
[1.710671] (px4_msgs) StdoutLine: {'line': b'-- Up-to-date symlink: /home/maanavjugalshah/SwarmAero/ros2_ws/install/px4_msgs/local/lib/python3.10/dist-packages/px4_msgs/msg/_rc_channels.py\n'}
[1.710768] (px4_msgs) StdoutLine: {'line': b'-- Up-to-date symlink: /home/maanavjugalshah/SwarmAero/ros2_ws/install/px4_msgs/local/lib/python3.10/dist-packages/px4_msgs/msg/_rc_channels_s.c\n'}
[1.710859] (px4_msgs) StdoutLine: {'line': b'-- Up-to-date symlink: /home/maanavjugalshah/SwarmAero/ros2_ws/install/px4_msgs/local/lib/python3.10/dist-packages/px4_msgs/msg/_rc_parameter_map.py\n'}
[1.710903] (px4_msgs) StdoutLine: {'line': b'-- Up-to-date symlink: /home/maanavjugalshah/SwarmAero/ros2_ws/install/px4_msgs/local/lib/python3.10/dist-packages/px4_msgs/msg/_rc_parameter_map_s.c\n'}
[1.710940] (px4_msgs) StdoutLine: {'line': b'-- Up-to-date symlink: /home/maanavjugalshah/SwarmAero/ros2_ws/install/px4_msgs/local/lib/python3.10/dist-packages/px4_msgs/msg/_register_ext_component_reply.py\n'}
[1.710985] (px4_msgs) StdoutLine: {'line': b'-- Up-to-date symlink: /home/maanavjugalshah/SwarmAero/ros2_ws/install/px4_msgs/local/lib/python3.10/dist-packages/px4_msgs/msg/_register_ext_component_reply_s.c\n'}
[1.711136] (px4_msgs) StdoutLine: {'line': b'-- Up-to-date symlink: /home/maanavjugalshah/SwarmAero/ros2_ws/install/px4_msgs/local/lib/python3.10/dist-packages/px4_msgs/msg/_register_ext_component_request.py\n'}
[1.711207] (px4_msgs) StdoutLine: {'line': b'-- Up-to-date symlink: /home/maanavjugalshah/SwarmAero/ros2_ws/install/px4_msgs/local/lib/python3.10/dist-packages/px4_msgs/msg/_register_ext_component_request_s.c\n'}
[1.711256] (px4_msgs) StdoutLine: {'line': b'-- Up-to-date symlink: /home/maanavjugalshah/SwarmAero/ros2_ws/install/px4_msgs/local/lib/python3.10/dist-packages/px4_msgs/msg/_rover_attitude_setpoint.py\n'}
[1.711337] (px4_msgs) StdoutLine: {'line': b'-- Up-to-date symlink: /home/maanavjugalshah/SwarmAero/ros2_ws/install/px4_msgs/local/lib/python3.10/dist-packages/px4_msgs/msg/_rover_attitude_setpoint_s.c\n'}
[1.711682] (px4_msgs) StdoutLine: {'line': b'-- Up-to-date symlink: /home/maanavjugalshah/SwarmAero/ros2_ws/install/px4_msgs/local/lib/python3.10/dist-packages/px4_msgs/msg/_rover_attitude_status.py\n'}
[1.711796] (px4_msgs) StdoutLine: {'line': b'-- Up-to-date symlink: /home/maanavjugalshah/SwarmAero/ros2_ws/install/px4_msgs/local/lib/python3.10/dist-packages/px4_msgs/msg/_rover_attitude_status_s.c\n'}
[1.711846] (px4_msgs) StdoutLine: {'line': b'-- Up-to-date symlink: /home/maanavjugalshah/SwarmAero/ros2_ws/install/px4_msgs/local/lib/python3.10/dist-packages/px4_msgs/msg/_rover_position_setpoint.py\n'}
[1.711882] (px4_msgs) StdoutLine: {'line': b'-- Up-to-date symlink: /home/maanavjugalshah/SwarmAero/ros2_ws/install/px4_msgs/local/lib/python3.10/dist-packages/px4_msgs/msg/_rover_position_setpoint_s.c\n'}
[1.711946] (px4_msgs) StdoutLine: {'line': b'-- Up-to-date symlink: /home/maanavjugalshah/SwarmAero/ros2_ws/install/px4_msgs/local/lib/python3.10/dist-packages/px4_msgs/msg/_rover_rate_setpoint.py\n'}
[1.712251] (px4_msgs) StdoutLine: {'line': b'-- Up-to-date symlink: /home/maanavjugalshah/SwarmAero/ros2_ws/install/px4_msgs/local/lib/python3.10/dist-packages/px4_msgs/msg/_rover_rate_setpoint_s.c\n'}
[1.712415] (px4_msgs) StdoutLine: {'line': b'-- Up-to-date symlink: /home/maanavjugalshah/SwarmAero/ros2_ws/install/px4_msgs/local/lib/python3.10/dist-packages/px4_msgs/msg/_rover_rate_status.py\n'}
[1.712489] (px4_msgs) StdoutLine: {'line': b'-- Up-to-date symlink: /home/maanavjugalshah/SwarmAero/ros2_ws/install/px4_msgs/local/lib/python3.10/dist-packages/px4_msgs/msg/_rover_rate_status_s.c\n'}
[1.712580] (px4_msgs) StdoutLine: {'line': b'-- Up-to-date symlink: /home/maanavjugalshah/SwarmAero/ros2_ws/install/px4_msgs/local/lib/python3.10/dist-packages/px4_msgs/msg/_rover_speed_setpoint.py\n'}
[1.712794] (px4_msgs) StdoutLine: {'line': b'-- Up-to-date symlink: /home/maanavjugalshah/SwarmAero/ros2_ws/install/px4_msgs/local/lib/python3.10/dist-packages/px4_msgs/msg/_rover_speed_setpoint_s.c\n'}
[1.713148] (px4_msgs) StdoutLine: {'line': b'-- Up-to-date symlink: /home/maanavjugalshah/SwarmAero/ros2_ws/install/px4_msgs/local/lib/python3.10/dist-packages/px4_msgs/msg/_rover_speed_status.py\n'}
[1.713454] (px4_msgs) StdoutLine: {'line': b'-- Up-to-date symlink: /home/maanavjugalshah/SwarmAero/ros2_ws/install/px4_msgs/local/lib/python3.10/dist-packages/px4_msgs/msg/_rover_speed_status_s.c\n'}
[1.714078] (px4_msgs) StdoutLine: {'line': b'-- Up-to-date symlink: /home/maanavjugalshah/SwarmAero/ros2_ws/install/px4_msgs/local/lib/python3.10/dist-packages/px4_msgs/msg/_rover_steering_setpoint.py\n'}
[1.714467] (px4_msgs) StdoutLine: {'line': b'-- Up-to-date symlink: /home/maanavjugalshah/SwarmAero/ros2_ws/install/px4_msgs/local/lib/python3.10/dist-packages/px4_msgs/msg/_rover_steering_setpoint_s.c\n'}
[1.714750] (px4_msgs) StdoutLine: {'line': b'-- Up-to-date symlink: /home/maanavjugalshah/SwarmAero/ros2_ws/install/px4_msgs/local/lib/python3.10/dist-packages/px4_msgs/msg/_rover_throttle_setpoint.py\n'}
[1.714804] (px4_msgs) StdoutLine: {'line': b'-- Up-to-date symlink: /home/maanavjugalshah/SwarmAero/ros2_ws/install/px4_msgs/local/lib/python3.10/dist-packages/px4_msgs/msg/_rover_throttle_setpoint_s.c\n'}
[1.714900] (px4_msgs) StdoutLine: {'line': b'-- Up-to-date symlink: /home/maanavjugalshah/SwarmAero/ros2_ws/install/px4_msgs/local/lib/python3.10/dist-packages/px4_msgs/msg/_rpm.py\n'}
[1.715012] (px4_msgs) StdoutLine: {'line': b'-- Up-to-date symlink: /home/maanavjugalshah/SwarmAero/ros2_ws/install/px4_msgs/local/lib/python3.10/dist-packages/px4_msgs/msg/_rpm_s.c\n'}
[1.715077] (px4_msgs) StdoutLine: {'line': b'-- Up-to-date symlink: /home/maanavjugalshah/SwarmAero/ros2_ws/install/px4_msgs/local/lib/python3.10/dist-packages/px4_msgs/msg/_rtl_status.py\n'}
[1.715126] (px4_msgs) StdoutLine: {'line': b'-- Up-to-date symlink: /home/maanavjugalshah/SwarmAero/ros2_ws/install/px4_msgs/local/lib/python3.10/dist-packages/px4_msgs/msg/_rtl_status_s.c\n'}
[1.715272] (px4_msgs) StdoutLine: {'line': b'-- Up-to-date symlink: /home/maanavjugalshah/SwarmAero/ros2_ws/install/px4_msgs/local/lib/python3.10/dist-packages/px4_msgs/msg/_rtl_time_estimate.py\n'}
[1.715341] (px4_msgs) StdoutLine: {'line': b'-- Up-to-date symlink: /home/maanavjugalshah/SwarmAero/ros2_ws/install/px4_msgs/local/lib/python3.10/dist-packages/px4_msgs/msg/_rtl_time_estimate_s.c\n'}
[1.715563] (px4_msgs) StdoutLine: {'line': b'-- Up-to-date symlink: /home/maanavjugalshah/SwarmAero/ros2_ws/install/px4_msgs/local/lib/python3.10/dist-packages/px4_msgs/msg/_satellite_info.py\n'}
[1.715626] (px4_msgs) StdoutLine: {'line': b'-- Up-to-date symlink: /home/maanavjugalshah/SwarmAero/ros2_ws/install/px4_msgs/local/lib/python3.10/dist-packages/px4_msgs/msg/_satellite_info_s.c\n'}
[1.715696] (px4_msgs) StdoutLine: {'line': b'-- Up-to-date symlink: /home/maanavjugalshah/SwarmAero/ros2_ws/install/px4_msgs/local/lib/python3.10/dist-packages/px4_msgs/msg/_sensor_accel.py\n'}
[1.716001] (px4_msgs) StdoutLine: {'line': b'-- Up-to-date symlink: /home/maanavjugalshah/SwarmAero/ros2_ws/install/px4_msgs/local/lib/python3.10/dist-packages/px4_msgs/msg/_sensor_accel_fifo.py\n'}
[1.716080] (px4_msgs) StdoutLine: {'line': b'-- Up-to-date symlink: /home/maanavjugalshah/SwarmAero/ros2_ws/install/px4_msgs/local/lib/python3.10/dist-packages/px4_msgs/msg/_sensor_accel_fifo_s.c\n'}
[1.716150] (px4_msgs) StdoutLine: {'line': b'-- Up-to-date symlink: /home/maanavjugalshah/SwarmAero/ros2_ws/install/px4_msgs/local/lib/python3.10/dist-packages/px4_msgs/msg/_sensor_accel_s.c\n'}
[1.716221] (px4_msgs) StdoutLine: {'line': b'-- Up-to-date symlink: /home/maanavjugalshah/SwarmAero/ros2_ws/install/px4_msgs/local/lib/python3.10/dist-packages/px4_msgs/msg/_sensor_airflow.py\n'}
[1.716614] (px4_msgs) StdoutLine: {'line': b'-- Up-to-date symlink: /home/maanavjugalshah/SwarmAero/ros2_ws/install/px4_msgs/local/lib/python3.10/dist-packages/px4_msgs/msg/_sensor_airflow_s.c\n'}
[1.717122] (px4_msgs) StdoutLine: {'line': b'-- Up-to-date symlink: /home/maanavjugalshah/SwarmAero/ros2_ws/install/px4_msgs/local/lib/python3.10/dist-packages/px4_msgs/msg/_sensor_baro.py\n'}
[1.717457] (px4_msgs) StdoutLine: {'line': b'-- Up-to-date symlink: /home/maanavjugalshah/SwarmAero/ros2_ws/install/px4_msgs/local/lib/python3.10/dist-packages/px4_msgs/msg/_sensor_baro_s.c\n'}
[1.717896] (px4_msgs) StdoutLine: {'line': b'-- Up-to-date symlink: /home/maanavjugalshah/SwarmAero/ros2_ws/install/px4_msgs/local/lib/python3.10/dist-packages/px4_msgs/msg/_sensor_combined.py\n'}
[1.718277] (px4_msgs) StdoutLine: {'line': b'-- Up-to-date symlink: /home/maanavjugalshah/SwarmAero/ros2_ws/install/px4_msgs/local/lib/python3.10/dist-packages/px4_msgs/msg/_sensor_combined_s.c\n'}
[1.718360] (px4_msgs) StdoutLine: {'line': b'-- Up-to-date symlink: /home/maanavjugalshah/SwarmAero/ros2_ws/install/px4_msgs/local/lib/python3.10/dist-packages/px4_msgs/msg/_sensor_correction.py\n'}
[1.718406] (px4_msgs) StdoutLine: {'line': b'-- Up-to-date symlink: /home/maanavjugalshah/SwarmAero/ros2_ws/install/px4_msgs/local/lib/python3.10/dist-packages/px4_msgs/msg/_sensor_correction_s.c\n'}
[1.718505] (px4_msgs) StdoutLine: {'line': b'-- Up-to-date symlink: /home/maanavjugalshah/SwarmAero/ros2_ws/install/px4_msgs/local/lib/python3.10/dist-packages/px4_msgs/msg/_sensor_gnss_relative.py\n'}
[1.718588] (px4_msgs) StdoutLine: {'line': b'-- Up-to-date symlink: /home/maanavjugalshah/SwarmAero/ros2_ws/install/px4_msgs/local/lib/python3.10/dist-packages/px4_msgs/msg/_sensor_gnss_relative_s.c\n'}
[1.718834] (px4_msgs) StdoutLine: {'line': b'-- Up-to-date symlink: /home/maanavjugalshah/SwarmAero/ros2_ws/install/px4_msgs/local/lib/python3.10/dist-packages/px4_msgs/msg/_sensor_gnss_status.py\n'}
[1.718929] (px4_msgs) StdoutLine: {'line': b'-- Up-to-date symlink: /home/maanavjugalshah/SwarmAero/ros2_ws/install/px4_msgs/local/lib/python3.10/dist-packages/px4_msgs/msg/_sensor_gnss_status_s.c\n'}
[1.719062] (px4_msgs) StdoutLine: {'line': b'-- Up-to-date symlink: /home/maanavjugalshah/SwarmAero/ros2_ws/install/px4_msgs/local/lib/python3.10/dist-packages/px4_msgs/msg/_sensor_gps.py\n'}
[1.719373] (px4_msgs) StdoutLine: {'line': b'-- Up-to-date symlink: /home/maanavjugalshah/SwarmAero/ros2_ws/install/px4_msgs/local/lib/python3.10/dist-packages/px4_msgs/msg/_sensor_gps_s.c\n'}
[1.719570] (px4_msgs) StdoutLine: {'line': b'-- Up-to-date symlink: /home/maanavjugalshah/SwarmAero/ros2_ws/install/px4_msgs/local/lib/python3.10/dist-packages/px4_msgs/msg/_sensor_gyro.py\n'}
[1.719685] (px4_msgs) StdoutLine: {'line': b'-- Up-to-date symlink: /home/maanavjugalshah/SwarmAero/ros2_ws/install/px4_msgs/local/lib/python3.10/dist-packages/px4_msgs/msg/_sensor_gyro_fft.py\n'}
[1.719772] (px4_msgs) StdoutLine: {'line': b'-- Up-to-date symlink: /home/maanavjugalshah/SwarmAero/ros2_ws/install/px4_msgs/local/lib/python3.10/dist-packages/px4_msgs/msg/_sensor_gyro_fft_s.c\n'}
[1.719988] (px4_msgs) StdoutLine: {'line': b'-- Up-to-date symlink: /home/maanavjugalshah/SwarmAero/ros2_ws/install/px4_msgs/local/lib/python3.10/dist-packages/px4_msgs/msg/_sensor_gyro_fifo.py\n'}
[1.720113] (px4_msgs) StdoutLine: {'line': b'-- Up-to-date symlink: /home/maanavjugalshah/SwarmAero/ros2_ws/install/px4_msgs/local/lib/python3.10/dist-packages/px4_msgs/msg/_sensor_gyro_fifo_s.c\n'}
[1.720361] (px4_msgs) StdoutLine: {'line': b'-- Up-to-date symlink: /home/maanavjugalshah/SwarmAero/ros2_ws/install/px4_msgs/local/lib/python3.10/dist-packages/px4_msgs/msg/_sensor_gyro_s.c\n'}
[1.720424] (px4_msgs) StdoutLine: {'line': b'-- Up-to-date symlink: /home/maanavjugalshah/SwarmAero/ros2_ws/install/px4_msgs/local/lib/python3.10/dist-packages/px4_msgs/msg/_sensor_hygrometer.py\n'}
[1.720464] (px4_msgs) StdoutLine: {'line': b'-- Up-to-date symlink: /home/maanavjugalshah/SwarmAero/ros2_ws/install/px4_msgs/local/lib/python3.10/dist-packages/px4_msgs/msg/_sensor_hygrometer_s.c\n'}
[1.720498] (px4_msgs) StdoutLine: {'line': b'-- Up-to-date symlink: /home/maanavjugalshah/SwarmAero/ros2_ws/install/px4_msgs/local/lib/python3.10/dist-packages/px4_msgs/msg/_sensor_mag.py\n'}
[1.720744] (px4_msgs) StdoutLine: {'line': b'-- Up-to-date symlink: /home/maanavjugalshah/SwarmAero/ros2_ws/install/px4_msgs/local/lib/python3.10/dist-packages/px4_msgs/msg/_sensor_mag_s.c\n'}
[1.720997] (px4_msgs) StdoutLine: {'line': b'-- Up-to-date symlink: /home/maanavjugalshah/SwarmAero/ros2_ws/install/px4_msgs/local/lib/python3.10/dist-packages/px4_msgs/msg/_sensor_optical_flow.py\n'}
[1.721080] (px4_msgs) StdoutLine: {'line': b'-- Up-to-date symlink: /home/maanavjugalshah/SwarmAero/ros2_ws/install/px4_msgs/local/lib/python3.10/dist-packages/px4_msgs/msg/_sensor_optical_flow_s.c\n'}
[1.721406] (px4_msgs) StdoutLine: {'line': b'-- Up-to-date symlink: /home/maanavjugalshah/SwarmAero/ros2_ws/install/px4_msgs/local/lib/python3.10/dist-packages/px4_msgs/msg/_sensor_preflight_mag.py\n'}
[1.721838] (px4_msgs) StdoutLine: {'line': b'-- Up-to-date symlink: /home/maanavjugalshah/SwarmAero/ros2_ws/install/px4_msgs/local/lib/python3.10/dist-packages/px4_msgs/msg/_sensor_preflight_mag_s.c\n'}
[1.722082] (px4_msgs) StdoutLine: {'line': b'-- Up-to-date symlink: /home/maanavjugalshah/SwarmAero/ros2_ws/install/px4_msgs/local/lib/python3.10/dist-packages/px4_msgs/msg/_sensor_selection.py\n'}
[1.722133] (px4_msgs) StdoutLine: {'line': b'-- Up-to-date symlink: /home/maanavjugalshah/SwarmAero/ros2_ws/install/px4_msgs/local/lib/python3.10/dist-packages/px4_msgs/msg/_sensor_selection_s.c\n'}
[1.722185] (px4_msgs) StdoutLine: {'line': b'-- Up-to-date symlink: /home/maanavjugalshah/SwarmAero/ros2_ws/install/px4_msgs/local/lib/python3.10/dist-packages/px4_msgs/msg/_sensor_temp.py\n'}
[1.722338] (px4_msgs) StdoutLine: {'line': b'-- Up-to-date symlink: /home/maanavjugalshah/SwarmAero/ros2_ws/install/px4_msgs/local/lib/python3.10/dist-packages/px4_msgs/msg/_sensor_temp_s.c\n'}
[1.722596] (px4_msgs) StdoutLine: {'line': b'-- Up-to-date symlink: /home/maanavjugalshah/SwarmAero/ros2_ws/install/px4_msgs/local/lib/python3.10/dist-packages/px4_msgs/msg/_sensor_uwb.py\n'}
[1.722696] (px4_msgs) StdoutLine: {'line': b'-- Up-to-date symlink: /home/maanavjugalshah/SwarmAero/ros2_ws/install/px4_msgs/local/lib/python3.10/dist-packages/px4_msgs/msg/_sensor_uwb_s.c\n'}
[1.722829] (px4_msgs) StdoutLine: {'line': b'-- Up-to-date symlink: /home/maanavjugalshah/SwarmAero/ros2_ws/install/px4_msgs/local/lib/python3.10/dist-packages/px4_msgs/msg/_sensors_status.py\n'}
[1.722914] (px4_msgs) StdoutLine: {'line': b'-- Up-to-date symlink: /home/maanavjugalshah/SwarmAero/ros2_ws/install/px4_msgs/local/lib/python3.10/dist-packages/px4_msgs/msg/_sensors_status_imu.py\n'}
[1.723214] (px4_msgs) StdoutLine: {'line': b'-- Up-to-date symlink: /home/maanavjugalshah/SwarmAero/ros2_ws/install/px4_msgs/local/lib/python3.10/dist-packages/px4_msgs/msg/_sensors_status_imu_s.c\n'}
[1.723315] (px4_msgs) StdoutLine: {'line': b'-- Up-to-date symlink: /home/maanavjugalshah/SwarmAero/ros2_ws/install/px4_msgs/local/lib/python3.10/dist-packages/px4_msgs/msg/_sensors_status_s.c\n'}
[1.723408] (px4_msgs) StdoutLine: {'line': b'-- Up-to-date symlink: /home/maanavjugalshah/SwarmAero/ros2_ws/install/px4_msgs/local/lib/python3.10/dist-packages/px4_msgs/msg/_system_power.py\n'}
[1.723487] (px4_msgs) StdoutLine: {'line': b'-- Up-to-date symlink: /home/maanavjugalshah/SwarmAero/ros2_ws/install/px4_msgs/local/lib/python3.10/dist-packages/px4_msgs/msg/_system_power_s.c\n'}
[1.723644] (px4_msgs) StdoutLine: {'line': b'-- Up-to-date symlink: /home/maanavjugalshah/SwarmAero/ros2_ws/install/px4_msgs/local/lib/python3.10/dist-packages/px4_msgs/msg/_takeoff_status.py\n'}
[1.723683] (px4_msgs) StdoutLine: {'line': b'-- Up-to-date symlink: /home/maanavjugalshah/SwarmAero/ros2_ws/install/px4_msgs/local/lib/python3.10/dist-packages/px4_msgs/msg/_takeoff_status_s.c\n'}
[1.723760] (px4_msgs) StdoutLine: {'line': b'-- Up-to-date symlink: /home/maanavjugalshah/SwarmAero/ros2_ws/install/px4_msgs/local/lib/python3.10/dist-packages/px4_msgs/msg/_task_stack_info.py\n'}
[1.723941] (px4_msgs) StdoutLine: {'line': b'-- Up-to-date symlink: /home/maanavjugalshah/SwarmAero/ros2_ws/install/px4_msgs/local/lib/python3.10/dist-packages/px4_msgs/msg/_task_stack_info_s.c\n'}
[1.723990] (px4_msgs) StdoutLine: {'line': b'-- Up-to-date symlink: /home/maanavjugalshah/SwarmAero/ros2_ws/install/px4_msgs/local/lib/python3.10/dist-packages/px4_msgs/msg/_tecs_status.py\n'}
[1.724045] (px4_msgs) StdoutLine: {'line': b'-- Up-to-date symlink: /home/maanavjugalshah/SwarmAero/ros2_ws/install/px4_msgs/local/lib/python3.10/dist-packages/px4_msgs/msg/_tecs_status_s.c\n'}
[1.724147] (px4_msgs) StdoutLine: {'line': b'-- Up-to-date symlink: /home/maanavjugalshah/SwarmAero/ros2_ws/install/px4_msgs/local/lib/python3.10/dist-packages/px4_msgs/msg/_telemetry_status.py\n'}
[1.724213] (px4_msgs) StdoutLine: {'line': b'-- Up-to-date symlink: /home/maanavjugalshah/SwarmAero/ros2_ws/install/px4_msgs/local/lib/python3.10/dist-packages/px4_msgs/msg/_telemetry_status_s.c\n'}
[1.724338] (px4_msgs) StdoutLine: {'line': b'-- Up-to-date symlink: /home/maanavjugalshah/SwarmAero/ros2_ws/install/px4_msgs/local/lib/python3.10/dist-packages/px4_msgs/msg/_tiltrotor_extra_controls.py\n'}
[1.724496] (px4_msgs) StdoutLine: {'line': b'-- Up-to-date symlink: /home/maanavjugalshah/SwarmAero/ros2_ws/install/px4_msgs/local/lib/python3.10/dist-packages/px4_msgs/msg/_tiltrotor_extra_controls_s.c\n'}
[1.724539] (px4_msgs) StdoutLine: {'line': b'-- Up-to-date symlink: /home/maanavjugalshah/SwarmAero/ros2_ws/install/px4_msgs/local/lib/python3.10/dist-packages/px4_msgs/msg/_timesync_status.py\n'}
[1.724633] (px4_msgs) StdoutLine: {'line': b'-- Up-to-date symlink: /home/maanavjugalshah/SwarmAero/ros2_ws/install/px4_msgs/local/lib/python3.10/dist-packages/px4_msgs/msg/_timesync_status_s.c\n'}
[1.724732] (px4_msgs) StdoutLine: {'line': b'-- Up-to-date symlink: /home/maanavjugalshah/SwarmAero/ros2_ws/install/px4_msgs/local/lib/python3.10/dist-packages/px4_msgs/msg/_trajectory_setpoint.py\n'}
[1.724806] (px4_msgs) StdoutLine: {'line': b'-- Up-to-date symlink: /home/maanavjugalshah/SwarmAero/ros2_ws/install/px4_msgs/local/lib/python3.10/dist-packages/px4_msgs/msg/_trajectory_setpoint6dof.py\n'}
[1.724991] (px4_msgs) StdoutLine: {'line': b'-- Up-to-date symlink: /home/maanavjugalshah/SwarmAero/ros2_ws/install/px4_msgs/local/lib/python3.10/dist-packages/px4_msgs/msg/_trajectory_setpoint6dof_s.c\n'}
[1.725461] (px4_msgs) StdoutLine: {'line': b'-- Up-to-date symlink: /home/maanavjugalshah/SwarmAero/ros2_ws/install/px4_msgs/local/lib/python3.10/dist-packages/px4_msgs/msg/_trajectory_setpoint_s.c\n'}
[1.725743] (px4_msgs) StdoutLine: {'line': b'-- Up-to-date symlink: /home/maanavjugalshah/SwarmAero/ros2_ws/install/px4_msgs/local/lib/python3.10/dist-packages/px4_msgs/msg/_transponder_report.py\n'}
[1.725952] (px4_msgs) StdoutLine: {'line': b'-- Up-to-date symlink: /home/maanavjugalshah/SwarmAero/ros2_ws/install/px4_msgs/local/lib/python3.10/dist-packages/px4_msgs/msg/_transponder_report_s.c\n'}
[1.726006] (px4_msgs) StdoutLine: {'line': b'-- Up-to-date symlink: /home/maanavjugalshah/SwarmAero/ros2_ws/install/px4_msgs/local/lib/python3.10/dist-packages/px4_msgs/msg/_tune_control.py\n'}
[1.726043] (px4_msgs) StdoutLine: {'line': b'-- Up-to-date symlink: /home/maanavjugalshah/SwarmAero/ros2_ws/install/px4_msgs/local/lib/python3.10/dist-packages/px4_msgs/msg/_tune_control_s.c\n'}
[1.726149] (px4_msgs) StdoutLine: {'line': b'-- Up-to-date symlink: /home/maanavjugalshah/SwarmAero/ros2_ws/install/px4_msgs/local/lib/python3.10/dist-packages/px4_msgs/msg/_uavcan_parameter_request.py\n'}
[1.726360] (px4_msgs) StdoutLine: {'line': b'-- Up-to-date symlink: /home/maanavjugalshah/SwarmAero/ros2_ws/install/px4_msgs/local/lib/python3.10/dist-packages/px4_msgs/msg/_uavcan_parameter_request_s.c\n'}
[1.726457] (px4_msgs) StdoutLine: {'line': b'-- Up-to-date symlink: /home/maanavjugalshah/SwarmAero/ros2_ws/install/px4_msgs/local/lib/python3.10/dist-packages/px4_msgs/msg/_uavcan_parameter_value.py\n'}
[1.726579] (px4_msgs) StdoutLine: {'line': b'-- Up-to-date symlink: /home/maanavjugalshah/SwarmAero/ros2_ws/install/px4_msgs/local/lib/python3.10/dist-packages/px4_msgs/msg/_uavcan_parameter_value_s.c\n'}
[1.726702] (px4_msgs) StdoutLine: {'line': b'-- Up-to-date symlink: /home/maanavjugalshah/SwarmAero/ros2_ws/install/px4_msgs/local/lib/python3.10/dist-packages/px4_msgs/msg/_ulog_stream.py\n'}
[1.726813] (px4_msgs) StdoutLine: {'line': b'-- Up-to-date symlink: /home/maanavjugalshah/SwarmAero/ros2_ws/install/px4_msgs/local/lib/python3.10/dist-packages/px4_msgs/msg/_ulog_stream_ack.py\n'}
[1.727020] (px4_msgs) StdoutLine: {'line': b'-- Up-to-date symlink: /home/maanavjugalshah/SwarmAero/ros2_ws/install/px4_msgs/local/lib/python3.10/dist-packages/px4_msgs/msg/_ulog_stream_ack_s.c\n'}
[1.727124] (px4_msgs) StdoutLine: {'line': b'-- Up-to-date symlink: /home/maanavjugalshah/SwarmAero/ros2_ws/install/px4_msgs/local/lib/python3.10/dist-packages/px4_msgs/msg/_ulog_stream_s.c\n'}
[1.727238] (px4_msgs) StdoutLine: {'line': b'-- Up-to-date symlink: /home/maanavjugalshah/SwarmAero/ros2_ws/install/px4_msgs/local/lib/python3.10/dist-packages/px4_msgs/msg/_unregister_ext_component.py\n'}
[1.727494] (px4_msgs) StdoutLine: {'line': b'-- Up-to-date symlink: /home/maanavjugalshah/SwarmAero/ros2_ws/install/px4_msgs/local/lib/python3.10/dist-packages/px4_msgs/msg/_unregister_ext_component_s.c\n'}
[1.727826] (px4_msgs) StdoutLine: {'line': b'-- Up-to-date symlink: /home/maanavjugalshah/SwarmAero/ros2_ws/install/px4_msgs/local/lib/python3.10/dist-packages/px4_msgs/msg/_vehicle_acceleration.py\n'}
[1.727908] (px4_msgs) StdoutLine: {'line': b'-- Up-to-date symlink: /home/maanavjugalshah/SwarmAero/ros2_ws/install/px4_msgs/local/lib/python3.10/dist-packages/px4_msgs/msg/_vehicle_acceleration_s.c\n'}
[1.727951] (px4_msgs) StdoutLine: {'line': b'-- Up-to-date symlink: /home/maanavjugalshah/SwarmAero/ros2_ws/install/px4_msgs/local/lib/python3.10/dist-packages/px4_msgs/msg/_vehicle_air_data.py\n'}
[1.728182] (px4_msgs) StdoutLine: {'line': b'-- Up-to-date symlink: /home/maanavjugalshah/SwarmAero/ros2_ws/install/px4_msgs/local/lib/python3.10/dist-packages/px4_msgs/msg/_vehicle_air_data_s.c\n'}
[1.728239] (px4_msgs) StdoutLine: {'line': b'-- Up-to-date symlink: /home/maanavjugalshah/SwarmAero/ros2_ws/install/px4_msgs/local/lib/python3.10/dist-packages/px4_msgs/msg/_vehicle_angular_acceleration_setpoint.py\n'}
[1.728277] (px4_msgs) StdoutLine: {'line': b'-- Up-to-date symlink: /home/maanavjugalshah/SwarmAero/ros2_ws/install/px4_msgs/local/lib/python3.10/dist-packages/px4_msgs/msg/_vehicle_angular_acceleration_setpoint_s.c\n'}
[1.728393] (px4_msgs) StdoutLine: {'line': b'-- Up-to-date symlink: /home/maanavjugalshah/SwarmAero/ros2_ws/install/px4_msgs/local/lib/python3.10/dist-packages/px4_msgs/msg/_vehicle_angular_velocity.py\n'}
[1.728520] (px4_msgs) StdoutLine: {'line': b'-- Up-to-date symlink: /home/maanavjugalshah/SwarmAero/ros2_ws/install/px4_msgs/local/lib/python3.10/dist-packages/px4_msgs/msg/_vehicle_angular_velocity_s.c\n'}
[1.728597] (px4_msgs) StdoutLine: {'line': b'-- Up-to-date symlink: /home/maanavjugalshah/SwarmAero/ros2_ws/install/px4_msgs/local/lib/python3.10/dist-packages/px4_msgs/msg/_vehicle_attitude.py\n'}
[1.728886] (px4_msgs) StdoutLine: {'line': b'-- Up-to-date symlink: /home/maanavjugalshah/SwarmAero/ros2_ws/install/px4_msgs/local/lib/python3.10/dist-packages/px4_msgs/msg/_vehicle_attitude_s.c\n'}
[1.729008] (px4_msgs) StdoutLine: {'line': b'-- Up-to-date symlink: /home/maanavjugalshah/SwarmAero/ros2_ws/install/px4_msgs/local/lib/python3.10/dist-packages/px4_msgs/msg/_vehicle_attitude_setpoint.py\n'}
[1.729245] (px4_msgs) StdoutLine: {'line': b'-- Up-to-date symlink: /home/maanavjugalshah/SwarmAero/ros2_ws/install/px4_msgs/local/lib/python3.10/dist-packages/px4_msgs/msg/_vehicle_attitude_setpoint_s.c\n'}
[1.729354] (px4_msgs) StdoutLine: {'line': b'-- Up-to-date symlink: /home/maanavjugalshah/SwarmAero/ros2_ws/install/px4_msgs/local/lib/python3.10/dist-packages/px4_msgs/msg/_vehicle_command.py\n'}
[1.729497] (px4_msgs) StdoutLine: {'line': b'-- Up-to-date symlink: /home/maanavjugalshah/SwarmAero/ros2_ws/install/px4_msgs/local/lib/python3.10/dist-packages/px4_msgs/msg/_vehicle_command_ack.py\n'}
[1.729574] (px4_msgs) StdoutLine: {'line': b'-- Up-to-date symlink: /home/maanavjugalshah/SwarmAero/ros2_ws/install/px4_msgs/local/lib/python3.10/dist-packages/px4_msgs/msg/_vehicle_command_ack_s.c\n'}
[1.729782] (px4_msgs) StdoutLine: {'line': b'-- Up-to-date symlink: /home/maanavjugalshah/SwarmAero/ros2_ws/install/px4_msgs/local/lib/python3.10/dist-packages/px4_msgs/msg/_vehicle_command_s.c\n'}
[1.729882] (px4_msgs) StdoutLine: {'line': b'-- Up-to-date symlink: /home/maanavjugalshah/SwarmAero/ros2_ws/install/px4_msgs/local/lib/python3.10/dist-packages/px4_msgs/msg/_vehicle_constraints.py\n'}
[1.730071] (px4_msgs) StdoutLine: {'line': b'-- Up-to-date symlink: /home/maanavjugalshah/SwarmAero/ros2_ws/install/px4_msgs/local/lib/python3.10/dist-packages/px4_msgs/msg/_vehicle_constraints_s.c\n'}
[1.730365] (px4_msgs) StdoutLine: {'line': b'-- Up-to-date symlink: /home/maanavjugalshah/SwarmAero/ros2_ws/install/px4_msgs/local/lib/python3.10/dist-packages/px4_msgs/msg/_vehicle_control_mode.py\n'}
[1.730532] (px4_msgs) StdoutLine: {'line': b'-- Up-to-date symlink: /home/maanavjugalshah/SwarmAero/ros2_ws/install/px4_msgs/local/lib/python3.10/dist-packages/px4_msgs/msg/_vehicle_control_mode_s.c\n'}
[1.730579] (px4_msgs) StdoutLine: {'line': b'-- Up-to-date symlink: /home/maanavjugalshah/SwarmAero/ros2_ws/install/px4_msgs/local/lib/python3.10/dist-packages/px4_msgs/msg/_vehicle_global_position.py\n'}
[1.730658] (px4_msgs) StdoutLine: {'line': b'-- Up-to-date symlink: /home/maanavjugalshah/SwarmAero/ros2_ws/install/px4_msgs/local/lib/python3.10/dist-packages/px4_msgs/msg/_vehicle_global_position_s.c\n'}
[1.730740] (px4_msgs) StdoutLine: {'line': b'-- Up-to-date symlink: /home/maanavjugalshah/SwarmAero/ros2_ws/install/px4_msgs/local/lib/python3.10/dist-packages/px4_msgs/msg/_vehicle_imu.py\n'}
[1.730850] (px4_msgs) StdoutLine: {'line': b'-- Up-to-date symlink: /home/maanavjugalshah/SwarmAero/ros2_ws/install/px4_msgs/local/lib/python3.10/dist-packages/px4_msgs/msg/_vehicle_imu_s.c\n'}
[1.730961] (px4_msgs) StdoutLine: {'line': b'-- Up-to-date symlink: /home/maanavjugalshah/SwarmAero/ros2_ws/install/px4_msgs/local/lib/python3.10/dist-packages/px4_msgs/msg/_vehicle_imu_status.py\n'}
[1.731125] (px4_msgs) StdoutLine: {'line': b'-- Up-to-date symlink: /home/maanavjugalshah/SwarmAero/ros2_ws/install/px4_msgs/local/lib/python3.10/dist-packages/px4_msgs/msg/_vehicle_imu_status_s.c\n'}
[1.731252] (px4_msgs) StdoutLine: {'line': b'-- Up-to-date symlink: /home/maanavjugalshah/SwarmAero/ros2_ws/install/px4_msgs/local/lib/python3.10/dist-packages/px4_msgs/msg/_vehicle_land_detected.py\n'}
[1.731353] (px4_msgs) StdoutLine: {'line': b'-- Up-to-date symlink: /home/maanavjugalshah/SwarmAero/ros2_ws/install/px4_msgs/local/lib/python3.10/dist-packages/px4_msgs/msg/_vehicle_land_detected_s.c\n'}
[1.731493] (px4_msgs) StdoutLine: {'line': b'-- Up-to-date symlink: /home/maanavjugalshah/SwarmAero/ros2_ws/install/px4_msgs/local/lib/python3.10/dist-packages/px4_msgs/msg/_vehicle_local_position.py\n'}
[1.731749] (px4_msgs) StdoutLine: {'line': b'-- Up-to-date symlink: /home/maanavjugalshah/SwarmAero/ros2_ws/install/px4_msgs/local/lib/python3.10/dist-packages/px4_msgs/msg/_vehicle_local_position_s.c\n'}
[1.731825] (px4_msgs) StdoutLine: {'line': b'-- Up-to-date symlink: /home/maanavjugalshah/SwarmAero/ros2_ws/install/px4_msgs/local/lib/python3.10/dist-packages/px4_msgs/msg/_vehicle_local_position_setpoint.py\n'}
[1.731925] (px4_msgs) StdoutLine: {'line': b'-- Up-to-date symlink: /home/maanavjugalshah/SwarmAero/ros2_ws/install/px4_msgs/local/lib/python3.10/dist-packages/px4_msgs/msg/_vehicle_local_position_setpoint_s.c\n'}
[1.731988] (px4_msgs) StdoutLine: {'line': b'-- Up-to-date symlink: /home/maanavjugalshah/SwarmAero/ros2_ws/install/px4_msgs/local/lib/python3.10/dist-packages/px4_msgs/msg/_vehicle_magnetometer.py\n'}
[1.732184] (px4_msgs) StdoutLine: {'line': b'-- Up-to-date symlink: /home/maanavjugalshah/SwarmAero/ros2_ws/install/px4_msgs/local/lib/python3.10/dist-packages/px4_msgs/msg/_vehicle_magnetometer_s.c\n'}
[1.732507] (px4_msgs) StdoutLine: {'line': b'-- Up-to-date symlink: /home/maanavjugalshah/SwarmAero/ros2_ws/install/px4_msgs/local/lib/python3.10/dist-packages/px4_msgs/msg/_vehicle_odometry.py\n'}
[1.732602] (px4_msgs) StdoutLine: {'line': b'-- Up-to-date symlink: /home/maanavjugalshah/SwarmAero/ros2_ws/install/px4_msgs/local/lib/python3.10/dist-packages/px4_msgs/msg/_vehicle_odometry_s.c\n'}
[1.732676] (px4_msgs) StdoutLine: {'line': b'-- Up-to-date symlink: /home/maanavjugalshah/SwarmAero/ros2_ws/install/px4_msgs/local/lib/python3.10/dist-packages/px4_msgs/msg/_vehicle_optical_flow.py\n'}
[1.732767] (px4_msgs) StdoutLine: {'line': b'-- Up-to-date symlink: /home/maanavjugalshah/SwarmAero/ros2_ws/install/px4_msgs/local/lib/python3.10/dist-packages/px4_msgs/msg/_vehicle_optical_flow_s.c\n'}
[1.733013] (px4_msgs) StdoutLine: {'line': b'-- Up-to-date symlink: /home/maanavjugalshah/SwarmAero/ros2_ws/install/px4_msgs/local/lib/python3.10/dist-packages/px4_msgs/msg/_vehicle_optical_flow_vel.py\n'}
[1.733463] (px4_msgs) StdoutLine: {'line': b'-- Up-to-date symlink: /home/maanavjugalshah/SwarmAero/ros2_ws/install/px4_msgs/local/lib/python3.10/dist-packages/px4_msgs/msg/_vehicle_optical_flow_vel_s.c\n'}
[1.733606] (px4_msgs) StdoutLine: {'line': b'-- Up-to-date symlink: /home/maanavjugalshah/SwarmAero/ros2_ws/install/px4_msgs/local/lib/python3.10/dist-packages/px4_msgs/msg/_vehicle_rates_setpoint.py\n'}
[1.733673] (px4_msgs) StdoutLine: {'line': b'-- Up-to-date symlink: /home/maanavjugalshah/SwarmAero/ros2_ws/install/px4_msgs/local/lib/python3.10/dist-packages/px4_msgs/msg/_vehicle_rates_setpoint_s.c\n'}
[1.733726] (px4_msgs) StdoutLine: {'line': b'-- Up-to-date symlink: /home/maanavjugalshah/SwarmAero/ros2_ws/install/px4_msgs/local/lib/python3.10/dist-packages/px4_msgs/msg/_vehicle_roi.py\n'}
[1.733779] (px4_msgs) StdoutLine: {'line': b'-- Up-to-date symlink: /home/maanavjugalshah/SwarmAero/ros2_ws/install/px4_msgs/local/lib/python3.10/dist-packages/px4_msgs/msg/_vehicle_roi_s.c\n'}
[1.733826] (px4_msgs) StdoutLine: {'line': b'-- Up-to-date symlink: /home/maanavjugalshah/SwarmAero/ros2_ws/install/px4_msgs/local/lib/python3.10/dist-packages/px4_msgs/msg/_vehicle_status.py\n'}
[1.733894] (px4_msgs) StdoutLine: {'line': b'-- Up-to-date symlink: /home/maanavjugalshah/SwarmAero/ros2_ws/install/px4_msgs/local/lib/python3.10/dist-packages/px4_msgs/msg/_vehicle_status_s.c\n'}
[1.733935] (px4_msgs) StdoutLine: {'line': b'-- Up-to-date symlink: /home/maanavjugalshah/SwarmAero/ros2_ws/install/px4_msgs/local/lib/python3.10/dist-packages/px4_msgs/msg/_vehicle_thrust_setpoint.py\n'}
[1.734009] (px4_msgs) StdoutLine: {'line': b'-- Up-to-date symlink: /home/maanavjugalshah/SwarmAero/ros2_ws/install/px4_msgs/local/lib/python3.10/dist-packages/px4_msgs/msg/_vehicle_thrust_setpoint_s.c\n'}
[1.734095] (px4_msgs) StdoutLine: {'line': b'-- Up-to-date symlink: /home/maanavjugalshah/SwarmAero/ros2_ws/install/px4_msgs/local/lib/python3.10/dist-packages/px4_msgs/msg/_vehicle_torque_setpoint.py\n'}
[1.734253] (px4_msgs) StdoutLine: {'line': b'-- Up-to-date symlink: /home/maanavjugalshah/SwarmAero/ros2_ws/install/px4_msgs/local/lib/python3.10/dist-packages/px4_msgs/msg/_vehicle_torque_setpoint_s.c\n'}
[1.734467] (px4_msgs) StdoutLine: {'line': b'-- Up-to-date symlink: /home/maanavjugalshah/SwarmAero/ros2_ws/install/px4_msgs/local/lib/python3.10/dist-packages/px4_msgs/msg/_velocity_limits.py\n'}
[1.734577] (px4_msgs) StdoutLine: {'line': b'-- Up-to-date symlink: /home/maanavjugalshah/SwarmAero/ros2_ws/install/px4_msgs/local/lib/python3.10/dist-packages/px4_msgs/msg/_velocity_limits_s.c\n'}
[1.734647] (px4_msgs) StdoutLine: {'line': b'-- Up-to-date symlink: /home/maanavjugalshah/SwarmAero/ros2_ws/install/px4_msgs/local/lib/python3.10/dist-packages/px4_msgs/msg/_vtol_vehicle_status.py\n'}
[1.734748] (px4_msgs) StdoutLine: {'line': b'-- Up-to-date symlink: /home/maanavjugalshah/SwarmAero/ros2_ws/install/px4_msgs/local/lib/python3.10/dist-packages/px4_msgs/msg/_vtol_vehicle_status_s.c\n'}
[1.734870] (px4_msgs) StdoutLine: {'line': b'-- Up-to-date symlink: /home/maanavjugalshah/SwarmAero/ros2_ws/install/px4_msgs/local/lib/python3.10/dist-packages/px4_msgs/msg/_vtx.py\n'}
[1.735114] (px4_msgs) StdoutLine: {'line': b'-- Up-to-date symlink: /home/maanavjugalshah/SwarmAero/ros2_ws/install/px4_msgs/local/lib/python3.10/dist-packages/px4_msgs/msg/_vtx_s.c\n'}
[1.735241] (px4_msgs) StdoutLine: {'line': b'-- Up-to-date symlink: /home/maanavjugalshah/SwarmAero/ros2_ws/install/px4_msgs/local/lib/python3.10/dist-packages/px4_msgs/msg/_wheel_encoders.py\n'}
[1.735360] (px4_msgs) StdoutLine: {'line': b'-- Up-to-date symlink: /home/maanavjugalshah/SwarmAero/ros2_ws/install/px4_msgs/local/lib/python3.10/dist-packages/px4_msgs/msg/_wheel_encoders_s.c\n'}
[1.735478] (px4_msgs) StdoutLine: {'line': b'-- Up-to-date symlink: /home/maanavjugalshah/SwarmAero/ros2_ws/install/px4_msgs/local/lib/python3.10/dist-packages/px4_msgs/msg/_wind.py\n'}
[1.735627] (px4_msgs) StdoutLine: {'line': b'-- Up-to-date symlink: /home/maanavjugalshah/SwarmAero/ros2_ws/install/px4_msgs/local/lib/python3.10/dist-packages/px4_msgs/msg/_wind_s.c\n'}
[1.735793] (px4_msgs) StdoutLine: {'line': b'-- Up-to-date symlink: /home/maanavjugalshah/SwarmAero/ros2_ws/install/px4_msgs/local/lib/python3.10/dist-packages/px4_msgs/msg/_yaw_estimator_status.py\n'}
[1.735882] (px4_msgs) StdoutLine: {'line': b'-- Up-to-date symlink: /home/maanavjugalshah/SwarmAero/ros2_ws/install/px4_msgs/local/lib/python3.10/dist-packages/px4_msgs/msg/_yaw_estimator_status_s.c\n'}
[1.736109] (px4_msgs) StdoutLine: {'line': b'-- Up-to-date symlink: /home/maanavjugalshah/SwarmAero/ros2_ws/install/px4_msgs/local/lib/python3.10/dist-packages/px4_msgs/px4_msgs_s__rosidl_typesupport_c.cpython-310-x86_64-linux-gnu.so\n'}
[1.736159] (px4_msgs) StdoutLine: {'line': b'-- Up-to-date symlink: /home/maanavjugalshah/SwarmAero/ros2_ws/install/px4_msgs/local/lib/python3.10/dist-packages/px4_msgs/px4_msgs_s__rosidl_typesupport_fastrtps_c.cpython-310-x86_64-linux-gnu.so\n'}
[1.736197] (px4_msgs) StdoutLine: {'line': b'-- Up-to-date symlink: /home/maanavjugalshah/SwarmAero/ros2_ws/install/px4_msgs/local/lib/python3.10/dist-packages/px4_msgs/px4_msgs_s__rosidl_typesupport_introspection_c.cpython-310-x86_64-linux-gnu.so\n'}
[1.736315] (px4_msgs) StdoutLine: {'line': b'-- Up-to-date symlink: /home/maanavjugalshah/SwarmAero/ros2_ws/install/px4_msgs/local/lib/python3.10/dist-packages/px4_msgs/srv/__init__.py\n'}
[1.736388] (px4_msgs) StdoutLine: {'line': b'-- Up-to-date symlink: /home/maanavjugalshah/SwarmAero/ros2_ws/install/px4_msgs/local/lib/python3.10/dist-packages/px4_msgs/srv/_vehicle_command.py\n'}
[1.736427] (px4_msgs) StdoutLine: {'line': b'-- Up-to-date symlink: /home/maanavjugalshah/SwarmAero/ros2_ws/install/px4_msgs/local/lib/python3.10/dist-packages/px4_msgs/srv/_vehicle_command_s.c\n'}
[1.736578] (px4_msgs) StdoutLine: {'line': b'-- Up-to-date symlink: /home/maanavjugalshah/SwarmAero/ros2_ws/install/px4_msgs/local/lib/python3.10/dist-packages/px4_msgs/px4_msgs_s__rosidl_typesupport_fastrtps_c.cpython-310-x86_64-linux-gnu.so\n'}
[1.736714] (px4_msgs) StdoutLine: {'line': b'-- Up-to-date symlink: /home/maanavjugalshah/SwarmAero/ros2_ws/install/px4_msgs/local/lib/python3.10/dist-packages/px4_msgs/px4_msgs_s__rosidl_typesupport_introspection_c.cpython-310-x86_64-linux-gnu.so\n'}
[1.736755] (px4_msgs) StdoutLine: {'line': b'-- Up-to-date symlink: /home/maanavjugalshah/SwarmAero/ros2_ws/install/px4_msgs/local/lib/python3.10/dist-packages/px4_msgs/px4_msgs_s__rosidl_typesupport_c.cpython-310-x86_64-linux-gnu.so\n'}
[1.736793] (px4_msgs) StdoutLine: {'line': b'-- Up-to-date symlink: /home/maanavjugalshah/SwarmAero/ros2_ws/install/px4_msgs/share/ament_index/resource_index/rust_packages/px4_msgs\n'}
[1.736828] (px4_msgs) StdoutLine: {'line': b'-- Up-to-date symlink: /home/maanavjugalshah/SwarmAero/ros2_ws/install/px4_msgs/share/px4_msgs/rust/Cargo.toml\n'}
[1.736928] (px4_msgs) StdoutLine: {'line': b'-- Up-to-date symlink: /home/maanavjugalshah/SwarmAero/ros2_ws/install/px4_msgs/share/px4_msgs/rust/build.rs\n'}
[1.737000] (px4_msgs) StdoutLine: {'line': b'-- Up-to-date symlink: /home/maanavjugalshah/SwarmAero/ros2_ws/install/px4_msgs/share/px4_msgs/rust/src/lib.rs\n'}
[1.737071] (px4_msgs) StdoutLine: {'line': b'-- Up-to-date symlink: /home/maanavjugalshah/SwarmAero/ros2_ws/install/px4_msgs/share/px4_msgs/rust/src/msg.rs\n'}
[1.737169] (px4_msgs) StdoutLine: {'line': b'-- Up-to-date symlink: /home/maanavjugalshah/SwarmAero/ros2_ws/install/px4_msgs/share/px4_msgs/rust/src/msg/rmw.rs\n'}
[1.737451] (px4_msgs) StdoutLine: {'line': b'-- Up-to-date symlink: /home/maanavjugalshah/SwarmAero/ros2_ws/install/px4_msgs/share/px4_msgs/rust/src/srv.rs\n'}
[1.737590] (px4_msgs) StdoutLine: {'line': b'-- Up-to-date symlink: /home/maanavjugalshah/SwarmAero/ros2_ws/install/px4_msgs/share/px4_msgs/rust/src/srv/rmw.rs\n'}
[1.737708] (px4_msgs) StdoutLine: {'line': b'-- Up-to-date symlink: /home/maanavjugalshah/SwarmAero/ros2_ws/install/px4_msgs/share/px4_msgs/msg/ActionRequest.idl\n'}
[1.737826] (px4_msgs) StdoutLine: {'line': b'-- Up-to-date symlink: /home/maanavjugalshah/SwarmAero/ros2_ws/install/px4_msgs/share/px4_msgs/msg/ActuatorArmed.idl\n'}
[1.738000] (px4_msgs) StdoutLine: {'line': b'-- Up-to-date symlink: /home/maanavjugalshah/SwarmAero/ros2_ws/install/px4_msgs/share/px4_msgs/msg/ActuatorControlsStatus.idl\n'}
[1.738196] (px4_msgs) StdoutLine: {'line': b'-- Up-to-date symlink: /home/maanavjugalshah/SwarmAero/ros2_ws/install/px4_msgs/share/px4_msgs/msg/ActuatorMotors.idl\n'}
[1.738300] (px4_msgs) StdoutLine: {'line': b'-- Up-to-date symlink: /home/maanavjugalshah/SwarmAero/ros2_ws/install/px4_msgs/share/px4_msgs/msg/ActuatorOutputs.idl\n'}
[1.738385] (px4_msgs) StdoutLine: {'line': b'-- Up-to-date symlink: /home/maanavjugalshah/SwarmAero/ros2_ws/install/px4_msgs/share/px4_msgs/msg/ActuatorServos.idl\n'}
[1.738469] (px4_msgs) StdoutLine: {'line': b'-- Up-to-date symlink: /home/maanavjugalshah/SwarmAero/ros2_ws/install/px4_msgs/share/px4_msgs/msg/ActuatorServosTrim.idl\n'}
[1.738556] (px4_msgs) StdoutLine: {'line': b'-- Up-to-date symlink: /home/maanavjugalshah/SwarmAero/ros2_ws/install/px4_msgs/share/px4_msgs/msg/ActuatorTest.idl\n'}
[1.738749] (px4_msgs) StdoutLine: {'line': b'-- Up-to-date symlink: /home/maanavjugalshah/SwarmAero/ros2_ws/install/px4_msgs/share/px4_msgs/msg/AdcReport.idl\n'}
[1.738902] (px4_msgs) StdoutLine: {'line': b'-- Up-to-date symlink: /home/maanavjugalshah/SwarmAero/ros2_ws/install/px4_msgs/share/px4_msgs/msg/Airspeed.idl\n'}
[1.739066] (px4_msgs) StdoutLine: {'line': b'-- Up-to-date symlink: /home/maanavjugalshah/SwarmAero/ros2_ws/install/px4_msgs/share/px4_msgs/msg/AirspeedValidated.idl\n'}
[1.739116] (px4_msgs) StdoutLine: {'line': b'-- Up-to-date symlink: /home/maanavjugalshah/SwarmAero/ros2_ws/install/px4_msgs/share/px4_msgs/msg/AirspeedWind.idl\n'}
[1.739154] (px4_msgs) StdoutLine: {'line': b'-- Up-to-date symlink: /home/maanavjugalshah/SwarmAero/ros2_ws/install/px4_msgs/share/px4_msgs/msg/ArmingCheckReply.idl\n'}
[1.739189] (px4_msgs) StdoutLine: {'line': b'-- Up-to-date symlink: /home/maanavjugalshah/SwarmAero/ros2_ws/install/px4_msgs/share/px4_msgs/msg/ArmingCheckRequest.idl\n'}
[1.739233] (px4_msgs) StdoutLine: {'line': b'-- Up-to-date symlink: /home/maanavjugalshah/SwarmAero/ros2_ws/install/px4_msgs/share/px4_msgs/msg/AutotuneAttitudeControlStatus.idl\n'}
[1.739388] (px4_msgs) StdoutLine: {'line': b'-- Up-to-date symlink: /home/maanavjugalshah/SwarmAero/ros2_ws/install/px4_msgs/share/px4_msgs/msg/AuxGlobalPosition.idl\n'}
[1.739635] (px4_msgs) StdoutLine: {'line': b'-- Up-to-date symlink: /home/maanavjugalshah/SwarmAero/ros2_ws/install/px4_msgs/share/px4_msgs/msg/BatteryInfo.idl\n'}
[1.739729] (px4_msgs) StdoutLine: {'line': b'-- Up-to-date symlink: /home/maanavjugalshah/SwarmAero/ros2_ws/install/px4_msgs/share/px4_msgs/msg/BatteryStatus.idl\n'}
[1.739998] (px4_msgs) StdoutLine: {'line': b'-- Up-to-date symlink: /home/maanavjugalshah/SwarmAero/ros2_ws/install/px4_msgs/share/px4_msgs/msg/ButtonEvent.idl\n'}
[1.740262] (px4_msgs) StdoutLine: {'line': b'-- Up-to-date symlink: /home/maanavjugalshah/SwarmAero/ros2_ws/install/px4_msgs/share/px4_msgs/msg/CameraCapture.idl\n'}
[1.740310] (px4_msgs) StdoutLine: {'line': b'-- Up-to-date symlink: /home/maanavjugalshah/SwarmAero/ros2_ws/install/px4_msgs/share/px4_msgs/msg/CameraStatus.idl\n'}
[1.740345] (px4_msgs) StdoutLine: {'line': b'-- Up-to-date symlink: /home/maanavjugalshah/SwarmAero/ros2_ws/install/px4_msgs/share/px4_msgs/msg/CameraTrigger.idl\n'}
[1.740461] (px4_msgs) StdoutLine: {'line': b'-- Up-to-date symlink: /home/maanavjugalshah/SwarmAero/ros2_ws/install/px4_msgs/share/px4_msgs/msg/CanInterfaceStatus.idl\n'}
[1.740512] (px4_msgs) StdoutLine: {'line': b'-- Up-to-date symlink: /home/maanavjugalshah/SwarmAero/ros2_ws/install/px4_msgs/share/px4_msgs/msg/CellularStatus.idl\n'}
[1.740548] (px4_msgs) StdoutLine: {'line': b'-- Up-to-date symlink: /home/maanavjugalshah/SwarmAero/ros2_ws/install/px4_msgs/share/px4_msgs/msg/CollisionConstraints.idl\n'}
[1.740584] (px4_msgs) StdoutLine: {'line': b'-- Up-to-date symlink: /home/maanavjugalshah/SwarmAero/ros2_ws/install/px4_msgs/share/px4_msgs/msg/ConfigOverrides.idl\n'}
[1.740681] (px4_msgs) StdoutLine: {'line': b'-- Up-to-date symlink: /home/maanavjugalshah/SwarmAero/ros2_ws/install/px4_msgs/share/px4_msgs/msg/ControlAllocatorStatus.idl\n'}
[1.740753] (px4_msgs) StdoutLine: {'line': b'-- Up-to-date symlink: /home/maanavjugalshah/SwarmAero/ros2_ws/install/px4_msgs/share/px4_msgs/msg/Cpuload.idl\n'}
[1.741250] (px4_msgs) StdoutLine: {'line': b'-- Up-to-date symlink: /home/maanavjugalshah/SwarmAero/ros2_ws/install/px4_msgs/share/px4_msgs/msg/DatamanRequest.idl\n'}
[1.741414] (px4_msgs) StdoutLine: {'line': b'-- Up-to-date symlink: /home/maanavjugalshah/SwarmAero/ros2_ws/install/px4_msgs/share/px4_msgs/msg/DatamanResponse.idl\n'}
[1.741569] (px4_msgs) StdoutLine: {'line': b'-- Up-to-date symlink: /home/maanavjugalshah/SwarmAero/ros2_ws/install/px4_msgs/share/px4_msgs/msg/DebugArray.idl\n'}
[1.742012] (px4_msgs) StdoutLine: {'line': b'-- Up-to-date symlink: /home/maanavjugalshah/SwarmAero/ros2_ws/install/px4_msgs/share/px4_msgs/msg/DebugKeyValue.idl\n'}
[1.742116] (px4_msgs) StdoutLine: {'line': b'-- Up-to-date symlink: /home/maanavjugalshah/SwarmAero/ros2_ws/install/px4_msgs/share/px4_msgs/msg/DebugValue.idl\n'}
[1.742203] (px4_msgs) StdoutLine: {'line': b'-- Up-to-date symlink: /home/maanavjugalshah/SwarmAero/ros2_ws/install/px4_msgs/share/px4_msgs/msg/DebugVect.idl\n'}
[1.742383] (px4_msgs) StdoutLine: {'line': b'-- Up-to-date symlink: /home/maanavjugalshah/SwarmAero/ros2_ws/install/px4_msgs/share/px4_msgs/msg/DeviceInformation.idl\n'}
[1.742602] (px4_msgs) StdoutLine: {'line': b'-- Up-to-date symlink: /home/maanavjugalshah/SwarmAero/ros2_ws/install/px4_msgs/share/px4_msgs/msg/DifferentialPressure.idl\n'}
[1.742719] (px4_msgs) StdoutLine: {'line': b'-- Up-to-date symlink: /home/maanavjugalshah/SwarmAero/ros2_ws/install/px4_msgs/share/px4_msgs/msg/DistanceSensor.idl\n'}
[1.742834] (px4_msgs) StdoutLine: {'line': b'-- Up-to-date symlink: /home/maanavjugalshah/SwarmAero/ros2_ws/install/px4_msgs/share/px4_msgs/msg/DistanceSensorModeChangeRequest.idl\n'}
[1.742950] (px4_msgs) StdoutLine: {'line': b'-- Up-to-date symlink: /home/maanavjugalshah/SwarmAero/ros2_ws/install/px4_msgs/share/px4_msgs/msg/DronecanNodeStatus.idl\n'}
[1.743133] (px4_msgs) StdoutLine: {'line': b'-- Up-to-date symlink: /home/maanavjugalshah/SwarmAero/ros2_ws/install/px4_msgs/share/px4_msgs/msg/Ekf2Timestamps.idl\n'}
[1.743183] (px4_msgs) StdoutLine: {'line': b'-- Up-to-date symlink: /home/maanavjugalshah/SwarmAero/ros2_ws/install/px4_msgs/share/px4_msgs/msg/EscEepromRead.idl\n'}
[1.743379] (px4_msgs) StdoutLine: {'line': b'-- Up-to-date symlink: /home/maanavjugalshah/SwarmAero/ros2_ws/install/px4_msgs/share/px4_msgs/msg/EscEepromWrite.idl\n'}
[1.743567] (px4_msgs) StdoutLine: {'line': b'-- Up-to-date symlink: /home/maanavjugalshah/SwarmAero/ros2_ws/install/px4_msgs/share/px4_msgs/msg/EscReport.idl\n'}
[1.743712] (px4_msgs) StdoutLine: {'line': b'-- Up-to-date symlink: /home/maanavjugalshah/SwarmAero/ros2_ws/install/px4_msgs/share/px4_msgs/msg/EscStatus.idl\n'}
[1.743910] (px4_msgs) StdoutLine: {'line': b'-- Up-to-date symlink: /home/maanavjugalshah/SwarmAero/ros2_ws/install/px4_msgs/share/px4_msgs/msg/EstimatorAidSource1d.idl\n'}
[1.744039] (px4_msgs) StdoutLine: {'line': b'-- Up-to-date symlink: /home/maanavjugalshah/SwarmAero/ros2_ws/install/px4_msgs/share/px4_msgs/msg/EstimatorAidSource2d.idl\n'}
[1.744078] (px4_msgs) StdoutLine: {'line': b'-- Up-to-date symlink: /home/maanavjugalshah/SwarmAero/ros2_ws/install/px4_msgs/share/px4_msgs/msg/EstimatorAidSource3d.idl\n'}
[1.744114] (px4_msgs) StdoutLine: {'line': b'-- Up-to-date symlink: /home/maanavjugalshah/SwarmAero/ros2_ws/install/px4_msgs/share/px4_msgs/msg/EstimatorBias.idl\n'}
[1.744185] (px4_msgs) StdoutLine: {'line': b'-- Up-to-date symlink: /home/maanavjugalshah/SwarmAero/ros2_ws/install/px4_msgs/share/px4_msgs/msg/EstimatorBias3d.idl\n'}
[1.744435] (px4_msgs) StdoutLine: {'line': b'-- Up-to-date symlink: /home/maanavjugalshah/SwarmAero/ros2_ws/install/px4_msgs/share/px4_msgs/msg/EstimatorEventFlags.idl\n'}
[1.744539] (px4_msgs) StdoutLine: {'line': b'-- Up-to-date symlink: /home/maanavjugalshah/SwarmAero/ros2_ws/install/px4_msgs/share/px4_msgs/msg/EstimatorFusionControl.idl\n'}
[1.744624] (px4_msgs) StdoutLine: {'line': b'-- Up-to-date symlink: /home/maanavjugalshah/SwarmAero/ros2_ws/install/px4_msgs/share/px4_msgs/msg/EstimatorGpsStatus.idl\n'}
[1.744716] (px4_msgs) StdoutLine: {'line': b'-- Up-to-date symlink: /home/maanavjugalshah/SwarmAero/ros2_ws/install/px4_msgs/share/px4_msgs/msg/EstimatorInnovations.idl\n'}
[1.744804] (px4_msgs) StdoutLine: {'line': b'-- Up-to-date symlink: /home/maanavjugalshah/SwarmAero/ros2_ws/install/px4_msgs/share/px4_msgs/msg/EstimatorSelectorStatus.idl\n'}
[1.744956] (px4_msgs) StdoutLine: {'line': b'-- Up-to-date symlink: /home/maanavjugalshah/SwarmAero/ros2_ws/install/px4_msgs/share/px4_msgs/msg/EstimatorSensorBias.idl\n'}
[1.745209] (px4_msgs) StdoutLine: {'line': b'-- Up-to-date symlink: /home/maanavjugalshah/SwarmAero/ros2_ws/install/px4_msgs/share/px4_msgs/msg/EstimatorStates.idl\n'}
[1.745579] (px4_msgs) StdoutLine: {'line': b'-- Up-to-date symlink: /home/maanavjugalshah/SwarmAero/ros2_ws/install/px4_msgs/share/px4_msgs/msg/EstimatorStatus.idl\n'}
[1.745790] (px4_msgs) StdoutLine: {'line': b'-- Up-to-date symlink: /home/maanavjugalshah/SwarmAero/ros2_ws/install/px4_msgs/share/px4_msgs/msg/EstimatorStatusFlags.idl\n'}
[1.745907] (px4_msgs) StdoutLine: {'line': b'-- Up-to-date symlink: /home/maanavjugalshah/SwarmAero/ros2_ws/install/px4_msgs/share/px4_msgs/msg/Event.idl\n'}
[1.745990] (px4_msgs) StdoutLine: {'line': b'-- Up-to-date symlink: /home/maanavjugalshah/SwarmAero/ros2_ws/install/px4_msgs/share/px4_msgs/msg/FailsafeFlags.idl\n'}
[1.746091] (px4_msgs) StdoutLine: {'line': b'-- Up-to-date symlink: /home/maanavjugalshah/SwarmAero/ros2_ws/install/px4_msgs/share/px4_msgs/msg/FailureDetectorStatus.idl\n'}
[1.746292] (px4_msgs) StdoutLine: {'line': b'-- Up-to-date symlink: /home/maanavjugalshah/SwarmAero/ros2_ws/install/px4_msgs/share/px4_msgs/msg/FigureEightStatus.idl\n'}
[1.746335] (px4_msgs) StdoutLine: {'line': b'-- Up-to-date symlink: /home/maanavjugalshah/SwarmAero/ros2_ws/install/px4_msgs/share/px4_msgs/msg/FixedWingLateralGuidanceStatus.idl\n'}
[1.746372] (px4_msgs) StdoutLine: {'line': b'-- Up-to-date symlink: /home/maanavjugalshah/SwarmAero/ros2_ws/install/px4_msgs/share/px4_msgs/msg/FixedWingLateralSetpoint.idl\n'}
[1.746469] (px4_msgs) StdoutLine: {'line': b'-- Up-to-date symlink: /home/maanavjugalshah/SwarmAero/ros2_ws/install/px4_msgs/share/px4_msgs/msg/FixedWingLateralStatus.idl\n'}
[1.746664] (px4_msgs) StdoutLine: {'line': b'-- Up-to-date symlink: /home/maanavjugalshah/SwarmAero/ros2_ws/install/px4_msgs/share/px4_msgs/msg/FixedWingLongitudinalSetpoint.idl\n'}
[1.746861] (px4_msgs) StdoutLine: {'line': b'-- Up-to-date symlink: /home/maanavjugalshah/SwarmAero/ros2_ws/install/px4_msgs/share/px4_msgs/msg/FixedWingRunwayControl.idl\n'}
[1.746927] (px4_msgs) StdoutLine: {'line': b'-- Up-to-date symlink: /home/maanavjugalshah/SwarmAero/ros2_ws/install/px4_msgs/share/px4_msgs/msg/FlightPhaseEstimation.idl\n'}
[1.747019] (px4_msgs) StdoutLine: {'line': b'-- Up-to-date symlink: /home/maanavjugalshah/SwarmAero/ros2_ws/install/px4_msgs/share/px4_msgs/msg/FollowTarget.idl\n'}
[1.747119] (px4_msgs) StdoutLine: {'line': b'-- Up-to-date symlink: /home/maanavjugalshah/SwarmAero/ros2_ws/install/px4_msgs/share/px4_msgs/msg/FollowTargetEstimator.idl\n'}
[1.747286] (px4_msgs) StdoutLine: {'line': b'-- Up-to-date symlink: /home/maanavjugalshah/SwarmAero/ros2_ws/install/px4_msgs/share/px4_msgs/msg/FollowTargetStatus.idl\n'}
[1.747395] (px4_msgs) StdoutLine: {'line': b'-- Up-to-date symlink: /home/maanavjugalshah/SwarmAero/ros2_ws/install/px4_msgs/share/px4_msgs/msg/FuelTankStatus.idl\n'}
[1.747500] (px4_msgs) StdoutLine: {'line': b'-- Up-to-date symlink: /home/maanavjugalshah/SwarmAero/ros2_ws/install/px4_msgs/share/px4_msgs/msg/GainCompression.idl\n'}
[1.747635] (px4_msgs) StdoutLine: {'line': b'-- Up-to-date symlink: /home/maanavjugalshah/SwarmAero/ros2_ws/install/px4_msgs/share/px4_msgs/msg/GeneratorStatus.idl\n'}
[1.747680] (px4_msgs) StdoutLine: {'line': b'-- Up-to-date symlink: /home/maanavjugalshah/SwarmAero/ros2_ws/install/px4_msgs/share/px4_msgs/msg/GeofenceResult.idl\n'}
[1.747715] (px4_msgs) StdoutLine: {'line': b'-- Up-to-date symlink: /home/maanavjugalshah/SwarmAero/ros2_ws/install/px4_msgs/share/px4_msgs/msg/GeofenceStatus.idl\n'}
[1.747859] (px4_msgs) StdoutLine: {'line': b'-- Up-to-date symlink: /home/maanavjugalshah/SwarmAero/ros2_ws/install/px4_msgs/share/px4_msgs/msg/GimbalControls.idl\n'}
[1.748010] (px4_msgs) StdoutLine: {'line': b'-- Up-to-date symlink: /home/maanavjugalshah/SwarmAero/ros2_ws/install/px4_msgs/share/px4_msgs/msg/GimbalDeviceAttitudeStatus.idl\n'}
[1.748082] (px4_msgs) StdoutLine: {'line': b'-- Up-to-date symlink: /home/maanavjugalshah/SwarmAero/ros2_ws/install/px4_msgs/share/px4_msgs/msg/GimbalDeviceInformation.idl\n'}
[1.748125] (px4_msgs) StdoutLine: {'line': b'-- Up-to-date symlink: /home/maanavjugalshah/SwarmAero/ros2_ws/install/px4_msgs/share/px4_msgs/msg/GimbalDeviceSetAttitude.idl\n'}
[1.748232] (px4_msgs) StdoutLine: {'line': b'-- Up-to-date symlink: /home/maanavjugalshah/SwarmAero/ros2_ws/install/px4_msgs/share/px4_msgs/msg/GimbalManagerInformation.idl\n'}
[1.748303] (px4_msgs) StdoutLine: {'line': b'-- Up-to-date symlink: /home/maanavjugalshah/SwarmAero/ros2_ws/install/px4_msgs/share/px4_msgs/msg/GimbalManagerSetAttitude.idl\n'}
[1.748508] (px4_msgs) StdoutLine: {'line': b'-- Up-to-date symlink: /home/maanavjugalshah/SwarmAero/ros2_ws/install/px4_msgs/share/px4_msgs/msg/GimbalManagerSetManualControl.idl\n'}
[1.748613] (px4_msgs) StdoutLine: {'line': b'-- Up-to-date symlink: /home/maanavjugalshah/SwarmAero/ros2_ws/install/px4_msgs/share/px4_msgs/msg/GimbalManagerStatus.idl\n'}
[1.748662] (px4_msgs) StdoutLine: {'line': b'-- Up-to-date symlink: /home/maanavjugalshah/SwarmAero/ros2_ws/install/px4_msgs/share/px4_msgs/msg/GotoSetpoint.idl\n'}
[1.748700] (px4_msgs) StdoutLine: {'line': b'-- Up-to-date symlink: /home/maanavjugalshah/SwarmAero/ros2_ws/install/px4_msgs/share/px4_msgs/msg/GpioConfig.idl\n'}
[1.748735] (px4_msgs) StdoutLine: {'line': b'-- Up-to-date symlink: /home/maanavjugalshah/SwarmAero/ros2_ws/install/px4_msgs/share/px4_msgs/msg/GpioIn.idl\n'}
[1.749293] (px4_msgs) StdoutLine: {'line': b'-- Up-to-date symlink: /home/maanavjugalshah/SwarmAero/ros2_ws/install/px4_msgs/share/px4_msgs/msg/GpioOut.idl\n'}
[1.749773] (px4_msgs) StdoutLine: {'line': b'-- Up-to-date symlink: /home/maanavjugalshah/SwarmAero/ros2_ws/install/px4_msgs/share/px4_msgs/msg/GpioRequest.idl\n'}
[1.750240] (px4_msgs) StdoutLine: {'line': b'-- Up-to-date symlink: /home/maanavjugalshah/SwarmAero/ros2_ws/install/px4_msgs/share/px4_msgs/msg/GpsDump.idl\n'}
[1.750362] (px4_msgs) StdoutLine: {'line': b'-- Up-to-date symlink: /home/maanavjugalshah/SwarmAero/ros2_ws/install/px4_msgs/share/px4_msgs/msg/GpsInjectData.idl\n'}
[1.750434] (px4_msgs) StdoutLine: {'line': b'-- Up-to-date symlink: /home/maanavjugalshah/SwarmAero/ros2_ws/install/px4_msgs/share/px4_msgs/msg/Gripper.idl\n'}
[1.750886] (px4_msgs) StdoutLine: {'line': b'-- Up-to-date symlink: /home/maanavjugalshah/SwarmAero/ros2_ws/install/px4_msgs/share/px4_msgs/msg/HealthReport.idl\n'}
[1.751146] (px4_msgs) StdoutLine: {'line': b'-- Up-to-date symlink: /home/maanavjugalshah/SwarmAero/ros2_ws/install/px4_msgs/share/px4_msgs/msg/HeaterStatus.idl\n'}
[1.751608] (px4_msgs) StdoutLine: {'line': b'-- Up-to-date symlink: /home/maanavjugalshah/SwarmAero/ros2_ws/install/px4_msgs/share/px4_msgs/msg/HomePosition.idl\n'}
[1.752083] (px4_msgs) StdoutLine: {'line': b'-- Up-to-date symlink: /home/maanavjugalshah/SwarmAero/ros2_ws/install/px4_msgs/share/px4_msgs/msg/HoverThrustEstimate.idl\n'}
[1.752155] (px4_msgs) StdoutLine: {'line': b'-- Up-to-date symlink: /home/maanavjugalshah/SwarmAero/ros2_ws/install/px4_msgs/share/px4_msgs/msg/InputRc.idl\n'}
[1.752265] (px4_msgs) StdoutLine: {'line': b'-- Up-to-date symlink: /home/maanavjugalshah/SwarmAero/ros2_ws/install/px4_msgs/share/px4_msgs/msg/InternalCombustionEngineControl.idl\n'}
[1.752390] (px4_msgs) StdoutLine: {'line': b'-- Up-to-date symlink: /home/maanavjugalshah/SwarmAero/ros2_ws/install/px4_msgs/share/px4_msgs/msg/InternalCombustionEngineStatus.idl\n'}
[1.752491] (px4_msgs) StdoutLine: {'line': b'-- Up-to-date symlink: /home/maanavjugalshah/SwarmAero/ros2_ws/install/px4_msgs/share/px4_msgs/msg/IridiumsbdStatus.idl\n'}
[1.752747] (px4_msgs) StdoutLine: {'line': b'-- Up-to-date symlink: /home/maanavjugalshah/SwarmAero/ros2_ws/install/px4_msgs/share/px4_msgs/msg/IrlockReport.idl\n'}
[1.752802] (px4_msgs) StdoutLine: {'line': b'-- Up-to-date symlink: /home/maanavjugalshah/SwarmAero/ros2_ws/install/px4_msgs/share/px4_msgs/msg/LandingGear.idl\n'}
[1.752886] (px4_msgs) StdoutLine: {'line': b'-- Up-to-date symlink: /home/maanavjugalshah/SwarmAero/ros2_ws/install/px4_msgs/share/px4_msgs/msg/LandingGearWheel.idl\n'}
[1.752960] (px4_msgs) StdoutLine: {'line': b'-- Up-to-date symlink: /home/maanavjugalshah/SwarmAero/ros2_ws/install/px4_msgs/share/px4_msgs/msg/LandingTargetInnovations.idl\n'}
[1.753238] (px4_msgs) StdoutLine: {'line': b'-- Up-to-date symlink: /home/maanavjugalshah/SwarmAero/ros2_ws/install/px4_msgs/share/px4_msgs/msg/LandingTargetPose.idl\n'}
[1.753298] (px4_msgs) StdoutLine: {'line': b'-- Up-to-date symlink: /home/maanavjugalshah/SwarmAero/ros2_ws/install/px4_msgs/share/px4_msgs/msg/LateralControlConfiguration.idl\n'}
[1.753337] (px4_msgs) StdoutLine: {'line': b'-- Up-to-date symlink: /home/maanavjugalshah/SwarmAero/ros2_ws/install/px4_msgs/share/px4_msgs/msg/LaunchDetectionStatus.idl\n'}
[1.753435] (px4_msgs) StdoutLine: {'line': b'-- Up-to-date symlink: /home/maanavjugalshah/SwarmAero/ros2_ws/install/px4_msgs/share/px4_msgs/msg/LedControl.idl\n'}
[1.753553] (px4_msgs) StdoutLine: {'line': b'-- Up-to-date symlink: /home/maanavjugalshah/SwarmAero/ros2_ws/install/px4_msgs/share/px4_msgs/msg/LogMessage.idl\n'}
[1.753741] (px4_msgs) StdoutLine: {'line': b'-- Up-to-date symlink: /home/maanavjugalshah/SwarmAero/ros2_ws/install/px4_msgs/share/px4_msgs/msg/LoggerStatus.idl\n'}
[1.753815] (px4_msgs) StdoutLine: {'line': b'-- Up-to-date symlink: /home/maanavjugalshah/SwarmAero/ros2_ws/install/px4_msgs/share/px4_msgs/msg/LongitudinalControlConfiguration.idl\n'}
[1.753872] (px4_msgs) StdoutLine: {'line': b'-- Up-to-date symlink: /home/maanavjugalshah/SwarmAero/ros2_ws/install/px4_msgs/share/px4_msgs/msg/MagWorkerData.idl\n'}
[1.754180] (px4_msgs) StdoutLine: {'line': b'-- Up-to-date symlink: /home/maanavjugalshah/SwarmAero/ros2_ws/install/px4_msgs/share/px4_msgs/msg/MagnetometerBiasEstimate.idl\n'}
[1.754255] (px4_msgs) StdoutLine: {'line': b'-- Up-to-date symlink: /home/maanavjugalshah/SwarmAero/ros2_ws/install/px4_msgs/share/px4_msgs/msg/ManualControlSetpoint.idl\n'}
[1.754323] (px4_msgs) StdoutLine: {'line': b'-- Up-to-date symlink: /home/maanavjugalshah/SwarmAero/ros2_ws/install/px4_msgs/share/px4_msgs/msg/ManualControlSwitches.idl\n'}
[1.754389] (px4_msgs) StdoutLine: {'line': b'-- Up-to-date symlink: /home/maanavjugalshah/SwarmAero/ros2_ws/install/px4_msgs/share/px4_msgs/msg/MavlinkLog.idl\n'}
[1.754501] (px4_msgs) StdoutLine: {'line': b'-- Up-to-date symlink: /home/maanavjugalshah/SwarmAero/ros2_ws/install/px4_msgs/share/px4_msgs/msg/MavlinkTunnel.idl\n'}
[1.754614] (px4_msgs) StdoutLine: {'line': b'-- Up-to-date symlink: /home/maanavjugalshah/SwarmAero/ros2_ws/install/px4_msgs/share/px4_msgs/msg/MessageFormatRequest.idl\n'}
[1.754870] (px4_msgs) StdoutLine: {'line': b'-- Up-to-date symlink: /home/maanavjugalshah/SwarmAero/ros2_ws/install/px4_msgs/share/px4_msgs/msg/MessageFormatResponse.idl\n'}
[1.754990] (px4_msgs) StdoutLine: {'line': b'-- Up-to-date symlink: /home/maanavjugalshah/SwarmAero/ros2_ws/install/px4_msgs/share/px4_msgs/msg/Mission.idl\n'}
[1.755103] (px4_msgs) StdoutLine: {'line': b'-- Up-to-date symlink: /home/maanavjugalshah/SwarmAero/ros2_ws/install/px4_msgs/share/px4_msgs/msg/MissionResult.idl\n'}
[1.755146] (px4_msgs) StdoutLine: {'line': b'-- Up-to-date symlink: /home/maanavjugalshah/SwarmAero/ros2_ws/install/px4_msgs/share/px4_msgs/msg/ModeCompleted.idl\n'}
[1.755181] (px4_msgs) StdoutLine: {'line': b'-- Up-to-date symlink: /home/maanavjugalshah/SwarmAero/ros2_ws/install/px4_msgs/share/px4_msgs/msg/MountOrientation.idl\n'}
[1.755215] (px4_msgs) StdoutLine: {'line': b'-- Up-to-date symlink: /home/maanavjugalshah/SwarmAero/ros2_ws/install/px4_msgs/share/px4_msgs/msg/NavigatorMissionItem.idl\n'}
[1.755348] (px4_msgs) StdoutLine: {'line': b'-- Up-to-date symlink: /home/maanavjugalshah/SwarmAero/ros2_ws/install/px4_msgs/share/px4_msgs/msg/NavigatorStatus.idl\n'}
[1.755391] (px4_msgs) StdoutLine: {'line': b'-- Up-to-date symlink: /home/maanavjugalshah/SwarmAero/ros2_ws/install/px4_msgs/share/px4_msgs/msg/NeuralControl.idl\n'}
[1.755523] (px4_msgs) StdoutLine: {'line': b'-- Up-to-date symlink: /home/maanavjugalshah/SwarmAero/ros2_ws/install/px4_msgs/share/px4_msgs/msg/NormalizedUnsignedSetpoint.idl\n'}
[1.755647] (px4_msgs) StdoutLine: {'line': b'-- Up-to-date symlink: /home/maanavjugalshah/SwarmAero/ros2_ws/install/px4_msgs/share/px4_msgs/msg/ObstacleDistance.idl\n'}
[1.755842] (px4_msgs) StdoutLine: {'line': b'-- Up-to-date symlink: /home/maanavjugalshah/SwarmAero/ros2_ws/install/px4_msgs/share/px4_msgs/msg/OffboardControlMode.idl\n'}
[1.755889] (px4_msgs) StdoutLine: {'line': b'-- Up-to-date symlink: /home/maanavjugalshah/SwarmAero/ros2_ws/install/px4_msgs/share/px4_msgs/msg/OnboardComputerStatus.idl\n'}
[1.755926] (px4_msgs) StdoutLine: {'line': b'-- Up-to-date symlink: /home/maanavjugalshah/SwarmAero/ros2_ws/install/px4_msgs/share/px4_msgs/msg/OpenDroneIdArmStatus.idl\n'}
[1.755974] (px4_msgs) StdoutLine: {'line': b'-- Up-to-date symlink: /home/maanavjugalshah/SwarmAero/ros2_ws/install/px4_msgs/share/px4_msgs/msg/OpenDroneIdOperatorId.idl\n'}
[1.756265] (px4_msgs) StdoutLine: {'line': b'-- Up-to-date symlink: /home/maanavjugalshah/SwarmAero/ros2_ws/install/px4_msgs/share/px4_msgs/msg/OpenDroneIdSelfId.idl\n'}
[1.756360] (px4_msgs) StdoutLine: {'line': b'-- Up-to-date symlink: /home/maanavjugalshah/SwarmAero/ros2_ws/install/px4_msgs/share/px4_msgs/msg/OpenDroneIdSystem.idl\n'}
[1.756401] (px4_msgs) StdoutLine: {'line': b'-- Up-to-date symlink: /home/maanavjugalshah/SwarmAero/ros2_ws/install/px4_msgs/share/px4_msgs/msg/OrbTest.idl\n'}
[1.756439] (px4_msgs) StdoutLine: {'line': b'-- Up-to-date symlink: /home/maanavjugalshah/SwarmAero/ros2_ws/install/px4_msgs/share/px4_msgs/msg/OrbTestLarge.idl\n'}
[1.756473] (px4_msgs) StdoutLine: {'line': b'-- Up-to-date symlink: /home/maanavjugalshah/SwarmAero/ros2_ws/install/px4_msgs/share/px4_msgs/msg/OrbTestMedium.idl\n'}
[1.756598] (px4_msgs) StdoutLine: {'line': b'-- Up-to-date symlink: /home/maanavjugalshah/SwarmAero/ros2_ws/install/px4_msgs/share/px4_msgs/msg/OrbitStatus.idl\n'}
[1.756640] (px4_msgs) StdoutLine: {'line': b'-- Up-to-date symlink: /home/maanavjugalshah/SwarmAero/ros2_ws/install/px4_msgs/share/px4_msgs/msg/ParameterResetRequest.idl\n'}
[1.756725] (px4_msgs) StdoutLine: {'line': b'-- Up-to-date symlink: /home/maanavjugalshah/SwarmAero/ros2_ws/install/px4_msgs/share/px4_msgs/msg/ParameterSetUsedRequest.idl\n'}
[1.756957] (px4_msgs) StdoutLine: {'line': b'-- Up-to-date symlink: /home/maanavjugalshah/SwarmAero/ros2_ws/install/px4_msgs/share/px4_msgs/msg/ParameterSetValueRequest.idl\n'}
[1.757091] (px4_msgs) StdoutLine: {'line': b'-- Up-to-date symlink: /home/maanavjugalshah/SwarmAero/ros2_ws/install/px4_msgs/share/px4_msgs/msg/ParameterSetValueResponse.idl\n'}
[1.757164] (px4_msgs) StdoutLine: {'line': b'-- Up-to-date symlink: /home/maanavjugalshah/SwarmAero/ros2_ws/install/px4_msgs/share/px4_msgs/msg/ParameterUpdate.idl\n'}
[1.757400] (px4_msgs) StdoutLine: {'line': b'-- Up-to-date symlink: /home/maanavjugalshah/SwarmAero/ros2_ws/install/px4_msgs/share/px4_msgs/msg/Ping.idl\n'}
[1.757512] (px4_msgs) StdoutLine: {'line': b'-- Up-to-date symlink: /home/maanavjugalshah/SwarmAero/ros2_ws/install/px4_msgs/share/px4_msgs/msg/PositionControllerLandingStatus.idl\n'}
[1.757711] (px4_msgs) StdoutLine: {'line': b'-- Up-to-date symlink: /home/maanavjugalshah/SwarmAero/ros2_ws/install/px4_msgs/share/px4_msgs/msg/PositionControllerStatus.idl\n'}
[1.757812] (px4_msgs) StdoutLine: {'line': b'-- Up-to-date symlink: /home/maanavjugalshah/SwarmAero/ros2_ws/install/px4_msgs/share/px4_msgs/msg/PositionSetpoint.idl\n'}
[1.757962] (px4_msgs) StdoutLine: {'line': b'-- Up-to-date symlink: /home/maanavjugalshah/SwarmAero/ros2_ws/install/px4_msgs/share/px4_msgs/msg/PositionSetpointTriplet.idl\n'}
[1.758305] (px4_msgs) StdoutLine: {'line': b'-- Up-to-date symlink: /home/maanavjugalshah/SwarmAero/ros2_ws/install/px4_msgs/share/px4_msgs/msg/PowerButtonState.idl\n'}
[1.758415] (px4_msgs) StdoutLine: {'line': b'-- Up-to-date symlink: /home/maanavjugalshah/SwarmAero/ros2_ws/install/px4_msgs/share/px4_msgs/msg/PowerMonitor.idl\n'}
[1.758514] (px4_msgs) StdoutLine: {'line': b'-- Up-to-date symlink: /home/maanavjugalshah/SwarmAero/ros2_ws/install/px4_msgs/share/px4_msgs/msg/PpsCapture.idl\n'}
[1.758623] (px4_msgs) StdoutLine: {'line': b'-- Up-to-date symlink: /home/maanavjugalshah/SwarmAero/ros2_ws/install/px4_msgs/share/px4_msgs/msg/PurePursuitStatus.idl\n'}
[1.758801] (px4_msgs) StdoutLine: {'line': b'-- Up-to-date symlink: /home/maanavjugalshah/SwarmAero/ros2_ws/install/px4_msgs/share/px4_msgs/msg/PwmInput.idl\n'}
[1.758880] (px4_msgs) StdoutLine: {'line': b'-- Up-to-date symlink: /home/maanavjugalshah/SwarmAero/ros2_ws/install/px4_msgs/share/px4_msgs/msg/Px4ioStatus.idl\n'}
[1.759137] (px4_msgs) StdoutLine: {'line': b'-- Up-to-date symlink: /home/maanavjugalshah/SwarmAero/ros2_ws/install/px4_msgs/share/px4_msgs/msg/QshellReq.idl\n'}
[1.759197] (px4_msgs) StdoutLine: {'line': b'-- Up-to-date symlink: /home/maanavjugalshah/SwarmAero/ros2_ws/install/px4_msgs/share/px4_msgs/msg/QshellRetval.idl\n'}
[1.759239] (px4_msgs) StdoutLine: {'line': b'-- Up-to-date symlink: /home/maanavjugalshah/SwarmAero/ros2_ws/install/px4_msgs/share/px4_msgs/msg/RadioStatus.idl\n'}
[1.759358] (px4_msgs) StdoutLine: {'line': b'-- Up-to-date symlink: /home/maanavjugalshah/SwarmAero/ros2_ws/install/px4_msgs/share/px4_msgs/msg/RangingBeacon.idl\n'}
[1.759458] (px4_msgs) StdoutLine: {'line': b'-- Up-to-date symlink: /home/maanavjugalshah/SwarmAero/ros2_ws/install/px4_msgs/share/px4_msgs/msg/RaptorInput.idl\n'}
[1.759676] (px4_msgs) StdoutLine: {'line': b'-- Up-to-date symlink: /home/maanavjugalshah/SwarmAero/ros2_ws/install/px4_msgs/share/px4_msgs/msg/RaptorStatus.idl\n'}
[1.759784] (px4_msgs) StdoutLine: {'line': b'-- Up-to-date symlink: /home/maanavjugalshah/SwarmAero/ros2_ws/install/px4_msgs/share/px4_msgs/msg/RateCtrlStatus.idl\n'}
[1.759940] (px4_msgs) StdoutLine: {'line': b'-- Up-to-date symlink: /home/maanavjugalshah/SwarmAero/ros2_ws/install/px4_msgs/share/px4_msgs/msg/RcChannels.idl\n'}
[1.760163] (px4_msgs) StdoutLine: {'line': b'-- Up-to-date symlink: /home/maanavjugalshah/SwarmAero/ros2_ws/install/px4_msgs/share/px4_msgs/msg/RcParameterMap.idl\n'}
[1.760300] (px4_msgs) StdoutLine: {'line': b'-- Up-to-date symlink: /home/maanavjugalshah/SwarmAero/ros2_ws/install/px4_msgs/share/px4_msgs/msg/RegisterExtComponentReply.idl\n'}
[1.760594] (px4_msgs) StdoutLine: {'line': b'-- Up-to-date symlink: /home/maanavjugalshah/SwarmAero/ros2_ws/install/px4_msgs/share/px4_msgs/msg/RegisterExtComponentRequest.idl\n'}
[1.760964] (px4_msgs) StdoutLine: {'line': b'-- Up-to-date symlink: /home/maanavjugalshah/SwarmAero/ros2_ws/install/px4_msgs/share/px4_msgs/msg/RoverAttitudeSetpoint.idl\n'}
[1.761242] (px4_msgs) StdoutLine: {'line': b'-- Up-to-date symlink: /home/maanavjugalshah/SwarmAero/ros2_ws/install/px4_msgs/share/px4_msgs/msg/RoverAttitudeStatus.idl\n'}
[1.761657] (px4_msgs) StdoutLine: {'line': b'-- Up-to-date symlink: /home/maanavjugalshah/SwarmAero/ros2_ws/install/px4_msgs/share/px4_msgs/msg/RoverPositionSetpoint.idl\n'}
[1.761834] (px4_msgs) StdoutLine: {'line': b'-- Up-to-date symlink: /home/maanavjugalshah/SwarmAero/ros2_ws/install/px4_msgs/share/px4_msgs/msg/RoverRateSetpoint.idl\n'}
[1.761967] (px4_msgs) StdoutLine: {'line': b'-- Up-to-date symlink: /home/maanavjugalshah/SwarmAero/ros2_ws/install/px4_msgs/share/px4_msgs/msg/RoverRateStatus.idl\n'}
[1.762042] (px4_msgs) StdoutLine: {'line': b'-- Up-to-date symlink: /home/maanavjugalshah/SwarmAero/ros2_ws/install/px4_msgs/share/px4_msgs/msg/RoverSpeedSetpoint.idl\n'}
[1.762183] (px4_msgs) StdoutLine: {'line': b'-- Up-to-date symlink: /home/maanavjugalshah/SwarmAero/ros2_ws/install/px4_msgs/share/px4_msgs/msg/RoverSpeedStatus.idl\n'}
[1.762255] (px4_msgs) StdoutLine: {'line': b'-- Up-to-date symlink: /home/maanavjugalshah/SwarmAero/ros2_ws/install/px4_msgs/share/px4_msgs/msg/RoverSteeringSetpoint.idl\n'}
[1.762426] (px4_msgs) StdoutLine: {'line': b'-- Up-to-date symlink: /home/maanavjugalshah/SwarmAero/ros2_ws/install/px4_msgs/share/px4_msgs/msg/RoverThrottleSetpoint.idl\n'}
[1.762612] (px4_msgs) StdoutLine: {'line': b'-- Up-to-date symlink: /home/maanavjugalshah/SwarmAero/ros2_ws/install/px4_msgs/share/px4_msgs/msg/Rpm.idl\n'}
[1.762661] (px4_msgs) StdoutLine: {'line': b'-- Up-to-date symlink: /home/maanavjugalshah/SwarmAero/ros2_ws/install/px4_msgs/share/px4_msgs/msg/RtlStatus.idl\n'}
[1.762697] (px4_msgs) StdoutLine: {'line': b'-- Up-to-date symlink: /home/maanavjugalshah/SwarmAero/ros2_ws/install/px4_msgs/share/px4_msgs/msg/RtlTimeEstimate.idl\n'}
[1.762752] (px4_msgs) StdoutLine: {'line': b'-- Up-to-date symlink: /home/maanavjugalshah/SwarmAero/ros2_ws/install/px4_msgs/share/px4_msgs/msg/SatelliteInfo.idl\n'}
[1.762840] (px4_msgs) StdoutLine: {'line': b'-- Up-to-date symlink: /home/maanavjugalshah/SwarmAero/ros2_ws/install/px4_msgs/share/px4_msgs/msg/SensorAccel.idl\n'}
[1.763004] (px4_msgs) StdoutLine: {'line': b'-- Up-to-date symlink: /home/maanavjugalshah/SwarmAero/ros2_ws/install/px4_msgs/share/px4_msgs/msg/SensorAccelFifo.idl\n'}
[1.763049] (px4_msgs) StdoutLine: {'line': b'-- Up-to-date symlink: /home/maanavjugalshah/SwarmAero/ros2_ws/install/px4_msgs/share/px4_msgs/msg/SensorAirflow.idl\n'}
[1.763086] (px4_msgs) StdoutLine: {'line': b'-- Up-to-date symlink: /home/maanavjugalshah/SwarmAero/ros2_ws/install/px4_msgs/share/px4_msgs/msg/SensorBaro.idl\n'}
[1.763121] (px4_msgs) StdoutLine: {'line': b'-- Up-to-date symlink: /home/maanavjugalshah/SwarmAero/ros2_ws/install/px4_msgs/share/px4_msgs/msg/SensorCombined.idl\n'}
[1.763155] (px4_msgs) StdoutLine: {'line': b'-- Up-to-date symlink: /home/maanavjugalshah/SwarmAero/ros2_ws/install/px4_msgs/share/px4_msgs/msg/SensorCorrection.idl\n'}
[1.763190] (px4_msgs) StdoutLine: {'line': b'-- Up-to-date symlink: /home/maanavjugalshah/SwarmAero/ros2_ws/install/px4_msgs/share/px4_msgs/msg/SensorGnssRelative.idl\n'}
[1.763225] (px4_msgs) StdoutLine: {'line': b'-- Up-to-date symlink: /home/maanavjugalshah/SwarmAero/ros2_ws/install/px4_msgs/share/px4_msgs/msg/SensorGnssStatus.idl\n'}
[1.763260] (px4_msgs) StdoutLine: {'line': b'-- Up-to-date symlink: /home/maanavjugalshah/SwarmAero/ros2_ws/install/px4_msgs/share/px4_msgs/msg/SensorGps.idl\n'}
[1.763292] (px4_msgs) StdoutLine: {'line': b'-- Up-to-date symlink: /home/maanavjugalshah/SwarmAero/ros2_ws/install/px4_msgs/share/px4_msgs/msg/SensorGyro.idl\n'}
[1.763325] (px4_msgs) StdoutLine: {'line': b'-- Up-to-date symlink: /home/maanavjugalshah/SwarmAero/ros2_ws/install/px4_msgs/share/px4_msgs/msg/SensorGyroFft.idl\n'}
[1.763365] (px4_msgs) StdoutLine: {'line': b'-- Up-to-date symlink: /home/maanavjugalshah/SwarmAero/ros2_ws/install/px4_msgs/share/px4_msgs/msg/SensorGyroFifo.idl\n'}
[1.763397] (px4_msgs) StdoutLine: {'line': b'-- Up-to-date symlink: /home/maanavjugalshah/SwarmAero/ros2_ws/install/px4_msgs/share/px4_msgs/msg/SensorHygrometer.idl\n'}
[1.763469] (px4_msgs) StdoutLine: {'line': b'-- Up-to-date symlink: /home/maanavjugalshah/SwarmAero/ros2_ws/install/px4_msgs/share/px4_msgs/msg/SensorMag.idl\n'}
[1.763569] (px4_msgs) StdoutLine: {'line': b'-- Up-to-date symlink: /home/maanavjugalshah/SwarmAero/ros2_ws/install/px4_msgs/share/px4_msgs/msg/SensorOpticalFlow.idl\n'}
[1.763644] (px4_msgs) StdoutLine: {'line': b'-- Up-to-date symlink: /home/maanavjugalshah/SwarmAero/ros2_ws/install/px4_msgs/share/px4_msgs/msg/SensorPreflightMag.idl\n'}
[1.763714] (px4_msgs) StdoutLine: {'line': b'-- Up-to-date symlink: /home/maanavjugalshah/SwarmAero/ros2_ws/install/px4_msgs/share/px4_msgs/msg/SensorSelection.idl\n'}
[1.763756] (px4_msgs) StdoutLine: {'line': b'-- Up-to-date symlink: /home/maanavjugalshah/SwarmAero/ros2_ws/install/px4_msgs/share/px4_msgs/msg/SensorTemp.idl\n'}
[1.763791] (px4_msgs) StdoutLine: {'line': b'-- Up-to-date symlink: /home/maanavjugalshah/SwarmAero/ros2_ws/install/px4_msgs/share/px4_msgs/msg/SensorUwb.idl\n'}
[1.763858] (px4_msgs) StdoutLine: {'line': b'-- Up-to-date symlink: /home/maanavjugalshah/SwarmAero/ros2_ws/install/px4_msgs/share/px4_msgs/msg/SensorsStatus.idl\n'}
[1.763929] (px4_msgs) StdoutLine: {'line': b'-- Up-to-date symlink: /home/maanavjugalshah/SwarmAero/ros2_ws/install/px4_msgs/share/px4_msgs/msg/SensorsStatusImu.idl\n'}
[1.763971] (px4_msgs) StdoutLine: {'line': b'-- Up-to-date symlink: /home/maanavjugalshah/SwarmAero/ros2_ws/install/px4_msgs/share/px4_msgs/msg/SystemPower.idl\n'}
[1.764008] (px4_msgs) StdoutLine: {'line': b'-- Up-to-date symlink: /home/maanavjugalshah/SwarmAero/ros2_ws/install/px4_msgs/share/px4_msgs/msg/TakeoffStatus.idl\n'}
[1.764043] (px4_msgs) StdoutLine: {'line': b'-- Up-to-date symlink: /home/maanavjugalshah/SwarmAero/ros2_ws/install/px4_msgs/share/px4_msgs/msg/TaskStackInfo.idl\n'}
[1.764075] (px4_msgs) StdoutLine: {'line': b'-- Up-to-date symlink: /home/maanavjugalshah/SwarmAero/ros2_ws/install/px4_msgs/share/px4_msgs/msg/TecsStatus.idl\n'}
[1.764109] (px4_msgs) StdoutLine: {'line': b'-- Up-to-date symlink: /home/maanavjugalshah/SwarmAero/ros2_ws/install/px4_msgs/share/px4_msgs/msg/TelemetryStatus.idl\n'}
[1.764141] (px4_msgs) StdoutLine: {'line': b'-- Up-to-date symlink: /home/maanavjugalshah/SwarmAero/ros2_ws/install/px4_msgs/share/px4_msgs/msg/TiltrotorExtraControls.idl\n'}
[1.764173] (px4_msgs) StdoutLine: {'line': b'-- Up-to-date symlink: /home/maanavjugalshah/SwarmAero/ros2_ws/install/px4_msgs/share/px4_msgs/msg/TimesyncStatus.idl\n'}
[1.764205] (px4_msgs) StdoutLine: {'line': b'-- Up-to-date symlink: /home/maanavjugalshah/SwarmAero/ros2_ws/install/px4_msgs/share/px4_msgs/msg/TrajectorySetpoint.idl\n'}
[1.764237] (px4_msgs) StdoutLine: {'line': b'-- Up-to-date symlink: /home/maanavjugalshah/SwarmAero/ros2_ws/install/px4_msgs/share/px4_msgs/msg/TrajectorySetpoint6dof.idl\n'}
[1.764269] (px4_msgs) StdoutLine: {'line': b'-- Up-to-date symlink: /home/maanavjugalshah/SwarmAero/ros2_ws/install/px4_msgs/share/px4_msgs/msg/TransponderReport.idl\n'}
[1.764300] (px4_msgs) StdoutLine: {'line': b'-- Up-to-date symlink: /home/maanavjugalshah/SwarmAero/ros2_ws/install/px4_msgs/share/px4_msgs/msg/TuneControl.idl\n'}
[1.764332] (px4_msgs) StdoutLine: {'line': b'-- Up-to-date symlink: /home/maanavjugalshah/SwarmAero/ros2_ws/install/px4_msgs/share/px4_msgs/msg/UavcanParameterRequest.idl\n'}
[1.764364] (px4_msgs) StdoutLine: {'line': b'-- Up-to-date symlink: /home/maanavjugalshah/SwarmAero/ros2_ws/install/px4_msgs/share/px4_msgs/msg/UavcanParameterValue.idl\n'}
[1.764395] (px4_msgs) StdoutLine: {'line': b'-- Up-to-date symlink: /home/maanavjugalshah/SwarmAero/ros2_ws/install/px4_msgs/share/px4_msgs/msg/UlogStream.idl\n'}
[1.764425] (px4_msgs) StdoutLine: {'line': b'-- Up-to-date symlink: /home/maanavjugalshah/SwarmAero/ros2_ws/install/px4_msgs/share/px4_msgs/msg/UlogStreamAck.idl\n'}
[1.764455] (px4_msgs) StdoutLine: {'line': b'-- Up-to-date symlink: /home/maanavjugalshah/SwarmAero/ros2_ws/install/px4_msgs/share/px4_msgs/msg/UnregisterExtComponent.idl\n'}
[1.764486] (px4_msgs) StdoutLine: {'line': b'-- Up-to-date symlink: /home/maanavjugalshah/SwarmAero/ros2_ws/install/px4_msgs/share/px4_msgs/msg/VehicleAcceleration.idl\n'}
[1.764516] (px4_msgs) StdoutLine: {'line': b'-- Up-to-date symlink: /home/maanavjugalshah/SwarmAero/ros2_ws/install/px4_msgs/share/px4_msgs/msg/VehicleAirData.idl\n'}
[1.764549] (px4_msgs) StdoutLine: {'line': b'-- Up-to-date symlink: /home/maanavjugalshah/SwarmAero/ros2_ws/install/px4_msgs/share/px4_msgs/msg/VehicleAngularAccelerationSetpoint.idl\n'}
[1.764579] (px4_msgs) StdoutLine: {'line': b'-- Up-to-date symlink: /home/maanavjugalshah/SwarmAero/ros2_ws/install/px4_msgs/share/px4_msgs/msg/VehicleAngularVelocity.idl\n'}
[1.764610] (px4_msgs) StdoutLine: {'line': b'-- Up-to-date symlink: /home/maanavjugalshah/SwarmAero/ros2_ws/install/px4_msgs/share/px4_msgs/msg/VehicleAttitude.idl\n'}
[1.764641] (px4_msgs) StdoutLine: {'line': b'-- Up-to-date symlink: /home/maanavjugalshah/SwarmAero/ros2_ws/install/px4_msgs/share/px4_msgs/msg/VehicleAttitudeSetpoint.idl\n'}
[1.764670] (px4_msgs) StdoutLine: {'line': b'-- Up-to-date symlink: /home/maanavjugalshah/SwarmAero/ros2_ws/install/px4_msgs/share/px4_msgs/msg/VehicleCommand.idl\n'}
[1.764727] (px4_msgs) StdoutLine: {'line': b'-- Up-to-date symlink: /home/maanavjugalshah/SwarmAero/ros2_ws/install/px4_msgs/share/px4_msgs/msg/VehicleCommandAck.idl\n'}
[1.764801] (px4_msgs) StdoutLine: {'line': b'-- Up-to-date symlink: /home/maanavjugalshah/SwarmAero/ros2_ws/install/px4_msgs/share/px4_msgs/msg/VehicleConstraints.idl\n'}
[1.764845] (px4_msgs) StdoutLine: {'line': b'-- Up-to-date symlink: /home/maanavjugalshah/SwarmAero/ros2_ws/install/px4_msgs/share/px4_msgs/msg/VehicleControlMode.idl\n'}
[1.764881] (px4_msgs) StdoutLine: {'line': b'-- Up-to-date symlink: /home/maanavjugalshah/SwarmAero/ros2_ws/install/px4_msgs/share/px4_msgs/msg/VehicleGlobalPosition.idl\n'}
[1.764945] (px4_msgs) StdoutLine: {'line': b'-- Up-to-date symlink: /home/maanavjugalshah/SwarmAero/ros2_ws/install/px4_msgs/share/px4_msgs/msg/VehicleImu.idl\n'}
[1.764987] (px4_msgs) StdoutLine: {'line': b'-- Up-to-date symlink: /home/maanavjugalshah/SwarmAero/ros2_ws/install/px4_msgs/share/px4_msgs/msg/VehicleImuStatus.idl\n'}
[1.765027] (px4_msgs) StdoutLine: {'line': b'-- Up-to-date symlink: /home/maanavjugalshah/SwarmAero/ros2_ws/install/px4_msgs/share/px4_msgs/msg/VehicleLandDetected.idl\n'}
[1.765061] (px4_msgs) StdoutLine: {'line': b'-- Up-to-date symlink: /home/maanavjugalshah/SwarmAero/ros2_ws/install/px4_msgs/share/px4_msgs/msg/VehicleLocalPosition.idl\n'}
[1.765094] (px4_msgs) StdoutLine: {'line': b'-- Up-to-date symlink: /home/maanavjugalshah/SwarmAero/ros2_ws/install/px4_msgs/share/px4_msgs/msg/VehicleLocalPositionSetpoint.idl\n'}
[1.765127] (px4_msgs) StdoutLine: {'line': b'-- Up-to-date symlink: /home/maanavjugalshah/SwarmAero/ros2_ws/install/px4_msgs/share/px4_msgs/msg/VehicleMagnetometer.idl\n'}
[1.765159] (px4_msgs) StdoutLine: {'line': b'-- Up-to-date symlink: /home/maanavjugalshah/SwarmAero/ros2_ws/install/px4_msgs/share/px4_msgs/msg/VehicleOdometry.idl\n'}
[1.765239] (px4_msgs) StdoutLine: {'line': b'-- Up-to-date symlink: /home/maanavjugalshah/SwarmAero/ros2_ws/install/px4_msgs/share/px4_msgs/msg/VehicleOpticalFlow.idl\n'}
[1.765281] (px4_msgs) StdoutLine: {'line': b'-- Up-to-date symlink: /home/maanavjugalshah/SwarmAero/ros2_ws/install/px4_msgs/share/px4_msgs/msg/VehicleOpticalFlowVel.idl\n'}
[1.765316] (px4_msgs) StdoutLine: {'line': b'-- Up-to-date symlink: /home/maanavjugalshah/SwarmAero/ros2_ws/install/px4_msgs/share/px4_msgs/msg/VehicleRatesSetpoint.idl\n'}
[1.765350] (px4_msgs) StdoutLine: {'line': b'-- Up-to-date symlink: /home/maanavjugalshah/SwarmAero/ros2_ws/install/px4_msgs/share/px4_msgs/msg/VehicleRoi.idl\n'}
[1.765386] (px4_msgs) StdoutLine: {'line': b'-- Up-to-date symlink: /home/maanavjugalshah/SwarmAero/ros2_ws/install/px4_msgs/share/px4_msgs/msg/VehicleStatus.idl\n'}
[1.765428] (px4_msgs) StdoutLine: {'line': b'-- Up-to-date symlink: /home/maanavjugalshah/SwarmAero/ros2_ws/install/px4_msgs/share/px4_msgs/msg/VehicleThrustSetpoint.idl\n'}
[1.765484] (px4_msgs) StdoutLine: {'line': b'-- Up-to-date symlink: /home/maanavjugalshah/SwarmAero/ros2_ws/install/px4_msgs/share/px4_msgs/msg/VehicleTorqueSetpoint.idl\n'}
[1.765590] (px4_msgs) StdoutLine: {'line': b'-- Up-to-date symlink: /home/maanavjugalshah/SwarmAero/ros2_ws/install/px4_msgs/share/px4_msgs/msg/VelocityLimits.idl\n'}
[1.765719] (px4_msgs) StdoutLine: {'line': b'-- Up-to-date symlink: /home/maanavjugalshah/SwarmAero/ros2_ws/install/px4_msgs/share/px4_msgs/msg/VtolVehicleStatus.idl\n'}
[1.765795] (px4_msgs) StdoutLine: {'line': b'-- Up-to-date symlink: /home/maanavjugalshah/SwarmAero/ros2_ws/install/px4_msgs/share/px4_msgs/msg/Vtx.idl\n'}
[1.765857] (px4_msgs) StdoutLine: {'line': b'-- Up-to-date symlink: /home/maanavjugalshah/SwarmAero/ros2_ws/install/px4_msgs/share/px4_msgs/msg/WheelEncoders.idl\n'}
[1.765898] (px4_msgs) StdoutLine: {'line': b'-- Up-to-date symlink: /home/maanavjugalshah/SwarmAero/ros2_ws/install/px4_msgs/share/px4_msgs/msg/Wind.idl\n'}
[1.765981] (px4_msgs) StdoutLine: {'line': b'-- Up-to-date symlink: /home/maanavjugalshah/SwarmAero/ros2_ws/install/px4_msgs/share/px4_msgs/msg/YawEstimatorStatus.idl\n'}
[1.766029] (px4_msgs) StdoutLine: {'line': b'-- Up-to-date symlink: /home/maanavjugalshah/SwarmAero/ros2_ws/install/px4_msgs/share/px4_msgs/srv/VehicleCommand.idl\n'}
[1.766068] (px4_msgs) StdoutLine: {'line': b'-- Up-to-date symlink: /home/maanavjugalshah/SwarmAero/ros2_ws/install/px4_msgs/share/px4_msgs/msg/ActionRequest.msg\n'}
[1.766104] (px4_msgs) StdoutLine: {'line': b'-- Up-to-date symlink: /home/maanavjugalshah/SwarmAero/ros2_ws/install/px4_msgs/share/px4_msgs/msg/ActuatorArmed.msg\n'}
[1.766154] (px4_msgs) StdoutLine: {'line': b'-- Up-to-date symlink: /home/maanavjugalshah/SwarmAero/ros2_ws/install/px4_msgs/share/px4_msgs/msg/ActuatorControlsStatus.msg\n'}
[1.766212] (px4_msgs) StdoutLine: {'line': b'-- Up-to-date symlink: /home/maanavjugalshah/SwarmAero/ros2_ws/install/px4_msgs/share/px4_msgs/msg/ActuatorMotors.msg\n'}
[1.766270] (px4_msgs) StdoutLine: {'line': b'-- Up-to-date symlink: /home/maanavjugalshah/SwarmAero/ros2_ws/install/px4_msgs/share/px4_msgs/msg/ActuatorOutputs.msg\n'}
[1.766335] (px4_msgs) StdoutLine: {'line': b'-- Up-to-date symlink: /home/maanavjugalshah/SwarmAero/ros2_ws/install/px4_msgs/share/px4_msgs/msg/ActuatorServos.msg\n'}
[1.766392] (px4_msgs) StdoutLine: {'line': b'-- Up-to-date symlink: /home/maanavjugalshah/SwarmAero/ros2_ws/install/px4_msgs/share/px4_msgs/msg/ActuatorServosTrim.msg\n'}
[1.766460] (px4_msgs) StdoutLine: {'line': b'-- Up-to-date symlink: /home/maanavjugalshah/SwarmAero/ros2_ws/install/px4_msgs/share/px4_msgs/msg/ActuatorTest.msg\n'}
[1.766529] (px4_msgs) StdoutLine: {'line': b'-- Up-to-date symlink: /home/maanavjugalshah/SwarmAero/ros2_ws/install/px4_msgs/share/px4_msgs/msg/AdcReport.msg\n'}
[1.766605] (px4_msgs) StdoutLine: {'line': b'-- Up-to-date symlink: /home/maanavjugalshah/SwarmAero/ros2_ws/install/px4_msgs/share/px4_msgs/msg/Airspeed.msg\n'}
[1.766670] (px4_msgs) StdoutLine: {'line': b'-- Up-to-date symlink: /home/maanavjugalshah/SwarmAero/ros2_ws/install/px4_msgs/share/px4_msgs/msg/AirspeedValidated.msg\n'}
[1.766851] (px4_msgs) StdoutLine: {'line': b'-- Up-to-date symlink: /home/maanavjugalshah/SwarmAero/ros2_ws/install/px4_msgs/share/px4_msgs/msg/AirspeedWind.msg\n'}
[1.766930] (px4_msgs) StdoutLine: {'line': b'-- Up-to-date symlink: /home/maanavjugalshah/SwarmAero/ros2_ws/install/px4_msgs/share/px4_msgs/msg/ArmingCheckReply.msg\n'}
[1.766970] (px4_msgs) StdoutLine: {'line': b'-- Up-to-date symlink: /home/maanavjugalshah/SwarmAero/ros2_ws/install/px4_msgs/share/px4_msgs/msg/ArmingCheckRequest.msg\n'}
[1.767006] (px4_msgs) StdoutLine: {'line': b'-- Up-to-date symlink: /home/maanavjugalshah/SwarmAero/ros2_ws/install/px4_msgs/share/px4_msgs/msg/AutotuneAttitudeControlStatus.msg\n'}
[1.767044] (px4_msgs) StdoutLine: {'line': b'-- Up-to-date symlink: /home/maanavjugalshah/SwarmAero/ros2_ws/install/px4_msgs/share/px4_msgs/msg/AuxGlobalPosition.msg\n'}
[1.767080] (px4_msgs) StdoutLine: {'line': b'-- Up-to-date symlink: /home/maanavjugalshah/SwarmAero/ros2_ws/install/px4_msgs/share/px4_msgs/msg/BatteryInfo.msg\n'}
[1.767116] (px4_msgs) StdoutLine: {'line': b'-- Up-to-date symlink: /home/maanavjugalshah/SwarmAero/ros2_ws/install/px4_msgs/share/px4_msgs/msg/BatteryStatus.msg\n'}
[1.767154] (px4_msgs) StdoutLine: {'line': b'-- Up-to-date symlink: /home/maanavjugalshah/SwarmAero/ros2_ws/install/px4_msgs/share/px4_msgs/msg/ButtonEvent.msg\n'}
[1.767188] (px4_msgs) StdoutLine: {'line': b'-- Up-to-date symlink: /home/maanavjugalshah/SwarmAero/ros2_ws/install/px4_msgs/share/px4_msgs/msg/CameraCapture.msg\n'}
[1.767274] (px4_msgs) StdoutLine: {'line': b'-- Up-to-date symlink: /home/maanavjugalshah/SwarmAero/ros2_ws/install/px4_msgs/share/px4_msgs/msg/CameraStatus.msg\n'}
[1.767349] (px4_msgs) StdoutLine: {'line': b'-- Up-to-date symlink: /home/maanavjugalshah/SwarmAero/ros2_ws/install/px4_msgs/share/px4_msgs/msg/CameraTrigger.msg\n'}
[1.767415] (px4_msgs) StdoutLine: {'line': b'-- Up-to-date symlink: /home/maanavjugalshah/SwarmAero/ros2_ws/install/px4_msgs/share/px4_msgs/msg/CanInterfaceStatus.msg\n'}
[1.767547] (px4_msgs) StdoutLine: {'line': b'-- Up-to-date symlink: /home/maanavjugalshah/SwarmAero/ros2_ws/install/px4_msgs/share/px4_msgs/msg/CellularStatus.msg\n'}
[1.767618] (px4_msgs) StdoutLine: {'line': b'-- Up-to-date symlink: /home/maanavjugalshah/SwarmAero/ros2_ws/install/px4_msgs/share/px4_msgs/msg/CollisionConstraints.msg\n'}
[1.767681] (px4_msgs) StdoutLine: {'line': b'-- Up-to-date symlink: /home/maanavjugalshah/SwarmAero/ros2_ws/install/px4_msgs/share/px4_msgs/msg/ConfigOverrides.msg\n'}
[1.767719] (px4_msgs) StdoutLine: {'line': b'-- Up-to-date symlink: /home/maanavjugalshah/SwarmAero/ros2_ws/install/px4_msgs/share/px4_msgs/msg/ControlAllocatorStatus.msg\n'}
[1.767754] (px4_msgs) StdoutLine: {'line': b'-- Up-to-date symlink: /home/maanavjugalshah/SwarmAero/ros2_ws/install/px4_msgs/share/px4_msgs/msg/Cpuload.msg\n'}
[1.767788] (px4_msgs) StdoutLine: {'line': b'-- Up-to-date symlink: /home/maanavjugalshah/SwarmAero/ros2_ws/install/px4_msgs/share/px4_msgs/msg/DatamanRequest.msg\n'}
[1.767821] (px4_msgs) StdoutLine: {'line': b'-- Up-to-date symlink: /home/maanavjugalshah/SwarmAero/ros2_ws/install/px4_msgs/share/px4_msgs/msg/DatamanResponse.msg\n'}
[1.767854] (px4_msgs) StdoutLine: {'line': b'-- Up-to-date symlink: /home/maanavjugalshah/SwarmAero/ros2_ws/install/px4_msgs/share/px4_msgs/msg/DebugArray.msg\n'}
[1.767887] (px4_msgs) StdoutLine: {'line': b'-- Up-to-date symlink: /home/maanavjugalshah/SwarmAero/ros2_ws/install/px4_msgs/share/px4_msgs/msg/DebugKeyValue.msg\n'}
[1.767946] (px4_msgs) StdoutLine: {'line': b'-- Up-to-date symlink: /home/maanavjugalshah/SwarmAero/ros2_ws/install/px4_msgs/share/px4_msgs/msg/DebugValue.msg\n'}
[1.767987] (px4_msgs) StdoutLine: {'line': b'-- Up-to-date symlink: /home/maanavjugalshah/SwarmAero/ros2_ws/install/px4_msgs/share/px4_msgs/msg/DebugVect.msg\n'}
[1.768048] (px4_msgs) StdoutLine: {'line': b'-- Up-to-date symlink: /home/maanavjugalshah/SwarmAero/ros2_ws/install/px4_msgs/share/px4_msgs/msg/DeviceInformation.msg\n'}
[1.768112] (px4_msgs) StdoutLine: {'line': b'-- Up-to-date symlink: /home/maanavjugalshah/SwarmAero/ros2_ws/install/px4_msgs/share/px4_msgs/msg/DifferentialPressure.msg\n'}
[1.768182] (px4_msgs) StdoutLine: {'line': b'-- Up-to-date symlink: /home/maanavjugalshah/SwarmAero/ros2_ws/install/px4_msgs/share/px4_msgs/msg/DistanceSensor.msg\n'}
[1.768250] (px4_msgs) StdoutLine: {'line': b'-- Up-to-date symlink: /home/maanavjugalshah/SwarmAero/ros2_ws/install/px4_msgs/share/px4_msgs/msg/DistanceSensorModeChangeRequest.msg\n'}
[1.768288] (px4_msgs) StdoutLine: {'line': b'-- Up-to-date symlink: /home/maanavjugalshah/SwarmAero/ros2_ws/install/px4_msgs/share/px4_msgs/msg/DronecanNodeStatus.msg\n'}
[1.768324] (px4_msgs) StdoutLine: {'line': b'-- Up-to-date symlink: /home/maanavjugalshah/SwarmAero/ros2_ws/install/px4_msgs/share/px4_msgs/msg/Ekf2Timestamps.msg\n'}
[1.768357] (px4_msgs) StdoutLine: {'line': b'-- Up-to-date symlink: /home/maanavjugalshah/SwarmAero/ros2_ws/install/px4_msgs/share/px4_msgs/msg/EscEepromRead.msg\n'}
[1.768394] (px4_msgs) StdoutLine: {'line': b'-- Up-to-date symlink: /home/maanavjugalshah/SwarmAero/ros2_ws/install/px4_msgs/share/px4_msgs/msg/EscEepromWrite.msg\n'}
[1.768427] (px4_msgs) StdoutLine: {'line': b'-- Up-to-date symlink: /home/maanavjugalshah/SwarmAero/ros2_ws/install/px4_msgs/share/px4_msgs/msg/EscReport.msg\n'}
[1.768462] (px4_msgs) StdoutLine: {'line': b'-- Up-to-date symlink: /home/maanavjugalshah/SwarmAero/ros2_ws/install/px4_msgs/share/px4_msgs/msg/EscStatus.msg\n'}
[1.768494] (px4_msgs) StdoutLine: {'line': b'-- Up-to-date symlink: /home/maanavjugalshah/SwarmAero/ros2_ws/install/px4_msgs/share/px4_msgs/msg/EstimatorAidSource1d.msg\n'}
[1.768529] (px4_msgs) StdoutLine: {'line': b'-- Up-to-date symlink: /home/maanavjugalshah/SwarmAero/ros2_ws/install/px4_msgs/share/px4_msgs/msg/EstimatorAidSource2d.msg\n'}
[1.768563] (px4_msgs) StdoutLine: {'line': b'-- Up-to-date symlink: /home/maanavjugalshah/SwarmAero/ros2_ws/install/px4_msgs/share/px4_msgs/msg/EstimatorAidSource3d.msg\n'}
[1.768595] (px4_msgs) StdoutLine: {'line': b'-- Up-to-date symlink: /home/maanavjugalshah/SwarmAero/ros2_ws/install/px4_msgs/share/px4_msgs/msg/EstimatorBias.msg\n'}
[1.768627] (px4_msgs) StdoutLine: {'line': b'-- Up-to-date symlink: /home/maanavjugalshah/SwarmAero/ros2_ws/install/px4_msgs/share/px4_msgs/msg/EstimatorBias3d.msg\n'}
[1.768659] (px4_msgs) StdoutLine: {'line': b'-- Up-to-date symlink: /home/maanavjugalshah/SwarmAero/ros2_ws/install/px4_msgs/share/px4_msgs/msg/EstimatorEventFlags.msg\n'}
[1.768689] (px4_msgs) StdoutLine: {'line': b'-- Up-to-date symlink: /home/maanavjugalshah/SwarmAero/ros2_ws/install/px4_msgs/share/px4_msgs/msg/EstimatorFusionControl.msg\n'}
[1.768737] (px4_msgs) StdoutLine: {'line': b'-- Up-to-date symlink: /home/maanavjugalshah/SwarmAero/ros2_ws/install/px4_msgs/share/px4_msgs/msg/EstimatorGpsStatus.msg\n'}
[1.768789] (px4_msgs) StdoutLine: {'line': b'-- Up-to-date symlink: /home/maanavjugalshah/SwarmAero/ros2_ws/install/px4_msgs/share/px4_msgs/msg/EstimatorInnovations.msg\n'}
[1.768826] (px4_msgs) StdoutLine: {'line': b'-- Up-to-date symlink: /home/maanavjugalshah/SwarmAero/ros2_ws/install/px4_msgs/share/px4_msgs/msg/EstimatorSelectorStatus.msg\n'}
[1.768874] (px4_msgs) StdoutLine: {'line': b'-- Up-to-date symlink: /home/maanavjugalshah/SwarmAero/ros2_ws/install/px4_msgs/share/px4_msgs/msg/EstimatorSensorBias.msg\n'}
[1.769544] (px4_msgs) StdoutLine: {'line': b'-- Up-to-date symlink: /home/maanavjugalshah/SwarmAero/ros2_ws/install/px4_msgs/share/px4_msgs/msg/EstimatorStates.msg\n'}
[1.769639] (px4_msgs) StdoutLine: {'line': b'-- Up-to-date symlink: /home/maanavjugalshah/SwarmAero/ros2_ws/install/px4_msgs/share/px4_msgs/msg/EstimatorStatus.msg\n'}
[1.769698] (px4_msgs) StdoutLine: {'line': b'-- Up-to-date symlink: /home/maanavjugalshah/SwarmAero/ros2_ws/install/px4_msgs/share/px4_msgs/msg/EstimatorStatusFlags.msg\n'}
[1.769888] (px4_msgs) StdoutLine: {'line': b'-- Up-to-date symlink: /home/maanavjugalshah/SwarmAero/ros2_ws/install/px4_msgs/share/px4_msgs/msg/Event.msg\n'}
[1.770138] (px4_msgs) StdoutLine: {'line': b'-- Up-to-date symlink: /home/maanavjugalshah/SwarmAero/ros2_ws/install/px4_msgs/share/px4_msgs/msg/FailsafeFlags.msg\n'}
[1.770253] (px4_msgs) StdoutLine: {'line': b'-- Up-to-date symlink: /home/maanavjugalshah/SwarmAero/ros2_ws/install/px4_msgs/share/px4_msgs/msg/FailureDetectorStatus.msg\n'}
[1.770347] (px4_msgs) StdoutLine: {'line': b'-- Up-to-date symlink: /home/maanavjugalshah/SwarmAero/ros2_ws/install/px4_msgs/share/px4_msgs/msg/FigureEightStatus.msg\n'}
[1.770384] (px4_msgs) StdoutLine: {'line': b'-- Up-to-date symlink: /home/maanavjugalshah/SwarmAero/ros2_ws/install/px4_msgs/share/px4_msgs/msg/FixedWingLateralGuidanceStatus.msg\n'}
[1.770419] (px4_msgs) StdoutLine: {'line': b'-- Up-to-date symlink: /home/maanavjugalshah/SwarmAero/ros2_ws/install/px4_msgs/share/px4_msgs/msg/FixedWingLateralSetpoint.msg\n'}
[1.770454] (px4_msgs) StdoutLine: {'line': b'-- Up-to-date symlink: /home/maanavjugalshah/SwarmAero/ros2_ws/install/px4_msgs/share/px4_msgs/msg/FixedWingLateralStatus.msg\n'}
[1.770486] (px4_msgs) StdoutLine: {'line': b'-- Up-to-date symlink: /home/maanavjugalshah/SwarmAero/ros2_ws/install/px4_msgs/share/px4_msgs/msg/FixedWingLongitudinalSetpoint.msg\n'}
[1.770519] (px4_msgs) StdoutLine: {'line': b'-- Up-to-date symlink: /home/maanavjugalshah/SwarmAero/ros2_ws/install/px4_msgs/share/px4_msgs/msg/FixedWingRunwayControl.msg\n'}
[1.770560] (px4_msgs) StdoutLine: {'line': b'-- Up-to-date symlink: /home/maanavjugalshah/SwarmAero/ros2_ws/install/px4_msgs/share/px4_msgs/msg/FlightPhaseEstimation.msg\n'}
[1.770591] (px4_msgs) StdoutLine: {'line': b'-- Up-to-date symlink: /home/maanavjugalshah/SwarmAero/ros2_ws/install/px4_msgs/share/px4_msgs/msg/FollowTarget.msg\n'}
[1.770624] (px4_msgs) StdoutLine: {'line': b'-- Up-to-date symlink: /home/maanavjugalshah/SwarmAero/ros2_ws/install/px4_msgs/share/px4_msgs/msg/FollowTargetEstimator.msg\n'}
[1.770656] (px4_msgs) StdoutLine: {'line': b'-- Up-to-date symlink: /home/maanavjugalshah/SwarmAero/ros2_ws/install/px4_msgs/share/px4_msgs/msg/FollowTargetStatus.msg\n'}
[1.770929] (px4_msgs) StdoutLine: {'line': b'-- Up-to-date symlink: /home/maanavjugalshah/SwarmAero/ros2_ws/install/px4_msgs/share/px4_msgs/msg/FuelTankStatus.msg\n'}
[1.771240] (px4_msgs) StdoutLine: {'line': b'-- Up-to-date symlink: /home/maanavjugalshah/SwarmAero/ros2_ws/install/px4_msgs/share/px4_msgs/msg/GainCompression.msg\n'}
[1.771325] (px4_msgs) StdoutLine: {'line': b'-- Up-to-date symlink: /home/maanavjugalshah/SwarmAero/ros2_ws/install/px4_msgs/share/px4_msgs/msg/GeneratorStatus.msg\n'}
[1.771491] (px4_msgs) StdoutLine: {'line': b'-- Up-to-date symlink: /home/maanavjugalshah/SwarmAero/ros2_ws/install/px4_msgs/share/px4_msgs/msg/GeofenceResult.msg\n'}
[1.771572] (px4_msgs) StdoutLine: {'line': b'-- Up-to-date symlink: /home/maanavjugalshah/SwarmAero/ros2_ws/install/px4_msgs/share/px4_msgs/msg/GeofenceStatus.msg\n'}
[1.771613] (px4_msgs) StdoutLine: {'line': b'-- Up-to-date symlink: /home/maanavjugalshah/SwarmAero/ros2_ws/install/px4_msgs/share/px4_msgs/msg/GimbalControls.msg\n'}
[1.771724] (px4_msgs) StdoutLine: {'line': b'-- Up-to-date symlink: /home/maanavjugalshah/SwarmAero/ros2_ws/install/px4_msgs/share/px4_msgs/msg/GimbalDeviceAttitudeStatus.msg\n'}
[1.771830] (px4_msgs) StdoutLine: {'line': b'-- Up-to-date symlink: /home/maanavjugalshah/SwarmAero/ros2_ws/install/px4_msgs/share/px4_msgs/msg/GimbalDeviceInformation.msg\n'}
[1.771984] (px4_msgs) StdoutLine: {'line': b'-- Up-to-date symlink: /home/maanavjugalshah/SwarmAero/ros2_ws/install/px4_msgs/share/px4_msgs/msg/GimbalDeviceSetAttitude.msg\n'}
[1.772105] (px4_msgs) StdoutLine: {'line': b'-- Up-to-date symlink: /home/maanavjugalshah/SwarmAero/ros2_ws/install/px4_msgs/share/px4_msgs/msg/GimbalManagerInformation.msg\n'}
[1.772222] (px4_msgs) StdoutLine: {'line': b'-- Up-to-date symlink: /home/maanavjugalshah/SwarmAero/ros2_ws/install/px4_msgs/share/px4_msgs/msg/GimbalManagerSetAttitude.msg\n'}
[1.772340] (px4_msgs) StdoutLine: {'line': b'-- Up-to-date symlink: /home/maanavjugalshah/SwarmAero/ros2_ws/install/px4_msgs/share/px4_msgs/msg/GimbalManagerSetManualControl.msg\n'}
[1.772393] (px4_msgs) StdoutLine: {'line': b'-- Up-to-date symlink: /home/maanavjugalshah/SwarmAero/ros2_ws/install/px4_msgs/share/px4_msgs/msg/GimbalManagerStatus.msg\n'}
[1.772602] (px4_msgs) StdoutLine: {'line': b'-- Up-to-date symlink: /home/maanavjugalshah/SwarmAero/ros2_ws/install/px4_msgs/share/px4_msgs/msg/GotoSetpoint.msg\n'}
[1.772723] (px4_msgs) StdoutLine: {'line': b'-- Up-to-date symlink: /home/maanavjugalshah/SwarmAero/ros2_ws/install/px4_msgs/share/px4_msgs/msg/GpioConfig.msg\n'}
[1.772796] (px4_msgs) StdoutLine: {'line': b'-- Up-to-date symlink: /home/maanavjugalshah/SwarmAero/ros2_ws/install/px4_msgs/share/px4_msgs/msg/GpioIn.msg\n'}
[1.772868] (px4_msgs) StdoutLine: {'line': b'-- Up-to-date symlink: /home/maanavjugalshah/SwarmAero/ros2_ws/install/px4_msgs/share/px4_msgs/msg/GpioOut.msg\n'}
[1.772941] (px4_msgs) StdoutLine: {'line': b'-- Up-to-date symlink: /home/maanavjugalshah/SwarmAero/ros2_ws/install/px4_msgs/share/px4_msgs/msg/GpioRequest.msg\n'}
[1.773051] (px4_msgs) StdoutLine: {'line': b'-- Up-to-date symlink: /home/maanavjugalshah/SwarmAero/ros2_ws/install/px4_msgs/share/px4_msgs/msg/GpsDump.msg\n'}
[1.773239] (px4_msgs) StdoutLine: {'line': b'-- Up-to-date symlink: /home/maanavjugalshah/SwarmAero/ros2_ws/install/px4_msgs/share/px4_msgs/msg/GpsInjectData.msg\n'}
[1.773588] (px4_msgs) StdoutLine: {'line': b'-- Up-to-date symlink: /home/maanavjugalshah/SwarmAero/ros2_ws/install/px4_msgs/share/px4_msgs/msg/Gripper.msg\n'}
[1.773974] (px4_msgs) StdoutLine: {'line': b'-- Up-to-date symlink: /home/maanavjugalshah/SwarmAero/ros2_ws/install/px4_msgs/share/px4_msgs/msg/HealthReport.msg\n'}
[1.774097] (px4_msgs) StdoutLine: {'line': b'-- Up-to-date symlink: /home/maanavjugalshah/SwarmAero/ros2_ws/install/px4_msgs/share/px4_msgs/msg/HeaterStatus.msg\n'}
[1.774170] (px4_msgs) StdoutLine: {'line': b'-- Up-to-date symlink: /home/maanavjugalshah/SwarmAero/ros2_ws/install/px4_msgs/share/px4_msgs/msg/HomePosition.msg\n'}
[1.774238] (px4_msgs) StdoutLine: {'line': b'-- Up-to-date symlink: /home/maanavjugalshah/SwarmAero/ros2_ws/install/px4_msgs/share/px4_msgs/msg/HoverThrustEstimate.msg\n'}
[1.774283] (px4_msgs) StdoutLine: {'line': b'-- Up-to-date symlink: /home/maanavjugalshah/SwarmAero/ros2_ws/install/px4_msgs/share/px4_msgs/msg/InputRc.msg\n'}
[1.774322] (px4_msgs) StdoutLine: {'line': b'-- Up-to-date symlink: /home/maanavjugalshah/SwarmAero/ros2_ws/install/px4_msgs/share/px4_msgs/msg/InternalCombustionEngineControl.msg\n'}
[1.774358] (px4_msgs) StdoutLine: {'line': b'-- Up-to-date symlink: /home/maanavjugalshah/SwarmAero/ros2_ws/install/px4_msgs/share/px4_msgs/msg/InternalCombustionEngineStatus.msg\n'}
[1.774422] (px4_msgs) StdoutLine: {'line': b'-- Up-to-date symlink: /home/maanavjugalshah/SwarmAero/ros2_ws/install/px4_msgs/share/px4_msgs/msg/IridiumsbdStatus.msg\n'}
[1.774459] (px4_msgs) StdoutLine: {'line': b'-- Up-to-date symlink: /home/maanavjugalshah/SwarmAero/ros2_ws/install/px4_msgs/share/px4_msgs/msg/IrlockReport.msg\n'}
[1.774493] (px4_msgs) StdoutLine: {'line': b'-- Up-to-date symlink: /home/maanavjugalshah/SwarmAero/ros2_ws/install/px4_msgs/share/px4_msgs/msg/LandingGear.msg\n'}
[1.774527] (px4_msgs) StdoutLine: {'line': b'-- Up-to-date symlink: /home/maanavjugalshah/SwarmAero/ros2_ws/install/px4_msgs/share/px4_msgs/msg/LandingGearWheel.msg\n'}
[1.774560] (px4_msgs) StdoutLine: {'line': b'-- Up-to-date symlink: /home/maanavjugalshah/SwarmAero/ros2_ws/install/px4_msgs/share/px4_msgs/msg/LandingTargetInnovations.msg\n'}
[1.774603] (px4_msgs) StdoutLine: {'line': b'-- Up-to-date symlink: /home/maanavjugalshah/SwarmAero/ros2_ws/install/px4_msgs/share/px4_msgs/msg/LandingTargetPose.msg\n'}
[1.774636] (px4_msgs) StdoutLine: {'line': b'-- Up-to-date symlink: /home/maanavjugalshah/SwarmAero/ros2_ws/install/px4_msgs/share/px4_msgs/msg/LateralControlConfiguration.msg\n'}
[1.774674] (px4_msgs) StdoutLine: {'line': b'-- Up-to-date symlink: /home/maanavjugalshah/SwarmAero/ros2_ws/install/px4_msgs/share/px4_msgs/msg/LaunchDetectionStatus.msg\n'}
[1.774710] (px4_msgs) StdoutLine: {'line': b'-- Up-to-date symlink: /home/maanavjugalshah/SwarmAero/ros2_ws/install/px4_msgs/share/px4_msgs/msg/LedControl.msg\n'}
[1.774744] (px4_msgs) StdoutLine: {'line': b'-- Up-to-date symlink: /home/maanavjugalshah/SwarmAero/ros2_ws/install/px4_msgs/share/px4_msgs/msg/LogMessage.msg\n'}
[1.774777] (px4_msgs) StdoutLine: {'line': b'-- Up-to-date symlink: /home/maanavjugalshah/SwarmAero/ros2_ws/install/px4_msgs/share/px4_msgs/msg/LoggerStatus.msg\n'}
[1.774809] (px4_msgs) StdoutLine: {'line': b'-- Up-to-date symlink: /home/maanavjugalshah/SwarmAero/ros2_ws/install/px4_msgs/share/px4_msgs/msg/LongitudinalControlConfiguration.msg\n'}
[1.774840] (px4_msgs) StdoutLine: {'line': b'-- Up-to-date symlink: /home/maanavjugalshah/SwarmAero/ros2_ws/install/px4_msgs/share/px4_msgs/msg/MagWorkerData.msg\n'}
[1.774872] (px4_msgs) StdoutLine: {'line': b'-- Up-to-date symlink: /home/maanavjugalshah/SwarmAero/ros2_ws/install/px4_msgs/share/px4_msgs/msg/MagnetometerBiasEstimate.msg\n'}
[1.774908] (px4_msgs) StdoutLine: {'line': b'-- Up-to-date symlink: /home/maanavjugalshah/SwarmAero/ros2_ws/install/px4_msgs/share/px4_msgs/msg/ManualControlSetpoint.msg\n'}
[1.774938] (px4_msgs) StdoutLine: {'line': b'-- Up-to-date symlink: /home/maanavjugalshah/SwarmAero/ros2_ws/install/px4_msgs/share/px4_msgs/msg/ManualControlSwitches.msg\n'}
[1.774970] (px4_msgs) StdoutLine: {'line': b'-- Up-to-date symlink: /home/maanavjugalshah/SwarmAero/ros2_ws/install/px4_msgs/share/px4_msgs/msg/MavlinkLog.msg\n'}
[1.775002] (px4_msgs) StdoutLine: {'line': b'-- Up-to-date symlink: /home/maanavjugalshah/SwarmAero/ros2_ws/install/px4_msgs/share/px4_msgs/msg/MavlinkTunnel.msg\n'}
[1.775034] (px4_msgs) StdoutLine: {'line': b'-- Up-to-date symlink: /home/maanavjugalshah/SwarmAero/ros2_ws/install/px4_msgs/share/px4_msgs/msg/MessageFormatRequest.msg\n'}
[1.775065] (px4_msgs) StdoutLine: {'line': b'-- Up-to-date symlink: /home/maanavjugalshah/SwarmAero/ros2_ws/install/px4_msgs/share/px4_msgs/msg/MessageFormatResponse.msg\n'}
[1.775097] (px4_msgs) StdoutLine: {'line': b'-- Up-to-date symlink: /home/maanavjugalshah/SwarmAero/ros2_ws/install/px4_msgs/share/px4_msgs/msg/Mission.msg\n'}
[1.775127] (px4_msgs) StdoutLine: {'line': b'-- Up-to-date symlink: /home/maanavjugalshah/SwarmAero/ros2_ws/install/px4_msgs/share/px4_msgs/msg/MissionResult.msg\n'}
[1.775157] (px4_msgs) StdoutLine: {'line': b'-- Up-to-date symlink: /home/maanavjugalshah/SwarmAero/ros2_ws/install/px4_msgs/share/px4_msgs/msg/ModeCompleted.msg\n'}
[1.775188] (px4_msgs) StdoutLine: {'line': b'-- Up-to-date symlink: /home/maanavjugalshah/SwarmAero/ros2_ws/install/px4_msgs/share/px4_msgs/msg/MountOrientation.msg\n'}
[1.775218] (px4_msgs) StdoutLine: {'line': b'-- Up-to-date symlink: /home/maanavjugalshah/SwarmAero/ros2_ws/install/px4_msgs/share/px4_msgs/msg/NavigatorMissionItem.msg\n'}
[1.775249] (px4_msgs) StdoutLine: {'line': b'-- Up-to-date symlink: /home/maanavjugalshah/SwarmAero/ros2_ws/install/px4_msgs/share/px4_msgs/msg/NavigatorStatus.msg\n'}
[1.775278] (px4_msgs) StdoutLine: {'line': b'-- Up-to-date symlink: /home/maanavjugalshah/SwarmAero/ros2_ws/install/px4_msgs/share/px4_msgs/msg/NeuralControl.msg\n'}
[1.775308] (px4_msgs) StdoutLine: {'line': b'-- Up-to-date symlink: /home/maanavjugalshah/SwarmAero/ros2_ws/install/px4_msgs/share/px4_msgs/msg/NormalizedUnsignedSetpoint.msg\n'}
[1.775338] (px4_msgs) StdoutLine: {'line': b'-- Up-to-date symlink: /home/maanavjugalshah/SwarmAero/ros2_ws/install/px4_msgs/share/px4_msgs/msg/ObstacleDistance.msg\n'}
[1.775368] (px4_msgs) StdoutLine: {'line': b'-- Up-to-date symlink: /home/maanavjugalshah/SwarmAero/ros2_ws/install/px4_msgs/share/px4_msgs/msg/OffboardControlMode.msg\n'}
[1.775398] (px4_msgs) StdoutLine: {'line': b'-- Up-to-date symlink: /home/maanavjugalshah/SwarmAero/ros2_ws/install/px4_msgs/share/px4_msgs/msg/OnboardComputerStatus.msg\n'}
[1.775521] (px4_msgs) StdoutLine: {'line': b'-- Up-to-date symlink: /home/maanavjugalshah/SwarmAero/ros2_ws/install/px4_msgs/share/px4_msgs/msg/OpenDroneIdArmStatus.msg\n'}
[1.775595] (px4_msgs) StdoutLine: {'line': b'-- Up-to-date symlink: /home/maanavjugalshah/SwarmAero/ros2_ws/install/px4_msgs/share/px4_msgs/msg/OpenDroneIdOperatorId.msg\n'}
[1.775636] (px4_msgs) StdoutLine: {'line': b'-- Up-to-date symlink: /home/maanavjugalshah/SwarmAero/ros2_ws/install/px4_msgs/share/px4_msgs/msg/OpenDroneIdSelfId.msg\n'}
[1.775671] (px4_msgs) StdoutLine: {'line': b'-- Up-to-date symlink: /home/maanavjugalshah/SwarmAero/ros2_ws/install/px4_msgs/share/px4_msgs/msg/OpenDroneIdSystem.msg\n'}
[1.775752] (px4_msgs) StdoutLine: {'line': b'-- Up-to-date symlink: /home/maanavjugalshah/SwarmAero/ros2_ws/install/px4_msgs/share/px4_msgs/msg/OrbTest.msg\n'}
[1.775795] (px4_msgs) StdoutLine: {'line': b'-- Up-to-date symlink: /home/maanavjugalshah/SwarmAero/ros2_ws/install/px4_msgs/share/px4_msgs/msg/OrbTestLarge.msg\n'}
[1.775831] (px4_msgs) StdoutLine: {'line': b'-- Up-to-date symlink: /home/maanavjugalshah/SwarmAero/ros2_ws/install/px4_msgs/share/px4_msgs/msg/OrbTestMedium.msg\n'}
[1.775866] (px4_msgs) StdoutLine: {'line': b'-- Up-to-date symlink: /home/maanavjugalshah/SwarmAero/ros2_ws/install/px4_msgs/share/px4_msgs/msg/OrbitStatus.msg\n'}
[1.775901] (px4_msgs) StdoutLine: {'line': b'-- Up-to-date symlink: /home/maanavjugalshah/SwarmAero/ros2_ws/install/px4_msgs/share/px4_msgs/msg/ParameterResetRequest.msg\n'}
[1.775937] (px4_msgs) StdoutLine: {'line': b'-- Up-to-date symlink: /home/maanavjugalshah/SwarmAero/ros2_ws/install/px4_msgs/share/px4_msgs/msg/ParameterSetUsedRequest.msg\n'}
[1.775970] (px4_msgs) StdoutLine: {'line': b'-- Up-to-date symlink: /home/maanavjugalshah/SwarmAero/ros2_ws/install/px4_msgs/share/px4_msgs/msg/ParameterSetValueRequest.msg\n'}
[1.776004] (px4_msgs) StdoutLine: {'line': b'-- Up-to-date symlink: /home/maanavjugalshah/SwarmAero/ros2_ws/install/px4_msgs/share/px4_msgs/msg/ParameterSetValueResponse.msg\n'}
[1.776036] (px4_msgs) StdoutLine: {'line': b'-- Up-to-date symlink: /home/maanavjugalshah/SwarmAero/ros2_ws/install/px4_msgs/share/px4_msgs/msg/ParameterUpdate.msg\n'}
[1.776068] (px4_msgs) StdoutLine: {'line': b'-- Up-to-date symlink: /home/maanavjugalshah/SwarmAero/ros2_ws/install/px4_msgs/share/px4_msgs/msg/Ping.msg\n'}
[1.776099] (px4_msgs) StdoutLine: {'line': b'-- Up-to-date symlink: /home/maanavjugalshah/SwarmAero/ros2_ws/install/px4_msgs/share/px4_msgs/msg/PositionControllerLandingStatus.msg\n'}
[1.776131] (px4_msgs) StdoutLine: {'line': b'-- Up-to-date symlink: /home/maanavjugalshah/SwarmAero/ros2_ws/install/px4_msgs/share/px4_msgs/msg/PositionControllerStatus.msg\n'}
[1.776169] (px4_msgs) StdoutLine: {'line': b'-- Up-to-date symlink: /home/maanavjugalshah/SwarmAero/ros2_ws/install/px4_msgs/share/px4_msgs/msg/PositionSetpoint.msg\n'}
[1.776201] (px4_msgs) StdoutLine: {'line': b'-- Up-to-date symlink: /home/maanavjugalshah/SwarmAero/ros2_ws/install/px4_msgs/share/px4_msgs/msg/PositionSetpointTriplet.msg\n'}
[1.776231] (px4_msgs) StdoutLine: {'line': b'-- Up-to-date symlink: /home/maanavjugalshah/SwarmAero/ros2_ws/install/px4_msgs/share/px4_msgs/msg/PowerButtonState.msg\n'}
[1.776261] (px4_msgs) StdoutLine: {'line': b'-- Up-to-date symlink: /home/maanavjugalshah/SwarmAero/ros2_ws/install/px4_msgs/share/px4_msgs/msg/PowerMonitor.msg\n'}
[1.776292] (px4_msgs) StdoutLine: {'line': b'-- Up-to-date symlink: /home/maanavjugalshah/SwarmAero/ros2_ws/install/px4_msgs/share/px4_msgs/msg/PpsCapture.msg\n'}
[1.776322] (px4_msgs) StdoutLine: {'line': b'-- Up-to-date symlink: /home/maanavjugalshah/SwarmAero/ros2_ws/install/px4_msgs/share/px4_msgs/msg/PurePursuitStatus.msg\n'}
[1.776352] (px4_msgs) StdoutLine: {'line': b'-- Up-to-date symlink: /home/maanavjugalshah/SwarmAero/ros2_ws/install/px4_msgs/share/px4_msgs/msg/PwmInput.msg\n'}
[1.776383] (px4_msgs) StdoutLine: {'line': b'-- Up-to-date symlink: /home/maanavjugalshah/SwarmAero/ros2_ws/install/px4_msgs/share/px4_msgs/msg/Px4ioStatus.msg\n'}
[1.776414] (px4_msgs) StdoutLine: {'line': b'-- Up-to-date symlink: /home/maanavjugalshah/SwarmAero/ros2_ws/install/px4_msgs/share/px4_msgs/msg/QshellReq.msg\n'}
[1.776444] (px4_msgs) StdoutLine: {'line': b'-- Up-to-date symlink: /home/maanavjugalshah/SwarmAero/ros2_ws/install/px4_msgs/share/px4_msgs/msg/QshellRetval.msg\n'}
[1.776474] (px4_msgs) StdoutLine: {'line': b'-- Up-to-date symlink: /home/maanavjugalshah/SwarmAero/ros2_ws/install/px4_msgs/share/px4_msgs/msg/RadioStatus.msg\n'}
[1.776506] (px4_msgs) StdoutLine: {'line': b'-- Up-to-date symlink: /home/maanavjugalshah/SwarmAero/ros2_ws/install/px4_msgs/share/px4_msgs/msg/RangingBeacon.msg\n'}
[1.776536] (px4_msgs) StdoutLine: {'line': b'-- Up-to-date symlink: /home/maanavjugalshah/SwarmAero/ros2_ws/install/px4_msgs/share/px4_msgs/msg/RaptorInput.msg\n'}
[1.776569] (px4_msgs) StdoutLine: {'line': b'-- Up-to-date symlink: /home/maanavjugalshah/SwarmAero/ros2_ws/install/px4_msgs/share/px4_msgs/msg/RaptorStatus.msg\n'}
[1.776603] (px4_msgs) StdoutLine: {'line': b'-- Up-to-date symlink: /home/maanavjugalshah/SwarmAero/ros2_ws/install/px4_msgs/share/px4_msgs/msg/RateCtrlStatus.msg\n'}
[1.776637] (px4_msgs) StdoutLine: {'line': b'-- Up-to-date symlink: /home/maanavjugalshah/SwarmAero/ros2_ws/install/px4_msgs/share/px4_msgs/msg/RcChannels.msg\n'}
[1.776720] (px4_msgs) StdoutLine: {'line': b'-- Up-to-date symlink: /home/maanavjugalshah/SwarmAero/ros2_ws/install/px4_msgs/share/px4_msgs/msg/RcParameterMap.msg\n'}
[1.776790] (px4_msgs) StdoutLine: {'line': b'-- Up-to-date symlink: /home/maanavjugalshah/SwarmAero/ros2_ws/install/px4_msgs/share/px4_msgs/msg/RegisterExtComponentReply.msg\n'}
[1.776858] (px4_msgs) StdoutLine: {'line': b'-- Up-to-date symlink: /home/maanavjugalshah/SwarmAero/ros2_ws/install/px4_msgs/share/px4_msgs/msg/RegisterExtComponentRequest.msg\n'}
[1.776928] (px4_msgs) StdoutLine: {'line': b'-- Up-to-date symlink: /home/maanavjugalshah/SwarmAero/ros2_ws/install/px4_msgs/share/px4_msgs/msg/RoverAttitudeSetpoint.msg\n'}
[1.776998] (px4_msgs) StdoutLine: {'line': b'-- Up-to-date symlink: /home/maanavjugalshah/SwarmAero/ros2_ws/install/px4_msgs/share/px4_msgs/msg/RoverAttitudeStatus.msg\n'}
[1.777115] (px4_msgs) StdoutLine: {'line': b'-- Up-to-date symlink: /home/maanavjugalshah/SwarmAero/ros2_ws/install/px4_msgs/share/px4_msgs/msg/RoverPositionSetpoint.msg\n'}
[1.777167] (px4_msgs) StdoutLine: {'line': b'-- Up-to-date symlink: /home/maanavjugalshah/SwarmAero/ros2_ws/install/px4_msgs/share/px4_msgs/msg/RoverRateSetpoint.msg\n'}
[1.777205] (px4_msgs) StdoutLine: {'line': b'-- Up-to-date symlink: /home/maanavjugalshah/SwarmAero/ros2_ws/install/px4_msgs/share/px4_msgs/msg/RoverRateStatus.msg\n'}
[1.777240] (px4_msgs) StdoutLine: {'line': b'-- Up-to-date symlink: /home/maanavjugalshah/SwarmAero/ros2_ws/install/px4_msgs/share/px4_msgs/msg/RoverSpeedSetpoint.msg\n'}
[1.777274] (px4_msgs) StdoutLine: {'line': b'-- Up-to-date symlink: /home/maanavjugalshah/SwarmAero/ros2_ws/install/px4_msgs/share/px4_msgs/msg/RoverSpeedStatus.msg\n'}
[1.777307] (px4_msgs) StdoutLine: {'line': b'-- Up-to-date symlink: /home/maanavjugalshah/SwarmAero/ros2_ws/install/px4_msgs/share/px4_msgs/msg/RoverSteeringSetpoint.msg\n'}
[1.777340] (px4_msgs) StdoutLine: {'line': b'-- Up-to-date symlink: /home/maanavjugalshah/SwarmAero/ros2_ws/install/px4_msgs/share/px4_msgs/msg/RoverThrottleSetpoint.msg\n'}
[1.777373] (px4_msgs) StdoutLine: {'line': b'-- Up-to-date symlink: /home/maanavjugalshah/SwarmAero/ros2_ws/install/px4_msgs/share/px4_msgs/msg/Rpm.msg\n'}
[1.777407] (px4_msgs) StdoutLine: {'line': b'-- Up-to-date symlink: /home/maanavjugalshah/SwarmAero/ros2_ws/install/px4_msgs/share/px4_msgs/msg/RtlStatus.msg\n'}
[1.777439] (px4_msgs) StdoutLine: {'line': b'-- Up-to-date symlink: /home/maanavjugalshah/SwarmAero/ros2_ws/install/px4_msgs/share/px4_msgs/msg/RtlTimeEstimate.msg\n'}
[1.777470] (px4_msgs) StdoutLine: {'line': b'-- Up-to-date symlink: /home/maanavjugalshah/SwarmAero/ros2_ws/install/px4_msgs/share/px4_msgs/msg/SatelliteInfo.msg\n'}
[1.777503] (px4_msgs) StdoutLine: {'line': b'-- Up-to-date symlink: /home/maanavjugalshah/SwarmAero/ros2_ws/install/px4_msgs/share/px4_msgs/msg/SensorAccel.msg\n'}
[1.777535] (px4_msgs) StdoutLine: {'line': b'-- Up-to-date symlink: /home/maanavjugalshah/SwarmAero/ros2_ws/install/px4_msgs/share/px4_msgs/msg/SensorAccelFifo.msg\n'}
[1.777566] (px4_msgs) StdoutLine: {'line': b'-- Up-to-date symlink: /home/maanavjugalshah/SwarmAero/ros2_ws/install/px4_msgs/share/px4_msgs/msg/SensorAirflow.msg\n'}
[1.777638] (px4_msgs) StdoutLine: {'line': b'-- Up-to-date symlink: /home/maanavjugalshah/SwarmAero/ros2_ws/install/px4_msgs/share/px4_msgs/msg/SensorBaro.msg\n'}
[1.777675] (px4_msgs) StdoutLine: {'line': b'-- Up-to-date symlink: /home/maanavjugalshah/SwarmAero/ros2_ws/install/px4_msgs/share/px4_msgs/msg/SensorCombined.msg\n'}
[1.777753] (px4_msgs) StdoutLine: {'line': b'-- Up-to-date symlink: /home/maanavjugalshah/SwarmAero/ros2_ws/install/px4_msgs/share/px4_msgs/msg/SensorCorrection.msg\n'}
[1.777797] (px4_msgs) StdoutLine: {'line': b'-- Up-to-date symlink: /home/maanavjugalshah/SwarmAero/ros2_ws/install/px4_msgs/share/px4_msgs/msg/SensorGnssRelative.msg\n'}
[1.777833] (px4_msgs) StdoutLine: {'line': b'-- Up-to-date symlink: /home/maanavjugalshah/SwarmAero/ros2_ws/install/px4_msgs/share/px4_msgs/msg/SensorGnssStatus.msg\n'}
[1.777868] (px4_msgs) StdoutLine: {'line': b'-- Up-to-date symlink: /home/maanavjugalshah/SwarmAero/ros2_ws/install/px4_msgs/share/px4_msgs/msg/SensorGps.msg\n'}
[1.777902] (px4_msgs) StdoutLine: {'line': b'-- Up-to-date symlink: /home/maanavjugalshah/SwarmAero/ros2_ws/install/px4_msgs/share/px4_msgs/msg/SensorGyro.msg\n'}
[1.777938] (px4_msgs) StdoutLine: {'line': b'-- Up-to-date symlink: /home/maanavjugalshah/SwarmAero/ros2_ws/install/px4_msgs/share/px4_msgs/msg/SensorGyroFft.msg\n'}
[1.777971] (px4_msgs) StdoutLine: {'line': b'-- Up-to-date symlink: /home/maanavjugalshah/SwarmAero/ros2_ws/install/px4_msgs/share/px4_msgs/msg/SensorGyroFifo.msg\n'}
[1.778003] (px4_msgs) StdoutLine: {'line': b'-- Up-to-date symlink: /home/maanavjugalshah/SwarmAero/ros2_ws/install/px4_msgs/share/px4_msgs/msg/SensorHygrometer.msg\n'}
[1.778035] (px4_msgs) StdoutLine: {'line': b'-- Up-to-date symlink: /home/maanavjugalshah/SwarmAero/ros2_ws/install/px4_msgs/share/px4_msgs/msg/SensorMag.msg\n'}
[1.778067] (px4_msgs) StdoutLine: {'line': b'-- Up-to-date symlink: /home/maanavjugalshah/SwarmAero/ros2_ws/install/px4_msgs/share/px4_msgs/msg/SensorOpticalFlow.msg\n'}
[1.778099] (px4_msgs) StdoutLine: {'line': b'-- Up-to-date symlink: /home/maanavjugalshah/SwarmAero/ros2_ws/install/px4_msgs/share/px4_msgs/msg/SensorPreflightMag.msg\n'}
[1.778130] (px4_msgs) StdoutLine: {'line': b'-- Up-to-date symlink: /home/maanavjugalshah/SwarmAero/ros2_ws/install/px4_msgs/share/px4_msgs/msg/SensorSelection.msg\n'}
[1.778162] (px4_msgs) StdoutLine: {'line': b'-- Up-to-date symlink: /home/maanavjugalshah/SwarmAero/ros2_ws/install/px4_msgs/share/px4_msgs/msg/SensorTemp.msg\n'}
[1.778195] (px4_msgs) StdoutLine: {'line': b'-- Up-to-date symlink: /home/maanavjugalshah/SwarmAero/ros2_ws/install/px4_msgs/share/px4_msgs/msg/SensorUwb.msg\n'}
[1.778227] (px4_msgs) StdoutLine: {'line': b'-- Up-to-date symlink: /home/maanavjugalshah/SwarmAero/ros2_ws/install/px4_msgs/share/px4_msgs/msg/SensorsStatus.msg\n'}
[1.778259] (px4_msgs) StdoutLine: {'line': b'-- Up-to-date symlink: /home/maanavjugalshah/SwarmAero/ros2_ws/install/px4_msgs/share/px4_msgs/msg/SensorsStatusImu.msg\n'}
[1.778292] (px4_msgs) StdoutLine: {'line': b'-- Up-to-date symlink: /home/maanavjugalshah/SwarmAero/ros2_ws/install/px4_msgs/share/px4_msgs/msg/SystemPower.msg\n'}
[1.778322] (px4_msgs) StdoutLine: {'line': b'-- Up-to-date symlink: /home/maanavjugalshah/SwarmAero/ros2_ws/install/px4_msgs/share/px4_msgs/msg/TakeoffStatus.msg\n'}
[1.778352] (px4_msgs) StdoutLine: {'line': b'-- Up-to-date symlink: /home/maanavjugalshah/SwarmAero/ros2_ws/install/px4_msgs/share/px4_msgs/msg/TaskStackInfo.msg\n'}
[1.778383] (px4_msgs) StdoutLine: {'line': b'-- Up-to-date symlink: /home/maanavjugalshah/SwarmAero/ros2_ws/install/px4_msgs/share/px4_msgs/msg/TecsStatus.msg\n'}
[1.778413] (px4_msgs) StdoutLine: {'line': b'-- Up-to-date symlink: /home/maanavjugalshah/SwarmAero/ros2_ws/install/px4_msgs/share/px4_msgs/msg/TelemetryStatus.msg\n'}
[1.778444] (px4_msgs) StdoutLine: {'line': b'-- Up-to-date symlink: /home/maanavjugalshah/SwarmAero/ros2_ws/install/px4_msgs/share/px4_msgs/msg/TiltrotorExtraControls.msg\n'}
[1.778474] (px4_msgs) StdoutLine: {'line': b'-- Up-to-date symlink: /home/maanavjugalshah/SwarmAero/ros2_ws/install/px4_msgs/share/px4_msgs/msg/TimesyncStatus.msg\n'}
[1.778506] (px4_msgs) StdoutLine: {'line': b'-- Up-to-date symlink: /home/maanavjugalshah/SwarmAero/ros2_ws/install/px4_msgs/share/px4_msgs/msg/TrajectorySetpoint.msg\n'}
[1.778536] (px4_msgs) StdoutLine: {'line': b'-- Up-to-date symlink: /home/maanavjugalshah/SwarmAero/ros2_ws/install/px4_msgs/share/px4_msgs/msg/TrajectorySetpoint6dof.msg\n'}
[1.778567] (px4_msgs) StdoutLine: {'line': b'-- Up-to-date symlink: /home/maanavjugalshah/SwarmAero/ros2_ws/install/px4_msgs/share/px4_msgs/msg/TransponderReport.msg\n'}
[1.778596] (px4_msgs) StdoutLine: {'line': b'-- Up-to-date symlink: /home/maanavjugalshah/SwarmAero/ros2_ws/install/px4_msgs/share/px4_msgs/msg/TuneControl.msg\n'}
[1.778626] (px4_msgs) StdoutLine: {'line': b'-- Up-to-date symlink: /home/maanavjugalshah/SwarmAero/ros2_ws/install/px4_msgs/share/px4_msgs/msg/UavcanParameterRequest.msg\n'}
[1.778657] (px4_msgs) StdoutLine: {'line': b'-- Up-to-date symlink: /home/maanavjugalshah/SwarmAero/ros2_ws/install/px4_msgs/share/px4_msgs/msg/UavcanParameterValue.msg\n'}
[1.778690] (px4_msgs) StdoutLine: {'line': b'-- Up-to-date symlink: /home/maanavjugalshah/SwarmAero/ros2_ws/install/px4_msgs/share/px4_msgs/msg/UlogStream.msg\n'}
[1.778720] (px4_msgs) StdoutLine: {'line': b'-- Up-to-date symlink: /home/maanavjugalshah/SwarmAero/ros2_ws/install/px4_msgs/share/px4_msgs/msg/UlogStreamAck.msg\n'}
[1.778752] (px4_msgs) StdoutLine: {'line': b'-- Up-to-date symlink: /home/maanavjugalshah/SwarmAero/ros2_ws/install/px4_msgs/share/px4_msgs/msg/UnregisterExtComponent.msg\n'}
[1.778789] (px4_msgs) StdoutLine: {'line': b'-- Up-to-date symlink: /home/maanavjugalshah/SwarmAero/ros2_ws/install/px4_msgs/share/px4_msgs/msg/VehicleAcceleration.msg\n'}
[1.778822] (px4_msgs) StdoutLine: {'line': b'-- Up-to-date symlink: /home/maanavjugalshah/SwarmAero/ros2_ws/install/px4_msgs/share/px4_msgs/msg/VehicleAirData.msg\n'}
[1.778855] (px4_msgs) StdoutLine: {'line': b'-- Up-to-date symlink: /home/maanavjugalshah/SwarmAero/ros2_ws/install/px4_msgs/share/px4_msgs/msg/VehicleAngularAccelerationSetpoint.msg\n'}
[1.778887] (px4_msgs) StdoutLine: {'line': b'-- Up-to-date symlink: /home/maanavjugalshah/SwarmAero/ros2_ws/install/px4_msgs/share/px4_msgs/msg/VehicleAngularVelocity.msg\n'}
[1.778918] (px4_msgs) StdoutLine: {'line': b'-- Up-to-date symlink: /home/maanavjugalshah/SwarmAero/ros2_ws/install/px4_msgs/share/px4_msgs/msg/VehicleAttitude.msg\n'}
[1.778950] (px4_msgs) StdoutLine: {'line': b'-- Up-to-date symlink: /home/maanavjugalshah/SwarmAero/ros2_ws/install/px4_msgs/share/px4_msgs/msg/VehicleAttitudeSetpoint.msg\n'}
[1.778980] (px4_msgs) StdoutLine: {'line': b'-- Up-to-date symlink: /home/maanavjugalshah/SwarmAero/ros2_ws/install/px4_msgs/share/px4_msgs/msg/VehicleCommand.msg\n'}
[1.779010] (px4_msgs) StdoutLine: {'line': b'-- Up-to-date symlink: /home/maanavjugalshah/SwarmAero/ros2_ws/install/px4_msgs/share/px4_msgs/msg/VehicleCommandAck.msg\n'}
[1.779039] (px4_msgs) StdoutLine: {'line': b'-- Up-to-date symlink: /home/maanavjugalshah/SwarmAero/ros2_ws/install/px4_msgs/share/px4_msgs/msg/VehicleConstraints.msg\n'}
[1.779070] (px4_msgs) StdoutLine: {'line': b'-- Up-to-date symlink: /home/maanavjugalshah/SwarmAero/ros2_ws/install/px4_msgs/share/px4_msgs/msg/VehicleControlMode.msg\n'}
[1.779099] (px4_msgs) StdoutLine: {'line': b'-- Up-to-date symlink: /home/maanavjugalshah/SwarmAero/ros2_ws/install/px4_msgs/share/px4_msgs/msg/VehicleGlobalPosition.msg\n'}
[1.779128] (px4_msgs) StdoutLine: {'line': b'-- Up-to-date symlink: /home/maanavjugalshah/SwarmAero/ros2_ws/install/px4_msgs/share/px4_msgs/msg/VehicleImu.msg\n'}
[1.779158] (px4_msgs) StdoutLine: {'line': b'-- Up-to-date symlink: /home/maanavjugalshah/SwarmAero/ros2_ws/install/px4_msgs/share/px4_msgs/msg/VehicleImuStatus.msg\n'}
[1.779187] (px4_msgs) StdoutLine: {'line': b'-- Up-to-date symlink: /home/maanavjugalshah/SwarmAero/ros2_ws/install/px4_msgs/share/px4_msgs/msg/VehicleLandDetected.msg\n'}
[1.779215] (px4_msgs) StdoutLine: {'line': b'-- Up-to-date symlink: /home/maanavjugalshah/SwarmAero/ros2_ws/install/px4_msgs/share/px4_msgs/msg/VehicleLocalPosition.msg\n'}
[1.779245] (px4_msgs) StdoutLine: {'line': b'-- Up-to-date symlink: /home/maanavjugalshah/SwarmAero/ros2_ws/install/px4_msgs/share/px4_msgs/msg/VehicleLocalPositionSetpoint.msg\n'}
[1.779276] (px4_msgs) StdoutLine: {'line': b'-- Up-to-date symlink: /home/maanavjugalshah/SwarmAero/ros2_ws/install/px4_msgs/share/px4_msgs/msg/VehicleMagnetometer.msg\n'}
[1.779305] (px4_msgs) StdoutLine: {'line': b'-- Up-to-date symlink: /home/maanavjugalshah/SwarmAero/ros2_ws/install/px4_msgs/share/px4_msgs/msg/VehicleOdometry.msg\n'}
[1.779335] (px4_msgs) StdoutLine: {'line': b'-- Up-to-date symlink: /home/maanavjugalshah/SwarmAero/ros2_ws/install/px4_msgs/share/px4_msgs/msg/VehicleOpticalFlow.msg\n'}
[1.779365] (px4_msgs) StdoutLine: {'line': b'-- Up-to-date symlink: /home/maanavjugalshah/SwarmAero/ros2_ws/install/px4_msgs/share/px4_msgs/msg/VehicleOpticalFlowVel.msg\n'}
[1.779395] (px4_msgs) StdoutLine: {'line': b'-- Up-to-date symlink: /home/maanavjugalshah/SwarmAero/ros2_ws/install/px4_msgs/share/px4_msgs/msg/VehicleRatesSetpoint.msg\n'}
[1.779438] (px4_msgs) StdoutLine: {'line': b'-- Up-to-date symlink: /home/maanavjugalshah/SwarmAero/ros2_ws/install/px4_msgs/share/px4_msgs/msg/VehicleRoi.msg\n'}
[1.779473] (px4_msgs) StdoutLine: {'line': b'-- Up-to-date symlink: /home/maanavjugalshah/SwarmAero/ros2_ws/install/px4_msgs/share/px4_msgs/msg/VehicleStatus.msg\n'}
[1.779505] (px4_msgs) StdoutLine: {'line': b'-- Up-to-date symlink: /home/maanavjugalshah/SwarmAero/ros2_ws/install/px4_msgs/share/px4_msgs/msg/VehicleThrustSetpoint.msg\n'}
[1.779543] (px4_msgs) StdoutLine: {'line': b'-- Up-to-date symlink: /home/maanavjugalshah/SwarmAero/ros2_ws/install/px4_msgs/share/px4_msgs/msg/VehicleTorqueSetpoint.msg\n'}
[1.779575] (px4_msgs) StdoutLine: {'line': b'-- Up-to-date symlink: /home/maanavjugalshah/SwarmAero/ros2_ws/install/px4_msgs/share/px4_msgs/msg/VelocityLimits.msg\n'}
[1.779608] (px4_msgs) StdoutLine: {'line': b'-- Up-to-date symlink: /home/maanavjugalshah/SwarmAero/ros2_ws/install/px4_msgs/share/px4_msgs/msg/VtolVehicleStatus.msg\n'}
[1.779639] (px4_msgs) StdoutLine: {'line': b'-- Up-to-date symlink: /home/maanavjugalshah/SwarmAero/ros2_ws/install/px4_msgs/share/px4_msgs/msg/Vtx.msg\n'}
[1.779672] (px4_msgs) StdoutLine: {'line': b'-- Up-to-date symlink: /home/maanavjugalshah/SwarmAero/ros2_ws/install/px4_msgs/share/px4_msgs/msg/WheelEncoders.msg\n'}
[1.779719] (px4_msgs) StdoutLine: {'line': b'-- Up-to-date symlink: /home/maanavjugalshah/SwarmAero/ros2_ws/install/px4_msgs/share/px4_msgs/msg/Wind.msg\n'}
[1.779772] (px4_msgs) StdoutLine: {'line': b'-- Up-to-date symlink: /home/maanavjugalshah/SwarmAero/ros2_ws/install/px4_msgs/share/px4_msgs/msg/YawEstimatorStatus.msg\n'}
[1.779834] (px4_msgs) StdoutLine: {'line': b'-- Up-to-date symlink: /home/maanavjugalshah/SwarmAero/ros2_ws/install/px4_msgs/share/px4_msgs/srv/VehicleCommand.srv\n'}
[1.779877] (px4_msgs) StdoutLine: {'line': b'-- Up-to-date symlink: /home/maanavjugalshah/SwarmAero/ros2_ws/install/px4_msgs/share/px4_msgs/srv/VehicleCommand_Request.msg\n'}
[1.779938] (px4_msgs) StdoutLine: {'line': b'-- Up-to-date symlink: /home/maanavjugalshah/SwarmAero/ros2_ws/install/px4_msgs/share/px4_msgs/srv/VehicleCommand_Response.msg\n'}
[1.779981] (px4_msgs) StdoutLine: {'line': b'-- Up-to-date symlink: /home/maanavjugalshah/SwarmAero/ros2_ws/install/px4_msgs/share/ament_index/resource_index/package_run_dependencies/px4_msgs\n'}
[1.780017] (px4_msgs) StdoutLine: {'line': b'-- Up-to-date symlink: /home/maanavjugalshah/SwarmAero/ros2_ws/install/px4_msgs/share/ament_index/resource_index/parent_prefix_path/px4_msgs\n'}
[1.780051] (px4_msgs) StdoutLine: {'line': b'-- Up-to-date symlink: /home/maanavjugalshah/SwarmAero/ros2_ws/install/px4_msgs/share/px4_msgs/environment/ament_prefix_path.sh\n'}
[1.780087] (px4_msgs) StdoutLine: {'line': b'-- Up-to-date symlink: /home/maanavjugalshah/SwarmAero/ros2_ws/install/px4_msgs/share/px4_msgs/environment/ament_prefix_path.dsv\n'}
[1.780122] (px4_msgs) StdoutLine: {'line': b'-- Up-to-date symlink: /home/maanavjugalshah/SwarmAero/ros2_ws/install/px4_msgs/share/px4_msgs/environment/path.sh\n'}
[1.780156] (px4_msgs) StdoutLine: {'line': b'-- Up-to-date symlink: /home/maanavjugalshah/SwarmAero/ros2_ws/install/px4_msgs/share/px4_msgs/environment/path.dsv\n'}
[1.780190] (px4_msgs) StdoutLine: {'line': b'-- Up-to-date symlink: /home/maanavjugalshah/SwarmAero/ros2_ws/install/px4_msgs/share/px4_msgs/local_setup.bash\n'}
[1.780223] (px4_msgs) StdoutLine: {'line': b'-- Up-to-date symlink: /home/maanavjugalshah/SwarmAero/ros2_ws/install/px4_msgs/share/px4_msgs/local_setup.sh\n'}
[1.780263] (px4_msgs) StdoutLine: {'line': b'-- Up-to-date symlink: /home/maanavjugalshah/SwarmAero/ros2_ws/install/px4_msgs/share/px4_msgs/local_setup.zsh\n'}
[1.780298] (px4_msgs) StdoutLine: {'line': b'-- Up-to-date symlink: /home/maanavjugalshah/SwarmAero/ros2_ws/install/px4_msgs/share/px4_msgs/local_setup.dsv\n'}
[1.780359] (px4_msgs) StdoutLine: {'line': b'-- Symlinking: /home/maanavjugalshah/SwarmAero/ros2_ws/install/px4_msgs/share/px4_msgs/package.dsv\n'}
[1.780399] (px4_msgs) StdoutLine: {'line': b'-- Up-to-date symlink: /home/maanavjugalshah/SwarmAero/ros2_ws/install/px4_msgs/share/ament_index/resource_index/packages/px4_msgs\n'}
[1.780434] (px4_msgs) StdoutLine: {'line': b'-- Up-to-date symlink: /home/maanavjugalshah/SwarmAero/ros2_ws/install/px4_msgs/share/px4_msgs/cmake/rosidl_cmake-extras.cmake\n'}
[1.780469] (px4_msgs) StdoutLine: {'line': b'-- Up-to-date symlink: /home/maanavjugalshah/SwarmAero/ros2_ws/install/px4_msgs/share/px4_msgs/cmake/ament_cmake_export_dependencies-extras.cmake\n'}
[1.780502] (px4_msgs) StdoutLine: {'line': b'-- Up-to-date symlink: /home/maanavjugalshah/SwarmAero/ros2_ws/install/px4_msgs/share/px4_msgs/cmake/ament_cmake_export_include_directories-extras.cmake\n'}
[1.780535] (px4_msgs) StdoutLine: {'line': b'-- Up-to-date symlink: /home/maanavjugalshah/SwarmAero/ros2_ws/install/px4_msgs/share/px4_msgs/cmake/ament_cmake_export_libraries-extras.cmake\n'}
[1.780569] (px4_msgs) StdoutLine: {'line': b'-- Up-to-date symlink: /home/maanavjugalshah/SwarmAero/ros2_ws/install/px4_msgs/share/px4_msgs/cmake/ament_cmake_export_targets-extras.cmake\n'}
[1.780600] (px4_msgs) StdoutLine: {'line': b'-- Up-to-date symlink: /home/maanavjugalshah/SwarmAero/ros2_ws/install/px4_msgs/share/px4_msgs/cmake/rosidl_cmake_export_typesupport_targets-extras.cmake\n'}
[1.780632] (px4_msgs) StdoutLine: {'line': b'-- Up-to-date symlink: /home/maanavjugalshah/SwarmAero/ros2_ws/install/px4_msgs/share/px4_msgs/cmake/rosidl_cmake_export_typesupport_libraries-extras.cmake\n'}
[1.780663] (px4_msgs) StdoutLine: {'line': b'-- Up-to-date symlink: /home/maanavjugalshah/SwarmAero/ros2_ws/install/px4_msgs/share/px4_msgs/cmake/px4_msgsConfig.cmake\n'}
[1.780694] (px4_msgs) StdoutLine: {'line': b'-- Up-to-date symlink: /home/maanavjugalshah/SwarmAero/ros2_ws/install/px4_msgs/share/px4_msgs/cmake/px4_msgsConfig-version.cmake\n'}
[1.780726] (px4_msgs) StdoutLine: {'line': b'-- Up-to-date symlink: /home/maanavjugalshah/SwarmAero/ros2_ws/install/px4_msgs/share/px4_msgs/package.xml\n'}
[1.780758] (px4_msgs) StdoutLine: {'line': b'-- Up-to-date: /home/maanavjugalshah/SwarmAero/ros2_ws/install/px4_msgs/lib/libpx4_msgs__rosidl_generator_c.so\n'}
[1.780816] (px4_msgs) StdoutLine: {'line': b'-- Up-to-date: /home/maanavjugalshah/SwarmAero/ros2_ws/install/px4_msgs/lib/libpx4_msgs__rosidl_typesupport_fastrtps_c.so\n'}
[1.780854] (px4_msgs) StdoutLine: {'line': b'-- Up-to-date: /home/maanavjugalshah/SwarmAero/ros2_ws/install/px4_msgs/lib/libpx4_msgs__rosidl_typesupport_fastrtps_cpp.so\n'}
[1.780889] (px4_msgs) StdoutLine: {'line': b'-- Up-to-date: /home/maanavjugalshah/SwarmAero/ros2_ws/install/px4_msgs/lib/libpx4_msgs__rosidl_typesupport_introspection_c.so\n'}
[1.780952] (px4_msgs) StdoutLine: {'line': b'-- Up-to-date: /home/maanavjugalshah/SwarmAero/ros2_ws/install/px4_msgs/lib/libpx4_msgs__rosidl_typesupport_c.so\n'}
[1.780994] (px4_msgs) StdoutLine: {'line': b'-- Up-to-date: /home/maanavjugalshah/SwarmAero/ros2_ws/install/px4_msgs/lib/libpx4_msgs__rosidl_typesupport_introspection_cpp.so\n'}
[1.781029] (px4_msgs) StdoutLine: {'line': b'-- Up-to-date: /home/maanavjugalshah/SwarmAero/ros2_ws/install/px4_msgs/lib/libpx4_msgs__rosidl_typesupport_cpp.so\n'}
[1.803344] (-) TimerEvent: {}
[1.810546] (px4_msgs) StdoutLine: {'line': b"Listing '/home/maanavjugalshah/SwarmAero/ros2_ws/install/px4_msgs/local/lib/python3.10/dist-packages/px4_msgs'...\n"}
[1.810750] (px4_msgs) StdoutLine: {'line': b"Listing '/home/maanavjugalshah/SwarmAero/ros2_ws/install/px4_msgs/local/lib/python3.10/dist-packages/px4_msgs/msg'...\n"}
[1.810827] (px4_msgs) StdoutLine: {'line': b"Listing '/home/maanavjugalshah/SwarmAero/ros2_ws/install/px4_msgs/local/lib/python3.10/dist-packages/px4_msgs/srv'...\n"}
[1.814367] (px4_msgs) StdoutLine: {'line': b'-- Up-to-date: /home/maanavjugalshah/SwarmAero/ros2_ws/install/px4_msgs/lib/libpx4_msgs__rosidl_generator_py.so\n'}
[1.814693] (px4_msgs) StdoutLine: {'line': b'-- Up-to-date: /home/maanavjugalshah/SwarmAero/ros2_ws/install/px4_msgs/share/px4_msgs/cmake/export_px4_msgs__rosidl_generator_cExport.cmake\n'}
[1.814891] (px4_msgs) StdoutLine: {'line': b'-- Up-to-date: /home/maanavjugalshah/SwarmAero/ros2_ws/install/px4_msgs/share/px4_msgs/cmake/export_px4_msgs__rosidl_generator_cExport-noconfig.cmake\n'}
[1.815005] (px4_msgs) StdoutLine: {'line': b'-- Up-to-date: /home/maanavjugalshah/SwarmAero/ros2_ws/install/px4_msgs/share/px4_msgs/cmake/export_px4_msgs__rosidl_typesupport_fastrtps_cExport.cmake\n'}
[1.815193] (px4_msgs) StdoutLine: {'line': b'-- Up-to-date: /home/maanavjugalshah/SwarmAero/ros2_ws/install/px4_msgs/share/px4_msgs/cmake/export_px4_msgs__rosidl_typesupport_fastrtps_cExport-noconfig.cmake\n'}
[1.815305] (px4_msgs) StdoutLine: {'line': b'-- Up-to-date: /home/maanavjugalshah/SwarmAero/ros2_ws/install/px4_msgs/share/px4_msgs/cmake/export_px4_msgs__rosidl_generator_cppExport.cmake\n'}
[1.815635] (px4_msgs) StdoutLine: {'line': b'-- Up-to-date: /home/maanavjugalshah/SwarmAero/ros2_ws/install/px4_msgs/share/px4_msgs/cmake/export_px4_msgs__rosidl_typesupport_fastrtps_cppExport.cmake\n'}
[1.815910] (px4_msgs) StdoutLine: {'line': b'-- Up-to-date: /home/maanavjugalshah/SwarmAero/ros2_ws/install/px4_msgs/share/px4_msgs/cmake/export_px4_msgs__rosidl_typesupport_fastrtps_cppExport-noconfig.cmake\n'}
[1.816050] (px4_msgs) StdoutLine: {'line': b'-- Up-to-date: /home/maanavjugalshah/SwarmAero/ros2_ws/install/px4_msgs/share/px4_msgs/cmake/px4_msgs__rosidl_typesupport_introspection_cExport.cmake\n'}
[1.816266] (px4_msgs) StdoutLine: {'line': b'-- Up-to-date: /home/maanavjugalshah/SwarmAero/ros2_ws/install/px4_msgs/share/px4_msgs/cmake/px4_msgs__rosidl_typesupport_introspection_cExport-noconfig.cmake\n'}
[1.816591] (px4_msgs) StdoutLine: {'line': b'-- Up-to-date: /home/maanavjugalshah/SwarmAero/ros2_ws/install/px4_msgs/share/px4_msgs/cmake/px4_msgs__rosidl_typesupport_cExport.cmake\n'}
[1.816767] (px4_msgs) StdoutLine: {'line': b'-- Up-to-date: /home/maanavjugalshah/SwarmAero/ros2_ws/install/px4_msgs/share/px4_msgs/cmake/px4_msgs__rosidl_typesupport_cExport-noconfig.cmake\n'}
[1.816812] (px4_msgs) StdoutLine: {'line': b'-- Up-to-date: /home/maanavjugalshah/SwarmAero/ros2_ws/install/px4_msgs/share/px4_msgs/cmake/px4_msgs__rosidl_typesupport_introspection_cppExport.cmake\n'}
[1.816849] (px4_msgs) StdoutLine: {'line': b'-- Up-to-date: /home/maanavjugalshah/SwarmAero/ros2_ws/install/px4_msgs/share/px4_msgs/cmake/px4_msgs__rosidl_typesupport_introspection_cppExport-noconfig.cmake\n'}
[1.816885] (px4_msgs) StdoutLine: {'line': b'-- Up-to-date: /home/maanavjugalshah/SwarmAero/ros2_ws/install/px4_msgs/share/px4_msgs/cmake/px4_msgs__rosidl_typesupport_cppExport.cmake\n'}
[1.816979] (px4_msgs) StdoutLine: {'line': b'-- Up-to-date: /home/maanavjugalshah/SwarmAero/ros2_ws/install/px4_msgs/share/px4_msgs/cmake/px4_msgs__rosidl_typesupport_cppExport-noconfig.cmake\n'}
[1.817057] (px4_msgs) StdoutLine: {'line': b'-- Up-to-date: /home/maanavjugalshah/SwarmAero/ros2_ws/install/px4_msgs/share/px4_msgs/cmake/export_px4_msgs__rosidl_generator_pyExport.cmake\n'}
[1.817097] (px4_msgs) StdoutLine: {'line': b'-- Up-to-date: /home/maanavjugalshah/SwarmAero/ros2_ws/install/px4_msgs/share/px4_msgs/cmake/export_px4_msgs__rosidl_generator_pyExport-noconfig.cmake\n'}
[1.818552] (px4_msgs) CommandEnded: {'returncode': 0}
[1.851949] (px4_msgs) JobEnded: {'identifier': 'px4_msgs', 'rc': 0}
[1.854164] (swarm_ekf) JobStarted: {'identifier': 'swarm_ekf'}
[1.903741] (-) TimerEvent: {}
[2.004579] (-) TimerEvent: {}
[2.105001] (-) TimerEvent: {}
[2.205549] (-) TimerEvent: {}
[2.305880] (-) TimerEvent: {}
[2.406287] (-) TimerEvent: {}
[2.506703] (-) TimerEvent: {}
[2.607145] (-) TimerEvent: {}
[2.707732] (-) TimerEvent: {}
[2.808265] (-) TimerEvent: {}
[2.908858] (-) TimerEvent: {}
[2.920495] (swarm_ekf) Command: {'cmd': ['/usr/bin/python3', '-W', 'ignore:setup.py install is deprecated', '-W', 'ignore:easy_install command is deprecated', 'setup.py', 'develop', '--editable', '--build-directory', '/home/maanavjugalshah/SwarmAero/ros2_ws/build/swarm_ekf/build', '--no-deps', 'symlink_data'], 'cwd': '/home/maanavjugalshah/SwarmAero/ros2_ws/build/swarm_ekf', 'env': {'LESSOPEN': '| /usr/bin/lesspipe %s', 'USER': 'maanavjugalshah', 'GIT_ASKPASS': '/home/maanavjugalshah/.vscode-server/bin/f6cfa2ea2403534de03f069bdf160d06451ed282/extensions/git/dist/askpass.sh', 'SHLVL': '1', 'LD_LIBRARY_PATH': '/home/maanavjugalshah/SwarmAero/ros2_ws/install/px4_msgs/lib:/home/maanavjugalshah/swarm_ws/install/px4_msgs/lib:/opt/ros/humble/opt/rviz_ogre_vendor/lib:/opt/ros/humble/lib/x86_64-linux-gnu:/opt/ros/humble/lib', 'MOTD_SHOWN': 'update-motd', 'HOME': '/home/maanavjugalshah', 'OLDPWD': '/home/maanavjugalshah/SwarmAero/ros2_ws', 'TERM_PROGRAM_VERSION': '1.121.0', 'VSCODE_IPC_HOOK_CLI': '/run/user/1000/vscode-ipc-aa55078d-f270-4c09-85e7-64291e9d3075.sock', 'ROS_PYTHON_VERSION': '3', 'VSCODE_GIT_ASKPASS_MAIN': '/home/maanavjugalshah/.vscode-server/bin/f6cfa2ea2403534de03f069bdf160d06451ed282/extensions/git/dist/askpass-main.js', 'VSCODE_GIT_ASKPASS_NODE': '/home/maanavjugalshah/.vscode-server/bin/f6cfa2ea2403534de03f069bdf160d06451ed282/node', 'VSCODE_PYTHON_AUTOACTIVATE_GUARD': '1', 'DBUS_SESSION_BUS_ADDRESS': 'unix:path=/run/user/1000/bus', 'COLORTERM': 'truecolor', 'WSL_DISTRO_NAME': 'Ubuntu-22.04', 'WAYLAND_DISPLAY': 'wayland-0', 'COLCON_PREFIX_PATH': '/home/maanavjugalshah/SwarmAero/ros2_ws/install:/home/maanavjugalshah/swarm_ws/install', 'ROS_DISTRO': 'humble', 'LOGNAME': 'maanavjugalshah', 'NAME': 'MaanavXPS13Plus', 'WSL_INTEROP': '/run/WSL/436_interop', 'PULSE_SERVER': 'unix:/mnt/wslg/PulseServer', '_': '/usr/bin/colcon', 'ROS_VERSION': '2', 'TERM': 'xterm-256color', 'ROS_LOCALHOST_ONLY': '0', 'PATH': '/home/maanavjugalshah/.vscode-server/data/User/globalStorage/github.copilot-chat/debugCommand:/home/maanavjugalshah/.vscode-server/data/User/globalStorage/github.copilot-chat/copilotCli:/home/maanavjugalshah/.vscode-server/bin/f6cfa2ea2403534de03f069bdf160d06451ed282/bin/remote-cli:/home/maanavjugalshah/.local/bin:/opt/ros/humble/bin:/usr/local/sbin:/usr/local/bin:/usr/sbin:/usr/bin:/sbin:/bin:/usr/games:/usr/local/games:/usr/lib/wsl/lib:/mnt/c/WINDOWS/system32:/mnt/c/WINDOWS:/mnt/c/WINDOWS/System32/Wbem:/mnt/c/WINDOWS/System32/WindowsPowerShell/v1.0/:/mnt/c/WINDOWS/System32/OpenSSH/:/mnt/c/Program Files/dotnet/:/mnt/c/Program Files/Docker/Docker/resources/bin:/mnt/c/Program Files/MATLAB/R2025b/runtime/win64:/mnt/c/Program Files/MATLAB/R2025b/bin:/mnt/c/Program Files/MATLAB/R2024b/bin:/mnt/c/Program Files/Git/cmd:/mnt/c/Program Files/CMake/bin:/mnt/c/ProgramData/chocolatey/bin:/mnt/c/Program Files/7-Zip:/mnt/c/Program Files/Tailscale/:/mnt/c/Users/maana/AppData/Local/Programs/Python/Launcher/:/mnt/c/Users/maana/AppData/Local/Microsoft/WindowsApps:/mnt/c/Users/maana/AppData/Local/Programs/Microsoft VS Code/bin:/mnt/c/Users/maana/AppData/Local/Microsoft/WinGet/Packages/Ninja-build.Ninja_Microsoft.Winget.Source_8wekyb3d8bbwe:/mnt/c/Users/maana/AppData/Local/Microsoft/WinGet/Packages/oss-winget.gperf_Microsoft.Winget.Source_8wekyb3d8bbwe:/mnt/c/Users/maana/AppData/Local/Microsoft/WinGet/Packages/oss-winget.dtc_Microsoft.Winget.Source_8wekyb3d8bbwe/usr/bin:/mnt/c/Users/maana/AppData/Local/Microsoft/WinGet/Packages/JernejSimoncic.Wget_Microsoft.Winget.Source_8wekyb3d8bbwe:/snap/bin:/opt/xtensa-esp-elf/bin/:/opt/xtensa-esp-elf/bin/:/opt/xtensa-esp-elf/bin/:/opt/xtensa-esp-elf/bin/:/opt/xtensa-esp-elf/bin/:/opt/xtensa-esp-elf/bin/:/opt/xtensa-esp-elf/bin/', 'XDG_RUNTIME_DIR': '/run/user/1000', 'DISPLAY': ':0', 'LANG': 'en_US.UTF-8', 'RMW_IMPLEMENTATION': 'rmw_cyclonedds_cpp', 'LS_COLORS': 'rs=0:di=01;34:ln=01;36:mh=00:pi=40;33:so=01;35:do=01;35:bd=40;33;01:cd=40;33;01:or=40;31;01:mi=00:su=37;41:sg=30;43:ca=30;41:tw=30;42:ow=34;42:st=37;44:ex=01;32:*.tar=01;31:*.tgz=01;31:*.arc=01;31:*.arj=01;31:*.taz=01;31:*.lha=01;31:*.lz4=01;31:*.lzh=01;31:*.lzma=01;31:*.tlz=01;31:*.txz=01;31:*.tzo=01;31:*.t7z=01;31:*.zip=01;31:*.z=01;31:*.dz=01;31:*.gz=01;31:*.lrz=01;31:*.lz=01;31:*.lzo=01;31:*.xz=01;31:*.zst=01;31:*.tzst=01;31:*.bz2=01;31:*.bz=01;31:*.tbz=01;31:*.tbz2=01;31:*.tz=01;31:*.deb=01;31:*.rpm=01;31:*.jar=01;31:*.war=01;31:*.ear=01;31:*.sar=01;31:*.rar=01;31:*.alz=01;31:*.ace=01;31:*.zoo=01;31:*.cpio=01;31:*.7z=01;31:*.rz=01;31:*.cab=01;31:*.wim=01;31:*.swm=01;31:*.dwm=01;31:*.esd=01;31:*.jpg=01;35:*.jpeg=01;35:*.mjpg=01;35:*.mjpeg=01;35:*.gif=01;35:*.bmp=01;35:*.pbm=01;35:*.pgm=01;35:*.ppm=01;35:*.tga=01;35:*.xbm=01;35:*.xpm=01;35:*.tif=01;35:*.tiff=01;35:*.png=01;35:*.svg=01;35:*.svgz=01;35:*.mng=01;35:*.pcx=01;35:*.mov=01;35:*.mpg=01;35:*.mpeg=01;35:*.m2v=01;35:*.mkv=01;35:*.webm=01;35:*.webp=01;35:*.ogm=01;35:*.mp4=01;35:*.m4v=01;35:*.mp4v=01;35:*.vob=01;35:*.qt=01;35:*.nuv=01;35:*.wmv=01;35:*.asf=01;35:*.rm=01;35:*.rmvb=01;35:*.flc=01;35:*.avi=01;35:*.fli=01;35:*.flv=01;35:*.gl=01;35:*.dl=01;35:*.xcf=01;35:*.xwd=01;35:*.yuv=01;35:*.cgm=01;35:*.emf=01;35:*.ogv=01;35:*.ogx=01;35:*.aac=00;36:*.au=00;36:*.flac=00;36:*.m4a=00;36:*.mid=00;36:*.midi=00;36:*.mka=00;36:*.mp3=00;36:*.mpc=00;36:*.ogg=00;36:*.ra=00;36:*.wav=00;36:*.oga=00;36:*.opus=00;36:*.spx=00;36:*.xspf=00;36:', 'VSCODE_GIT_IPC_HANDLE': '/run/user/1000/vscode-git-d7f963ad87.sock', 'TERM_PROGRAM': 'vscode', 'AMENT_PREFIX_PATH': '/home/maanavjugalshah/SwarmAero/ros2_ws/install/swarm_ekf:/home/maanavjugalshah/SwarmAero/ros2_ws/install/px4_msgs:/home/maanavjugalshah/swarm_ws/install/swarm_control:/home/maanavjugalshah/swarm_ws/install/px4_msgs:/opt/ros/humble', 'SHELL': '/bin/bash', 'LESSCLOSE': '/usr/bin/lesspipe %s %s', 'VSCODE_GIT_ASKPASS_EXTRA_ARGS': '', 'PWD': '/home/maanavjugalshah/SwarmAero/ros2_ws/build/swarm_ekf', 'XDG_DATA_DIRS': '/usr/local/share:/usr/share:/var/lib/snapd/desktop', 'PYTHONPATH': '/home/maanavjugalshah/SwarmAero/ros2_ws/build/swarm_ekf/prefix_override:/usr/lib/python3/dist-packages/colcon_core/task/python/colcon_distutils_commands:/home/maanavjugalshah/SwarmAero/ros2_ws/install/swarm_ekf/lib/python3.10/site-packages:/home/maanavjugalshah/SwarmAero/ros2_ws/build/swarm_ekf:/home/maanavjugalshah/SwarmAero/ros2_ws/install/swarm_ekf/lib/python3.10/site-packages:/home/maanavjugalshah/SwarmAero/ros2_ws/install/px4_msgs/local/lib/python3.10/dist-packages:/home/maanavjugalshah/swarm_ws/install/px4_msgs/local/lib/python3.10/dist-packages:/opt/ros/humble/lib/python3.10/site-packages:/opt/ros/humble/local/lib/python3.10/dist-packages', 'COLCON': '1', 'WSL2_GUI_APPS_ENABLED': '1', 'HOSTTYPE': 'x86_64', 'CMAKE_PREFIX_PATH': '/home/maanavjugalshah/SwarmAero/ros2_ws/install/px4_msgs:/home/maanavjugalshah/swarm_ws/install/swarm_control:/home/maanavjugalshah/swarm_ws/install/px4_msgs', 'WSLENV': 'VSCODE_WSL_EXT_LOCATION/up:VSCODE_SERVER_TAR/up'}, 'shell': False}
[3.009044] (-) TimerEvent: {}
[3.109706] (-) TimerEvent: {}
[3.186994] (swarm_ekf) StdoutLine: {'line': b'running develop\n'}
[3.209905] (-) TimerEvent: {}
[3.310282] (-) TimerEvent: {}
[3.361172] (swarm_ekf) StdoutLine: {'line': b'running egg_info\n'}
[3.361612] (swarm_ekf) StdoutLine: {'line': b'writing swarm_ekf.egg-info/PKG-INFO\n'}
[3.362057] (swarm_ekf) StdoutLine: {'line': b'writing dependency_links to swarm_ekf.egg-info/dependency_links.txt\n'}
[3.362465] (swarm_ekf) StdoutLine: {'line': b'writing entry points to swarm_ekf.egg-info/entry_points.txt\n'}
[3.362568] (swarm_ekf) StdoutLine: {'line': b'writing requirements to swarm_ekf.egg-info/requires.txt\n'}
[3.362641] (swarm_ekf) StdoutLine: {'line': b'writing top-level names to swarm_ekf.egg-info/top_level.txt\n'}
[3.365115] (swarm_ekf) StdoutLine: {'line': b"reading manifest file 'swarm_ekf.egg-info/SOURCES.txt'\n"}
[3.365232] (swarm_ekf) StdoutLine: {'line': b"writing manifest file 'swarm_ekf.egg-info/SOURCES.txt'\n"}
[3.366114] (swarm_ekf) StdoutLine: {'line': b'running build_ext\n'}
[3.366304] (swarm_ekf) StdoutLine: {'line': b'Creating /home/maanavjugalshah/SwarmAero/ros2_ws/install/swarm_ekf/lib/python3.10/site-packages/swarm-ekf.egg-link (link to .)\n'}
[3.367191] (swarm_ekf) StdoutLine: {'line': b'Installing ekf_node script to /home/maanavjugalshah/SwarmAero/ros2_ws/install/swarm_ekf/lib/swarm_ekf\n'}
[3.367861] (swarm_ekf) StdoutLine: {'line': b'\n'}
[3.367953] (swarm_ekf) StdoutLine: {'line': b'Installed /home/maanavjugalshah/SwarmAero/ros2_ws/build/swarm_ekf\n'}
[3.367996] (swarm_ekf) StdoutLine: {'line': b'running symlink_data\n'}
[3.396318] (swarm_ekf) CommandEnded: {'returncode': 0}
[3.405277] (swarm_ekf) JobEnded: {'identifier': 'swarm_ekf', 'rc': 0}
[3.406151] (-) EventReactorShutdown: {}
