[0.000000] (-) TimerEvent: {}
[0.001945] (px4_msgs) JobQueued: {'identifier': 'px4_msgs', 'dependencies': OrderedDict()}
[0.004294] (swarm_ekf) JobQueued: {'identifier': 'swarm_ekf', 'dependencies': OrderedDict([('px4_msgs', '/home/maanavjugalshah/SwarmAero/ros2_ws/install/px4_msgs')])}
[0.004446] (px4_msgs) JobStarted: {'identifier': 'px4_msgs'}
[0.029790] (px4_msgs) JobProgress: {'identifier': 'px4_msgs', 'progress': 'cmake'}
[0.032445] (px4_msgs) JobProgress: {'identifier': 'px4_msgs', 'progress': 'build'}
[0.037421] (px4_msgs) Command: {'cmd': ['/usr/bin/cmake', '--build', '/home/maanavjugalshah/SwarmAero/ros2_ws/build/px4_msgs', '--', '-j16', '-l16'], 'cwd': '/home/maanavjugalshah/SwarmAero/ros2_ws/build/px4_msgs', 'env': OrderedDict([('LESSOPEN', '| /usr/bin/lesspipe %s'), ('USER', 'maanavjugalshah'), ('GIT_ASKPASS', '/home/maanavjugalshah/.vscode-server/bin/f6cfa2ea2403534de03f069bdf160d06451ed282/extensions/git/dist/askpass.sh'), ('SHLVL', '1'), ('LD_LIBRARY_PATH', '/home/maanavjugalshah/SwarmAero/ros2_ws/install/px4_msgs/lib:/home/maanavjugalshah/swarm_ws/install/px4_msgs/lib:/opt/ros/humble/opt/rviz_ogre_vendor/lib:/opt/ros/humble/lib/x86_64-linux-gnu:/opt/ros/humble/lib'), ('MOTD_SHOWN', 'update-motd'), ('HOME', '/home/maanavjugalshah'), ('OLDPWD', '/home/maanavjugalshah/SwarmAero/ros2_ws/src/swarm_ekf/swarm_ekf'), ('TERM_PROGRAM_VERSION', '1.121.0'), ('VSCODE_IPC_HOOK_CLI', '/run/user/1000/vscode-ipc-aa55078d-f270-4c09-85e7-64291e9d3075.sock'), ('ROS_PYTHON_VERSION', '3'), ('VSCODE_GIT_ASKPASS_MAIN', '/home/maanavjugalshah/.vscode-server/bin/f6cfa2ea2403534de03f069bdf160d06451ed282/extensions/git/dist/askpass-main.js'), ('VSCODE_GIT_ASKPASS_NODE', '/home/maanavjugalshah/.vscode-server/bin/f6cfa2ea2403534de03f069bdf160d06451ed282/node'), ('VSCODE_PYTHON_AUTOACTIVATE_GUARD', '1'), ('DBUS_SESSION_BUS_ADDRESS', 'unix:path=/run/user/1000/bus'), ('COLORTERM', 'truecolor'), ('WSL_DISTRO_NAME', 'Ubuntu-22.04'), ('WAYLAND_DISPLAY', 'wayland-0'), ('COLCON_PREFIX_PATH', '/home/maanavjugalshah/SwarmAero/ros2_ws/install:/home/maanavjugalshah/swarm_ws/install'), ('ROS_DISTRO', 'humble'), ('LOGNAME', 'maanavjugalshah'), ('NAME', 'MaanavXPS13Plus'), ('WSL_INTEROP', '/run/WSL/436_interop'), ('PULSE_SERVER', 'unix:/mnt/wslg/PulseServer'), ('_', '/usr/bin/colcon'), ('ROS_VERSION', '2'), ('TERM', 'xterm-256color'), ('ROS_LOCALHOST_ONLY', '0'), ('PATH', '/home/maanavjugalshah/.vscode-server/data/User/globalStorage/github.copilot-chat/debugCommand:/home/maanavjugalshah/.vscode-server/data/User/globalStorage/github.copilot-chat/copilotCli:/home/maanavjugalshah/.vscode-server/bin/f6cfa2ea2403534de03f069bdf160d06451ed282/bin/remote-cli:/home/maanavjugalshah/.local/bin:/opt/ros/humble/bin:/usr/local/sbin:/usr/local/bin:/usr/sbin:/usr/bin:/sbin:/bin:/usr/games:/usr/local/games:/usr/lib/wsl/lib:/mnt/c/WINDOWS/system32:/mnt/c/WINDOWS:/mnt/c/WINDOWS/System32/Wbem:/mnt/c/WINDOWS/System32/WindowsPowerShell/v1.0/:/mnt/c/WINDOWS/System32/OpenSSH/:/mnt/c/Program Files/dotnet/:/mnt/c/Program Files/Docker/Docker/resources/bin:/mnt/c/Program Files/MATLAB/R2025b/runtime/win64:/mnt/c/Program Files/MATLAB/R2025b/bin:/mnt/c/Program Files/MATLAB/R2024b/bin:/mnt/c/Program Files/Git/cmd:/mnt/c/Program Files/CMake/bin:/mnt/c/ProgramData/chocolatey/bin:/mnt/c/Program Files/7-Zip:/mnt/c/Program Files/Tailscale/:/mnt/c/Users/maana/AppData/Local/Programs/Python/Launcher/:/mnt/c/Users/maana/AppData/Local/Microsoft/WindowsApps:/mnt/c/Users/maana/AppData/Local/Programs/Microsoft VS Code/bin:/mnt/c/Users/maana/AppData/Local/Microsoft/WinGet/Packages/Ninja-build.Ninja_Microsoft.Winget.Source_8wekyb3d8bbwe:/mnt/c/Users/maana/AppData/Local/Microsoft/WinGet/Packages/oss-winget.gperf_Microsoft.Winget.Source_8wekyb3d8bbwe:/mnt/c/Users/maana/AppData/Local/Microsoft/WinGet/Packages/oss-winget.dtc_Microsoft.Winget.Source_8wekyb3d8bbwe/usr/bin:/mnt/c/Users/maana/AppData/Local/Microsoft/WinGet/Packages/JernejSimoncic.Wget_Microsoft.Winget.Source_8wekyb3d8bbwe:/snap/bin:/opt/xtensa-esp-elf/bin/:/opt/xtensa-esp-elf/bin/:/opt/xtensa-esp-elf/bin/:/opt/xtensa-esp-elf/bin/:/opt/xtensa-esp-elf/bin/:/opt/xtensa-esp-elf/bin/:/opt/xtensa-esp-elf/bin/'), ('XDG_RUNTIME_DIR', '/run/user/1000'), ('DISPLAY', ':0'), ('LANG', 'en_US.UTF-8'), ('RMW_IMPLEMENTATION', 'rmw_cyclonedds_cpp'), ('LS_COLORS', 'rs=0:di=01;34:ln=01;36:mh=00:pi=40;33:so=01;35:do=01;35:bd=40;33;01:cd=40;33;01:or=40;31;01:mi=00:su=37;41:sg=30;43:ca=30;41:tw=30;42:ow=34;42:st=37;44:ex=01;32:*.tar=01;31:*.tgz=01;31:*.arc=01;31:*.arj=01;31:*.taz=01;31:*.lha=01;31:*.lz4=01;31:*.lzh=01;31:*.lzma=01;31:*.tlz=01;31:*.txz=01;31:*.tzo=01;31:*.t7z=01;31:*.zip=01;31:*.z=01;31:*.dz=01;31:*.gz=01;31:*.lrz=01;31:*.lz=01;31:*.lzo=01;31:*.xz=01;31:*.zst=01;31:*.tzst=01;31:*.bz2=01;31:*.bz=01;31:*.tbz=01;31:*.tbz2=01;31:*.tz=01;31:*.deb=01;31:*.rpm=01;31:*.jar=01;31:*.war=01;31:*.ear=01;31:*.sar=01;31:*.rar=01;31:*.alz=01;31:*.ace=01;31:*.zoo=01;31:*.cpio=01;31:*.7z=01;31:*.rz=01;31:*.cab=01;31:*.wim=01;31:*.swm=01;31:*.dwm=01;31:*.esd=01;31:*.jpg=01;35:*.jpeg=01;35:*.mjpg=01;35:*.mjpeg=01;35:*.gif=01;35:*.bmp=01;35:*.pbm=01;35:*.pgm=01;35:*.ppm=01;35:*.tga=01;35:*.xbm=01;35:*.xpm=01;35:*.tif=01;35:*.tiff=01;35:*.png=01;35:*.svg=01;35:*.svgz=01;35:*.mng=01;35:*.pcx=01;35:*.mov=01;35:*.mpg=01;35:*.mpeg=01;35:*.m2v=01;35:*.mkv=01;35:*.webm=01;35:*.webp=01;35:*.ogm=01;35:*.mp4=01;35:*.m4v=01;35:*.mp4v=01;35:*.vob=01;35:*.qt=01;35:*.nuv=01;35:*.wmv=01;35:*.asf=01;35:*.rm=01;35:*.rmvb=01;35:*.flc=01;35:*.avi=01;35:*.fli=01;35:*.flv=01;35:*.gl=01;35:*.dl=01;35:*.xcf=01;35:*.xwd=01;35:*.yuv=01;35:*.cgm=01;35:*.emf=01;35:*.ogv=01;35:*.ogx=01;35:*.aac=00;36:*.au=00;36:*.flac=00;36:*.m4a=00;36:*.mid=00;36:*.midi=00;36:*.mka=00;36:*.mp3=00;36:*.mpc=00;36:*.ogg=00;36:*.ra=00;36:*.wav=00;36:*.oga=00;36:*.opus=00;36:*.spx=00;36:*.xspf=00;36:'), ('VSCODE_GIT_IPC_HANDLE', '/run/user/1000/vscode-git-d7f963ad87.sock'), ('TERM_PROGRAM', 'vscode'), ('AMENT_PREFIX_PATH', '/home/maanavjugalshah/SwarmAero/ros2_ws/install/swarm_ekf:/home/maanavjugalshah/SwarmAero/ros2_ws/install/px4_msgs:/home/maanavjugalshah/swarm_ws/install/swarm_control:/home/maanavjugalshah/swarm_ws/install/px4_msgs:/opt/ros/humble'), ('SHELL', '/bin/bash'), ('LESSCLOSE', '/usr/bin/lesspipe %s %s'), ('VSCODE_GIT_ASKPASS_EXTRA_ARGS', ''), ('PWD', '/home/maanavjugalshah/SwarmAero/ros2_ws/build/px4_msgs'), ('XDG_DATA_DIRS', '/usr/local/share:/usr/share:/var/lib/snapd/desktop'), ('PYTHONPATH', '/home/maanavjugalshah/SwarmAero/ros2_ws/build/swarm_ekf:/home/maanavjugalshah/SwarmAero/ros2_ws/install/swarm_ekf/lib/python3.10/site-packages:/home/maanavjugalshah/SwarmAero/ros2_ws/install/px4_msgs/local/lib/python3.10/dist-packages:/home/maanavjugalshah/swarm_ws/install/px4_msgs/local/lib/python3.10/dist-packages:/opt/ros/humble/lib/python3.10/site-packages:/opt/ros/humble/local/lib/python3.10/dist-packages'), ('COLCON', '1'), ('WSL2_GUI_APPS_ENABLED', '1'), ('HOSTTYPE', 'x86_64'), ('CMAKE_PREFIX_PATH', '/home/maanavjugalshah/SwarmAero/ros2_ws/install/px4_msgs:/home/maanavjugalshah/swarm_ws/install/swarm_control:/home/maanavjugalshah/swarm_ws/install/px4_msgs:/home/maanavjugalshah/SwarmAero/ros2_ws/install/swarm_ekf:/opt/ros/humble'), ('WSLENV', 'VSCODE_WSL_EXT_LOCATION/up:VSCODE_SERVER_TAR/up')]), 'shell': False}
[0.099331] (-) TimerEvent: {}
[0.200196] (-) TimerEvent: {}
[0.301061] (-) TimerEvent: {}
[0.401746] (-) TimerEvent: {}
[0.502427] (-) TimerEvent: {}
[0.603052] (-) TimerEvent: {}
[0.703647] (-) TimerEvent: {}
[0.804162] (-) TimerEvent: {}
[0.904709] (-) TimerEvent: {}
[1.005386] (-) TimerEvent: {}
[1.106127] (-) TimerEvent: {}
[1.206599] (-) TimerEvent: {}
[1.307218] (-) TimerEvent: {}
[1.328289] (px4_msgs) StdoutLine: {'line': b'[  1%] Built target px4_msgs__rs\n'}
[1.346739] (px4_msgs) StdoutLine: {'line': b'[  1%] Built target ament_cmake_python_symlink_px4_msgs\n'}
[1.388316] (px4_msgs) StdoutLine: {'line': b'[  1%] Built target px4_msgs__cpp\n'}
[1.389015] (px4_msgs) StdoutLine: {'line': b'\x1b[35m\x1b[1mConsolidate compiler generated dependencies of target px4_msgs__rosidl_generator_c\x1b[0m\n'}
[1.407412] (-) TimerEvent: {}
[1.467970] (px4_msgs) StdoutLine: {'line': b'\x1b[35m\x1b[1mConsolidate compiler generated dependencies of target px4_msgs__rosidl_typesupport_cpp\x1b[0m\n'}
[1.493160] (px4_msgs) StdoutLine: {'line': b'\x1b[35m\x1b[1mConsolidate compiler generated dependencies of target px4_msgs__rosidl_typesupport_introspection_cpp\x1b[0m\n'}
[1.496620] (px4_msgs) StdoutLine: {'line': b'[ 13%] Built target px4_msgs__rosidl_generator_c\n'}
[1.503773] (px4_msgs) StdoutLine: {'line': b'\x1b[35m\x1b[1mConsolidate compiler generated dependencies of target px4_msgs__rosidl_typesupport_fastrtps_cpp\x1b[0m\n'}
[1.507619] (-) TimerEvent: {}
[1.557826] (px4_msgs) StdoutLine: {'line': b'\x1b[35m\x1b[1mConsolidate compiler generated dependencies of target px4_msgs__rosidl_typesupport_c\x1b[0m\n'}
[1.563593] (px4_msgs) StdoutLine: {'line': b'\x1b[35m\x1b[1mConsolidate compiler generated dependencies of target px4_msgs__rosidl_typesupport_introspection_c\x1b[0m\n'}
[1.607813] (-) TimerEvent: {}
[1.624092] (px4_msgs) StdoutLine: {'line': b'[ 26%] Built target px4_msgs__rosidl_typesupport_c\n'}
[1.636332] (px4_msgs) StdoutLine: {'line': b'\x1b[35m\x1b[1mConsolidate compiler generated dependencies of target px4_msgs__rosidl_typesupport_fastrtps_c\x1b[0m\n'}
[1.676104] (px4_msgs) StdoutLine: {'line': b'[ 39%] Built target px4_msgs__rosidl_typesupport_introspection_c\n'}
[1.681096] (px4_msgs) StdoutLine: {'line': b'[ 51%] Built target px4_msgs__rosidl_typesupport_cpp\n'}
[1.708016] (-) TimerEvent: {}
[1.714127] (px4_msgs) StdoutLine: {'line': b'running egg_info\n'}
[1.715102] (px4_msgs) StdoutLine: {'line': b'writing px4_msgs.egg-info/PKG-INFO\n'}
[1.716103] (px4_msgs) StdoutLine: {'line': b'writing dependency_links to px4_msgs.egg-info/dependency_links.txt\n'}
[1.716363] (px4_msgs) StdoutLine: {'line': b'writing top-level names to px4_msgs.egg-info/top_level.txt\n'}
[1.721949] (px4_msgs) StdoutLine: {'line': b"reading manifest file 'px4_msgs.egg-info/SOURCES.txt'\n"}
[1.727985] (px4_msgs) StdoutLine: {'line': b"writing manifest file 'px4_msgs.egg-info/SOURCES.txt'\n"}
[1.735274] (px4_msgs) StdoutLine: {'line': b'[ 63%] Built target px4_msgs__rosidl_typesupport_introspection_cpp\n'}
[1.757884] (px4_msgs) StdoutLine: {'line': b'[ 75%] Built target px4_msgs__rosidl_typesupport_fastrtps_cpp\n'}
[1.762274] (px4_msgs) StdoutLine: {'line': b'[ 75%] Built target ament_cmake_python_build_px4_msgs_egg\n'}
[1.808207] (-) TimerEvent: {}
[1.850620] (px4_msgs) StdoutLine: {'line': b'[ 88%] Built target px4_msgs__rosidl_typesupport_fastrtps_c\n'}
[1.894174] (px4_msgs) StdoutLine: {'line': b'[ 88%] Built target px4_msgs\n'}
[1.908373] (-) TimerEvent: {}
[1.939679] (px4_msgs) StdoutLine: {'line': b'[ 88%] Built target px4_msgs__py\n'}
[2.008645] (-) TimerEvent: {}
[2.083443] (px4_msgs) StdoutLine: {'line': b'\x1b[35m\x1b[1mConsolidate compiler generated dependencies of target px4_msgs__rosidl_generator_py\x1b[0m\n'}
[2.109671] (-) TimerEvent: {}
[2.210892] (-) TimerEvent: {}
[2.311548] (-) TimerEvent: {}
[2.381824] (px4_msgs) StdoutLine: {'line': b'[100%] Built target px4_msgs__rosidl_generator_py\n'}
[2.393092] (px4_msgs) StdoutLine: {'line': b'\x1b[35m\x1b[1mConsolidate compiler generated dependencies of target px4_msgs__rosidl_typesupport_c__pyext\x1b[0m\n'}
[2.393409] (px4_msgs) StdoutLine: {'line': b'\x1b[35m\x1b[1mConsolidate compiler generated dependencies of target px4_msgs__rosidl_typesupport_fastrtps_c__pyext\x1b[0m\n'}
[2.393553] (px4_msgs) StdoutLine: {'line': b'\x1b[35m\x1b[1mConsolidate compiler generated dependencies of target px4_msgs__rosidl_typesupport_introspection_c__pyext\x1b[0m\n'}
[2.411762] (-) TimerEvent: {}
[2.412590] (px4_msgs) StdoutLine: {'line': b'[100%] Built target px4_msgs__rosidl_typesupport_fastrtps_c__pyext\n'}
[2.413321] (px4_msgs) StdoutLine: {'line': b'[100%] Built target px4_msgs__rosidl_typesupport_c__pyext\n'}
[2.413435] (px4_msgs) StdoutLine: {'line': b'[100%] Built target px4_msgs__rosidl_typesupport_introspection_c__pyext\n'}
[2.425009] (px4_msgs) CommandEnded: {'returncode': 0}
[2.426384] (px4_msgs) JobProgress: {'identifier': 'px4_msgs', 'progress': 'install'}
[2.435689] (px4_msgs) Command: {'cmd': ['/usr/bin/cmake', '--install', '/home/maanavjugalshah/SwarmAero/ros2_ws/build/px4_msgs'], 'cwd': '/home/maanavjugalshah/SwarmAero/ros2_ws/build/px4_msgs', 'env': OrderedDict([('LESSOPEN', '| /usr/bin/lesspipe %s'), ('USER', 'maanavjugalshah'), ('GIT_ASKPASS', '/home/maanavjugalshah/.vscode-server/bin/f6cfa2ea2403534de03f069bdf160d06451ed282/extensions/git/dist/askpass.sh'), ('SHLVL', '1'), ('LD_LIBRARY_PATH', '/home/maanavjugalshah/SwarmAero/ros2_ws/install/px4_msgs/lib:/home/maanavjugalshah/swarm_ws/install/px4_msgs/lib:/opt/ros/humble/opt/rviz_ogre_vendor/lib:/opt/ros/humble/lib/x86_64-linux-gnu:/opt/ros/humble/lib'), ('MOTD_SHOWN', 'update-motd'), ('HOME', '/home/maanavjugalshah'), ('OLDPWD', '/home/maanavjugalshah/SwarmAero/ros2_ws/src/swarm_ekf/swarm_ekf'), ('TERM_PROGRAM_VERSION', '1.121.0'), ('VSCODE_IPC_HOOK_CLI', '/run/user/1000/vscode-ipc-aa55078d-f270-4c09-85e7-64291e9d3075.sock'), ('ROS_PYTHON_VERSION', '3'), ('VSCODE_GIT_ASKPASS_MAIN', '/home/maanavjugalshah/.vscode-server/bin/f6cfa2ea2403534de03f069bdf160d06451ed282/extensions/git/dist/askpass-main.js'), ('VSCODE_GIT_ASKPASS_NODE', '/home/maanavjugalshah/.vscode-server/bin/f6cfa2ea2403534de03f069bdf160d06451ed282/node'), ('VSCODE_PYTHON_AUTOACTIVATE_GUARD', '1'), ('DBUS_SESSION_BUS_ADDRESS', 'unix:path=/run/user/1000/bus'), ('COLORTERM', 'truecolor'), ('WSL_DISTRO_NAME', 'Ubuntu-22.04'), ('WAYLAND_DISPLAY', 'wayland-0'), ('COLCON_PREFIX_PATH', '/home/maanavjugalshah/SwarmAero/ros2_ws/install:/home/maanavjugalshah/swarm_ws/install'), ('ROS_DISTRO', 'humble'), ('LOGNAME', 'maanavjugalshah'), ('NAME', 'MaanavXPS13Plus'), ('WSL_INTEROP', '/run/WSL/436_interop'), ('PULSE_SERVER', 'unix:/mnt/wslg/PulseServer'), ('_', '/usr/bin/colcon'), ('ROS_VERSION', '2'), ('TERM', 'xterm-256color'), ('ROS_LOCALHOST_ONLY', '0'), ('PATH', '/home/maanavjugalshah/.vscode-server/data/User/globalStorage/github.copilot-chat/debugCommand:/home/maanavjugalshah/.vscode-server/data/User/globalStorage/github.copilot-chat/copilotCli:/home/maanavjugalshah/.vscode-server/bin/f6cfa2ea2403534de03f069bdf160d06451ed282/bin/remote-cli:/home/maanavjugalshah/.local/bin:/opt/ros/humble/bin:/usr/local/sbin:/usr/local/bin:/usr/sbin:/usr/bin:/sbin:/bin:/usr/games:/usr/local/games:/usr/lib/wsl/lib:/mnt/c/WINDOWS/system32:/mnt/c/WINDOWS:/mnt/c/WINDOWS/System32/Wbem:/mnt/c/WINDOWS/System32/WindowsPowerShell/v1.0/:/mnt/c/WINDOWS/System32/OpenSSH/:/mnt/c/Program Files/dotnet/:/mnt/c/Program Files/Docker/Docker/resources/bin:/mnt/c/Program Files/MATLAB/R2025b/runtime/win64:/mnt/c/Program Files/MATLAB/R2025b/bin:/mnt/c/Program Files/MATLAB/R2024b/bin:/mnt/c/Program Files/Git/cmd:/mnt/c/Program Files/CMake/bin:/mnt/c/ProgramData/chocolatey/bin:/mnt/c/Program Files/7-Zip:/mnt/c/Program Files/Tailscale/:/mnt/c/Users/maana/AppData/Local/Programs/Python/Launcher/:/mnt/c/Users/maana/AppData/Local/Microsoft/WindowsApps:/mnt/c/Users/maana/AppData/Local/Programs/Microsoft VS Code/bin:/mnt/c/Users/maana/AppData/Local/Microsoft/WinGet/Packages/Ninja-build.Ninja_Microsoft.Winget.Source_8wekyb3d8bbwe:/mnt/c/Users/maana/AppData/Local/Microsoft/WinGet/Packages/oss-winget.gperf_Microsoft.Winget.Source_8wekyb3d8bbwe:/mnt/c/Users/maana/AppData/Local/Microsoft/WinGet/Packages/oss-winget.dtc_Microsoft.Winget.Source_8wekyb3d8bbwe/usr/bin:/mnt/c/Users/maana/AppData/Local/Microsoft/WinGet/Packages/JernejSimoncic.Wget_Microsoft.Winget.Source_8wekyb3d8bbwe:/snap/bin:/opt/xtensa-esp-elf/bin/:/opt/xtensa-esp-elf/bin/:/opt/xtensa-esp-elf/bin/:/opt/xtensa-esp-elf/bin/:/opt/xtensa-esp-elf/bin/:/opt/xtensa-esp-elf/bin/:/opt/xtensa-esp-elf/bin/'), ('XDG_RUNTIME_DIR', '/run/user/1000'), ('DISPLAY', ':0'), ('LANG', 'en_US.UTF-8'), ('RMW_IMPLEMENTATION', 'rmw_cyclonedds_cpp'), ('LS_COLORS', 'rs=0:di=01;34:ln=01;36:mh=00:pi=40;33:so=01;35:do=01;35:bd=40;33;01:cd=40;33;01:or=40;31;01:mi=00:su=37;41:sg=30;43:ca=30;41:tw=30;42:ow=34;42:st=37;44:ex=01;32:*.tar=01;31:*.tgz=01;31:*.arc=01;31:*.arj=01;31:*.taz=01;31:*.lha=01;31:*.lz4=01;31:*.lzh=01;31:*.lzma=01;31:*.tlz=01;31:*.txz=01;31:*.tzo=01;31:*.t7z=01;31:*.zip=01;31:*.z=01;31:*.dz=01;31:*.gz=01;31:*.lrz=01;31:*.lz=01;31:*.lzo=01;31:*.xz=01;31:*.zst=01;31:*.tzst=01;31:*.bz2=01;31:*.bz=01;31:*.tbz=01;31:*.tbz2=01;31:*.tz=01;31:*.deb=01;31:*.rpm=01;31:*.jar=01;31:*.war=01;31:*.ear=01;31:*.sar=01;31:*.rar=01;31:*.alz=01;31:*.ace=01;31:*.zoo=01;31:*.cpio=01;31:*.7z=01;31:*.rz=01;31:*.cab=01;31:*.wim=01;31:*.swm=01;31:*.dwm=01;31:*.esd=01;31:*.jpg=01;35:*.jpeg=01;35:*.mjpg=01;35:*.mjpeg=01;35:*.gif=01;35:*.bmp=01;35:*.pbm=01;35:*.pgm=01;35:*.ppm=01;35:*.tga=01;35:*.xbm=01;35:*.xpm=01;35:*.tif=01;35:*.tiff=01;35:*.png=01;35:*.svg=01;35:*.svgz=01;35:*.mng=01;35:*.pcx=01;35:*.mov=01;35:*.mpg=01;35:*.mpeg=01;35:*.m2v=01;35:*.mkv=01;35:*.webm=01;35:*.webp=01;35:*.ogm=01;35:*.mp4=01;35:*.m4v=01;35:*.mp4v=01;35:*.vob=01;35:*.qt=01;35:*.nuv=01;35:*.wmv=01;35:*.asf=01;35:*.rm=01;35:*.rmvb=01;35:*.flc=01;35:*.avi=01;35:*.fli=01;35:*.flv=01;35:*.gl=01;35:*.dl=01;35:*.xcf=01;35:*.xwd=01;35:*.yuv=01;35:*.cgm=01;35:*.emf=01;35:*.ogv=01;35:*.ogx=01;35:*.aac=00;36:*.au=00;36:*.flac=00;36:*.m4a=00;36:*.mid=00;36:*.midi=00;36:*.mka=00;36:*.mp3=00;36:*.mpc=00;36:*.ogg=00;36:*.ra=00;36:*.wav=00;36:*.oga=00;36:*.opus=00;36:*.spx=00;36:*.xspf=00;36:'), ('VSCODE_GIT_IPC_HANDLE', '/run/user/1000/vscode-git-d7f963ad87.sock'), ('TERM_PROGRAM', 'vscode'), ('AMENT_PREFIX_PATH', '/home/maanavjugalshah/SwarmAero/ros2_ws/install/swarm_ekf:/home/maanavjugalshah/SwarmAero/ros2_ws/install/px4_msgs:/home/maanavjugalshah/swarm_ws/install/swarm_control:/home/maanavjugalshah/swarm_ws/install/px4_msgs:/opt/ros/humble'), ('SHELL', '/bin/bash'), ('LESSCLOSE', '/usr/bin/lesspipe %s %s'), ('VSCODE_GIT_ASKPASS_EXTRA_ARGS', ''), ('PWD', '/home/maanavjugalshah/SwarmAero/ros2_ws/build/px4_msgs'), ('XDG_DATA_DIRS', '/usr/local/share:/usr/share:/var/lib/snapd/desktop'), ('PYTHONPATH', '/home/maanavjugalshah/SwarmAero/ros2_ws/build/swarm_ekf:/home/maanavjugalshah/SwarmAero/ros2_ws/install/swarm_ekf/lib/python3.10/site-packages:/home/maanavjugalshah/SwarmAero/ros2_ws/install/px4_msgs/local/lib/python3.10/dist-packages:/home/maanavjugalshah/swarm_ws/install/px4_msgs/local/lib/python3.10/dist-packages:/opt/ros/humble/lib/python3.10/site-packages:/opt/ros/humble/local/lib/python3.10/dist-packages'), ('COLCON', '1'), ('WSL2_GUI_APPS_ENABLED', '1'), ('HOSTTYPE', 'x86_64'), ('CMAKE_PREFIX_PATH', '/home/maanavjugalshah/SwarmAero/ros2_ws/install/px4_msgs:/home/maanavjugalshah/swarm_ws/install/swarm_control:/home/maanavjugalshah/swarm_ws/install/px4_msgs:/home/maanavjugalshah/SwarmAero/ros2_ws/install/swarm_ekf:/opt/ros/humble'), ('WSLENV', 'VSCODE_WSL_EXT_LOCATION/up:VSCODE_SERVER_TAR/up')]), 'shell': False}
[2.442173] (px4_msgs) StdoutLine: {'line': b'-- Install configuration: ""\n'}
[2.445183] (px4_msgs) StdoutLine: {'line': b'-- Execute custom install script\n'}
[2.445887] (px4_msgs) StdoutLine: {'line': b'-- Up-to-date symlink: /home/maanavjugalshah/SwarmAero/ros2_ws/install/px4_msgs/share/ament_index/resource_index/rosidl_interfaces/px4_msgs\n'}
[2.453190] (px4_msgs) StdoutLine: {'line': b'-- Up-to-date symlink: /home/maanavjugalshah/SwarmAero/ros2_ws/install/px4_msgs/include/px4_msgs/px4_msgs/msg/action_request.h\n'}
[2.453748] (px4_msgs) StdoutLine: {'line': b'-- Up-to-date symlink: /home/maanavjugalshah/SwarmAero/ros2_ws/install/px4_msgs/include/px4_msgs/px4_msgs/msg/actuator_armed.h\n'}
[2.454036] (px4_msgs) StdoutLine: {'line': b'-- Up-to-date symlink: /home/maanavjugalshah/SwarmAero/ros2_ws/install/px4_msgs/include/px4_msgs/px4_msgs/msg/actuator_controls_status.h\n'}
[2.454210] (px4_msgs) StdoutLine: {'line': b'-- Up-to-date symlink: /home/maanavjugalshah/SwarmAero/ros2_ws/install/px4_msgs/include/px4_msgs/px4_msgs/msg/actuator_motors.h\n'}
[2.454282] (px4_msgs) StdoutLine: {'line': b'-- Up-to-date symlink: /home/maanavjugalshah/SwarmAero/ros2_ws/install/px4_msgs/include/px4_msgs/px4_msgs/msg/actuator_outputs.h\n'}
[2.454398] (px4_msgs) StdoutLine: {'line': b'-- Up-to-date symlink: /home/maanavjugalshah/SwarmAero/ros2_ws/install/px4_msgs/include/px4_msgs/px4_msgs/msg/actuator_servos.h\n'}
[2.454802] (px4_msgs) StdoutLine: {'line': b'-- Up-to-date symlink: /home/maanavjugalshah/SwarmAero/ros2_ws/install/px4_msgs/include/px4_msgs/px4_msgs/msg/actuator_servos_trim.h\n'}
[2.455268] (px4_msgs) StdoutLine: {'line': b'-- Up-to-date symlink: /home/maanavjugalshah/SwarmAero/ros2_ws/install/px4_msgs/include/px4_msgs/px4_msgs/msg/actuator_test.h\n'}
[2.455790] (px4_msgs) StdoutLine: {'line': b'-- Up-to-date symlink: /home/maanavjugalshah/SwarmAero/ros2_ws/install/px4_msgs/include/px4_msgs/px4_msgs/msg/adc_report.h\n'}
[2.455879] (px4_msgs) StdoutLine: {'line': b'-- Up-to-date symlink: /home/maanavjugalshah/SwarmAero/ros2_ws/install/px4_msgs/include/px4_msgs/px4_msgs/msg/airspeed.h\n'}
[2.456091] (px4_msgs) StdoutLine: {'line': b'-- Up-to-date symlink: /home/maanavjugalshah/SwarmAero/ros2_ws/install/px4_msgs/include/px4_msgs/px4_msgs/msg/airspeed_validated.h\n'}
[2.456264] (px4_msgs) StdoutLine: {'line': b'-- Up-to-date symlink: /home/maanavjugalshah/SwarmAero/ros2_ws/install/px4_msgs/include/px4_msgs/px4_msgs/msg/airspeed_wind.h\n'}
[2.456413] (px4_msgs) StdoutLine: {'line': b'-- Up-to-date symlink: /home/maanavjugalshah/SwarmAero/ros2_ws/install/px4_msgs/include/px4_msgs/px4_msgs/msg/arming_check_reply.h\n'}
[2.456468] (px4_msgs) StdoutLine: {'line': b'-- Up-to-date symlink: /home/maanavjugalshah/SwarmAero/ros2_ws/install/px4_msgs/include/px4_msgs/px4_msgs/msg/arming_check_request.h\n'}
[2.456535] (px4_msgs) StdoutLine: {'line': b'-- Up-to-date symlink: /home/maanavjugalshah/SwarmAero/ros2_ws/install/px4_msgs/include/px4_msgs/px4_msgs/msg/autotune_attitude_control_status.h\n'}
[2.456952] (px4_msgs) StdoutLine: {'line': b'-- Up-to-date symlink: /home/maanavjugalshah/SwarmAero/ros2_ws/install/px4_msgs/include/px4_msgs/px4_msgs/msg/aux_global_position.h\n'}
[2.457139] (px4_msgs) StdoutLine: {'line': b'-- Up-to-date symlink: /home/maanavjugalshah/SwarmAero/ros2_ws/install/px4_msgs/include/px4_msgs/px4_msgs/msg/battery_info.h\n'}
[2.457238] (px4_msgs) StdoutLine: {'line': b'-- Up-to-date symlink: /home/maanavjugalshah/SwarmAero/ros2_ws/install/px4_msgs/include/px4_msgs/px4_msgs/msg/battery_status.h\n'}
[2.457798] (px4_msgs) StdoutLine: {'line': b'-- Up-to-date symlink: /home/maanavjugalshah/SwarmAero/ros2_ws/install/px4_msgs/include/px4_msgs/px4_msgs/msg/button_event.h\n'}
[2.458463] (px4_msgs) StdoutLine: {'line': b'-- Up-to-date symlink: /home/maanavjugalshah/SwarmAero/ros2_ws/install/px4_msgs/include/px4_msgs/px4_msgs/msg/camera_capture.h\n'}
[2.459563] (px4_msgs) StdoutLine: {'line': b'-- Up-to-date symlink: /home/maanavjugalshah/SwarmAero/ros2_ws/install/px4_msgs/include/px4_msgs/px4_msgs/msg/camera_status.h\n'}
[2.460105] (px4_msgs) StdoutLine: {'line': b'-- Up-to-date symlink: /home/maanavjugalshah/SwarmAero/ros2_ws/install/px4_msgs/include/px4_msgs/px4_msgs/msg/camera_trigger.h\n'}
[2.460511] (px4_msgs) StdoutLine: {'line': b'-- Up-to-date symlink: /home/maanavjugalshah/SwarmAero/ros2_ws/install/px4_msgs/include/px4_msgs/px4_msgs/msg/can_interface_status.h\n'}
[2.461231] (px4_msgs) StdoutLine: {'line': b'-- Up-to-date symlink: /home/maanavjugalshah/SwarmAero/ros2_ws/install/px4_msgs/include/px4_msgs/px4_msgs/msg/cellular_status.h\n'}
[2.461576] (px4_msgs) StdoutLine: {'line': b'-- Up-to-date symlink: /home/maanavjugalshah/SwarmAero/ros2_ws/install/px4_msgs/include/px4_msgs/px4_msgs/msg/collision_constraints.h\n'}
[2.462103] (px4_msgs) StdoutLine: {'line': b'-- Up-to-date symlink: /home/maanavjugalshah/SwarmAero/ros2_ws/install/px4_msgs/include/px4_msgs/px4_msgs/msg/config_overrides.h\n'}
[2.462304] (px4_msgs) StdoutLine: {'line': b'-- Up-to-date symlink: /home/maanavjugalshah/SwarmAero/ros2_ws/install/px4_msgs/include/px4_msgs/px4_msgs/msg/control_allocator_status.h\n'}
[2.462580] (px4_msgs) StdoutLine: {'line': b'-- Up-to-date symlink: /home/maanavjugalshah/SwarmAero/ros2_ws/install/px4_msgs/include/px4_msgs/px4_msgs/msg/cpuload.h\n'}
[2.462670] (px4_msgs) StdoutLine: {'line': b'-- Up-to-date symlink: /home/maanavjugalshah/SwarmAero/ros2_ws/install/px4_msgs/include/px4_msgs/px4_msgs/msg/dataman_request.h\n'}
[2.462858] (px4_msgs) StdoutLine: {'line': b'-- Up-to-date symlink: /home/maanavjugalshah/SwarmAero/ros2_ws/install/px4_msgs/include/px4_msgs/px4_msgs/msg/dataman_response.h\n'}
[2.463333] (px4_msgs) StdoutLine: {'line': b'-- Up-to-date symlink: /home/maanavjugalshah/SwarmAero/ros2_ws/install/px4_msgs/include/px4_msgs/px4_msgs/msg/debug_array.h\n'}
[2.463755] (px4_msgs) StdoutLine: {'line': b'-- Up-to-date symlink: /home/maanavjugalshah/SwarmAero/ros2_ws/install/px4_msgs/include/px4_msgs/px4_msgs/msg/debug_key_value.h\n'}
[2.464185] (px4_msgs) StdoutLine: {'line': b'-- Up-to-date symlink: /home/maanavjugalshah/SwarmAero/ros2_ws/install/px4_msgs/include/px4_msgs/px4_msgs/msg/debug_value.h\n'}
[2.464469] (px4_msgs) StdoutLine: {'line': b'-- Up-to-date symlink: /home/maanavjugalshah/SwarmAero/ros2_ws/install/px4_msgs/include/px4_msgs/px4_msgs/msg/debug_vect.h\n'}
[2.464514] (px4_msgs) StdoutLine: {'line': b'-- Up-to-date symlink: /home/maanavjugalshah/SwarmAero/ros2_ws/install/px4_msgs/include/px4_msgs/px4_msgs/msg/detail/action_request__functions.h\n'}
[2.464552] (px4_msgs) StdoutLine: {'line': b'-- Up-to-date symlink: /home/maanavjugalshah/SwarmAero/ros2_ws/install/px4_msgs/include/px4_msgs/px4_msgs/msg/detail/action_request__struct.h\n'}
[2.464761] (px4_msgs) StdoutLine: {'line': b'-- Up-to-date symlink: /home/maanavjugalshah/SwarmAero/ros2_ws/install/px4_msgs/include/px4_msgs/px4_msgs/msg/detail/action_request__type_support.h\n'}
[2.465470] (px4_msgs) StdoutLine: {'line': b'-- Up-to-date symlink: /home/maanavjugalshah/SwarmAero/ros2_ws/install/px4_msgs/include/px4_msgs/px4_msgs/msg/detail/actuator_armed__functions.h\n'}
[2.465635] (px4_msgs) StdoutLine: {'line': b'-- Up-to-date symlink: /home/maanavjugalshah/SwarmAero/ros2_ws/install/px4_msgs/include/px4_msgs/px4_msgs/msg/detail/actuator_armed__struct.h\n'}
[2.465869] (px4_msgs) StdoutLine: {'line': b'-- Up-to-date symlink: /home/maanavjugalshah/SwarmAero/ros2_ws/install/px4_msgs/include/px4_msgs/px4_msgs/msg/detail/actuator_armed__type_support.h\n'}
[2.466082] (px4_msgs) StdoutLine: {'line': b'-- Up-to-date symlink: /home/maanavjugalshah/SwarmAero/ros2_ws/install/px4_msgs/include/px4_msgs/px4_msgs/msg/detail/actuator_controls_status__functions.h\n'}
[2.466207] (px4_msgs) StdoutLine: {'line': b'-- Up-to-date symlink: /home/maanavjugalshah/SwarmAero/ros2_ws/install/px4_msgs/include/px4_msgs/px4_msgs/msg/detail/actuator_controls_status__struct.h\n'}
[2.466250] (px4_msgs) StdoutLine: {'line': b'-- Up-to-date symlink: /home/maanavjugalshah/SwarmAero/ros2_ws/install/px4_msgs/include/px4_msgs/px4_msgs/msg/detail/actuator_controls_status__type_support.h\n'}
[2.466405] (px4_msgs) StdoutLine: {'line': b'-- Up-to-date symlink: /home/maanavjugalshah/SwarmAero/ros2_ws/install/px4_msgs/include/px4_msgs/px4_msgs/msg/detail/actuator_motors__functions.h\n'}
[2.466579] (px4_msgs) StdoutLine: {'line': b'-- Up-to-date symlink: /home/maanavjugalshah/SwarmAero/ros2_ws/install/px4_msgs/include/px4_msgs/px4_msgs/msg/detail/actuator_motors__struct.h\n'}
[2.466817] (px4_msgs) StdoutLine: {'line': b'-- Up-to-date symlink: /home/maanavjugalshah/SwarmAero/ros2_ws/install/px4_msgs/include/px4_msgs/px4_msgs/msg/detail/actuator_motors__type_support.h\n'}
[2.467021] (px4_msgs) StdoutLine: {'line': b'-- Up-to-date symlink: /home/maanavjugalshah/SwarmAero/ros2_ws/install/px4_msgs/include/px4_msgs/px4_msgs/msg/detail/actuator_outputs__functions.h\n'}
[2.467284] (px4_msgs) StdoutLine: {'line': b'-- Up-to-date symlink: /home/maanavjugalshah/SwarmAero/ros2_ws/install/px4_msgs/include/px4_msgs/px4_msgs/msg/detail/actuator_outputs__struct.h\n'}
[2.467343] (px4_msgs) StdoutLine: {'line': b'-- Up-to-date symlink: /home/maanavjugalshah/SwarmAero/ros2_ws/install/px4_msgs/include/px4_msgs/px4_msgs/msg/detail/actuator_outputs__type_support.h\n'}
[2.467582] (px4_msgs) StdoutLine: {'line': b'-- Up-to-date symlink: /home/maanavjugalshah/SwarmAero/ros2_ws/install/px4_msgs/include/px4_msgs/px4_msgs/msg/detail/actuator_servos__functions.h\n'}
[2.468383] (px4_msgs) StdoutLine: {'line': b'-- Up-to-date symlink: /home/maanavjugalshah/SwarmAero/ros2_ws/install/px4_msgs/include/px4_msgs/px4_msgs/msg/detail/actuator_servos__struct.h\n'}
[2.469011] (px4_msgs) StdoutLine: {'line': b'-- Up-to-date symlink: /home/maanavjugalshah/SwarmAero/ros2_ws/install/px4_msgs/include/px4_msgs/px4_msgs/msg/detail/actuator_servos__type_support.h\n'}
[2.469329] (px4_msgs) StdoutLine: {'line': b'-- Up-to-date symlink: /home/maanavjugalshah/SwarmAero/ros2_ws/install/px4_msgs/include/px4_msgs/px4_msgs/msg/detail/actuator_servos_trim__functions.h\n'}
[2.469557] (px4_msgs) StdoutLine: {'line': b'-- Up-to-date symlink: /home/maanavjugalshah/SwarmAero/ros2_ws/install/px4_msgs/include/px4_msgs/px4_msgs/msg/detail/actuator_servos_trim__struct.h\n'}
[2.469613] (px4_msgs) StdoutLine: {'line': b'-- Up-to-date symlink: /home/maanavjugalshah/SwarmAero/ros2_ws/install/px4_msgs/include/px4_msgs/px4_msgs/msg/detail/actuator_servos_trim__type_support.h\n'}
[2.469697] (px4_msgs) StdoutLine: {'line': b'-- Up-to-date symlink: /home/maanavjugalshah/SwarmAero/ros2_ws/install/px4_msgs/include/px4_msgs/px4_msgs/msg/detail/actuator_test__functions.h\n'}
[2.469853] (px4_msgs) StdoutLine: {'line': b'-- Up-to-date symlink: /home/maanavjugalshah/SwarmAero/ros2_ws/install/px4_msgs/include/px4_msgs/px4_msgs/msg/detail/actuator_test__struct.h\n'}
[2.469928] (px4_msgs) StdoutLine: {'line': b'-- Up-to-date symlink: /home/maanavjugalshah/SwarmAero/ros2_ws/install/px4_msgs/include/px4_msgs/px4_msgs/msg/detail/actuator_test__type_support.h\n'}
[2.469969] (px4_msgs) StdoutLine: {'line': b'-- Up-to-date symlink: /home/maanavjugalshah/SwarmAero/ros2_ws/install/px4_msgs/include/px4_msgs/px4_msgs/msg/detail/adc_report__functions.h\n'}
[2.470113] (px4_msgs) StdoutLine: {'line': b'-- Up-to-date symlink: /home/maanavjugalshah/SwarmAero/ros2_ws/install/px4_msgs/include/px4_msgs/px4_msgs/msg/detail/adc_report__struct.h\n'}
[2.470316] (px4_msgs) StdoutLine: {'line': b'-- Up-to-date symlink: /home/maanavjugalshah/SwarmAero/ros2_ws/install/px4_msgs/include/px4_msgs/px4_msgs/msg/detail/adc_report__type_support.h\n'}
[2.470524] (px4_msgs) StdoutLine: {'line': b'-- Up-to-date symlink: /home/maanavjugalshah/SwarmAero/ros2_ws/install/px4_msgs/include/px4_msgs/px4_msgs/msg/detail/airspeed__functions.h\n'}
[2.470631] (px4_msgs) StdoutLine: {'line': b'-- Up-to-date symlink: /home/maanavjugalshah/SwarmAero/ros2_ws/install/px4_msgs/include/px4_msgs/px4_msgs/msg/detail/airspeed__struct.h\n'}
[2.470756] (px4_msgs) StdoutLine: {'line': b'-- Up-to-date symlink: /home/maanavjugalshah/SwarmAero/ros2_ws/install/px4_msgs/include/px4_msgs/px4_msgs/msg/detail/airspeed__type_support.h\n'}
[2.470907] (px4_msgs) StdoutLine: {'line': b'-- Up-to-date symlink: /home/maanavjugalshah/SwarmAero/ros2_ws/install/px4_msgs/include/px4_msgs/px4_msgs/msg/detail/airspeed_validated__functions.h\n'}
[2.470953] (px4_msgs) StdoutLine: {'line': b'-- Up-to-date symlink: /home/maanavjugalshah/SwarmAero/ros2_ws/install/px4_msgs/include/px4_msgs/px4_msgs/msg/detail/airspeed_validated__struct.h\n'}
[2.470991] (px4_msgs) StdoutLine: {'line': b'-- Up-to-date symlink: /home/maanavjugalshah/SwarmAero/ros2_ws/install/px4_msgs/include/px4_msgs/px4_msgs/msg/detail/airspeed_validated__type_support.h\n'}
[2.471141] (px4_msgs) StdoutLine: {'line': b'-- Up-to-date symlink: /home/maanavjugalshah/SwarmAero/ros2_ws/install/px4_msgs/include/px4_msgs/px4_msgs/msg/detail/airspeed_wind__functions.h\n'}
[2.471570] (px4_msgs) StdoutLine: {'line': b'-- Up-to-date symlink: /home/maanavjugalshah/SwarmAero/ros2_ws/install/px4_msgs/include/px4_msgs/px4_msgs/msg/detail/airspeed_wind__struct.h\n'}
[2.471713] (px4_msgs) StdoutLine: {'line': b'-- Up-to-date symlink: /home/maanavjugalshah/SwarmAero/ros2_ws/install/px4_msgs/include/px4_msgs/px4_msgs/msg/detail/airspeed_wind__type_support.h\n'}
[2.471787] (px4_msgs) StdoutLine: {'line': b'-- Up-to-date symlink: /home/maanavjugalshah/SwarmAero/ros2_ws/install/px4_msgs/include/px4_msgs/px4_msgs/msg/detail/arming_check_reply__functions.h\n'}
[2.471935] (px4_msgs) StdoutLine: {'line': b'-- Up-to-date symlink: /home/maanavjugalshah/SwarmAero/ros2_ws/install/px4_msgs/include/px4_msgs/px4_msgs/msg/detail/arming_check_reply__struct.h\n'}
[2.472339] (px4_msgs) StdoutLine: {'line': b'-- Up-to-date symlink: /home/maanavjugalshah/SwarmAero/ros2_ws/install/px4_msgs/include/px4_msgs/px4_msgs/msg/detail/arming_check_reply__type_support.h\n'}
[2.472762] (px4_msgs) StdoutLine: {'line': b'-- Up-to-date symlink: /home/maanavjugalshah/SwarmAero/ros2_ws/install/px4_msgs/include/px4_msgs/px4_msgs/msg/detail/arming_check_request__functions.h\n'}
[2.472831] (px4_msgs) StdoutLine: {'line': b'-- Up-to-date symlink: /home/maanavjugalshah/SwarmAero/ros2_ws/install/px4_msgs/include/px4_msgs/px4_msgs/msg/detail/arming_check_request__struct.h\n'}
[2.472901] (px4_msgs) StdoutLine: {'line': b'-- Up-to-date symlink: /home/maanavjugalshah/SwarmAero/ros2_ws/install/px4_msgs/include/px4_msgs/px4_msgs/msg/detail/arming_check_request__type_support.h\n'}
[2.472988] (px4_msgs) StdoutLine: {'line': b'-- Up-to-date symlink: /home/maanavjugalshah/SwarmAero/ros2_ws/install/px4_msgs/include/px4_msgs/px4_msgs/msg/detail/autotune_attitude_control_status__functions.h\n'}
[2.473265] (px4_msgs) StdoutLine: {'line': b'-- Up-to-date symlink: /home/maanavjugalshah/SwarmAero/ros2_ws/install/px4_msgs/include/px4_msgs/px4_msgs/msg/detail/autotune_attitude_control_status__struct.h\n'}
[2.473410] (px4_msgs) StdoutLine: {'line': b'-- Up-to-date symlink: /home/maanavjugalshah/SwarmAero/ros2_ws/install/px4_msgs/include/px4_msgs/px4_msgs/msg/detail/autotune_attitude_control_status__type_support.h\n'}
[2.473763] (px4_msgs) StdoutLine: {'line': b'-- Up-to-date symlink: /home/maanavjugalshah/SwarmAero/ros2_ws/install/px4_msgs/include/px4_msgs/px4_msgs/msg/detail/aux_global_position__functions.h\n'}
[2.474012] (px4_msgs) StdoutLine: {'line': b'-- Up-to-date symlink: /home/maanavjugalshah/SwarmAero/ros2_ws/install/px4_msgs/include/px4_msgs/px4_msgs/msg/detail/aux_global_position__struct.h\n'}
[2.474272] (px4_msgs) StdoutLine: {'line': b'-- Up-to-date symlink: /home/maanavjugalshah/SwarmAero/ros2_ws/install/px4_msgs/include/px4_msgs/px4_msgs/msg/detail/aux_global_position__type_support.h\n'}
[2.474368] (px4_msgs) StdoutLine: {'line': b'-- Up-to-date symlink: /home/maanavjugalshah/SwarmAero/ros2_ws/install/px4_msgs/include/px4_msgs/px4_msgs/msg/detail/battery_info__functions.h\n'}
[2.474956] (px4_msgs) StdoutLine: {'line': b'-- Up-to-date symlink: /home/maanavjugalshah/SwarmAero/ros2_ws/install/px4_msgs/include/px4_msgs/px4_msgs/msg/detail/battery_info__struct.h\n'}
[2.475147] (px4_msgs) StdoutLine: {'line': b'-- Up-to-date symlink: /home/maanavjugalshah/SwarmAero/ros2_ws/install/px4_msgs/include/px4_msgs/px4_msgs/msg/detail/battery_info__type_support.h\n'}
[2.476361] (px4_msgs) StdoutLine: {'line': b'-- Up-to-date symlink: /home/maanavjugalshah/SwarmAero/ros2_ws/install/px4_msgs/include/px4_msgs/px4_msgs/msg/detail/battery_status__functions.h\n'}
[2.476481] (px4_msgs) StdoutLine: {'line': b'-- Up-to-date symlink: /home/maanavjugalshah/SwarmAero/ros2_ws/install/px4_msgs/include/px4_msgs/px4_msgs/msg/detail/battery_status__struct.h\n'}
[2.476589] (px4_msgs) StdoutLine: {'line': b'-- Up-to-date symlink: /home/maanavjugalshah/SwarmAero/ros2_ws/install/px4_msgs/include/px4_msgs/px4_msgs/msg/detail/battery_status__type_support.h\n'}
[2.476664] (px4_msgs) StdoutLine: {'line': b'-- Up-to-date symlink: /home/maanavjugalshah/SwarmAero/ros2_ws/install/px4_msgs/include/px4_msgs/px4_msgs/msg/detail/button_event__functions.h\n'}
[2.476733] (px4_msgs) StdoutLine: {'line': b'-- Up-to-date symlink: /home/maanavjugalshah/SwarmAero/ros2_ws/install/px4_msgs/include/px4_msgs/px4_msgs/msg/detail/button_event__struct.h\n'}
[2.476836] (px4_msgs) StdoutLine: {'line': b'-- Up-to-date symlink: /home/maanavjugalshah/SwarmAero/ros2_ws/install/px4_msgs/include/px4_msgs/px4_msgs/msg/detail/button_event__type_support.h\n'}
[2.476933] (px4_msgs) StdoutLine: {'line': b'-- Up-to-date symlink: /home/maanavjugalshah/SwarmAero/ros2_ws/install/px4_msgs/include/px4_msgs/px4_msgs/msg/detail/camera_capture__functions.h\n'}
[2.477124] (px4_msgs) StdoutLine: {'line': b'-- Up-to-date symlink: /home/maanavjugalshah/SwarmAero/ros2_ws/install/px4_msgs/include/px4_msgs/px4_msgs/msg/detail/camera_capture__struct.h\n'}
[2.477801] (px4_msgs) StdoutLine: {'line': b'-- Up-to-date symlink: /home/maanavjugalshah/SwarmAero/ros2_ws/install/px4_msgs/include/px4_msgs/px4_msgs/msg/detail/camera_capture__type_support.h\n'}
[2.478160] (px4_msgs) StdoutLine: {'line': b'-- Up-to-date symlink: /home/maanavjugalshah/SwarmAero/ros2_ws/install/px4_msgs/include/px4_msgs/px4_msgs/msg/detail/camera_status__functions.h\n'}
[2.478813] (px4_msgs) StdoutLine: {'line': b'-- Up-to-date symlink: /home/maanavjugalshah/SwarmAero/ros2_ws/install/px4_msgs/include/px4_msgs/px4_msgs/msg/detail/camera_status__struct.h\n'}
[2.479445] (px4_msgs) StdoutLine: {'line': b'-- Up-to-date symlink: /home/maanavjugalshah/SwarmAero/ros2_ws/install/px4_msgs/include/px4_msgs/px4_msgs/msg/detail/camera_status__type_support.h\n'}
[2.480117] (px4_msgs) StdoutLine: {'line': b'-- Up-to-date symlink: /home/maanavjugalshah/SwarmAero/ros2_ws/install/px4_msgs/include/px4_msgs/px4_msgs/msg/detail/camera_trigger__functions.h\n'}
[2.480588] (px4_msgs) StdoutLine: {'line': b'-- Up-to-date symlink: /home/maanavjugalshah/SwarmAero/ros2_ws/install/px4_msgs/include/px4_msgs/px4_msgs/msg/detail/camera_trigger__struct.h\n'}
[2.481096] (px4_msgs) StdoutLine: {'line': b'-- Up-to-date symlink: /home/maanavjugalshah/SwarmAero/ros2_ws/install/px4_msgs/include/px4_msgs/px4_msgs/msg/detail/camera_trigger__type_support.h\n'}
[2.481217] (px4_msgs) StdoutLine: {'line': b'-- Up-to-date symlink: /home/maanavjugalshah/SwarmAero/ros2_ws/install/px4_msgs/include/px4_msgs/px4_msgs/msg/detail/can_interface_status__functions.h\n'}
[2.481566] (px4_msgs) StdoutLine: {'line': b'-- Up-to-date symlink: /home/maanavjugalshah/SwarmAero/ros2_ws/install/px4_msgs/include/px4_msgs/px4_msgs/msg/detail/can_interface_status__struct.h\n'}
[2.481761] (px4_msgs) StdoutLine: {'line': b'-- Up-to-date symlink: /home/maanavjugalshah/SwarmAero/ros2_ws/install/px4_msgs/include/px4_msgs/px4_msgs/msg/detail/can_interface_status__type_support.h\n'}
[2.481910] (px4_msgs) StdoutLine: {'line': b'-- Up-to-date symlink: /home/maanavjugalshah/SwarmAero/ros2_ws/install/px4_msgs/include/px4_msgs/px4_msgs/msg/detail/cellular_status__functions.h\n'}
[2.482081] (px4_msgs) StdoutLine: {'line': b'-- Up-to-date symlink: /home/maanavjugalshah/SwarmAero/ros2_ws/install/px4_msgs/include/px4_msgs/px4_msgs/msg/detail/cellular_status__struct.h\n'}
[2.482128] (px4_msgs) StdoutLine: {'line': b'-- Up-to-date symlink: /home/maanavjugalshah/SwarmAero/ros2_ws/install/px4_msgs/include/px4_msgs/px4_msgs/msg/detail/cellular_status__type_support.h\n'}
[2.482173] (px4_msgs) StdoutLine: {'line': b'-- Up-to-date symlink: /home/maanavjugalshah/SwarmAero/ros2_ws/install/px4_msgs/include/px4_msgs/px4_msgs/msg/detail/collision_constraints__functions.h\n'}
[2.482243] (px4_msgs) StdoutLine: {'line': b'-- Up-to-date symlink: /home/maanavjugalshah/SwarmAero/ros2_ws/install/px4_msgs/include/px4_msgs/px4_msgs/msg/detail/collision_constraints__struct.h\n'}
[2.482331] (px4_msgs) StdoutLine: {'line': b'-- Up-to-date symlink: /home/maanavjugalshah/SwarmAero/ros2_ws/install/px4_msgs/include/px4_msgs/px4_msgs/msg/detail/collision_constraints__type_support.h\n'}
[2.482406] (px4_msgs) StdoutLine: {'line': b'-- Up-to-date symlink: /home/maanavjugalshah/SwarmAero/ros2_ws/install/px4_msgs/include/px4_msgs/px4_msgs/msg/detail/config_overrides__functions.h\n'}
[2.482781] (px4_msgs) StdoutLine: {'line': b'-- Up-to-date symlink: /home/maanavjugalshah/SwarmAero/ros2_ws/install/px4_msgs/include/px4_msgs/px4_msgs/msg/detail/config_overrides__struct.h\n'}
[2.482887] (px4_msgs) StdoutLine: {'line': b'-- Up-to-date symlink: /home/maanavjugalshah/SwarmAero/ros2_ws/install/px4_msgs/include/px4_msgs/px4_msgs/msg/detail/config_overrides__type_support.h\n'}
[2.483014] (px4_msgs) StdoutLine: {'line': b'-- Up-to-date symlink: /home/maanavjugalshah/SwarmAero/ros2_ws/install/px4_msgs/include/px4_msgs/px4_msgs/msg/detail/control_allocator_status__functions.h\n'}
[2.483302] (px4_msgs) StdoutLine: {'line': b'-- Up-to-date symlink: /home/maanavjugalshah/SwarmAero/ros2_ws/install/px4_msgs/include/px4_msgs/px4_msgs/msg/detail/control_allocator_status__struct.h\n'}
[2.483440] (px4_msgs) StdoutLine: {'line': b'-- Up-to-date symlink: /home/maanavjugalshah/SwarmAero/ros2_ws/install/px4_msgs/include/px4_msgs/px4_msgs/msg/detail/control_allocator_status__type_support.h\n'}
[2.483514] (px4_msgs) StdoutLine: {'line': b'-- Up-to-date symlink: /home/maanavjugalshah/SwarmAero/ros2_ws/install/px4_msgs/include/px4_msgs/px4_msgs/msg/detail/cpuload__functions.h\n'}
[2.483918] (px4_msgs) StdoutLine: {'line': b'-- Up-to-date symlink: /home/maanavjugalshah/SwarmAero/ros2_ws/install/px4_msgs/include/px4_msgs/px4_msgs/msg/detail/cpuload__struct.h\n'}
[2.484133] (px4_msgs) StdoutLine: {'line': b'-- Up-to-date symlink: /home/maanavjugalshah/SwarmAero/ros2_ws/install/px4_msgs/include/px4_msgs/px4_msgs/msg/detail/cpuload__type_support.h\n'}
[2.484308] (px4_msgs) StdoutLine: {'line': b'-- Up-to-date symlink: /home/maanavjugalshah/SwarmAero/ros2_ws/install/px4_msgs/include/px4_msgs/px4_msgs/msg/detail/dataman_request__functions.h\n'}
[2.484739] (px4_msgs) StdoutLine: {'line': b'-- Up-to-date symlink: /home/maanavjugalshah/SwarmAero/ros2_ws/install/px4_msgs/include/px4_msgs/px4_msgs/msg/detail/dataman_request__struct.h\n'}
[2.484820] (px4_msgs) StdoutLine: {'line': b'-- Up-to-date symlink: /home/maanavjugalshah/SwarmAero/ros2_ws/install/px4_msgs/include/px4_msgs/px4_msgs/msg/detail/dataman_request__type_support.h\n'}
[2.484908] (px4_msgs) StdoutLine: {'line': b'-- Up-to-date symlink: /home/maanavjugalshah/SwarmAero/ros2_ws/install/px4_msgs/include/px4_msgs/px4_msgs/msg/detail/dataman_response__functions.h\n'}
[2.485311] (px4_msgs) StdoutLine: {'line': b'-- Up-to-date symlink: /home/maanavjugalshah/SwarmAero/ros2_ws/install/px4_msgs/include/px4_msgs/px4_msgs/msg/detail/dataman_response__struct.h\n'}
[2.485390] (px4_msgs) StdoutLine: {'line': b'-- Up-to-date symlink: /home/maanavjugalshah/SwarmAero/ros2_ws/install/px4_msgs/include/px4_msgs/px4_msgs/msg/detail/dataman_response__type_support.h\n'}
[2.485485] (px4_msgs) StdoutLine: {'line': b'-- Up-to-date symlink: /home/maanavjugalshah/SwarmAero/ros2_ws/install/px4_msgs/include/px4_msgs/px4_msgs/msg/detail/debug_array__functions.h\n'}
[2.485590] (px4_msgs) StdoutLine: {'line': b'-- Up-to-date symlink: /home/maanavjugalshah/SwarmAero/ros2_ws/install/px4_msgs/include/px4_msgs/px4_msgs/msg/detail/debug_array__struct.h\n'}
[2.485926] (px4_msgs) StdoutLine: {'line': b'-- Up-to-date symlink: /home/maanavjugalshah/SwarmAero/ros2_ws/install/px4_msgs/include/px4_msgs/px4_msgs/msg/detail/debug_array__type_support.h\n'}
[2.486243] (px4_msgs) StdoutLine: {'line': b'-- Up-to-date symlink: /home/maanavjugalshah/SwarmAero/ros2_ws/install/px4_msgs/include/px4_msgs/px4_msgs/msg/detail/debug_key_value__functions.h\n'}
[2.486334] (px4_msgs) StdoutLine: {'line': b'-- Up-to-date symlink: /home/maanavjugalshah/SwarmAero/ros2_ws/install/px4_msgs/include/px4_msgs/px4_msgs/msg/detail/debug_key_value__struct.h\n'}
[2.486529] (px4_msgs) StdoutLine: {'line': b'-- Up-to-date symlink: /home/maanavjugalshah/SwarmAero/ros2_ws/install/px4_msgs/include/px4_msgs/px4_msgs/msg/detail/debug_key_value__type_support.h\n'}
[2.486668] (px4_msgs) StdoutLine: {'line': b'-- Up-to-date symlink: /home/maanavjugalshah/SwarmAero/ros2_ws/install/px4_msgs/include/px4_msgs/px4_msgs/msg/detail/debug_value__functions.h\n'}
[2.486987] (px4_msgs) StdoutLine: {'line': b'-- Up-to-date symlink: /home/maanavjugalshah/SwarmAero/ros2_ws/install/px4_msgs/include/px4_msgs/px4_msgs/msg/detail/debug_value__struct.h\n'}
[2.487140] (px4_msgs) StdoutLine: {'line': b'-- Up-to-date symlink: /home/maanavjugalshah/SwarmAero/ros2_ws/install/px4_msgs/include/px4_msgs/px4_msgs/msg/detail/debug_value__type_support.h\n'}
[2.487327] (px4_msgs) StdoutLine: {'line': b'-- Up-to-date symlink: /home/maanavjugalshah/SwarmAero/ros2_ws/install/px4_msgs/include/px4_msgs/px4_msgs/msg/detail/debug_vect__functions.h\n'}
[2.487440] (px4_msgs) StdoutLine: {'line': b'-- Up-to-date symlink: /home/maanavjugalshah/SwarmAero/ros2_ws/install/px4_msgs/include/px4_msgs/px4_msgs/msg/detail/debug_vect__struct.h\n'}
[2.487916] (px4_msgs) StdoutLine: {'line': b'-- Up-to-date symlink: /home/maanavjugalshah/SwarmAero/ros2_ws/install/px4_msgs/include/px4_msgs/px4_msgs/msg/detail/debug_vect__type_support.h\n'}
[2.488202] (px4_msgs) StdoutLine: {'line': b'-- Up-to-date symlink: /home/maanavjugalshah/SwarmAero/ros2_ws/install/px4_msgs/include/px4_msgs/px4_msgs/msg/detail/device_information__functions.h\n'}
[2.488321] (px4_msgs) StdoutLine: {'line': b'-- Up-to-date symlink: /home/maanavjugalshah/SwarmAero/ros2_ws/install/px4_msgs/include/px4_msgs/px4_msgs/msg/detail/device_information__struct.h\n'}
[2.488771] (px4_msgs) StdoutLine: {'line': b'-- Up-to-date symlink: /home/maanavjugalshah/SwarmAero/ros2_ws/install/px4_msgs/include/px4_msgs/px4_msgs/msg/detail/device_information__type_support.h\n'}
[2.488917] (px4_msgs) StdoutLine: {'line': b'-- Up-to-date symlink: /home/maanavjugalshah/SwarmAero/ros2_ws/install/px4_msgs/include/px4_msgs/px4_msgs/msg/detail/differential_pressure__functions.h\n'}
[2.489162] (px4_msgs) StdoutLine: {'line': b'-- Up-to-date symlink: /home/maanavjugalshah/SwarmAero/ros2_ws/install/px4_msgs/include/px4_msgs/px4_msgs/msg/detail/differential_pressure__struct.h\n'}
[2.489261] (px4_msgs) StdoutLine: {'line': b'-- Up-to-date symlink: /home/maanavjugalshah/SwarmAero/ros2_ws/install/px4_msgs/include/px4_msgs/px4_msgs/msg/detail/differential_pressure__type_support.h\n'}
[2.489424] (px4_msgs) StdoutLine: {'line': b'-- Up-to-date symlink: /home/maanavjugalshah/SwarmAero/ros2_ws/install/px4_msgs/include/px4_msgs/px4_msgs/msg/detail/distance_sensor__functions.h\n'}
[2.489571] (px4_msgs) StdoutLine: {'line': b'-- Up-to-date symlink: /home/maanavjugalshah/SwarmAero/ros2_ws/install/px4_msgs/include/px4_msgs/px4_msgs/msg/detail/distance_sensor__struct.h\n'}
[2.489969] (px4_msgs) StdoutLine: {'line': b'-- Up-to-date symlink: /home/maanavjugalshah/SwarmAero/ros2_ws/install/px4_msgs/include/px4_msgs/px4_msgs/msg/detail/distance_sensor__type_support.h\n'}
[2.490430] (px4_msgs) StdoutLine: {'line': b'-- Up-to-date symlink: /home/maanavjugalshah/SwarmAero/ros2_ws/install/px4_msgs/include/px4_msgs/px4_msgs/msg/detail/distance_sensor_mode_change_request__functions.h\n'}
[2.490711] (px4_msgs) StdoutLine: {'line': b'-- Up-to-date symlink: /home/maanavjugalshah/SwarmAero/ros2_ws/install/px4_msgs/include/px4_msgs/px4_msgs/msg/detail/distance_sensor_mode_change_request__struct.h\n'}
[2.491213] (px4_msgs) StdoutLine: {'line': b'-- Up-to-date symlink: /home/maanavjugalshah/SwarmAero/ros2_ws/install/px4_msgs/include/px4_msgs/px4_msgs/msg/detail/distance_sensor_mode_change_request__type_support.h\n'}
[2.491459] (px4_msgs) StdoutLine: {'line': b'-- Up-to-date symlink: /home/maanavjugalshah/SwarmAero/ros2_ws/install/px4_msgs/include/px4_msgs/px4_msgs/msg/detail/dronecan_node_status__functions.h\n'}
[2.491686] (px4_msgs) StdoutLine: {'line': b'-- Up-to-date symlink: /home/maanavjugalshah/SwarmAero/ros2_ws/install/px4_msgs/include/px4_msgs/px4_msgs/msg/detail/dronecan_node_status__struct.h\n'}
[2.491946] (px4_msgs) StdoutLine: {'line': b'-- Up-to-date symlink: /home/maanavjugalshah/SwarmAero/ros2_ws/install/px4_msgs/include/px4_msgs/px4_msgs/msg/detail/dronecan_node_status__type_support.h\n'}
[2.492113] (px4_msgs) StdoutLine: {'line': b'-- Up-to-date symlink: /home/maanavjugalshah/SwarmAero/ros2_ws/install/px4_msgs/include/px4_msgs/px4_msgs/msg/detail/ekf2_timestamps__functions.h\n'}
[2.492597] (px4_msgs) StdoutLine: {'line': b'-- Up-to-date symlink: /home/maanavjugalshah/SwarmAero/ros2_ws/install/px4_msgs/include/px4_msgs/px4_msgs/msg/detail/ekf2_timestamps__struct.h\n'}
[2.492870] (px4_msgs) StdoutLine: {'line': b'-- Up-to-date symlink: /home/maanavjugalshah/SwarmAero/ros2_ws/install/px4_msgs/include/px4_msgs/px4_msgs/msg/detail/ekf2_timestamps__type_support.h\n'}
[2.492949] (px4_msgs) StdoutLine: {'line': b'-- Up-to-date symlink: /home/maanavjugalshah/SwarmAero/ros2_ws/install/px4_msgs/include/px4_msgs/px4_msgs/msg/detail/esc_eeprom_read__functions.h\n'}
[2.492991] (px4_msgs) StdoutLine: {'line': b'-- Up-to-date symlink: /home/maanavjugalshah/SwarmAero/ros2_ws/install/px4_msgs/include/px4_msgs/px4_msgs/msg/detail/esc_eeprom_read__struct.h\n'}
[2.493031] (px4_msgs) StdoutLine: {'line': b'-- Up-to-date symlink: /home/maanavjugalshah/SwarmAero/ros2_ws/install/px4_msgs/include/px4_msgs/px4_msgs/msg/detail/esc_eeprom_read__type_support.h\n'}
[2.493066] (px4_msgs) StdoutLine: {'line': b'-- Up-to-date symlink: /home/maanavjugalshah/SwarmAero/ros2_ws/install/px4_msgs/include/px4_msgs/px4_msgs/msg/detail/esc_eeprom_write__functions.h\n'}
[2.493102] (px4_msgs) StdoutLine: {'line': b'-- Up-to-date symlink: /home/maanavjugalshah/SwarmAero/ros2_ws/install/px4_msgs/include/px4_msgs/px4_msgs/msg/detail/esc_eeprom_write__struct.h\n'}
[2.493142] (px4_msgs) StdoutLine: {'line': b'-- Up-to-date symlink: /home/maanavjugalshah/SwarmAero/ros2_ws/install/px4_msgs/include/px4_msgs/px4_msgs/msg/detail/esc_eeprom_write__type_support.h\n'}
[2.493290] (px4_msgs) StdoutLine: {'line': b'-- Up-to-date symlink: /home/maanavjugalshah/SwarmAero/ros2_ws/install/px4_msgs/include/px4_msgs/px4_msgs/msg/detail/esc_report__functions.h\n'}
[2.493365] (px4_msgs) StdoutLine: {'line': b'-- Up-to-date symlink: /home/maanavjugalshah/SwarmAero/ros2_ws/install/px4_msgs/include/px4_msgs/px4_msgs/msg/detail/esc_report__struct.h\n'}
[2.493572] (px4_msgs) StdoutLine: {'line': b'-- Up-to-date symlink: /home/maanavjugalshah/SwarmAero/ros2_ws/install/px4_msgs/include/px4_msgs/px4_msgs/msg/detail/esc_report__type_support.h\n'}
[2.493622] (px4_msgs) StdoutLine: {'line': b'-- Up-to-date symlink: /home/maanavjugalshah/SwarmAero/ros2_ws/install/px4_msgs/include/px4_msgs/px4_msgs/msg/detail/esc_status__functions.h\n'}
[2.493695] (px4_msgs) StdoutLine: {'line': b'-- Up-to-date symlink: /home/maanavjugalshah/SwarmAero/ros2_ws/install/px4_msgs/include/px4_msgs/px4_msgs/msg/detail/esc_status__struct.h\n'}
[2.493733] (px4_msgs) StdoutLine: {'line': b'-- Up-to-date symlink: /home/maanavjugalshah/SwarmAero/ros2_ws/install/px4_msgs/include/px4_msgs/px4_msgs/msg/detail/esc_status__type_support.h\n'}
[2.493768] (px4_msgs) StdoutLine: {'line': b'-- Up-to-date symlink: /home/maanavjugalshah/SwarmAero/ros2_ws/install/px4_msgs/include/px4_msgs/px4_msgs/msg/detail/estimator_aid_source1d__functions.h\n'}
[2.493802] (px4_msgs) StdoutLine: {'line': b'-- Up-to-date symlink: /home/maanavjugalshah/SwarmAero/ros2_ws/install/px4_msgs/include/px4_msgs/px4_msgs/msg/detail/estimator_aid_source1d__struct.h\n'}
[2.493965] (px4_msgs) StdoutLine: {'line': b'-- Up-to-date symlink: /home/maanavjugalshah/SwarmAero/ros2_ws/install/px4_msgs/include/px4_msgs/px4_msgs/msg/detail/estimator_aid_source1d__type_support.h\n'}
[2.494074] (px4_msgs) StdoutLine: {'line': b'-- Up-to-date symlink: /home/maanavjugalshah/SwarmAero/ros2_ws/install/px4_msgs/include/px4_msgs/px4_msgs/msg/detail/estimator_aid_source2d__functions.h\n'}
[2.494467] (px4_msgs) StdoutLine: {'line': b'-- Up-to-date symlink: /home/maanavjugalshah/SwarmAero/ros2_ws/install/px4_msgs/include/px4_msgs/px4_msgs/msg/detail/estimator_aid_source2d__struct.h\n'}
[2.494520] (px4_msgs) StdoutLine: {'line': b'-- Up-to-date symlink: /home/maanavjugalshah/SwarmAero/ros2_ws/install/px4_msgs/include/px4_msgs/px4_msgs/msg/detail/estimator_aid_source2d__type_support.h\n'}
[2.494560] (px4_msgs) StdoutLine: {'line': b'-- Up-to-date symlink: /home/maanavjugalshah/SwarmAero/ros2_ws/install/px4_msgs/include/px4_msgs/px4_msgs/msg/detail/estimator_aid_source3d__functions.h\n'}
[2.494736] (px4_msgs) StdoutLine: {'line': b'-- Up-to-date symlink: /home/maanavjugalshah/SwarmAero/ros2_ws/install/px4_msgs/include/px4_msgs/px4_msgs/msg/detail/estimator_aid_source3d__struct.h\n'}
[2.494820] (px4_msgs) StdoutLine: {'line': b'-- Up-to-date symlink: /home/maanavjugalshah/SwarmAero/ros2_ws/install/px4_msgs/include/px4_msgs/px4_msgs/msg/detail/estimator_aid_source3d__type_support.h\n'}
[2.494913] (px4_msgs) StdoutLine: {'line': b'-- Up-to-date symlink: /home/maanavjugalshah/SwarmAero/ros2_ws/install/px4_msgs/include/px4_msgs/px4_msgs/msg/detail/estimator_bias3d__functions.h\n'}
[2.495192] (px4_msgs) StdoutLine: {'line': b'-- Up-to-date symlink: /home/maanavjugalshah/SwarmAero/ros2_ws/install/px4_msgs/include/px4_msgs/px4_msgs/msg/detail/estimator_bias3d__struct.h\n'}
[2.495251] (px4_msgs) StdoutLine: {'line': b'-- Up-to-date symlink: /home/maanavjugalshah/SwarmAero/ros2_ws/install/px4_msgs/include/px4_msgs/px4_msgs/msg/detail/estimator_bias3d__type_support.h\n'}
[2.495359] (px4_msgs) StdoutLine: {'line': b'-- Up-to-date symlink: /home/maanavjugalshah/SwarmAero/ros2_ws/install/px4_msgs/include/px4_msgs/px4_msgs/msg/detail/estimator_bias__functions.h\n'}
[2.495634] (px4_msgs) StdoutLine: {'line': b'-- Up-to-date symlink: /home/maanavjugalshah/SwarmAero/ros2_ws/install/px4_msgs/include/px4_msgs/px4_msgs/msg/detail/estimator_bias__struct.h\n'}
[2.495771] (px4_msgs) StdoutLine: {'line': b'-- Up-to-date symlink: /home/maanavjugalshah/SwarmAero/ros2_ws/install/px4_msgs/include/px4_msgs/px4_msgs/msg/detail/estimator_bias__type_support.h\n'}
[2.495981] (px4_msgs) StdoutLine: {'line': b'-- Up-to-date symlink: /home/maanavjugalshah/SwarmAero/ros2_ws/install/px4_msgs/include/px4_msgs/px4_msgs/msg/detail/estimator_event_flags__functions.h\n'}
[2.496424] (px4_msgs) StdoutLine: {'line': b'-- Up-to-date symlink: /home/maanavjugalshah/SwarmAero/ros2_ws/install/px4_msgs/include/px4_msgs/px4_msgs/msg/detail/estimator_event_flags__struct.h\n'}
[2.496564] (px4_msgs) StdoutLine: {'line': b'-- Up-to-date symlink: /home/maanavjugalshah/SwarmAero/ros2_ws/install/px4_msgs/include/px4_msgs/px4_msgs/msg/detail/estimator_event_flags__type_support.h\n'}
[2.496702] (px4_msgs) StdoutLine: {'line': b'-- Up-to-date symlink: /home/maanavjugalshah/SwarmAero/ros2_ws/install/px4_msgs/include/px4_msgs/px4_msgs/msg/detail/estimator_fusion_control__functions.h\n'}
[2.496800] (px4_msgs) StdoutLine: {'line': b'-- Up-to-date symlink: /home/maanavjugalshah/SwarmAero/ros2_ws/install/px4_msgs/include/px4_msgs/px4_msgs/msg/detail/estimator_fusion_control__struct.h\n'}
[2.496894] (px4_msgs) StdoutLine: {'line': b'-- Up-to-date symlink: /home/maanavjugalshah/SwarmAero/ros2_ws/install/px4_msgs/include/px4_msgs/px4_msgs/msg/detail/estimator_fusion_control__type_support.h\n'}
[2.497179] (px4_msgs) StdoutLine: {'line': b'-- Up-to-date symlink: /home/maanavjugalshah/SwarmAero/ros2_ws/install/px4_msgs/include/px4_msgs/px4_msgs/msg/detail/estimator_gps_status__functions.h\n'}
[2.497318] (px4_msgs) StdoutLine: {'line': b'-- Up-to-date symlink: /home/maanavjugalshah/SwarmAero/ros2_ws/install/px4_msgs/include/px4_msgs/px4_msgs/msg/detail/estimator_gps_status__struct.h\n'}
[2.497636] (px4_msgs) StdoutLine: {'line': b'-- Up-to-date symlink: /home/maanavjugalshah/SwarmAero/ros2_ws/install/px4_msgs/include/px4_msgs/px4_msgs/msg/detail/estimator_gps_status__type_support.h\n'}
[2.497900] (px4_msgs) StdoutLine: {'line': b'-- Up-to-date symlink: /home/maanavjugalshah/SwarmAero/ros2_ws/install/px4_msgs/include/px4_msgs/px4_msgs/msg/detail/estimator_innovations__functions.h\n'}
[2.498024] (px4_msgs) StdoutLine: {'line': b'-- Up-to-date symlink: /home/maanavjugalshah/SwarmAero/ros2_ws/install/px4_msgs/include/px4_msgs/px4_msgs/msg/detail/estimator_innovations__struct.h\n'}
[2.498144] (px4_msgs) StdoutLine: {'line': b'-- Up-to-date symlink: /home/maanavjugalshah/SwarmAero/ros2_ws/install/px4_msgs/include/px4_msgs/px4_msgs/msg/detail/estimator_innovations__type_support.h\n'}
[2.498257] (px4_msgs) StdoutLine: {'line': b'-- Up-to-date symlink: /home/maanavjugalshah/SwarmAero/ros2_ws/install/px4_msgs/include/px4_msgs/px4_msgs/msg/detail/estimator_selector_status__functions.h\n'}
[2.498404] (px4_msgs) StdoutLine: {'line': b'-- Up-to-date symlink: /home/maanavjugalshah/SwarmAero/ros2_ws/install/px4_msgs/include/px4_msgs/px4_msgs/msg/detail/estimator_selector_status__struct.h\n'}
[2.498695] (px4_msgs) StdoutLine: {'line': b'-- Up-to-date symlink: /home/maanavjugalshah/SwarmAero/ros2_ws/install/px4_msgs/include/px4_msgs/px4_msgs/msg/detail/estimator_selector_status__type_support.h\n'}
[2.498954] (px4_msgs) StdoutLine: {'line': b'-- Up-to-date symlink: /home/maanavjugalshah/SwarmAero/ros2_ws/install/px4_msgs/include/px4_msgs/px4_msgs/msg/detail/estimator_sensor_bias__functions.h\n'}
[2.499028] (px4_msgs) StdoutLine: {'line': b'-- Up-to-date symlink: /home/maanavjugalshah/SwarmAero/ros2_ws/install/px4_msgs/include/px4_msgs/px4_msgs/msg/detail/estimator_sensor_bias__struct.h\n'}
[2.499133] (px4_msgs) StdoutLine: {'line': b'-- Up-to-date symlink: /home/maanavjugalshah/SwarmAero/ros2_ws/install/px4_msgs/include/px4_msgs/px4_msgs/msg/detail/estimator_sensor_bias__type_support.h\n'}
[2.499329] (px4_msgs) StdoutLine: {'line': b'-- Up-to-date symlink: /home/maanavjugalshah/SwarmAero/ros2_ws/install/px4_msgs/include/px4_msgs/px4_msgs/msg/detail/estimator_states__functions.h\n'}
[2.499602] (px4_msgs) StdoutLine: {'line': b'-- Up-to-date symlink: /home/maanavjugalshah/SwarmAero/ros2_ws/install/px4_msgs/include/px4_msgs/px4_msgs/msg/detail/estimator_states__struct.h\n'}
[2.499776] (px4_msgs) StdoutLine: {'line': b'-- Up-to-date symlink: /home/maanavjugalshah/SwarmAero/ros2_ws/install/px4_msgs/include/px4_msgs/px4_msgs/msg/detail/estimator_states__type_support.h\n'}
[2.499963] (px4_msgs) StdoutLine: {'line': b'-- Up-to-date symlink: /home/maanavjugalshah/SwarmAero/ros2_ws/install/px4_msgs/include/px4_msgs/px4_msgs/msg/detail/estimator_status__functions.h\n'}
[2.500018] (px4_msgs) StdoutLine: {'line': b'-- Up-to-date symlink: /home/maanavjugalshah/SwarmAero/ros2_ws/install/px4_msgs/include/px4_msgs/px4_msgs/msg/detail/estimator_status__struct.h\n'}
[2.500153] (px4_msgs) StdoutLine: {'line': b'-- Up-to-date symlink: /home/maanavjugalshah/SwarmAero/ros2_ws/install/px4_msgs/include/px4_msgs/px4_msgs/msg/detail/estimator_status__type_support.h\n'}
[2.500439] (px4_msgs) StdoutLine: {'line': b'-- Up-to-date symlink: /home/maanavjugalshah/SwarmAero/ros2_ws/install/px4_msgs/include/px4_msgs/px4_msgs/msg/detail/estimator_status_flags__functions.h\n'}
[2.500523] (px4_msgs) StdoutLine: {'line': b'-- Up-to-date symlink: /home/maanavjugalshah/SwarmAero/ros2_ws/install/px4_msgs/include/px4_msgs/px4_msgs/msg/detail/estimator_status_flags__struct.h\n'}
[2.500627] (px4_msgs) StdoutLine: {'line': b'-- Up-to-date symlink: /home/maanavjugalshah/SwarmAero/ros2_ws/install/px4_msgs/include/px4_msgs/px4_msgs/msg/detail/estimator_status_flags__type_support.h\n'}
[2.500714] (px4_msgs) StdoutLine: {'line': b'-- Up-to-date symlink: /home/maanavjugalshah/SwarmAero/ros2_ws/install/px4_msgs/include/px4_msgs/px4_msgs/msg/detail/event__functions.h\n'}
[2.500824] (px4_msgs) StdoutLine: {'line': b'-- Up-to-date symlink: /home/maanavjugalshah/SwarmAero/ros2_ws/install/px4_msgs/include/px4_msgs/px4_msgs/msg/detail/event__struct.h\n'}
[2.501163] (px4_msgs) StdoutLine: {'line': b'-- Up-to-date symlink: /home/maanavjugalshah/SwarmAero/ros2_ws/install/px4_msgs/include/px4_msgs/px4_msgs/msg/detail/event__type_support.h\n'}
[2.501394] (px4_msgs) StdoutLine: {'line': b'-- Up-to-date symlink: /home/maanavjugalshah/SwarmAero/ros2_ws/install/px4_msgs/include/px4_msgs/px4_msgs/msg/detail/failsafe_flags__functions.h\n'}
[2.501586] (px4_msgs) StdoutLine: {'line': b'-- Up-to-date symlink: /home/maanavjugalshah/SwarmAero/ros2_ws/install/px4_msgs/include/px4_msgs/px4_msgs/msg/detail/failsafe_flags__struct.h\n'}
[2.501638] (px4_msgs) StdoutLine: {'line': b'-- Up-to-date symlink: /home/maanavjugalshah/SwarmAero/ros2_ws/install/px4_msgs/include/px4_msgs/px4_msgs/msg/detail/failsafe_flags__type_support.h\n'}
[2.501679] (px4_msgs) StdoutLine: {'line': b'-- Up-to-date symlink: /home/maanavjugalshah/SwarmAero/ros2_ws/install/px4_msgs/include/px4_msgs/px4_msgs/msg/detail/failure_detector_status__functions.h\n'}
[2.501770] (px4_msgs) StdoutLine: {'line': b'-- Up-to-date symlink: /home/maanavjugalshah/SwarmAero/ros2_ws/install/px4_msgs/include/px4_msgs/px4_msgs/msg/detail/failure_detector_status__struct.h\n'}
[2.501864] (px4_msgs) StdoutLine: {'line': b'-- Up-to-date symlink: /home/maanavjugalshah/SwarmAero/ros2_ws/install/px4_msgs/include/px4_msgs/px4_msgs/msg/detail/failure_detector_status__type_support.h\n'}
[2.502103] (px4_msgs) StdoutLine: {'line': b'-- Up-to-date symlink: /home/maanavjugalshah/SwarmAero/ros2_ws/install/px4_msgs/include/px4_msgs/px4_msgs/msg/detail/figure_eight_status__functions.h\n'}
[2.502318] (px4_msgs) StdoutLine: {'line': b'-- Up-to-date symlink: /home/maanavjugalshah/SwarmAero/ros2_ws/install/px4_msgs/include/px4_msgs/px4_msgs/msg/detail/figure_eight_status__struct.h\n'}
[2.502430] (px4_msgs) StdoutLine: {'line': b'-- Up-to-date symlink: /home/maanavjugalshah/SwarmAero/ros2_ws/install/px4_msgs/include/px4_msgs/px4_msgs/msg/detail/figure_eight_status__type_support.h\n'}
[2.502471] (px4_msgs) StdoutLine: {'line': b'-- Up-to-date symlink: /home/maanavjugalshah/SwarmAero/ros2_ws/install/px4_msgs/include/px4_msgs/px4_msgs/msg/detail/fixed_wing_lateral_guidance_status__functions.h\n'}
[2.502573] (px4_msgs) StdoutLine: {'line': b'-- Up-to-date symlink: /home/maanavjugalshah/SwarmAero/ros2_ws/install/px4_msgs/include/px4_msgs/px4_msgs/msg/detail/fixed_wing_lateral_guidance_status__struct.h\n'}
[2.502691] (px4_msgs) StdoutLine: {'line': b'-- Up-to-date symlink: /home/maanavjugalshah/SwarmAero/ros2_ws/install/px4_msgs/include/px4_msgs/px4_msgs/msg/detail/fixed_wing_lateral_guidance_status__type_support.h\n'}
[2.502788] (px4_msgs) StdoutLine: {'line': b'-- Up-to-date symlink: /home/maanavjugalshah/SwarmAero/ros2_ws/install/px4_msgs/include/px4_msgs/px4_msgs/msg/detail/fixed_wing_lateral_setpoint__functions.h\n'}
[2.503094] (px4_msgs) StdoutLine: {'line': b'-- Up-to-date symlink: /home/maanavjugalshah/SwarmAero/ros2_ws/install/px4_msgs/include/px4_msgs/px4_msgs/msg/detail/fixed_wing_lateral_setpoint__struct.h\n'}
[2.503255] (px4_msgs) StdoutLine: {'line': b'-- Up-to-date symlink: /home/maanavjugalshah/SwarmAero/ros2_ws/install/px4_msgs/include/px4_msgs/px4_msgs/msg/detail/fixed_wing_lateral_setpoint__type_support.h\n'}
[2.503333] (px4_msgs) StdoutLine: {'line': b'-- Up-to-date symlink: /home/maanavjugalshah/SwarmAero/ros2_ws/install/px4_msgs/include/px4_msgs/px4_msgs/msg/detail/fixed_wing_lateral_status__functions.h\n'}
[2.503541] (px4_msgs) StdoutLine: {'line': b'-- Up-to-date symlink: /home/maanavjugalshah/SwarmAero/ros2_ws/install/px4_msgs/include/px4_msgs/px4_msgs/msg/detail/fixed_wing_lateral_status__struct.h\n'}
[2.503674] (px4_msgs) StdoutLine: {'line': b'-- Up-to-date symlink: /home/maanavjugalshah/SwarmAero/ros2_ws/install/px4_msgs/include/px4_msgs/px4_msgs/msg/detail/fixed_wing_lateral_status__type_support.h\n'}
[2.503803] (px4_msgs) StdoutLine: {'line': b'-- Up-to-date symlink: /home/maanavjugalshah/SwarmAero/ros2_ws/install/px4_msgs/include/px4_msgs/px4_msgs/msg/detail/fixed_wing_longitudinal_setpoint__functions.h\n'}
[2.503928] (px4_msgs) StdoutLine: {'line': b'-- Up-to-date symlink: /home/maanavjugalshah/SwarmAero/ros2_ws/install/px4_msgs/include/px4_msgs/px4_msgs/msg/detail/fixed_wing_longitudinal_setpoint__struct.h\n'}
[2.504130] (px4_msgs) StdoutLine: {'line': b'-- Up-to-date symlink: /home/maanavjugalshah/SwarmAero/ros2_ws/install/px4_msgs/include/px4_msgs/px4_msgs/msg/detail/fixed_wing_longitudinal_setpoint__type_support.h\n'}
[2.504352] (px4_msgs) StdoutLine: {'line': b'-- Up-to-date symlink: /home/maanavjugalshah/SwarmAero/ros2_ws/install/px4_msgs/include/px4_msgs/px4_msgs/msg/detail/fixed_wing_runway_control__functions.h\n'}
[2.504476] (px4_msgs) StdoutLine: {'line': b'-- Up-to-date symlink: /home/maanavjugalshah/SwarmAero/ros2_ws/install/px4_msgs/include/px4_msgs/px4_msgs/msg/detail/fixed_wing_runway_control__struct.h\n'}
[2.504888] (px4_msgs) StdoutLine: {'line': b'-- Up-to-date symlink: /home/maanavjugalshah/SwarmAero/ros2_ws/install/px4_msgs/include/px4_msgs/px4_msgs/msg/detail/fixed_wing_runway_control__type_support.h\n'}
[2.505109] (px4_msgs) StdoutLine: {'line': b'-- Up-to-date symlink: /home/maanavjugalshah/SwarmAero/ros2_ws/install/px4_msgs/include/px4_msgs/px4_msgs/msg/detail/flight_phase_estimation__functions.h\n'}
[2.505353] (px4_msgs) StdoutLine: {'line': b'-- Up-to-date symlink: /home/maanavjugalshah/SwarmAero/ros2_ws/install/px4_msgs/include/px4_msgs/px4_msgs/msg/detail/flight_phase_estimation__struct.h\n'}
[2.505442] (px4_msgs) StdoutLine: {'line': b'-- Up-to-date symlink: /home/maanavjugalshah/SwarmAero/ros2_ws/install/px4_msgs/include/px4_msgs/px4_msgs/msg/detail/flight_phase_estimation__type_support.h\n'}
[2.505517] (px4_msgs) StdoutLine: {'line': b'-- Up-to-date symlink: /home/maanavjugalshah/SwarmAero/ros2_ws/install/px4_msgs/include/px4_msgs/px4_msgs/msg/detail/follow_target__functions.h\n'}
[2.505621] (px4_msgs) StdoutLine: {'line': b'-- Up-to-date symlink: /home/maanavjugalshah/SwarmAero/ros2_ws/install/px4_msgs/include/px4_msgs/px4_msgs/msg/detail/follow_target__struct.h\n'}
[2.505709] (px4_msgs) StdoutLine: {'line': b'-- Up-to-date symlink: /home/maanavjugalshah/SwarmAero/ros2_ws/install/px4_msgs/include/px4_msgs/px4_msgs/msg/detail/follow_target__type_support.h\n'}
[2.505784] (px4_msgs) StdoutLine: {'line': b'-- Up-to-date symlink: /home/maanavjugalshah/SwarmAero/ros2_ws/install/px4_msgs/include/px4_msgs/px4_msgs/msg/detail/follow_target_estimator__functions.h\n'}
[2.505888] (px4_msgs) StdoutLine: {'line': b'-- Up-to-date symlink: /home/maanavjugalshah/SwarmAero/ros2_ws/install/px4_msgs/include/px4_msgs/px4_msgs/msg/detail/follow_target_estimator__struct.h\n'}
[2.506072] (px4_msgs) StdoutLine: {'line': b'-- Up-to-date symlink: /home/maanavjugalshah/SwarmAero/ros2_ws/install/px4_msgs/include/px4_msgs/px4_msgs/msg/detail/follow_target_estimator__type_support.h\n'}
[2.506143] (px4_msgs) StdoutLine: {'line': b'-- Up-to-date symlink: /home/maanavjugalshah/SwarmAero/ros2_ws/install/px4_msgs/include/px4_msgs/px4_msgs/msg/detail/follow_target_status__functions.h\n'}
[2.506319] (px4_msgs) StdoutLine: {'line': b'-- Up-to-date symlink: /home/maanavjugalshah/SwarmAero/ros2_ws/install/px4_msgs/include/px4_msgs/px4_msgs/msg/detail/follow_target_status__struct.h\n'}
[2.506489] (px4_msgs) StdoutLine: {'line': b'-- Up-to-date symlink: /home/maanavjugalshah/SwarmAero/ros2_ws/install/px4_msgs/include/px4_msgs/px4_msgs/msg/detail/follow_target_status__type_support.h\n'}
[2.506673] (px4_msgs) StdoutLine: {'line': b'-- Up-to-date symlink: /home/maanavjugalshah/SwarmAero/ros2_ws/install/px4_msgs/include/px4_msgs/px4_msgs/msg/detail/fuel_tank_status__functions.h\n'}
[2.506837] (px4_msgs) StdoutLine: {'line': b'-- Up-to-date symlink: /home/maanavjugalshah/SwarmAero/ros2_ws/install/px4_msgs/include/px4_msgs/px4_msgs/msg/detail/fuel_tank_status__struct.h\n'}
[2.507081] (px4_msgs) StdoutLine: {'line': b'-- Up-to-date symlink: /home/maanavjugalshah/SwarmAero/ros2_ws/install/px4_msgs/include/px4_msgs/px4_msgs/msg/detail/fuel_tank_status__type_support.h\n'}
[2.507176] (px4_msgs) StdoutLine: {'line': b'-- Up-to-date symlink: /home/maanavjugalshah/SwarmAero/ros2_ws/install/px4_msgs/include/px4_msgs/px4_msgs/msg/detail/gain_compression__functions.h\n'}
[2.507430] (px4_msgs) StdoutLine: {'line': b'-- Up-to-date symlink: /home/maanavjugalshah/SwarmAero/ros2_ws/install/px4_msgs/include/px4_msgs/px4_msgs/msg/detail/gain_compression__struct.h\n'}
[2.507595] (px4_msgs) StdoutLine: {'line': b'-- Up-to-date symlink: /home/maanavjugalshah/SwarmAero/ros2_ws/install/px4_msgs/include/px4_msgs/px4_msgs/msg/detail/gain_compression__type_support.h\n'}
[2.507720] (px4_msgs) StdoutLine: {'line': b'-- Up-to-date symlink: /home/maanavjugalshah/SwarmAero/ros2_ws/install/px4_msgs/include/px4_msgs/px4_msgs/msg/detail/generator_status__functions.h\n'}
[2.507929] (px4_msgs) StdoutLine: {'line': b'-- Up-to-date symlink: /home/maanavjugalshah/SwarmAero/ros2_ws/install/px4_msgs/include/px4_msgs/px4_msgs/msg/detail/generator_status__struct.h\n'}
[2.508148] (px4_msgs) StdoutLine: {'line': b'-- Up-to-date symlink: /home/maanavjugalshah/SwarmAero/ros2_ws/install/px4_msgs/include/px4_msgs/px4_msgs/msg/detail/generator_status__type_support.h\n'}
[2.508367] (px4_msgs) StdoutLine: {'line': b'-- Up-to-date symlink: /home/maanavjugalshah/SwarmAero/ros2_ws/install/px4_msgs/include/px4_msgs/px4_msgs/msg/detail/geofence_result__functions.h\n'}
[2.508458] (px4_msgs) StdoutLine: {'line': b'-- Up-to-date symlink: /home/maanavjugalshah/SwarmAero/ros2_ws/install/px4_msgs/include/px4_msgs/px4_msgs/msg/detail/geofence_result__struct.h\n'}
[2.508526] (px4_msgs) StdoutLine: {'line': b'-- Up-to-date symlink: /home/maanavjugalshah/SwarmAero/ros2_ws/install/px4_msgs/include/px4_msgs/px4_msgs/msg/detail/geofence_result__type_support.h\n'}
[2.508771] (px4_msgs) StdoutLine: {'line': b'-- Up-to-date symlink: /home/maanavjugalshah/SwarmAero/ros2_ws/install/px4_msgs/include/px4_msgs/px4_msgs/msg/detail/geofence_status__functions.h\n'}
[2.508979] (px4_msgs) StdoutLine: {'line': b'-- Up-to-date symlink: /home/maanavjugalshah/SwarmAero/ros2_ws/install/px4_msgs/include/px4_msgs/px4_msgs/msg/detail/geofence_status__struct.h\n'}
[2.509101] (px4_msgs) StdoutLine: {'line': b'-- Up-to-date symlink: /home/maanavjugalshah/SwarmAero/ros2_ws/install/px4_msgs/include/px4_msgs/px4_msgs/msg/detail/geofence_status__type_support.h\n'}
[2.509441] (px4_msgs) StdoutLine: {'line': b'-- Up-to-date symlink: /home/maanavjugalshah/SwarmAero/ros2_ws/install/px4_msgs/include/px4_msgs/px4_msgs/msg/detail/gimbal_controls__functions.h\n'}
[2.509736] (px4_msgs) StdoutLine: {'line': b'-- Up-to-date symlink: /home/maanavjugalshah/SwarmAero/ros2_ws/install/px4_msgs/include/px4_msgs/px4_msgs/msg/detail/gimbal_controls__struct.h\n'}
[2.510020] (px4_msgs) StdoutLine: {'line': b'-- Up-to-date symlink: /home/maanavjugalshah/SwarmAero/ros2_ws/install/px4_msgs/include/px4_msgs/px4_msgs/msg/detail/gimbal_controls__type_support.h\n'}
[2.510112] (px4_msgs) StdoutLine: {'line': b'-- Up-to-date symlink: /home/maanavjugalshah/SwarmAero/ros2_ws/install/px4_msgs/include/px4_msgs/px4_msgs/msg/detail/gimbal_device_attitude_status__functions.h\n'}
[2.510399] (px4_msgs) StdoutLine: {'line': b'-- Up-to-date symlink: /home/maanavjugalshah/SwarmAero/ros2_ws/install/px4_msgs/include/px4_msgs/px4_msgs/msg/detail/gimbal_device_attitude_status__struct.h\n'}
[2.510461] (px4_msgs) StdoutLine: {'line': b'-- Up-to-date symlink: /home/maanavjugalshah/SwarmAero/ros2_ws/install/px4_msgs/include/px4_msgs/px4_msgs/msg/detail/gimbal_device_attitude_status__type_support.h\n'}
[2.510568] (px4_msgs) StdoutLine: {'line': b'-- Up-to-date symlink: /home/maanavjugalshah/SwarmAero/ros2_ws/install/px4_msgs/include/px4_msgs/px4_msgs/msg/detail/gimbal_device_information__functions.h\n'}
[2.510792] (px4_msgs) StdoutLine: {'line': b'-- Up-to-date symlink: /home/maanavjugalshah/SwarmAero/ros2_ws/install/px4_msgs/include/px4_msgs/px4_msgs/msg/detail/gimbal_device_information__struct.h\n'}
[2.510887] (px4_msgs) StdoutLine: {'line': b'-- Up-to-date symlink: /home/maanavjugalshah/SwarmAero/ros2_ws/install/px4_msgs/include/px4_msgs/px4_msgs/msg/detail/gimbal_device_information__type_support.h\n'}
[2.510996] (px4_msgs) StdoutLine: {'line': b'-- Up-to-date symlink: /home/maanavjugalshah/SwarmAero/ros2_ws/install/px4_msgs/include/px4_msgs/px4_msgs/msg/detail/gimbal_device_set_attitude__functions.h\n'}
[2.511079] (px4_msgs) StdoutLine: {'line': b'-- Up-to-date symlink: /home/maanavjugalshah/SwarmAero/ros2_ws/install/px4_msgs/include/px4_msgs/px4_msgs/msg/detail/gimbal_device_set_attitude__struct.h\n'}
[2.511353] (px4_msgs) StdoutLine: {'line': b'-- Up-to-date symlink: /home/maanavjugalshah/SwarmAero/ros2_ws/install/px4_msgs/include/px4_msgs/px4_msgs/msg/detail/gimbal_device_set_attitude__type_support.h\n'}
[2.511408] (px4_msgs) StdoutLine: {'line': b'-- Up-to-date symlink: /home/maanavjugalshah/SwarmAero/ros2_ws/install/px4_msgs/include/px4_msgs/px4_msgs/msg/detail/gimbal_manager_information__functions.h\n'}
[2.511600] (px4_msgs) StdoutLine: {'line': b'-- Up-to-date symlink: /home/maanavjugalshah/SwarmAero/ros2_ws/install/px4_msgs/include/px4_msgs/px4_msgs/msg/detail/gimbal_manager_information__struct.h\n'}
[2.511689] (px4_msgs) StdoutLine: {'line': b'-- Up-to-date symlink: /home/maanavjugalshah/SwarmAero/ros2_ws/install/px4_msgs/include/px4_msgs/px4_msgs/msg/detail/gimbal_manager_information__type_support.h\n'}
[2.511980] (-) TimerEvent: {}
[2.512242] (px4_msgs) StdoutLine: {'line': b'-- Up-to-date symlink: /home/maanavjugalshah/SwarmAero/ros2_ws/install/px4_msgs/include/px4_msgs/px4_msgs/msg/detail/gimbal_manager_set_attitude__functions.h\n'}
[2.512414] (px4_msgs) StdoutLine: {'line': b'-- Up-to-date symlink: /home/maanavjugalshah/SwarmAero/ros2_ws/install/px4_msgs/include/px4_msgs/px4_msgs/msg/detail/gimbal_manager_set_attitude__struct.h\n'}
[2.512593] (px4_msgs) StdoutLine: {'line': b'-- Up-to-date symlink: /home/maanavjugalshah/SwarmAero/ros2_ws/install/px4_msgs/include/px4_msgs/px4_msgs/msg/detail/gimbal_manager_set_attitude__type_support.h\n'}
[2.512964] (px4_msgs) StdoutLine: {'line': b'-- Up-to-date symlink: /home/maanavjugalshah/SwarmAero/ros2_ws/install/px4_msgs/include/px4_msgs/px4_msgs/msg/detail/gimbal_manager_set_manual_control__functions.h\n'}
[2.513344] (px4_msgs) StdoutLine: {'line': b'-- Up-to-date symlink: /home/maanavjugalshah/SwarmAero/ros2_ws/install/px4_msgs/include/px4_msgs/px4_msgs/msg/detail/gimbal_manager_set_manual_control__struct.h\n'}
[2.513598] (px4_msgs) StdoutLine: {'line': b'-- Up-to-date symlink: /home/maanavjugalshah/SwarmAero/ros2_ws/install/px4_msgs/include/px4_msgs/px4_msgs/msg/detail/gimbal_manager_set_manual_control__type_support.h\n'}
[2.513675] (px4_msgs) StdoutLine: {'line': b'-- Up-to-date symlink: /home/maanavjugalshah/SwarmAero/ros2_ws/install/px4_msgs/include/px4_msgs/px4_msgs/msg/detail/gimbal_manager_status__functions.h\n'}
[2.513822] (px4_msgs) StdoutLine: {'line': b'-- Up-to-date symlink: /home/maanavjugalshah/SwarmAero/ros2_ws/install/px4_msgs/include/px4_msgs/px4_msgs/msg/detail/gimbal_manager_status__struct.h\n'}
[2.513919] (px4_msgs) StdoutLine: {'line': b'-- Up-to-date symlink: /home/maanavjugalshah/SwarmAero/ros2_ws/install/px4_msgs/include/px4_msgs/px4_msgs/msg/detail/gimbal_manager_status__type_support.h\n'}
[2.514113] (px4_msgs) StdoutLine: {'line': b'-- Up-to-date symlink: /home/maanavjugalshah/SwarmAero/ros2_ws/install/px4_msgs/include/px4_msgs/px4_msgs/msg/detail/goto_setpoint__functions.h\n'}
[2.514340] (px4_msgs) StdoutLine: {'line': b'-- Up-to-date symlink: /home/maanavjugalshah/SwarmAero/ros2_ws/install/px4_msgs/include/px4_msgs/px4_msgs/msg/detail/goto_setpoint__struct.h\n'}
[2.514510] (px4_msgs) StdoutLine: {'line': b'-- Up-to-date symlink: /home/maanavjugalshah/SwarmAero/ros2_ws/install/px4_msgs/include/px4_msgs/px4_msgs/msg/detail/goto_setpoint__type_support.h\n'}
[2.514660] (px4_msgs) StdoutLine: {'line': b'-- Up-to-date symlink: /home/maanavjugalshah/SwarmAero/ros2_ws/install/px4_msgs/include/px4_msgs/px4_msgs/msg/detail/gpio_config__functions.h\n'}
[2.514714] (px4_msgs) StdoutLine: {'line': b'-- Up-to-date symlink: /home/maanavjugalshah/SwarmAero/ros2_ws/install/px4_msgs/include/px4_msgs/px4_msgs/msg/detail/gpio_config__struct.h\n'}
[2.514870] (px4_msgs) StdoutLine: {'line': b'-- Up-to-date symlink: /home/maanavjugalshah/SwarmAero/ros2_ws/install/px4_msgs/include/px4_msgs/px4_msgs/msg/detail/gpio_config__type_support.h\n'}
[2.514953] (px4_msgs) StdoutLine: {'line': b'-- Up-to-date symlink: /home/maanavjugalshah/SwarmAero/ros2_ws/install/px4_msgs/include/px4_msgs/px4_msgs/msg/detail/gpio_in__functions.h\n'}
[2.514998] (px4_msgs) StdoutLine: {'line': b'-- Up-to-date symlink: /home/maanavjugalshah/SwarmAero/ros2_ws/install/px4_msgs/include/px4_msgs/px4_msgs/msg/detail/gpio_in__struct.h\n'}
[2.515138] (px4_msgs) StdoutLine: {'line': b'-- Up-to-date symlink: /home/maanavjugalshah/SwarmAero/ros2_ws/install/px4_msgs/include/px4_msgs/px4_msgs/msg/detail/gpio_in__type_support.h\n'}
[2.515328] (px4_msgs) StdoutLine: {'line': b'-- Up-to-date symlink: /home/maanavjugalshah/SwarmAero/ros2_ws/install/px4_msgs/include/px4_msgs/px4_msgs/msg/detail/gpio_out__functions.h\n'}
[2.515522] (px4_msgs) StdoutLine: {'line': b'-- Up-to-date symlink: /home/maanavjugalshah/SwarmAero/ros2_ws/install/px4_msgs/include/px4_msgs/px4_msgs/msg/detail/gpio_out__struct.h\n'}
[2.515767] (px4_msgs) StdoutLine: {'line': b'-- Up-to-date symlink: /home/maanavjugalshah/SwarmAero/ros2_ws/install/px4_msgs/include/px4_msgs/px4_msgs/msg/detail/gpio_out__type_support.h\n'}
[2.515870] (px4_msgs) StdoutLine: {'line': b'-- Up-to-date symlink: /home/maanavjugalshah/SwarmAero/ros2_ws/install/px4_msgs/include/px4_msgs/px4_msgs/msg/detail/gpio_request__functions.h\n'}
[2.516147] (px4_msgs) StdoutLine: {'line': b'-- Up-to-date symlink: /home/maanavjugalshah/SwarmAero/ros2_ws/install/px4_msgs/include/px4_msgs/px4_msgs/msg/detail/gpio_request__struct.h\n'}
[2.516228] (px4_msgs) StdoutLine: {'line': b'-- Up-to-date symlink: /home/maanavjugalshah/SwarmAero/ros2_ws/install/px4_msgs/include/px4_msgs/px4_msgs/msg/detail/gpio_request__type_support.h\n'}
[2.516347] (px4_msgs) StdoutLine: {'line': b'-- Up-to-date symlink: /home/maanavjugalshah/SwarmAero/ros2_ws/install/px4_msgs/include/px4_msgs/px4_msgs/msg/detail/gps_dump__functions.h\n'}
[2.516422] (px4_msgs) StdoutLine: {'line': b'-- Up-to-date symlink: /home/maanavjugalshah/SwarmAero/ros2_ws/install/px4_msgs/include/px4_msgs/px4_msgs/msg/detail/gps_dump__struct.h\n'}
[2.516468] (px4_msgs) StdoutLine: {'line': b'-- Up-to-date symlink: /home/maanavjugalshah/SwarmAero/ros2_ws/install/px4_msgs/include/px4_msgs/px4_msgs/msg/detail/gps_dump__type_support.h\n'}
[2.516536] (px4_msgs) StdoutLine: {'line': b'-- Up-to-date symlink: /home/maanavjugalshah/SwarmAero/ros2_ws/install/px4_msgs/include/px4_msgs/px4_msgs/msg/detail/gps_inject_data__functions.h\n'}
[2.516770] (px4_msgs) StdoutLine: {'line': b'-- Up-to-date symlink: /home/maanavjugalshah/SwarmAero/ros2_ws/install/px4_msgs/include/px4_msgs/px4_msgs/msg/detail/gps_inject_data__struct.h\n'}
[2.517088] (px4_msgs) StdoutLine: {'line': b'-- Up-to-date symlink: /home/maanavjugalshah/SwarmAero/ros2_ws/install/px4_msgs/include/px4_msgs/px4_msgs/msg/detail/gps_inject_data__type_support.h\n'}
[2.517513] (px4_msgs) StdoutLine: {'line': b'-- Up-to-date symlink: /home/maanavjugalshah/SwarmAero/ros2_ws/install/px4_msgs/include/px4_msgs/px4_msgs/msg/detail/gripper__functions.h\n'}
[2.517844] (px4_msgs) StdoutLine: {'line': b'-- Up-to-date symlink: /home/maanavjugalshah/SwarmAero/ros2_ws/install/px4_msgs/include/px4_msgs/px4_msgs/msg/detail/gripper__struct.h\n'}
[2.518032] (px4_msgs) StdoutLine: {'line': b'-- Up-to-date symlink: /home/maanavjugalshah/SwarmAero/ros2_ws/install/px4_msgs/include/px4_msgs/px4_msgs/msg/detail/gripper__type_support.h\n'}
[2.518079] (px4_msgs) StdoutLine: {'line': b'-- Up-to-date symlink: /home/maanavjugalshah/SwarmAero/ros2_ws/install/px4_msgs/include/px4_msgs/px4_msgs/msg/detail/health_report__functions.h\n'}
[2.518194] (px4_msgs) StdoutLine: {'line': b'-- Up-to-date symlink: /home/maanavjugalshah/SwarmAero/ros2_ws/install/px4_msgs/include/px4_msgs/px4_msgs/msg/detail/health_report__struct.h\n'}
[2.518319] (px4_msgs) StdoutLine: {'line': b'-- Up-to-date symlink: /home/maanavjugalshah/SwarmAero/ros2_ws/install/px4_msgs/include/px4_msgs/px4_msgs/msg/detail/health_report__type_support.h\n'}
[2.518400] (px4_msgs) StdoutLine: {'line': b'-- Up-to-date symlink: /home/maanavjugalshah/SwarmAero/ros2_ws/install/px4_msgs/include/px4_msgs/px4_msgs/msg/detail/heater_status__functions.h\n'}
[2.518511] (px4_msgs) StdoutLine: {'line': b'-- Up-to-date symlink: /home/maanavjugalshah/SwarmAero/ros2_ws/install/px4_msgs/include/px4_msgs/px4_msgs/msg/detail/heater_status__struct.h\n'}
[2.518703] (px4_msgs) StdoutLine: {'line': b'-- Up-to-date symlink: /home/maanavjugalshah/SwarmAero/ros2_ws/install/px4_msgs/include/px4_msgs/px4_msgs/msg/detail/heater_status__type_support.h\n'}
[2.518948] (px4_msgs) StdoutLine: {'line': b'-- Up-to-date symlink: /home/maanavjugalshah/SwarmAero/ros2_ws/install/px4_msgs/include/px4_msgs/px4_msgs/msg/detail/home_position__functions.h\n'}
[2.519039] (px4_msgs) StdoutLine: {'line': b'-- Up-to-date symlink: /home/maanavjugalshah/SwarmAero/ros2_ws/install/px4_msgs/include/px4_msgs/px4_msgs/msg/detail/home_position__struct.h\n'}
[2.519194] (px4_msgs) StdoutLine: {'line': b'-- Up-to-date symlink: /home/maanavjugalshah/SwarmAero/ros2_ws/install/px4_msgs/include/px4_msgs/px4_msgs/msg/detail/home_position__type_support.h\n'}
[2.519254] (px4_msgs) StdoutLine: {'line': b'-- Up-to-date symlink: /home/maanavjugalshah/SwarmAero/ros2_ws/install/px4_msgs/include/px4_msgs/px4_msgs/msg/detail/hover_thrust_estimate__functions.h\n'}
[2.519340] (px4_msgs) StdoutLine: {'line': b'-- Up-to-date symlink: /home/maanavjugalshah/SwarmAero/ros2_ws/install/px4_msgs/include/px4_msgs/px4_msgs/msg/detail/hover_thrust_estimate__struct.h\n'}
[2.519445] (px4_msgs) StdoutLine: {'line': b'-- Up-to-date symlink: /home/maanavjugalshah/SwarmAero/ros2_ws/install/px4_msgs/include/px4_msgs/px4_msgs/msg/detail/hover_thrust_estimate__type_support.h\n'}
[2.519690] (px4_msgs) StdoutLine: {'line': b'-- Up-to-date symlink: /home/maanavjugalshah/SwarmAero/ros2_ws/install/px4_msgs/include/px4_msgs/px4_msgs/msg/detail/input_rc__functions.h\n'}
[2.519831] (px4_msgs) StdoutLine: {'line': b'-- Up-to-date symlink: /home/maanavjugalshah/SwarmAero/ros2_ws/install/px4_msgs/include/px4_msgs/px4_msgs/msg/detail/input_rc__struct.h\n'}
[2.520089] (px4_msgs) StdoutLine: {'line': b'-- Up-to-date symlink: /home/maanavjugalshah/SwarmAero/ros2_ws/install/px4_msgs/include/px4_msgs/px4_msgs/msg/detail/input_rc__type_support.h\n'}
[2.520361] (px4_msgs) StdoutLine: {'line': b'-- Up-to-date symlink: /home/maanavjugalshah/SwarmAero/ros2_ws/install/px4_msgs/include/px4_msgs/px4_msgs/msg/detail/internal_combustion_engine_control__functions.h\n'}
[2.520775] (px4_msgs) StdoutLine: {'line': b'-- Up-to-date symlink: /home/maanavjugalshah/SwarmAero/ros2_ws/install/px4_msgs/include/px4_msgs/px4_msgs/msg/detail/internal_combustion_engine_control__struct.h\n'}
[2.520931] (px4_msgs) StdoutLine: {'line': b'-- Up-to-date symlink: /home/maanavjugalshah/SwarmAero/ros2_ws/install/px4_msgs/include/px4_msgs/px4_msgs/msg/detail/internal_combustion_engine_control__type_support.h\n'}
[2.521077] (px4_msgs) StdoutLine: {'line': b'-- Up-to-date symlink: /home/maanavjugalshah/SwarmAero/ros2_ws/install/px4_msgs/include/px4_msgs/px4_msgs/msg/detail/internal_combustion_engine_status__functions.h\n'}
[2.521155] (px4_msgs) StdoutLine: {'line': b'-- Up-to-date symlink: /home/maanavjugalshah/SwarmAero/ros2_ws/install/px4_msgs/include/px4_msgs/px4_msgs/msg/detail/internal_combustion_engine_status__struct.h\n'}
[2.521227] (px4_msgs) StdoutLine: {'line': b'-- Up-to-date symlink: /home/maanavjugalshah/SwarmAero/ros2_ws/install/px4_msgs/include/px4_msgs/px4_msgs/msg/detail/internal_combustion_engine_status__type_support.h\n'}
[2.521279] (px4_msgs) StdoutLine: {'line': b'-- Up-to-date symlink: /home/maanavjugalshah/SwarmAero/ros2_ws/install/px4_msgs/include/px4_msgs/px4_msgs/msg/detail/iridiumsbd_status__functions.h\n'}
[2.521421] (px4_msgs) StdoutLine: {'line': b'-- Up-to-date symlink: /home/maanavjugalshah/SwarmAero/ros2_ws/install/px4_msgs/include/px4_msgs/px4_msgs/msg/detail/iridiumsbd_status__struct.h\n'}
[2.521554] (px4_msgs) StdoutLine: {'line': b'-- Up-to-date symlink: /home/maanavjugalshah/SwarmAero/ros2_ws/install/px4_msgs/include/px4_msgs/px4_msgs/msg/detail/iridiumsbd_status__type_support.h\n'}
[2.521641] (px4_msgs) StdoutLine: {'line': b'-- Up-to-date symlink: /home/maanavjugalshah/SwarmAero/ros2_ws/install/px4_msgs/include/px4_msgs/px4_msgs/msg/detail/irlock_report__functions.h\n'}
[2.521921] (px4_msgs) StdoutLine: {'line': b'-- Up-to-date symlink: /home/maanavjugalshah/SwarmAero/ros2_ws/install/px4_msgs/include/px4_msgs/px4_msgs/msg/detail/irlock_report__struct.h\n'}
[2.521983] (px4_msgs) StdoutLine: {'line': b'-- Up-to-date symlink: /home/maanavjugalshah/SwarmAero/ros2_ws/install/px4_msgs/include/px4_msgs/px4_msgs/msg/detail/irlock_report__type_support.h\n'}
[2.522087] (px4_msgs) StdoutLine: {'line': b'-- Up-to-date symlink: /home/maanavjugalshah/SwarmAero/ros2_ws/install/px4_msgs/include/px4_msgs/px4_msgs/msg/detail/landing_gear__functions.h\n'}
[2.522211] (px4_msgs) StdoutLine: {'line': b'-- Up-to-date symlink: /home/maanavjugalshah/SwarmAero/ros2_ws/install/px4_msgs/include/px4_msgs/px4_msgs/msg/detail/landing_gear__struct.h\n'}
[2.522252] (px4_msgs) StdoutLine: {'line': b'-- Up-to-date symlink: /home/maanavjugalshah/SwarmAero/ros2_ws/install/px4_msgs/include/px4_msgs/px4_msgs/msg/detail/landing_gear__type_support.h\n'}
[2.522445] (px4_msgs) StdoutLine: {'line': b'-- Up-to-date symlink: /home/maanavjugalshah/SwarmAero/ros2_ws/install/px4_msgs/include/px4_msgs/px4_msgs/msg/detail/landing_gear_wheel__functions.h\n'}
[2.522572] (px4_msgs) StdoutLine: {'line': b'-- Up-to-date symlink: /home/maanavjugalshah/SwarmAero/ros2_ws/install/px4_msgs/include/px4_msgs/px4_msgs/msg/detail/landing_gear_wheel__struct.h\n'}
[2.522635] (px4_msgs) StdoutLine: {'line': b'-- Up-to-date symlink: /home/maanavjugalshah/SwarmAero/ros2_ws/install/px4_msgs/include/px4_msgs/px4_msgs/msg/detail/landing_gear_wheel__type_support.h\n'}
[2.522751] (px4_msgs) StdoutLine: {'line': b'-- Up-to-date symlink: /home/maanavjugalshah/SwarmAero/ros2_ws/install/px4_msgs/include/px4_msgs/px4_msgs/msg/detail/landing_target_innovations__functions.h\n'}
[2.522943] (px4_msgs) StdoutLine: {'line': b'-- Up-to-date symlink: /home/maanavjugalshah/SwarmAero/ros2_ws/install/px4_msgs/include/px4_msgs/px4_msgs/msg/detail/landing_target_innovations__struct.h\n'}
[2.523116] (px4_msgs) StdoutLine: {'line': b'-- Up-to-date symlink: /home/maanavjugalshah/SwarmAero/ros2_ws/install/px4_msgs/include/px4_msgs/px4_msgs/msg/detail/landing_target_innovations__type_support.h\n'}
[2.523264] (px4_msgs) StdoutLine: {'line': b'-- Up-to-date symlink: /home/maanavjugalshah/SwarmAero/ros2_ws/install/px4_msgs/include/px4_msgs/px4_msgs/msg/detail/landing_target_pose__functions.h\n'}
[2.523310] (px4_msgs) StdoutLine: {'line': b'-- Up-to-date symlink: /home/maanavjugalshah/SwarmAero/ros2_ws/install/px4_msgs/include/px4_msgs/px4_msgs/msg/detail/landing_target_pose__struct.h\n'}
[2.523410] (px4_msgs) StdoutLine: {'line': b'-- Up-to-date symlink: /home/maanavjugalshah/SwarmAero/ros2_ws/install/px4_msgs/include/px4_msgs/px4_msgs/msg/detail/landing_target_pose__type_support.h\n'}
[2.523578] (px4_msgs) StdoutLine: {'line': b'-- Up-to-date symlink: /home/maanavjugalshah/SwarmAero/ros2_ws/install/px4_msgs/include/px4_msgs/px4_msgs/msg/detail/lateral_control_configuration__functions.h\n'}
[2.523689] (px4_msgs) StdoutLine: {'line': b'-- Up-to-date symlink: /home/maanavjugalshah/SwarmAero/ros2_ws/install/px4_msgs/include/px4_msgs/px4_msgs/msg/detail/lateral_control_configuration__struct.h\n'}
[2.523888] (px4_msgs) StdoutLine: {'line': b'-- Up-to-date symlink: /home/maanavjugalshah/SwarmAero/ros2_ws/install/px4_msgs/include/px4_msgs/px4_msgs/msg/detail/lateral_control_configuration__type_support.h\n'}
[2.524044] (px4_msgs) StdoutLine: {'line': b'-- Up-to-date symlink: /home/maanavjugalshah/SwarmAero/ros2_ws/install/px4_msgs/include/px4_msgs/px4_msgs/msg/detail/launch_detection_status__functions.h\n'}
[2.524219] (px4_msgs) StdoutLine: {'line': b'-- Up-to-date symlink: /home/maanavjugalshah/SwarmAero/ros2_ws/install/px4_msgs/include/px4_msgs/px4_msgs/msg/detail/launch_detection_status__struct.h\n'}
[2.524265] (px4_msgs) StdoutLine: {'line': b'-- Up-to-date symlink: /home/maanavjugalshah/SwarmAero/ros2_ws/install/px4_msgs/include/px4_msgs/px4_msgs/msg/detail/launch_detection_status__type_support.h\n'}
[2.524641] (px4_msgs) StdoutLine: {'line': b'-- Up-to-date symlink: /home/maanavjugalshah/SwarmAero/ros2_ws/install/px4_msgs/include/px4_msgs/px4_msgs/msg/detail/led_control__functions.h\n'}
[2.525123] (px4_msgs) StdoutLine: {'line': b'-- Up-to-date symlink: /home/maanavjugalshah/SwarmAero/ros2_ws/install/px4_msgs/include/px4_msgs/px4_msgs/msg/detail/led_control__struct.h\n'}
[2.525442] (px4_msgs) StdoutLine: {'line': b'-- Up-to-date symlink: /home/maanavjugalshah/SwarmAero/ros2_ws/install/px4_msgs/include/px4_msgs/px4_msgs/msg/detail/led_control__type_support.h\n'}
[2.525728] (px4_msgs) StdoutLine: {'line': b'-- Up-to-date symlink: /home/maanavjugalshah/SwarmAero/ros2_ws/install/px4_msgs/include/px4_msgs/px4_msgs/msg/detail/log_message__functions.h\n'}
[2.525843] (px4_msgs) StdoutLine: {'line': b'-- Up-to-date symlink: /home/maanavjugalshah/SwarmAero/ros2_ws/install/px4_msgs/include/px4_msgs/px4_msgs/msg/detail/log_message__struct.h\n'}
[2.525949] (px4_msgs) StdoutLine: {'line': b'-- Up-to-date symlink: /home/maanavjugalshah/SwarmAero/ros2_ws/install/px4_msgs/include/px4_msgs/px4_msgs/msg/detail/log_message__type_support.h\n'}
[2.526119] (px4_msgs) StdoutLine: {'line': b'-- Up-to-date symlink: /home/maanavjugalshah/SwarmAero/ros2_ws/install/px4_msgs/include/px4_msgs/px4_msgs/msg/detail/logger_status__functions.h\n'}
[2.526730] (px4_msgs) StdoutLine: {'line': b'-- Up-to-date symlink: /home/maanavjugalshah/SwarmAero/ros2_ws/install/px4_msgs/include/px4_msgs/px4_msgs/msg/detail/logger_status__struct.h\n'}
[2.526914] (px4_msgs) StdoutLine: {'line': b'-- Up-to-date symlink: /home/maanavjugalshah/SwarmAero/ros2_ws/install/px4_msgs/include/px4_msgs/px4_msgs/msg/detail/logger_status__type_support.h\n'}
[2.527165] (px4_msgs) StdoutLine: {'line': b'-- Up-to-date symlink: /home/maanavjugalshah/SwarmAero/ros2_ws/install/px4_msgs/include/px4_msgs/px4_msgs/msg/detail/longitudinal_control_configuration__functions.h\n'}
[2.527341] (px4_msgs) StdoutLine: {'line': b'-- Up-to-date symlink: /home/maanavjugalshah/SwarmAero/ros2_ws/install/px4_msgs/include/px4_msgs/px4_msgs/msg/detail/longitudinal_control_configuration__struct.h\n'}
[2.527389] (px4_msgs) StdoutLine: {'line': b'-- Up-to-date symlink: /home/maanavjugalshah/SwarmAero/ros2_ws/install/px4_msgs/include/px4_msgs/px4_msgs/msg/detail/longitudinal_control_configuration__type_support.h\n'}
[2.527511] (px4_msgs) StdoutLine: {'line': b'-- Up-to-date symlink: /home/maanavjugalshah/SwarmAero/ros2_ws/install/px4_msgs/include/px4_msgs/px4_msgs/msg/detail/mag_worker_data__functions.h\n'}
[2.527589] (px4_msgs) StdoutLine: {'line': b'-- Up-to-date symlink: /home/maanavjugalshah/SwarmAero/ros2_ws/install/px4_msgs/include/px4_msgs/px4_msgs/msg/detail/mag_worker_data__struct.h\n'}
[2.527832] (px4_msgs) StdoutLine: {'line': b'-- Up-to-date symlink: /home/maanavjugalshah/SwarmAero/ros2_ws/install/px4_msgs/include/px4_msgs/px4_msgs/msg/detail/mag_worker_data__type_support.h\n'}
[2.527954] (px4_msgs) StdoutLine: {'line': b'-- Up-to-date symlink: /home/maanavjugalshah/SwarmAero/ros2_ws/install/px4_msgs/include/px4_msgs/px4_msgs/msg/detail/magnetometer_bias_estimate__functions.h\n'}
[2.528033] (px4_msgs) StdoutLine: {'line': b'-- Up-to-date symlink: /home/maanavjugalshah/SwarmAero/ros2_ws/install/px4_msgs/include/px4_msgs/px4_msgs/msg/detail/magnetometer_bias_estimate__struct.h\n'}
[2.528107] (px4_msgs) StdoutLine: {'line': b'-- Up-to-date symlink: /home/maanavjugalshah/SwarmAero/ros2_ws/install/px4_msgs/include/px4_msgs/px4_msgs/msg/detail/magnetometer_bias_estimate__type_support.h\n'}
[2.528635] (px4_msgs) StdoutLine: {'line': b'-- Up-to-date symlink: /home/maanavjugalshah/SwarmAero/ros2_ws/install/px4_msgs/include/px4_msgs/px4_msgs/msg/detail/manual_control_setpoint__functions.h\n'}
[2.528759] (px4_msgs) StdoutLine: {'line': b'-- Up-to-date symlink: /home/maanavjugalshah/SwarmAero/ros2_ws/install/px4_msgs/include/px4_msgs/px4_msgs/msg/detail/manual_control_setpoint__struct.h\n'}
[2.529296] (px4_msgs) StdoutLine: {'line': b'-- Up-to-date symlink: /home/maanavjugalshah/SwarmAero/ros2_ws/install/px4_msgs/include/px4_msgs/px4_msgs/msg/detail/manual_control_setpoint__type_support.h\n'}
[2.529643] (px4_msgs) StdoutLine: {'line': b'-- Up-to-date symlink: /home/maanavjugalshah/SwarmAero/ros2_ws/install/px4_msgs/include/px4_msgs/px4_msgs/msg/detail/manual_control_switches__functions.h\n'}
[2.529791] (px4_msgs) StdoutLine: {'line': b'-- Up-to-date symlink: /home/maanavjugalshah/SwarmAero/ros2_ws/install/px4_msgs/include/px4_msgs/px4_msgs/msg/detail/manual_control_switches__struct.h\n'}
[2.529836] (px4_msgs) StdoutLine: {'line': b'-- Up-to-date symlink: /home/maanavjugalshah/SwarmAero/ros2_ws/install/px4_msgs/include/px4_msgs/px4_msgs/msg/detail/manual_control_switches__type_support.h\n'}
[2.529933] (px4_msgs) StdoutLine: {'line': b'-- Up-to-date symlink: /home/maanavjugalshah/SwarmAero/ros2_ws/install/px4_msgs/include/px4_msgs/px4_msgs/msg/detail/mavlink_log__functions.h\n'}
[2.530009] (px4_msgs) StdoutLine: {'line': b'-- Up-to-date symlink: /home/maanavjugalshah/SwarmAero/ros2_ws/install/px4_msgs/include/px4_msgs/px4_msgs/msg/detail/mavlink_log__struct.h\n'}
[2.530143] (px4_msgs) StdoutLine: {'line': b'-- Up-to-date symlink: /home/maanavjugalshah/SwarmAero/ros2_ws/install/px4_msgs/include/px4_msgs/px4_msgs/msg/detail/mavlink_log__type_support.h\n'}
[2.530445] (px4_msgs) StdoutLine: {'line': b'-- Up-to-date symlink: /home/maanavjugalshah/SwarmAero/ros2_ws/install/px4_msgs/include/px4_msgs/px4_msgs/msg/detail/mavlink_tunnel__functions.h\n'}
[2.530660] (px4_msgs) StdoutLine: {'line': b'-- Up-to-date symlink: /home/maanavjugalshah/SwarmAero/ros2_ws/install/px4_msgs/include/px4_msgs/px4_msgs/msg/detail/mavlink_tunnel__struct.h\n'}
[2.530785] (px4_msgs) StdoutLine: {'line': b'-- Up-to-date symlink: /home/maanavjugalshah/SwarmAero/ros2_ws/install/px4_msgs/include/px4_msgs/px4_msgs/msg/detail/mavlink_tunnel__type_support.h\n'}
[2.530855] (px4_msgs) StdoutLine: {'line': b'-- Up-to-date symlink: /home/maanavjugalshah/SwarmAero/ros2_ws/install/px4_msgs/include/px4_msgs/px4_msgs/msg/detail/message_format_request__functions.h\n'}
[2.531380] (px4_msgs) StdoutLine: {'line': b'-- Up-to-date symlink: /home/maanavjugalshah/SwarmAero/ros2_ws/install/px4_msgs/include/px4_msgs/px4_msgs/msg/detail/message_format_request__struct.h\n'}
[2.531560] (px4_msgs) StdoutLine: {'line': b'-- Up-to-date symlink: /home/maanavjugalshah/SwarmAero/ros2_ws/install/px4_msgs/include/px4_msgs/px4_msgs/msg/detail/message_format_request__type_support.h\n'}
[2.531730] (px4_msgs) StdoutLine: {'line': b'-- Up-to-date symlink: /home/maanavjugalshah/SwarmAero/ros2_ws/install/px4_msgs/include/px4_msgs/px4_msgs/msg/detail/message_format_response__functions.h\n'}
[2.531922] (px4_msgs) StdoutLine: {'line': b'-- Up-to-date symlink: /home/maanavjugalshah/SwarmAero/ros2_ws/install/px4_msgs/include/px4_msgs/px4_msgs/msg/detail/message_format_response__struct.h\n'}
[2.532072] (px4_msgs) StdoutLine: {'line': b'-- Up-to-date symlink: /home/maanavjugalshah/SwarmAero/ros2_ws/install/px4_msgs/include/px4_msgs/px4_msgs/msg/detail/message_format_response__type_support.h\n'}
[2.532144] (px4_msgs) StdoutLine: {'line': b'-- Up-to-date symlink: /home/maanavjugalshah/SwarmAero/ros2_ws/install/px4_msgs/include/px4_msgs/px4_msgs/msg/detail/mission__functions.h\n'}
[2.532426] (px4_msgs) StdoutLine: {'line': b'-- Up-to-date symlink: /home/maanavjugalshah/SwarmAero/ros2_ws/install/px4_msgs/include/px4_msgs/px4_msgs/msg/detail/mission__struct.h\n'}
[2.532538] (px4_msgs) StdoutLine: {'line': b'-- Up-to-date symlink: /home/maanavjugalshah/SwarmAero/ros2_ws/install/px4_msgs/include/px4_msgs/px4_msgs/msg/detail/mission__type_support.h\n'}
[2.532705] (px4_msgs) StdoutLine: {'line': b'-- Up-to-date symlink: /home/maanavjugalshah/SwarmAero/ros2_ws/install/px4_msgs/include/px4_msgs/px4_msgs/msg/detail/mission_result__functions.h\n'}
[2.532828] (px4_msgs) StdoutLine: {'line': b'-- Up-to-date symlink: /home/maanavjugalshah/SwarmAero/ros2_ws/install/px4_msgs/include/px4_msgs/px4_msgs/msg/detail/mission_result__struct.h\n'}
[2.533358] (px4_msgs) StdoutLine: {'line': b'-- Up-to-date symlink: /home/maanavjugalshah/SwarmAero/ros2_ws/install/px4_msgs/include/px4_msgs/px4_msgs/msg/detail/mission_result__type_support.h\n'}
[2.533566] (px4_msgs) StdoutLine: {'line': b'-- Up-to-date symlink: /home/maanavjugalshah/SwarmAero/ros2_ws/install/px4_msgs/include/px4_msgs/px4_msgs/msg/detail/mode_completed__functions.h\n'}
[2.533649] (px4_msgs) StdoutLine: {'line': b'-- Up-to-date symlink: /home/maanavjugalshah/SwarmAero/ros2_ws/install/px4_msgs/include/px4_msgs/px4_msgs/msg/detail/mode_completed__struct.h\n'}
[2.534043] (px4_msgs) StdoutLine: {'line': b'-- Up-to-date symlink: /home/maanavjugalshah/SwarmAero/ros2_ws/install/px4_msgs/include/px4_msgs/px4_msgs/msg/detail/mode_completed__type_support.h\n'}
[2.534134] (px4_msgs) StdoutLine: {'line': b'-- Up-to-date symlink: /home/maanavjugalshah/SwarmAero/ros2_ws/install/px4_msgs/include/px4_msgs/px4_msgs/msg/detail/mount_orientation__functions.h\n'}
[2.534337] (px4_msgs) StdoutLine: {'line': b'-- Up-to-date symlink: /home/maanavjugalshah/SwarmAero/ros2_ws/install/px4_msgs/include/px4_msgs/px4_msgs/msg/detail/mount_orientation__struct.h\n'}
[2.534479] (px4_msgs) StdoutLine: {'line': b'-- Up-to-date symlink: /home/maanavjugalshah/SwarmAero/ros2_ws/install/px4_msgs/include/px4_msgs/px4_msgs/msg/detail/mount_orientation__type_support.h\n'}
[2.534838] (px4_msgs) StdoutLine: {'line': b'-- Up-to-date symlink: /home/maanavjugalshah/SwarmAero/ros2_ws/install/px4_msgs/include/px4_msgs/px4_msgs/msg/detail/navigator_mission_item__functions.h\n'}
[2.535069] (px4_msgs) StdoutLine: {'line': b'-- Up-to-date symlink: /home/maanavjugalshah/SwarmAero/ros2_ws/install/px4_msgs/include/px4_msgs/px4_msgs/msg/detail/navigator_mission_item__struct.h\n'}
[2.535376] (px4_msgs) StdoutLine: {'line': b'-- Up-to-date symlink: /home/maanavjugalshah/SwarmAero/ros2_ws/install/px4_msgs/include/px4_msgs/px4_msgs/msg/detail/navigator_mission_item__type_support.h\n'}
[2.535519] (px4_msgs) StdoutLine: {'line': b'-- Up-to-date symlink: /home/maanavjugalshah/SwarmAero/ros2_ws/install/px4_msgs/include/px4_msgs/px4_msgs/msg/detail/navigator_status__functions.h\n'}
[2.535669] (px4_msgs) StdoutLine: {'line': b'-- Up-to-date symlink: /home/maanavjugalshah/SwarmAero/ros2_ws/install/px4_msgs/include/px4_msgs/px4_msgs/msg/detail/navigator_status__struct.h\n'}
[2.535941] (px4_msgs) StdoutLine: {'line': b'-- Up-to-date symlink: /home/maanavjugalshah/SwarmAero/ros2_ws/install/px4_msgs/include/px4_msgs/px4_msgs/msg/detail/navigator_status__type_support.h\n'}
[2.536050] (px4_msgs) StdoutLine: {'line': b'-- Up-to-date symlink: /home/maanavjugalshah/SwarmAero/ros2_ws/install/px4_msgs/include/px4_msgs/px4_msgs/msg/detail/neural_control__functions.h\n'}
[2.536168] (px4_msgs) StdoutLine: {'line': b'-- Up-to-date symlink: /home/maanavjugalshah/SwarmAero/ros2_ws/install/px4_msgs/include/px4_msgs/px4_msgs/msg/detail/neural_control__struct.h\n'}
[2.536384] (px4_msgs) StdoutLine: {'line': b'-- Up-to-date symlink: /home/maanavjugalshah/SwarmAero/ros2_ws/install/px4_msgs/include/px4_msgs/px4_msgs/msg/detail/neural_control__type_support.h\n'}
[2.536464] (px4_msgs) StdoutLine: {'line': b'-- Up-to-date symlink: /home/maanavjugalshah/SwarmAero/ros2_ws/install/px4_msgs/include/px4_msgs/px4_msgs/msg/detail/normalized_unsigned_setpoint__functions.h\n'}
[2.536553] (px4_msgs) StdoutLine: {'line': b'-- Up-to-date symlink: /home/maanavjugalshah/SwarmAero/ros2_ws/install/px4_msgs/include/px4_msgs/px4_msgs/msg/detail/normalized_unsigned_setpoint__struct.h\n'}
[2.536627] (px4_msgs) StdoutLine: {'line': b'-- Up-to-date symlink: /home/maanavjugalshah/SwarmAero/ros2_ws/install/px4_msgs/include/px4_msgs/px4_msgs/msg/detail/normalized_unsigned_setpoint__type_support.h\n'}
[2.536751] (px4_msgs) StdoutLine: {'line': b'-- Up-to-date symlink: /home/maanavjugalshah/SwarmAero/ros2_ws/install/px4_msgs/include/px4_msgs/px4_msgs/msg/detail/obstacle_distance__functions.h\n'}
[2.536958] (px4_msgs) StdoutLine: {'line': b'-- Up-to-date symlink: /home/maanavjugalshah/SwarmAero/ros2_ws/install/px4_msgs/include/px4_msgs/px4_msgs/msg/detail/obstacle_distance__struct.h\n'}
[2.537042] (px4_msgs) StdoutLine: {'line': b'-- Up-to-date symlink: /home/maanavjugalshah/SwarmAero/ros2_ws/install/px4_msgs/include/px4_msgs/px4_msgs/msg/detail/obstacle_distance__type_support.h\n'}
[2.537581] (px4_msgs) StdoutLine: {'line': b'-- Up-to-date symlink: /home/maanavjugalshah/SwarmAero/ros2_ws/install/px4_msgs/include/px4_msgs/px4_msgs/msg/detail/offboard_control_mode__functions.h\n'}
[2.537706] (px4_msgs) StdoutLine: {'line': b'-- Up-to-date symlink: /home/maanavjugalshah/SwarmAero/ros2_ws/install/px4_msgs/include/px4_msgs/px4_msgs/msg/detail/offboard_control_mode__struct.h\n'}
[2.537783] (px4_msgs) StdoutLine: {'line': b'-- Up-to-date symlink: /home/maanavjugalshah/SwarmAero/ros2_ws/install/px4_msgs/include/px4_msgs/px4_msgs/msg/detail/offboard_control_mode__type_support.h\n'}
[2.538002] (px4_msgs) StdoutLine: {'line': b'-- Up-to-date symlink: /home/maanavjugalshah/SwarmAero/ros2_ws/install/px4_msgs/include/px4_msgs/px4_msgs/msg/detail/onboard_computer_status__functions.h\n'}
[2.538287] (px4_msgs) StdoutLine: {'line': b'-- Up-to-date symlink: /home/maanavjugalshah/SwarmAero/ros2_ws/install/px4_msgs/include/px4_msgs/px4_msgs/msg/detail/onboard_computer_status__struct.h\n'}
[2.538399] (px4_msgs) StdoutLine: {'line': b'-- Up-to-date symlink: /home/maanavjugalshah/SwarmAero/ros2_ws/install/px4_msgs/include/px4_msgs/px4_msgs/msg/detail/onboard_computer_status__type_support.h\n'}
[2.538842] (px4_msgs) StdoutLine: {'line': b'-- Up-to-date symlink: /home/maanavjugalshah/SwarmAero/ros2_ws/install/px4_msgs/include/px4_msgs/px4_msgs/msg/detail/open_drone_id_arm_status__functions.h\n'}
[2.539002] (px4_msgs) StdoutLine: {'line': b'-- Up-to-date symlink: /home/maanavjugalshah/SwarmAero/ros2_ws/install/px4_msgs/include/px4_msgs/px4_msgs/msg/detail/open_drone_id_arm_status__struct.h\n'}
[2.539124] (px4_msgs) StdoutLine: {'line': b'-- Up-to-date symlink: /home/maanavjugalshah/SwarmAero/ros2_ws/install/px4_msgs/include/px4_msgs/px4_msgs/msg/detail/open_drone_id_arm_status__type_support.h\n'}
[2.539176] (px4_msgs) StdoutLine: {'line': b'-- Up-to-date symlink: /home/maanavjugalshah/SwarmAero/ros2_ws/install/px4_msgs/include/px4_msgs/px4_msgs/msg/detail/open_drone_id_operator_id__functions.h\n'}
[2.539313] (px4_msgs) StdoutLine: {'line': b'-- Up-to-date symlink: /home/maanavjugalshah/SwarmAero/ros2_ws/install/px4_msgs/include/px4_msgs/px4_msgs/msg/detail/open_drone_id_operator_id__struct.h\n'}
[2.539414] (px4_msgs) StdoutLine: {'line': b'-- Up-to-date symlink: /home/maanavjugalshah/SwarmAero/ros2_ws/install/px4_msgs/include/px4_msgs/px4_msgs/msg/detail/open_drone_id_operator_id__type_support.h\n'}
[2.539527] (px4_msgs) StdoutLine: {'line': b'-- Up-to-date symlink: /home/maanavjugalshah/SwarmAero/ros2_ws/install/px4_msgs/include/px4_msgs/px4_msgs/msg/detail/open_drone_id_self_id__functions.h\n'}
[2.539651] (px4_msgs) StdoutLine: {'line': b'-- Up-to-date symlink: /home/maanavjugalshah/SwarmAero/ros2_ws/install/px4_msgs/include/px4_msgs/px4_msgs/msg/detail/open_drone_id_self_id__struct.h\n'}
[2.539837] (px4_msgs) StdoutLine: {'line': b'-- Up-to-date symlink: /home/maanavjugalshah/SwarmAero/ros2_ws/install/px4_msgs/include/px4_msgs/px4_msgs/msg/detail/open_drone_id_self_id__type_support.h\n'}
[2.540032] (px4_msgs) StdoutLine: {'line': b'-- Up-to-date symlink: /home/maanavjugalshah/SwarmAero/ros2_ws/install/px4_msgs/include/px4_msgs/px4_msgs/msg/detail/open_drone_id_system__functions.h\n'}
[2.540183] (px4_msgs) StdoutLine: {'line': b'-- Up-to-date symlink: /home/maanavjugalshah/SwarmAero/ros2_ws/install/px4_msgs/include/px4_msgs/px4_msgs/msg/detail/open_drone_id_system__struct.h\n'}
[2.540256] (px4_msgs) StdoutLine: {'line': b'-- Up-to-date symlink: /home/maanavjugalshah/SwarmAero/ros2_ws/install/px4_msgs/include/px4_msgs/px4_msgs/msg/detail/open_drone_id_system__type_support.h\n'}
[2.540390] (px4_msgs) StdoutLine: {'line': b'-- Up-to-date symlink: /home/maanavjugalshah/SwarmAero/ros2_ws/install/px4_msgs/include/px4_msgs/px4_msgs/msg/detail/orb_test__functions.h\n'}
[2.540462] (px4_msgs) StdoutLine: {'line': b'-- Up-to-date symlink: /home/maanavjugalshah/SwarmAero/ros2_ws/install/px4_msgs/include/px4_msgs/px4_msgs/msg/detail/orb_test__struct.h\n'}
[2.540669] (px4_msgs) StdoutLine: {'line': b'-- Up-to-date symlink: /home/maanavjugalshah/SwarmAero/ros2_ws/install/px4_msgs/include/px4_msgs/px4_msgs/msg/detail/orb_test__type_support.h\n'}
[2.540782] (px4_msgs) StdoutLine: {'line': b'-- Up-to-date symlink: /home/maanavjugalshah/SwarmAero/ros2_ws/install/px4_msgs/include/px4_msgs/px4_msgs/msg/detail/orb_test_large__functions.h\n'}
[2.540901] (px4_msgs) StdoutLine: {'line': b'-- Up-to-date symlink: /home/maanavjugalshah/SwarmAero/ros2_ws/install/px4_msgs/include/px4_msgs/px4_msgs/msg/detail/orb_test_large__struct.h\n'}
[2.541093] (px4_msgs) StdoutLine: {'line': b'-- Up-to-date symlink: /home/maanavjugalshah/SwarmAero/ros2_ws/install/px4_msgs/include/px4_msgs/px4_msgs/msg/detail/orb_test_large__type_support.h\n'}
[2.541143] (px4_msgs) StdoutLine: {'line': b'-- Up-to-date symlink: /home/maanavjugalshah/SwarmAero/ros2_ws/install/px4_msgs/include/px4_msgs/px4_msgs/msg/detail/orb_test_medium__functions.h\n'}
[2.541203] (px4_msgs) StdoutLine: {'line': b'-- Up-to-date symlink: /home/maanavjugalshah/SwarmAero/ros2_ws/install/px4_msgs/include/px4_msgs/px4_msgs/msg/detail/orb_test_medium__struct.h\n'}
[2.541320] (px4_msgs) StdoutLine: {'line': b'-- Up-to-date symlink: /home/maanavjugalshah/SwarmAero/ros2_ws/install/px4_msgs/include/px4_msgs/px4_msgs/msg/detail/orb_test_medium__type_support.h\n'}
[2.541499] (px4_msgs) StdoutLine: {'line': b'-- Up-to-date symlink: /home/maanavjugalshah/SwarmAero/ros2_ws/install/px4_msgs/include/px4_msgs/px4_msgs/msg/detail/orbit_status__functions.h\n'}
[2.541563] (px4_msgs) StdoutLine: {'line': b'-- Up-to-date symlink: /home/maanavjugalshah/SwarmAero/ros2_ws/install/px4_msgs/include/px4_msgs/px4_msgs/msg/detail/orbit_status__struct.h\n'}
[2.541601] (px4_msgs) StdoutLine: {'line': b'-- Up-to-date symlink: /home/maanavjugalshah/SwarmAero/ros2_ws/install/px4_msgs/include/px4_msgs/px4_msgs/msg/detail/orbit_status__type_support.h\n'}
[2.541659] (px4_msgs) StdoutLine: {'line': b'-- Up-to-date symlink: /home/maanavjugalshah/SwarmAero/ros2_ws/install/px4_msgs/include/px4_msgs/px4_msgs/msg/detail/parameter_reset_request__functions.h\n'}
[2.541698] (px4_msgs) StdoutLine: {'line': b'-- Up-to-date symlink: /home/maanavjugalshah/SwarmAero/ros2_ws/install/px4_msgs/include/px4_msgs/px4_msgs/msg/detail/parameter_reset_request__struct.h\n'}
[2.541732] (px4_msgs) StdoutLine: {'line': b'-- Up-to-date symlink: /home/maanavjugalshah/SwarmAero/ros2_ws/install/px4_msgs/include/px4_msgs/px4_msgs/msg/detail/parameter_reset_request__type_support.h\n'}
[2.541766] (px4_msgs) StdoutLine: {'line': b'-- Up-to-date symlink: /home/maanavjugalshah/SwarmAero/ros2_ws/install/px4_msgs/include/px4_msgs/px4_msgs/msg/detail/parameter_set_used_request__functions.h\n'}
[2.541799] (px4_msgs) StdoutLine: {'line': b'-- Up-to-date symlink: /home/maanavjugalshah/SwarmAero/ros2_ws/install/px4_msgs/include/px4_msgs/px4_msgs/msg/detail/parameter_set_used_request__struct.h\n'}
[2.541889] (px4_msgs) StdoutLine: {'line': b'-- Up-to-date symlink: /home/maanavjugalshah/SwarmAero/ros2_ws/install/px4_msgs/include/px4_msgs/px4_msgs/msg/detail/parameter_set_used_request__type_support.h\n'}
[2.542139] (px4_msgs) StdoutLine: {'line': b'-- Up-to-date symlink: /home/maanavjugalshah/SwarmAero/ros2_ws/install/px4_msgs/include/px4_msgs/px4_msgs/msg/detail/parameter_set_value_request__functions.h\n'}
[2.542321] (px4_msgs) StdoutLine: {'line': b'-- Up-to-date symlink: /home/maanavjugalshah/SwarmAero/ros2_ws/install/px4_msgs/include/px4_msgs/px4_msgs/msg/detail/parameter_set_value_request__struct.h\n'}
[2.542426] (px4_msgs) StdoutLine: {'line': b'-- Up-to-date symlink: /home/maanavjugalshah/SwarmAero/ros2_ws/install/px4_msgs/include/px4_msgs/px4_msgs/msg/detail/parameter_set_value_request__type_support.h\n'}
[2.542535] (px4_msgs) StdoutLine: {'line': b'-- Up-to-date symlink: /home/maanavjugalshah/SwarmAero/ros2_ws/install/px4_msgs/include/px4_msgs/px4_msgs/msg/detail/parameter_set_value_response__functions.h\n'}
[2.542775] (px4_msgs) StdoutLine: {'line': b'-- Up-to-date symlink: /home/maanavjugalshah/SwarmAero/ros2_ws/install/px4_msgs/include/px4_msgs/px4_msgs/msg/detail/parameter_set_value_response__struct.h\n'}
[2.542925] (px4_msgs) StdoutLine: {'line': b'-- Up-to-date symlink: /home/maanavjugalshah/SwarmAero/ros2_ws/install/px4_msgs/include/px4_msgs/px4_msgs/msg/detail/parameter_set_value_response__type_support.h\n'}
[2.543028] (px4_msgs) StdoutLine: {'line': b'-- Up-to-date symlink: /home/maanavjugalshah/SwarmAero/ros2_ws/install/px4_msgs/include/px4_msgs/px4_msgs/msg/detail/parameter_update__functions.h\n'}
[2.543149] (px4_msgs) StdoutLine: {'line': b'-- Up-to-date symlink: /home/maanavjugalshah/SwarmAero/ros2_ws/install/px4_msgs/include/px4_msgs/px4_msgs/msg/detail/parameter_update__struct.h\n'}
[2.543366] (px4_msgs) StdoutLine: {'line': b'-- Up-to-date symlink: /home/maanavjugalshah/SwarmAero/ros2_ws/install/px4_msgs/include/px4_msgs/px4_msgs/msg/detail/parameter_update__type_support.h\n'}
[2.543625] (px4_msgs) StdoutLine: {'line': b'-- Up-to-date symlink: /home/maanavjugalshah/SwarmAero/ros2_ws/install/px4_msgs/include/px4_msgs/px4_msgs/msg/detail/ping__functions.h\n'}
[2.543847] (px4_msgs) StdoutLine: {'line': b'-- Up-to-date symlink: /home/maanavjugalshah/SwarmAero/ros2_ws/install/px4_msgs/include/px4_msgs/px4_msgs/msg/detail/ping__struct.h\n'}
[2.543979] (px4_msgs) StdoutLine: {'line': b'-- Up-to-date symlink: /home/maanavjugalshah/SwarmAero/ros2_ws/install/px4_msgs/include/px4_msgs/px4_msgs/msg/detail/ping__type_support.h\n'}
[2.544084] (px4_msgs) StdoutLine: {'line': b'-- Up-to-date symlink: /home/maanavjugalshah/SwarmAero/ros2_ws/install/px4_msgs/include/px4_msgs/px4_msgs/msg/detail/position_controller_landing_status__functions.h\n'}
[2.544188] (px4_msgs) StdoutLine: {'line': b'-- Up-to-date symlink: /home/maanavjugalshah/SwarmAero/ros2_ws/install/px4_msgs/include/px4_msgs/px4_msgs/msg/detail/position_controller_landing_status__struct.h\n'}
[2.544275] (px4_msgs) StdoutLine: {'line': b'-- Up-to-date symlink: /home/maanavjugalshah/SwarmAero/ros2_ws/install/px4_msgs/include/px4_msgs/px4_msgs/msg/detail/position_controller_landing_status__type_support.h\n'}
[2.544684] (px4_msgs) StdoutLine: {'line': b'-- Up-to-date symlink: /home/maanavjugalshah/SwarmAero/ros2_ws/install/px4_msgs/include/px4_msgs/px4_msgs/msg/detail/position_controller_status__functions.h\n'}
[2.546204] (px4_msgs) StdoutLine: {'line': b'-- Up-to-date symlink: /home/maanavjugalshah/SwarmAero/ros2_ws/install/px4_msgs/include/px4_msgs/px4_msgs/msg/detail/position_controller_status__struct.h\n'}
[2.547141] (px4_msgs) StdoutLine: {'line': b'-- Up-to-date symlink: /home/maanavjugalshah/SwarmAero/ros2_ws/install/px4_msgs/include/px4_msgs/px4_msgs/msg/detail/position_controller_status__type_support.h\n'}
[2.547206] (px4_msgs) StdoutLine: {'line': b'-- Up-to-date symlink: /home/maanavjugalshah/SwarmAero/ros2_ws/install/px4_msgs/include/px4_msgs/px4_msgs/msg/detail/position_setpoint__functions.h\n'}
[2.547385] (px4_msgs) StdoutLine: {'line': b'-- Up-to-date symlink: /home/maanavjugalshah/SwarmAero/ros2_ws/install/px4_msgs/include/px4_msgs/px4_msgs/msg/detail/position_setpoint__struct.h\n'}
[2.547657] (px4_msgs) StdoutLine: {'line': b'-- Up-to-date symlink: /home/maanavjugalshah/SwarmAero/ros2_ws/install/px4_msgs/include/px4_msgs/px4_msgs/msg/detail/position_setpoint__type_support.h\n'}
[2.547786] (px4_msgs) StdoutLine: {'line': b'-- Up-to-date symlink: /home/maanavjugalshah/SwarmAero/ros2_ws/install/px4_msgs/include/px4_msgs/px4_msgs/msg/detail/position_setpoint_triplet__functions.h\n'}
[2.547909] (px4_msgs) StdoutLine: {'line': b'-- Up-to-date symlink: /home/maanavjugalshah/SwarmAero/ros2_ws/install/px4_msgs/include/px4_msgs/px4_msgs/msg/detail/position_setpoint_triplet__struct.h\n'}
[2.547996] (px4_msgs) StdoutLine: {'line': b'-- Up-to-date symlink: /home/maanavjugalshah/SwarmAero/ros2_ws/install/px4_msgs/include/px4_msgs/px4_msgs/msg/detail/position_setpoint_triplet__type_support.h\n'}
[2.548117] (px4_msgs) StdoutLine: {'line': b'-- Up-to-date symlink: /home/maanavjugalshah/SwarmAero/ros2_ws/install/px4_msgs/include/px4_msgs/px4_msgs/msg/detail/power_button_state__functions.h\n'}
[2.548206] (px4_msgs) StdoutLine: {'line': b'-- Up-to-date symlink: /home/maanavjugalshah/SwarmAero/ros2_ws/install/px4_msgs/include/px4_msgs/px4_msgs/msg/detail/power_button_state__struct.h\n'}
[2.548497] (px4_msgs) StdoutLine: {'line': b'-- Up-to-date symlink: /home/maanavjugalshah/SwarmAero/ros2_ws/install/px4_msgs/include/px4_msgs/px4_msgs/msg/detail/power_button_state__type_support.h\n'}
[2.549413] (px4_msgs) StdoutLine: {'line': b'-- Up-to-date symlink: /home/maanavjugalshah/SwarmAero/ros2_ws/install/px4_msgs/include/px4_msgs/px4_msgs/msg/detail/power_monitor__functions.h\n'}
[2.549980] (px4_msgs) StdoutLine: {'line': b'-- Up-to-date symlink: /home/maanavjugalshah/SwarmAero/ros2_ws/install/px4_msgs/include/px4_msgs/px4_msgs/msg/detail/power_monitor__struct.h\n'}
[2.550249] (px4_msgs) StdoutLine: {'line': b'-- Up-to-date symlink: /home/maanavjugalshah/SwarmAero/ros2_ws/install/px4_msgs/include/px4_msgs/px4_msgs/msg/detail/power_monitor__type_support.h\n'}
[2.550581] (px4_msgs) StdoutLine: {'line': b'-- Up-to-date symlink: /home/maanavjugalshah/SwarmAero/ros2_ws/install/px4_msgs/include/px4_msgs/px4_msgs/msg/detail/pps_capture__functions.h\n'}
[2.550948] (px4_msgs) StdoutLine: {'line': b'-- Up-to-date symlink: /home/maanavjugalshah/SwarmAero/ros2_ws/install/px4_msgs/include/px4_msgs/px4_msgs/msg/detail/pps_capture__struct.h\n'}
[2.551416] (px4_msgs) StdoutLine: {'line': b'-- Up-to-date symlink: /home/maanavjugalshah/SwarmAero/ros2_ws/install/px4_msgs/include/px4_msgs/px4_msgs/msg/detail/pps_capture__type_support.h\n'}
[2.551715] (px4_msgs) StdoutLine: {'line': b'-- Up-to-date symlink: /home/maanavjugalshah/SwarmAero/ros2_ws/install/px4_msgs/include/px4_msgs/px4_msgs/msg/detail/pure_pursuit_status__functions.h\n'}
[2.551906] (px4_msgs) StdoutLine: {'line': b'-- Up-to-date symlink: /home/maanavjugalshah/SwarmAero/ros2_ws/install/px4_msgs/include/px4_msgs/px4_msgs/msg/detail/pure_pursuit_status__struct.h\n'}
[2.552062] (px4_msgs) StdoutLine: {'line': b'-- Up-to-date symlink: /home/maanavjugalshah/SwarmAero/ros2_ws/install/px4_msgs/include/px4_msgs/px4_msgs/msg/detail/pure_pursuit_status__type_support.h\n'}
[2.552112] (px4_msgs) StdoutLine: {'line': b'-- Up-to-date symlink: /home/maanavjugalshah/SwarmAero/ros2_ws/install/px4_msgs/include/px4_msgs/px4_msgs/msg/detail/pwm_input__functions.h\n'}
[2.552205] (px4_msgs) StdoutLine: {'line': b'-- Up-to-date symlink: /home/maanavjugalshah/SwarmAero/ros2_ws/install/px4_msgs/include/px4_msgs/px4_msgs/msg/detail/pwm_input__struct.h\n'}
[2.552281] (px4_msgs) StdoutLine: {'line': b'-- Up-to-date symlink: /home/maanavjugalshah/SwarmAero/ros2_ws/install/px4_msgs/include/px4_msgs/px4_msgs/msg/detail/pwm_input__type_support.h\n'}
[2.552537] (px4_msgs) StdoutLine: {'line': b'-- Up-to-date symlink: /home/maanavjugalshah/SwarmAero/ros2_ws/install/px4_msgs/include/px4_msgs/px4_msgs/msg/detail/px4io_status__functions.h\n'}
[2.552759] (px4_msgs) StdoutLine: {'line': b'-- Up-to-date symlink: /home/maanavjugalshah/SwarmAero/ros2_ws/install/px4_msgs/include/px4_msgs/px4_msgs/msg/detail/px4io_status__struct.h\n'}
[2.552810] (px4_msgs) StdoutLine: {'line': b'-- Up-to-date symlink: /home/maanavjugalshah/SwarmAero/ros2_ws/install/px4_msgs/include/px4_msgs/px4_msgs/msg/detail/px4io_status__type_support.h\n'}
[2.552849] (px4_msgs) StdoutLine: {'line': b'-- Up-to-date symlink: /home/maanavjugalshah/SwarmAero/ros2_ws/install/px4_msgs/include/px4_msgs/px4_msgs/msg/detail/qshell_req__functions.h\n'}
[2.552888] (px4_msgs) StdoutLine: {'line': b'-- Up-to-date symlink: /home/maanavjugalshah/SwarmAero/ros2_ws/install/px4_msgs/include/px4_msgs/px4_msgs/msg/detail/qshell_req__struct.h\n'}
[2.552924] (px4_msgs) StdoutLine: {'line': b'-- Up-to-date symlink: /home/maanavjugalshah/SwarmAero/ros2_ws/install/px4_msgs/include/px4_msgs/px4_msgs/msg/detail/qshell_req__type_support.h\n'}
[2.552967] (px4_msgs) StdoutLine: {'line': b'-- Up-to-date symlink: /home/maanavjugalshah/SwarmAero/ros2_ws/install/px4_msgs/include/px4_msgs/px4_msgs/msg/detail/qshell_retval__functions.h\n'}
[2.553006] (px4_msgs) StdoutLine: {'line': b'-- Up-to-date symlink: /home/maanavjugalshah/SwarmAero/ros2_ws/install/px4_msgs/include/px4_msgs/px4_msgs/msg/detail/qshell_retval__struct.h\n'}
[2.553043] (px4_msgs) StdoutLine: {'line': b'-- Up-to-date symlink: /home/maanavjugalshah/SwarmAero/ros2_ws/install/px4_msgs/include/px4_msgs/px4_msgs/msg/detail/qshell_retval__type_support.h\n'}
[2.553079] (px4_msgs) StdoutLine: {'line': b'-- Up-to-date symlink: /home/maanavjugalshah/SwarmAero/ros2_ws/install/px4_msgs/include/px4_msgs/px4_msgs/msg/detail/radio_status__functions.h\n'}
[2.553114] (px4_msgs) StdoutLine: {'line': b'-- Up-to-date symlink: /home/maanavjugalshah/SwarmAero/ros2_ws/install/px4_msgs/include/px4_msgs/px4_msgs/msg/detail/radio_status__struct.h\n'}
[2.553316] (px4_msgs) StdoutLine: {'line': b'-- Up-to-date symlink: /home/maanavjugalshah/SwarmAero/ros2_ws/install/px4_msgs/include/px4_msgs/px4_msgs/msg/detail/radio_status__type_support.h\n'}
[2.553406] (px4_msgs) StdoutLine: {'line': b'-- Up-to-date symlink: /home/maanavjugalshah/SwarmAero/ros2_ws/install/px4_msgs/include/px4_msgs/px4_msgs/msg/detail/ranging_beacon__functions.h\n'}
[2.553509] (px4_msgs) StdoutLine: {'line': b'-- Up-to-date symlink: /home/maanavjugalshah/SwarmAero/ros2_ws/install/px4_msgs/include/px4_msgs/px4_msgs/msg/detail/ranging_beacon__struct.h\n'}
[2.554004] (px4_msgs) StdoutLine: {'line': b'-- Up-to-date symlink: /home/maanavjugalshah/SwarmAero/ros2_ws/install/px4_msgs/include/px4_msgs/px4_msgs/msg/detail/ranging_beacon__type_support.h\n'}
[2.554072] (px4_msgs) StdoutLine: {'line': b'-- Up-to-date symlink: /home/maanavjugalshah/SwarmAero/ros2_ws/install/px4_msgs/include/px4_msgs/px4_msgs/msg/detail/raptor_input__functions.h\n'}
[2.554111] (px4_msgs) StdoutLine: {'line': b'-- Up-to-date symlink: /home/maanavjugalshah/SwarmAero/ros2_ws/install/px4_msgs/include/px4_msgs/px4_msgs/msg/detail/raptor_input__struct.h\n'}
[2.554351] (px4_msgs) StdoutLine: {'line': b'-- Up-to-date symlink: /home/maanavjugalshah/SwarmAero/ros2_ws/install/px4_msgs/include/px4_msgs/px4_msgs/msg/detail/raptor_input__type_support.h\n'}
[2.554581] (px4_msgs) StdoutLine: {'line': b'-- Up-to-date symlink: /home/maanavjugalshah/SwarmAero/ros2_ws/install/px4_msgs/include/px4_msgs/px4_msgs/msg/detail/raptor_status__functions.h\n'}
[2.554658] (px4_msgs) StdoutLine: {'line': b'-- Up-to-date symlink: /home/maanavjugalshah/SwarmAero/ros2_ws/install/px4_msgs/include/px4_msgs/px4_msgs/msg/detail/raptor_status__struct.h\n'}
[2.554780] (px4_msgs) StdoutLine: {'line': b'-- Up-to-date symlink: /home/maanavjugalshah/SwarmAero/ros2_ws/install/px4_msgs/include/px4_msgs/px4_msgs/msg/detail/raptor_status__type_support.h\n'}
[2.554872] (px4_msgs) StdoutLine: {'line': b'-- Up-to-date symlink: /home/maanavjugalshah/SwarmAero/ros2_ws/install/px4_msgs/include/px4_msgs/px4_msgs/msg/detail/rate_ctrl_status__functions.h\n'}
[2.554975] (px4_msgs) StdoutLine: {'line': b'-- Up-to-date symlink: /home/maanavjugalshah/SwarmAero/ros2_ws/install/px4_msgs/include/px4_msgs/px4_msgs/msg/detail/rate_ctrl_status__struct.h\n'}
[2.555175] (px4_msgs) StdoutLine: {'line': b'-- Up-to-date symlink: /home/maanavjugalshah/SwarmAero/ros2_ws/install/px4_msgs/include/px4_msgs/px4_msgs/msg/detail/rate_ctrl_status__type_support.h\n'}
[2.555336] (px4_msgs) StdoutLine: {'line': b'-- Up-to-date symlink: /home/maanavjugalshah/SwarmAero/ros2_ws/install/px4_msgs/include/px4_msgs/px4_msgs/msg/detail/rc_channels__functions.h\n'}
[2.555411] (px4_msgs) StdoutLine: {'line': b'-- Up-to-date symlink: /home/maanavjugalshah/SwarmAero/ros2_ws/install/px4_msgs/include/px4_msgs/px4_msgs/msg/detail/rc_channels__struct.h\n'}
[2.555535] (px4_msgs) StdoutLine: {'line': b'-- Up-to-date symlink: /home/maanavjugalshah/SwarmAero/ros2_ws/install/px4_msgs/include/px4_msgs/px4_msgs/msg/detail/rc_channels__type_support.h\n'}
[2.555825] (px4_msgs) StdoutLine: {'line': b'-- Up-to-date symlink: /home/maanavjugalshah/SwarmAero/ros2_ws/install/px4_msgs/include/px4_msgs/px4_msgs/msg/detail/rc_parameter_map__functions.h\n'}
[2.555918] (px4_msgs) StdoutLine: {'line': b'-- Up-to-date symlink: /home/maanavjugalshah/SwarmAero/ros2_ws/install/px4_msgs/include/px4_msgs/px4_msgs/msg/detail/rc_parameter_map__struct.h\n'}
[2.556084] (px4_msgs) StdoutLine: {'line': b'-- Up-to-date symlink: /home/maanavjugalshah/SwarmAero/ros2_ws/install/px4_msgs/include/px4_msgs/px4_msgs/msg/detail/rc_parameter_map__type_support.h\n'}
[2.556132] (px4_msgs) StdoutLine: {'line': b'-- Up-to-date symlink: /home/maanavjugalshah/SwarmAero/ros2_ws/install/px4_msgs/include/px4_msgs/px4_msgs/msg/detail/register_ext_component_reply__functions.h\n'}
[2.556171] (px4_msgs) StdoutLine: {'line': b'-- Up-to-date symlink: /home/maanavjugalshah/SwarmAero/ros2_ws/install/px4_msgs/include/px4_msgs/px4_msgs/msg/detail/register_ext_component_reply__struct.h\n'}
[2.556240] (px4_msgs) StdoutLine: {'line': b'-- Up-to-date symlink: /home/maanavjugalshah/SwarmAero/ros2_ws/install/px4_msgs/include/px4_msgs/px4_msgs/msg/detail/register_ext_component_reply__type_support.h\n'}
[2.556584] (px4_msgs) StdoutLine: {'line': b'-- Up-to-date symlink: /home/maanavjugalshah/SwarmAero/ros2_ws/install/px4_msgs/include/px4_msgs/px4_msgs/msg/detail/register_ext_component_request__functions.h\n'}
[2.556659] (px4_msgs) StdoutLine: {'line': b'-- Up-to-date symlink: /home/maanavjugalshah/SwarmAero/ros2_ws/install/px4_msgs/include/px4_msgs/px4_msgs/msg/detail/register_ext_component_request__struct.h\n'}
[2.556700] (px4_msgs) StdoutLine: {'line': b'-- Up-to-date symlink: /home/maanavjugalshah/SwarmAero/ros2_ws/install/px4_msgs/include/px4_msgs/px4_msgs/msg/detail/register_ext_component_request__type_support.h\n'}
[2.556818] (px4_msgs) StdoutLine: {'line': b'-- Up-to-date symlink: /home/maanavjugalshah/SwarmAero/ros2_ws/install/px4_msgs/include/px4_msgs/px4_msgs/msg/detail/rover_attitude_setpoint__functions.h\n'}
[2.556947] (px4_msgs) StdoutLine: {'line': b'-- Up-to-date symlink: /home/maanavjugalshah/SwarmAero/ros2_ws/install/px4_msgs/include/px4_msgs/px4_msgs/msg/detail/rover_attitude_setpoint__struct.h\n'}
[2.557082] (px4_msgs) StdoutLine: {'line': b'-- Up-to-date symlink: /home/maanavjugalshah/SwarmAero/ros2_ws/install/px4_msgs/include/px4_msgs/px4_msgs/msg/detail/rover_attitude_setpoint__type_support.h\n'}
[2.557128] (px4_msgs) StdoutLine: {'line': b'-- Up-to-date symlink: /home/maanavjugalshah/SwarmAero/ros2_ws/install/px4_msgs/include/px4_msgs/px4_msgs/msg/detail/rover_attitude_status__functions.h\n'}
[2.557449] (px4_msgs) StdoutLine: {'line': b'-- Up-to-date symlink: /home/maanavjugalshah/SwarmAero/ros2_ws/install/px4_msgs/include/px4_msgs/px4_msgs/msg/detail/rover_attitude_status__struct.h\n'}
[2.557821] (px4_msgs) StdoutLine: {'line': b'-- Up-to-date symlink: /home/maanavjugalshah/SwarmAero/ros2_ws/install/px4_msgs/include/px4_msgs/px4_msgs/msg/detail/rover_attitude_status__type_support.h\n'}
[2.558029] (px4_msgs) StdoutLine: {'line': b'-- Up-to-date symlink: /home/maanavjugalshah/SwarmAero/ros2_ws/install/px4_msgs/include/px4_msgs/px4_msgs/msg/detail/rover_position_setpoint__functions.h\n'}
[2.558162] (px4_msgs) StdoutLine: {'line': b'-- Up-to-date symlink: /home/maanavjugalshah/SwarmAero/ros2_ws/install/px4_msgs/include/px4_msgs/px4_msgs/msg/detail/rover_position_setpoint__struct.h\n'}
[2.558397] (px4_msgs) StdoutLine: {'line': b'-- Up-to-date symlink: /home/maanavjugalshah/SwarmAero/ros2_ws/install/px4_msgs/include/px4_msgs/px4_msgs/msg/detail/rover_position_setpoint__type_support.h\n'}
[2.558665] (px4_msgs) StdoutLine: {'line': b'-- Up-to-date symlink: /home/maanavjugalshah/SwarmAero/ros2_ws/install/px4_msgs/include/px4_msgs/px4_msgs/msg/detail/rover_rate_setpoint__functions.h\n'}
[2.558779] (px4_msgs) StdoutLine: {'line': b'-- Up-to-date symlink: /home/maanavjugalshah/SwarmAero/ros2_ws/install/px4_msgs/include/px4_msgs/px4_msgs/msg/detail/rover_rate_setpoint__struct.h\n'}
[2.558978] (px4_msgs) StdoutLine: {'line': b'-- Up-to-date symlink: /home/maanavjugalshah/SwarmAero/ros2_ws/install/px4_msgs/include/px4_msgs/px4_msgs/msg/detail/rover_rate_setpoint__type_support.h\n'}
[2.559228] (px4_msgs) StdoutLine: {'line': b'-- Up-to-date symlink: /home/maanavjugalshah/SwarmAero/ros2_ws/install/px4_msgs/include/px4_msgs/px4_msgs/msg/detail/rover_rate_status__functions.h\n'}
[2.559336] (px4_msgs) StdoutLine: {'line': b'-- Up-to-date symlink: /home/maanavjugalshah/SwarmAero/ros2_ws/install/px4_msgs/include/px4_msgs/px4_msgs/msg/detail/rover_rate_status__struct.h\n'}
[2.559475] (px4_msgs) StdoutLine: {'line': b'-- Up-to-date symlink: /home/maanavjugalshah/SwarmAero/ros2_ws/install/px4_msgs/include/px4_msgs/px4_msgs/msg/detail/rover_rate_status__type_support.h\n'}
[2.559549] (px4_msgs) StdoutLine: {'line': b'-- Up-to-date symlink: /home/maanavjugalshah/SwarmAero/ros2_ws/install/px4_msgs/include/px4_msgs/px4_msgs/msg/detail/rover_speed_setpoint__functions.h\n'}
[2.559792] (px4_msgs) StdoutLine: {'line': b'-- Up-to-date symlink: /home/maanavjugalshah/SwarmAero/ros2_ws/install/px4_msgs/include/px4_msgs/px4_msgs/msg/detail/rover_speed_setpoint__struct.h\n'}
[2.560013] (px4_msgs) StdoutLine: {'line': b'-- Up-to-date symlink: /home/maanavjugalshah/SwarmAero/ros2_ws/install/px4_msgs/include/px4_msgs/px4_msgs/msg/detail/rover_speed_setpoint__type_support.h\n'}
[2.560476] (px4_msgs) StdoutLine: {'line': b'-- Up-to-date symlink: /home/maanavjugalshah/SwarmAero/ros2_ws/install/px4_msgs/include/px4_msgs/px4_msgs/msg/detail/rover_speed_status__functions.h\n'}
[2.560805] (px4_msgs) StdoutLine: {'line': b'-- Up-to-date symlink: /home/maanavjugalshah/SwarmAero/ros2_ws/install/px4_msgs/include/px4_msgs/px4_msgs/msg/detail/rover_speed_status__struct.h\n'}
[2.560902] (px4_msgs) StdoutLine: {'line': b'-- Up-to-date symlink: /home/maanavjugalshah/SwarmAero/ros2_ws/install/px4_msgs/include/px4_msgs/px4_msgs/msg/detail/rover_speed_status__type_support.h\n'}
[2.560948] (px4_msgs) StdoutLine: {'line': b'-- Up-to-date symlink: /home/maanavjugalshah/SwarmAero/ros2_ws/install/px4_msgs/include/px4_msgs/px4_msgs/msg/detail/rover_steering_setpoint__functions.h\n'}
[2.561176] (px4_msgs) StdoutLine: {'line': b'-- Up-to-date symlink: /home/maanavjugalshah/SwarmAero/ros2_ws/install/px4_msgs/include/px4_msgs/px4_msgs/msg/detail/rover_steering_setpoint__struct.h\n'}
[2.561246] (px4_msgs) StdoutLine: {'line': b'-- Up-to-date symlink: /home/maanavjugalshah/SwarmAero/ros2_ws/install/px4_msgs/include/px4_msgs/px4_msgs/msg/detail/rover_steering_setpoint__type_support.h\n'}
[2.561285] (px4_msgs) StdoutLine: {'line': b'-- Up-to-date symlink: /home/maanavjugalshah/SwarmAero/ros2_ws/install/px4_msgs/include/px4_msgs/px4_msgs/msg/detail/rover_throttle_setpoint__functions.h\n'}
[2.561356] (px4_msgs) StdoutLine: {'line': b'-- Up-to-date symlink: /home/maanavjugalshah/SwarmAero/ros2_ws/install/px4_msgs/include/px4_msgs/px4_msgs/msg/detail/rover_throttle_setpoint__struct.h\n'}
[2.561430] (px4_msgs) StdoutLine: {'line': b'-- Up-to-date symlink: /home/maanavjugalshah/SwarmAero/ros2_ws/install/px4_msgs/include/px4_msgs/px4_msgs/msg/detail/rover_throttle_setpoint__type_support.h\n'}
[2.561629] (px4_msgs) StdoutLine: {'line': b'-- Up-to-date symlink: /home/maanavjugalshah/SwarmAero/ros2_ws/install/px4_msgs/include/px4_msgs/px4_msgs/msg/detail/rpm__functions.h\n'}
[2.561752] (px4_msgs) StdoutLine: {'line': b'-- Up-to-date symlink: /home/maanavjugalshah/SwarmAero/ros2_ws/install/px4_msgs/include/px4_msgs/px4_msgs/msg/detail/rpm__struct.h\n'}
[2.561833] (px4_msgs) StdoutLine: {'line': b'-- Up-to-date symlink: /home/maanavjugalshah/SwarmAero/ros2_ws/install/px4_msgs/include/px4_msgs/px4_msgs/msg/detail/rpm__type_support.h\n'}
[2.561918] (px4_msgs) StdoutLine: {'line': b'-- Up-to-date symlink: /home/maanavjugalshah/SwarmAero/ros2_ws/install/px4_msgs/include/px4_msgs/px4_msgs/msg/detail/rtl_status__functions.h\n'}
[2.562443] (px4_msgs) StdoutLine: {'line': b'-- Up-to-date symlink: /home/maanavjugalshah/SwarmAero/ros2_ws/install/px4_msgs/include/px4_msgs/px4_msgs/msg/detail/rtl_status__struct.h\n'}
[2.562945] (px4_msgs) StdoutLine: {'line': b'-- Up-to-date symlink: /home/maanavjugalshah/SwarmAero/ros2_ws/install/px4_msgs/include/px4_msgs/px4_msgs/msg/detail/rtl_status__type_support.h\n'}
[2.563128] (px4_msgs) StdoutLine: {'line': b'-- Up-to-date symlink: /home/maanavjugalshah/SwarmAero/ros2_ws/install/px4_msgs/include/px4_msgs/px4_msgs/msg/detail/rtl_time_estimate__functions.h\n'}
[2.563309] (px4_msgs) StdoutLine: {'line': b'-- Up-to-date symlink: /home/maanavjugalshah/SwarmAero/ros2_ws/install/px4_msgs/include/px4_msgs/px4_msgs/msg/detail/rtl_time_estimate__struct.h\n'}
[2.563681] (px4_msgs) StdoutLine: {'line': b'-- Up-to-date symlink: /home/maanavjugalshah/SwarmAero/ros2_ws/install/px4_msgs/include/px4_msgs/px4_msgs/msg/detail/rtl_time_estimate__type_support.h\n'}
[2.563804] (px4_msgs) StdoutLine: {'line': b'-- Up-to-date symlink: /home/maanavjugalshah/SwarmAero/ros2_ws/install/px4_msgs/include/px4_msgs/px4_msgs/msg/detail/satellite_info__functions.h\n'}
[2.563918] (px4_msgs) StdoutLine: {'line': b'-- Up-to-date symlink: /home/maanavjugalshah/SwarmAero/ros2_ws/install/px4_msgs/include/px4_msgs/px4_msgs/msg/detail/satellite_info__struct.h\n'}
[2.563974] (px4_msgs) StdoutLine: {'line': b'-- Up-to-date symlink: /home/maanavjugalshah/SwarmAero/ros2_ws/install/px4_msgs/include/px4_msgs/px4_msgs/msg/detail/satellite_info__type_support.h\n'}
[2.564228] (px4_msgs) StdoutLine: {'line': b'-- Up-to-date symlink: /home/maanavjugalshah/SwarmAero/ros2_ws/install/px4_msgs/include/px4_msgs/px4_msgs/msg/detail/sensor_accel__functions.h\n'}
[2.564468] (px4_msgs) StdoutLine: {'line': b'-- Up-to-date symlink: /home/maanavjugalshah/SwarmAero/ros2_ws/install/px4_msgs/include/px4_msgs/px4_msgs/msg/detail/sensor_accel__struct.h\n'}
[2.564564] (px4_msgs) StdoutLine: {'line': b'-- Up-to-date symlink: /home/maanavjugalshah/SwarmAero/ros2_ws/install/px4_msgs/include/px4_msgs/px4_msgs/msg/detail/sensor_accel__type_support.h\n'}
[2.564847] (px4_msgs) StdoutLine: {'line': b'-- Up-to-date symlink: /home/maanavjugalshah/SwarmAero/ros2_ws/install/px4_msgs/include/px4_msgs/px4_msgs/msg/detail/sensor_accel_fifo__functions.h\n'}
[2.565422] (px4_msgs) StdoutLine: {'line': b'-- Up-to-date symlink: /home/maanavjugalshah/SwarmAero/ros2_ws/install/px4_msgs/include/px4_msgs/px4_msgs/msg/detail/sensor_accel_fifo__struct.h\n'}
[2.565903] (px4_msgs) StdoutLine: {'line': b'-- Up-to-date symlink: /home/maanavjugalshah/SwarmAero/ros2_ws/install/px4_msgs/include/px4_msgs/px4_msgs/msg/detail/sensor_accel_fifo__type_support.h\n'}
[2.566038] (px4_msgs) StdoutLine: {'line': b'-- Up-to-date symlink: /home/maanavjugalshah/SwarmAero/ros2_ws/install/px4_msgs/include/px4_msgs/px4_msgs/msg/detail/sensor_airflow__functions.h\n'}
[2.566140] (px4_msgs) StdoutLine: {'line': b'-- Up-to-date symlink: /home/maanavjugalshah/SwarmAero/ros2_ws/install/px4_msgs/include/px4_msgs/px4_msgs/msg/detail/sensor_airflow__struct.h\n'}
[2.566352] (px4_msgs) StdoutLine: {'line': b'-- Up-to-date symlink: /home/maanavjugalshah/SwarmAero/ros2_ws/install/px4_msgs/include/px4_msgs/px4_msgs/msg/detail/sensor_airflow__type_support.h\n'}
[2.566536] (px4_msgs) StdoutLine: {'line': b'-- Up-to-date symlink: /home/maanavjugalshah/SwarmAero/ros2_ws/install/px4_msgs/include/px4_msgs/px4_msgs/msg/detail/sensor_baro__functions.h\n'}
[2.566747] (px4_msgs) StdoutLine: {'line': b'-- Up-to-date symlink: /home/maanavjugalshah/SwarmAero/ros2_ws/install/px4_msgs/include/px4_msgs/px4_msgs/msg/detail/sensor_baro__struct.h\n'}
[2.566898] (px4_msgs) StdoutLine: {'line': b'-- Up-to-date symlink: /home/maanavjugalshah/SwarmAero/ros2_ws/install/px4_msgs/include/px4_msgs/px4_msgs/msg/detail/sensor_baro__type_support.h\n'}
[2.566996] (px4_msgs) StdoutLine: {'line': b'-- Up-to-date symlink: /home/maanavjugalshah/SwarmAero/ros2_ws/install/px4_msgs/include/px4_msgs/px4_msgs/msg/detail/sensor_combined__functions.h\n'}
[2.567038] (px4_msgs) StdoutLine: {'line': b'-- Up-to-date symlink: /home/maanavjugalshah/SwarmAero/ros2_ws/install/px4_msgs/include/px4_msgs/px4_msgs/msg/detail/sensor_combined__struct.h\n'}
[2.567087] (px4_msgs) StdoutLine: {'line': b'-- Up-to-date symlink: /home/maanavjugalshah/SwarmAero/ros2_ws/install/px4_msgs/include/px4_msgs/px4_msgs/msg/detail/sensor_combined__type_support.h\n'}
[2.567678] (px4_msgs) StdoutLine: {'line': b'-- Up-to-date symlink: /home/maanavjugalshah/SwarmAero/ros2_ws/install/px4_msgs/include/px4_msgs/px4_msgs/msg/detail/sensor_correction__functions.h\n'}
[2.567828] (px4_msgs) StdoutLine: {'line': b'-- Up-to-date symlink: /home/maanavjugalshah/SwarmAero/ros2_ws/install/px4_msgs/include/px4_msgs/px4_msgs/msg/detail/sensor_correction__struct.h\n'}
[2.567946] (px4_msgs) StdoutLine: {'line': b'-- Up-to-date symlink: /home/maanavjugalshah/SwarmAero/ros2_ws/install/px4_msgs/include/px4_msgs/px4_msgs/msg/detail/sensor_correction__type_support.h\n'}
[2.568044] (px4_msgs) StdoutLine: {'line': b'-- Up-to-date symlink: /home/maanavjugalshah/SwarmAero/ros2_ws/install/px4_msgs/include/px4_msgs/px4_msgs/msg/detail/sensor_gnss_relative__functions.h\n'}
[2.568129] (px4_msgs) StdoutLine: {'line': b'-- Up-to-date symlink: /home/maanavjugalshah/SwarmAero/ros2_ws/install/px4_msgs/include/px4_msgs/px4_msgs/msg/detail/sensor_gnss_relative__struct.h\n'}
[2.568307] (px4_msgs) StdoutLine: {'line': b'-- Up-to-date symlink: /home/maanavjugalshah/SwarmAero/ros2_ws/install/px4_msgs/include/px4_msgs/px4_msgs/msg/detail/sensor_gnss_relative__type_support.h\n'}
[2.568462] (px4_msgs) StdoutLine: {'line': b'-- Up-to-date symlink: /home/maanavjugalshah/SwarmAero/ros2_ws/install/px4_msgs/include/px4_msgs/px4_msgs/msg/detail/sensor_gnss_status__functions.h\n'}
[2.568552] (px4_msgs) StdoutLine: {'line': b'-- Up-to-date symlink: /home/maanavjugalshah/SwarmAero/ros2_ws/install/px4_msgs/include/px4_msgs/px4_msgs/msg/detail/sensor_gnss_status__struct.h\n'}
[2.568668] (px4_msgs) StdoutLine: {'line': b'-- Up-to-date symlink: /home/maanavjugalshah/SwarmAero/ros2_ws/install/px4_msgs/include/px4_msgs/px4_msgs/msg/detail/sensor_gnss_status__type_support.h\n'}
[2.568708] (px4_msgs) StdoutLine: {'line': b'-- Up-to-date symlink: /home/maanavjugalshah/SwarmAero/ros2_ws/install/px4_msgs/include/px4_msgs/px4_msgs/msg/detail/sensor_gps__functions.h\n'}
[2.568749] (px4_msgs) StdoutLine: {'line': b'-- Up-to-date symlink: /home/maanavjugalshah/SwarmAero/ros2_ws/install/px4_msgs/include/px4_msgs/px4_msgs/msg/detail/sensor_gps__struct.h\n'}
[2.568933] (px4_msgs) StdoutLine: {'line': b'-- Up-to-date symlink: /home/maanavjugalshah/SwarmAero/ros2_ws/install/px4_msgs/include/px4_msgs/px4_msgs/msg/detail/sensor_gps__type_support.h\n'}
[2.569384] (px4_msgs) StdoutLine: {'line': b'-- Up-to-date symlink: /home/maanavjugalshah/SwarmAero/ros2_ws/install/px4_msgs/include/px4_msgs/px4_msgs/msg/detail/sensor_gyro__functions.h\n'}
[2.569487] (px4_msgs) StdoutLine: {'line': b'-- Up-to-date symlink: /home/maanavjugalshah/SwarmAero/ros2_ws/install/px4_msgs/include/px4_msgs/px4_msgs/msg/detail/sensor_gyro__struct.h\n'}
[2.569575] (px4_msgs) StdoutLine: {'line': b'-- Up-to-date symlink: /home/maanavjugalshah/SwarmAero/ros2_ws/install/px4_msgs/include/px4_msgs/px4_msgs/msg/detail/sensor_gyro__type_support.h\n'}
[2.569694] (px4_msgs) StdoutLine: {'line': b'-- Up-to-date symlink: /home/maanavjugalshah/SwarmAero/ros2_ws/install/px4_msgs/include/px4_msgs/px4_msgs/msg/detail/sensor_gyro_fft__functions.h\n'}
[2.570154] (px4_msgs) StdoutLine: {'line': b'-- Up-to-date symlink: /home/maanavjugalshah/SwarmAero/ros2_ws/install/px4_msgs/include/px4_msgs/px4_msgs/msg/detail/sensor_gyro_fft__struct.h\n'}
[2.570438] (px4_msgs) StdoutLine: {'line': b'-- Up-to-date symlink: /home/maanavjugalshah/SwarmAero/ros2_ws/install/px4_msgs/include/px4_msgs/px4_msgs/msg/detail/sensor_gyro_fft__type_support.h\n'}
[2.570502] (px4_msgs) StdoutLine: {'line': b'-- Up-to-date symlink: /home/maanavjugalshah/SwarmAero/ros2_ws/install/px4_msgs/include/px4_msgs/px4_msgs/msg/detail/sensor_gyro_fifo__functions.h\n'}
[2.570544] (px4_msgs) StdoutLine: {'line': b'-- Up-to-date symlink: /home/maanavjugalshah/SwarmAero/ros2_ws/install/px4_msgs/include/px4_msgs/px4_msgs/msg/detail/sensor_gyro_fifo__struct.h\n'}
[2.570581] (px4_msgs) StdoutLine: {'line': b'-- Up-to-date symlink: /home/maanavjugalshah/SwarmAero/ros2_ws/install/px4_msgs/include/px4_msgs/px4_msgs/msg/detail/sensor_gyro_fifo__type_support.h\n'}
[2.570730] (px4_msgs) StdoutLine: {'line': b'-- Up-to-date symlink: /home/maanavjugalshah/SwarmAero/ros2_ws/install/px4_msgs/include/px4_msgs/px4_msgs/msg/detail/sensor_hygrometer__functions.h\n'}
[2.570815] (px4_msgs) StdoutLine: {'line': b'-- Up-to-date symlink: /home/maanavjugalshah/SwarmAero/ros2_ws/install/px4_msgs/include/px4_msgs/px4_msgs/msg/detail/sensor_hygrometer__struct.h\n'}
[2.571162] (px4_msgs) StdoutLine: {'line': b'-- Up-to-date symlink: /home/maanavjugalshah/SwarmAero/ros2_ws/install/px4_msgs/include/px4_msgs/px4_msgs/msg/detail/sensor_hygrometer__type_support.h\n'}
[2.571288] (px4_msgs) StdoutLine: {'line': b'-- Up-to-date symlink: /home/maanavjugalshah/SwarmAero/ros2_ws/install/px4_msgs/include/px4_msgs/px4_msgs/msg/detail/sensor_mag__functions.h\n'}
[2.571409] (px4_msgs) StdoutLine: {'line': b'-- Up-to-date symlink: /home/maanavjugalshah/SwarmAero/ros2_ws/install/px4_msgs/include/px4_msgs/px4_msgs/msg/detail/sensor_mag__struct.h\n'}
[2.571506] (px4_msgs) StdoutLine: {'line': b'-- Up-to-date symlink: /home/maanavjugalshah/SwarmAero/ros2_ws/install/px4_msgs/include/px4_msgs/px4_msgs/msg/detail/sensor_mag__type_support.h\n'}
[2.571700] (px4_msgs) StdoutLine: {'line': b'-- Up-to-date symlink: /home/maanavjugalshah/SwarmAero/ros2_ws/install/px4_msgs/include/px4_msgs/px4_msgs/msg/detail/sensor_optical_flow__functions.h\n'}
[2.571805] (px4_msgs) StdoutLine: {'line': b'-- Up-to-date symlink: /home/maanavjugalshah/SwarmAero/ros2_ws/install/px4_msgs/include/px4_msgs/px4_msgs/msg/detail/sensor_optical_flow__struct.h\n'}
[2.571892] (px4_msgs) StdoutLine: {'line': b'-- Up-to-date symlink: /home/maanavjugalshah/SwarmAero/ros2_ws/install/px4_msgs/include/px4_msgs/px4_msgs/msg/detail/sensor_optical_flow__type_support.h\n'}
[2.572000] (px4_msgs) StdoutLine: {'line': b'-- Up-to-date symlink: /home/maanavjugalshah/SwarmAero/ros2_ws/install/px4_msgs/include/px4_msgs/px4_msgs/msg/detail/sensor_preflight_mag__functions.h\n'}
[2.572104] (px4_msgs) StdoutLine: {'line': b'-- Up-to-date symlink: /home/maanavjugalshah/SwarmAero/ros2_ws/install/px4_msgs/include/px4_msgs/px4_msgs/msg/detail/sensor_preflight_mag__struct.h\n'}
[2.572195] (px4_msgs) StdoutLine: {'line': b'-- Up-to-date symlink: /home/maanavjugalshah/SwarmAero/ros2_ws/install/px4_msgs/include/px4_msgs/px4_msgs/msg/detail/sensor_preflight_mag__type_support.h\n'}
[2.572264] (px4_msgs) StdoutLine: {'line': b'-- Up-to-date symlink: /home/maanavjugalshah/SwarmAero/ros2_ws/install/px4_msgs/include/px4_msgs/px4_msgs/msg/detail/sensor_selection__functions.h\n'}
[2.572481] (px4_msgs) StdoutLine: {'line': b'-- Up-to-date symlink: /home/maanavjugalshah/SwarmAero/ros2_ws/install/px4_msgs/include/px4_msgs/px4_msgs/msg/detail/sensor_selection__struct.h\n'}
[2.572720] (px4_msgs) StdoutLine: {'line': b'-- Up-to-date symlink: /home/maanavjugalshah/SwarmAero/ros2_ws/install/px4_msgs/include/px4_msgs/px4_msgs/msg/detail/sensor_selection__type_support.h\n'}
[2.572995] (px4_msgs) StdoutLine: {'line': b'-- Up-to-date symlink: /home/maanavjugalshah/SwarmAero/ros2_ws/install/px4_msgs/include/px4_msgs/px4_msgs/msg/detail/sensor_temp__functions.h\n'}
[2.573100] (px4_msgs) StdoutLine: {'line': b'-- Up-to-date symlink: /home/maanavjugalshah/SwarmAero/ros2_ws/install/px4_msgs/include/px4_msgs/px4_msgs/msg/detail/sensor_temp__struct.h\n'}
[2.573189] (px4_msgs) StdoutLine: {'line': b'-- Up-to-date symlink: /home/maanavjugalshah/SwarmAero/ros2_ws/install/px4_msgs/include/px4_msgs/px4_msgs/msg/detail/sensor_temp__type_support.h\n'}
[2.573285] (px4_msgs) StdoutLine: {'line': b'-- Up-to-date symlink: /home/maanavjugalshah/SwarmAero/ros2_ws/install/px4_msgs/include/px4_msgs/px4_msgs/msg/detail/sensor_uwb__functions.h\n'}
[2.573361] (px4_msgs) StdoutLine: {'line': b'-- Up-to-date symlink: /home/maanavjugalshah/SwarmAero/ros2_ws/install/px4_msgs/include/px4_msgs/px4_msgs/msg/detail/sensor_uwb__struct.h\n'}
[2.573844] (px4_msgs) StdoutLine: {'line': b'-- Up-to-date symlink: /home/maanavjugalshah/SwarmAero/ros2_ws/install/px4_msgs/include/px4_msgs/px4_msgs/msg/detail/sensor_uwb__type_support.h\n'}
[2.574221] (px4_msgs) StdoutLine: {'line': b'-- Up-to-date symlink: /home/maanavjugalshah/SwarmAero/ros2_ws/install/px4_msgs/include/px4_msgs/px4_msgs/msg/detail/sensors_status__functions.h\n'}
[2.574573] (px4_msgs) StdoutLine: {'line': b'-- Up-to-date symlink: /home/maanavjugalshah/SwarmAero/ros2_ws/install/px4_msgs/include/px4_msgs/px4_msgs/msg/detail/sensors_status__struct.h\n'}
[2.574709] (px4_msgs) StdoutLine: {'line': b'-- Up-to-date symlink: /home/maanavjugalshah/SwarmAero/ros2_ws/install/px4_msgs/include/px4_msgs/px4_msgs/msg/detail/sensors_status__type_support.h\n'}
[2.574904] (px4_msgs) StdoutLine: {'line': b'-- Up-to-date symlink: /home/maanavjugalshah/SwarmAero/ros2_ws/install/px4_msgs/include/px4_msgs/px4_msgs/msg/detail/sensors_status_imu__functions.h\n'}
[2.575007] (px4_msgs) StdoutLine: {'line': b'-- Up-to-date symlink: /home/maanavjugalshah/SwarmAero/ros2_ws/install/px4_msgs/include/px4_msgs/px4_msgs/msg/detail/sensors_status_imu__struct.h\n'}
[2.575242] (px4_msgs) StdoutLine: {'line': b'-- Up-to-date symlink: /home/maanavjugalshah/SwarmAero/ros2_ws/install/px4_msgs/include/px4_msgs/px4_msgs/msg/detail/sensors_status_imu__type_support.h\n'}
[2.575720] (px4_msgs) StdoutLine: {'line': b'-- Up-to-date symlink: /home/maanavjugalshah/SwarmAero/ros2_ws/install/px4_msgs/include/px4_msgs/px4_msgs/msg/detail/system_power__functions.h\n'}
[2.575821] (px4_msgs) StdoutLine: {'line': b'-- Up-to-date symlink: /home/maanavjugalshah/SwarmAero/ros2_ws/install/px4_msgs/include/px4_msgs/px4_msgs/msg/detail/system_power__struct.h\n'}
[2.576017] (px4_msgs) StdoutLine: {'line': b'-- Up-to-date symlink: /home/maanavjugalshah/SwarmAero/ros2_ws/install/px4_msgs/include/px4_msgs/px4_msgs/msg/detail/system_power__type_support.h\n'}
[2.576130] (px4_msgs) StdoutLine: {'line': b'-- Up-to-date symlink: /home/maanavjugalshah/SwarmAero/ros2_ws/install/px4_msgs/include/px4_msgs/px4_msgs/msg/detail/takeoff_status__functions.h\n'}
[2.576335] (px4_msgs) StdoutLine: {'line': b'-- Up-to-date symlink: /home/maanavjugalshah/SwarmAero/ros2_ws/install/px4_msgs/include/px4_msgs/px4_msgs/msg/detail/takeoff_status__struct.h\n'}
[2.577003] (px4_msgs) StdoutLine: {'line': b'-- Up-to-date symlink: /home/maanavjugalshah/SwarmAero/ros2_ws/install/px4_msgs/include/px4_msgs/px4_msgs/msg/detail/takeoff_status__type_support.h\n'}
[2.577306] (px4_msgs) StdoutLine: {'line': b'-- Up-to-date symlink: /home/maanavjugalshah/SwarmAero/ros2_ws/install/px4_msgs/include/px4_msgs/px4_msgs/msg/detail/task_stack_info__functions.h\n'}
[2.578036] (px4_msgs) StdoutLine: {'line': b'-- Up-to-date symlink: /home/maanavjugalshah/SwarmAero/ros2_ws/install/px4_msgs/include/px4_msgs/px4_msgs/msg/detail/task_stack_info__struct.h\n'}
[2.578610] (px4_msgs) StdoutLine: {'line': b'-- Up-to-date symlink: /home/maanavjugalshah/SwarmAero/ros2_ws/install/px4_msgs/include/px4_msgs/px4_msgs/msg/detail/task_stack_info__type_support.h\n'}
[2.579322] (px4_msgs) StdoutLine: {'line': b'-- Up-to-date symlink: /home/maanavjugalshah/SwarmAero/ros2_ws/install/px4_msgs/include/px4_msgs/px4_msgs/msg/detail/tecs_status__functions.h\n'}
[2.579662] (px4_msgs) StdoutLine: {'line': b'-- Up-to-date symlink: /home/maanavjugalshah/SwarmAero/ros2_ws/install/px4_msgs/include/px4_msgs/px4_msgs/msg/detail/tecs_status__struct.h\n'}
[2.579750] (px4_msgs) StdoutLine: {'line': b'-- Up-to-date symlink: /home/maanavjugalshah/SwarmAero/ros2_ws/install/px4_msgs/include/px4_msgs/px4_msgs/msg/detail/tecs_status__type_support.h\n'}
[2.579823] (px4_msgs) StdoutLine: {'line': b'-- Up-to-date symlink: /home/maanavjugalshah/SwarmAero/ros2_ws/install/px4_msgs/include/px4_msgs/px4_msgs/msg/detail/telemetry_status__functions.h\n'}
[2.579868] (px4_msgs) StdoutLine: {'line': b'-- Up-to-date symlink: /home/maanavjugalshah/SwarmAero/ros2_ws/install/px4_msgs/include/px4_msgs/px4_msgs/msg/detail/telemetry_status__struct.h\n'}
[2.579907] (px4_msgs) StdoutLine: {'line': b'-- Up-to-date symlink: /home/maanavjugalshah/SwarmAero/ros2_ws/install/px4_msgs/include/px4_msgs/px4_msgs/msg/detail/telemetry_status__type_support.h\n'}
[2.579972] (px4_msgs) StdoutLine: {'line': b'-- Up-to-date symlink: /home/maanavjugalshah/SwarmAero/ros2_ws/install/px4_msgs/include/px4_msgs/px4_msgs/msg/detail/tiltrotor_extra_controls__functions.h\n'}
[2.580045] (px4_msgs) StdoutLine: {'line': b'-- Up-to-date symlink: /home/maanavjugalshah/SwarmAero/ros2_ws/install/px4_msgs/include/px4_msgs/px4_msgs/msg/detail/tiltrotor_extra_controls__struct.h\n'}
[2.580121] (px4_msgs) StdoutLine: {'line': b'-- Up-to-date symlink: /home/maanavjugalshah/SwarmAero/ros2_ws/install/px4_msgs/include/px4_msgs/px4_msgs/msg/detail/tiltrotor_extra_controls__type_support.h\n'}
[2.580169] (px4_msgs) StdoutLine: {'line': b'-- Up-to-date symlink: /home/maanavjugalshah/SwarmAero/ros2_ws/install/px4_msgs/include/px4_msgs/px4_msgs/msg/detail/timesync_status__functions.h\n'}
[2.580222] (px4_msgs) StdoutLine: {'line': b'-- Up-to-date symlink: /home/maanavjugalshah/SwarmAero/ros2_ws/install/px4_msgs/include/px4_msgs/px4_msgs/msg/detail/timesync_status__struct.h\n'}
[2.580373] (px4_msgs) StdoutLine: {'line': b'-- Up-to-date symlink: /home/maanavjugalshah/SwarmAero/ros2_ws/install/px4_msgs/include/px4_msgs/px4_msgs/msg/detail/timesync_status__type_support.h\n'}
[2.580458] (px4_msgs) StdoutLine: {'line': b'-- Up-to-date symlink: /home/maanavjugalshah/SwarmAero/ros2_ws/install/px4_msgs/include/px4_msgs/px4_msgs/msg/detail/trajectory_setpoint6dof__functions.h\n'}
[2.580530] (px4_msgs) StdoutLine: {'line': b'-- Up-to-date symlink: /home/maanavjugalshah/SwarmAero/ros2_ws/install/px4_msgs/include/px4_msgs/px4_msgs/msg/detail/trajectory_setpoint6dof__struct.h\n'}
[2.580870] (px4_msgs) StdoutLine: {'line': b'-- Up-to-date symlink: /home/maanavjugalshah/SwarmAero/ros2_ws/install/px4_msgs/include/px4_msgs/px4_msgs/msg/detail/trajectory_setpoint6dof__type_support.h\n'}
[2.581015] (px4_msgs) StdoutLine: {'line': b'-- Up-to-date symlink: /home/maanavjugalshah/SwarmAero/ros2_ws/install/px4_msgs/include/px4_msgs/px4_msgs/msg/detail/trajectory_setpoint__functions.h\n'}
[2.581165] (px4_msgs) StdoutLine: {'line': b'-- Up-to-date symlink: /home/maanavjugalshah/SwarmAero/ros2_ws/install/px4_msgs/include/px4_msgs/px4_msgs/msg/detail/trajectory_setpoint__struct.h\n'}
[2.581289] (px4_msgs) StdoutLine: {'line': b'-- Up-to-date symlink: /home/maanavjugalshah/SwarmAero/ros2_ws/install/px4_msgs/include/px4_msgs/px4_msgs/msg/detail/trajectory_setpoint__type_support.h\n'}
[2.583767] (px4_msgs) StdoutLine: {'line': b'-- Up-to-date symlink: /home/maanavjugalshah/SwarmAero/ros2_ws/install/px4_msgs/include/px4_msgs/px4_msgs/msg/detail/transponder_report__functions.h\n'}
[2.583911] (px4_msgs) StdoutLine: {'line': b'-- Up-to-date symlink: /home/maanavjugalshah/SwarmAero/ros2_ws/install/px4_msgs/include/px4_msgs/px4_msgs/msg/detail/transponder_report__struct.h\n'}
[2.583954] (px4_msgs) StdoutLine: {'line': b'-- Up-to-date symlink: /home/maanavjugalshah/SwarmAero/ros2_ws/install/px4_msgs/include/px4_msgs/px4_msgs/msg/detail/transponder_report__type_support.h\n'}
[2.584443] (px4_msgs) StdoutLine: {'line': b'-- Up-to-date symlink: /home/maanavjugalshah/SwarmAero/ros2_ws/install/px4_msgs/include/px4_msgs/px4_msgs/msg/detail/tune_control__functions.h\n'}
[2.584493] (px4_msgs) StdoutLine: {'line': b'-- Up-to-date symlink: /home/maanavjugalshah/SwarmAero/ros2_ws/install/px4_msgs/include/px4_msgs/px4_msgs/msg/detail/tune_control__struct.h\n'}
[2.584533] (px4_msgs) StdoutLine: {'line': b'-- Up-to-date symlink: /home/maanavjugalshah/SwarmAero/ros2_ws/install/px4_msgs/include/px4_msgs/px4_msgs/msg/detail/tune_control__type_support.h\n'}
[2.585021] (px4_msgs) StdoutLine: {'line': b'-- Up-to-date symlink: /home/maanavjugalshah/SwarmAero/ros2_ws/install/px4_msgs/include/px4_msgs/px4_msgs/msg/detail/uavcan_parameter_request__functions.h\n'}
[2.585066] (px4_msgs) StdoutLine: {'line': b'-- Up-to-date symlink: /home/maanavjugalshah/SwarmAero/ros2_ws/install/px4_msgs/include/px4_msgs/px4_msgs/msg/detail/uavcan_parameter_request__struct.h\n'}
[2.585478] (px4_msgs) StdoutLine: {'line': b'-- Up-to-date symlink: /home/maanavjugalshah/SwarmAero/ros2_ws/install/px4_msgs/include/px4_msgs/px4_msgs/msg/detail/uavcan_parameter_request__type_support.h\n'}
[2.585574] (px4_msgs) StdoutLine: {'line': b'-- Up-to-date symlink: /home/maanavjugalshah/SwarmAero/ros2_ws/install/px4_msgs/include/px4_msgs/px4_msgs/msg/detail/uavcan_parameter_value__functions.h\n'}
[2.586187] (px4_msgs) StdoutLine: {'line': b'-- Up-to-date symlink: /home/maanavjugalshah/SwarmAero/ros2_ws/install/px4_msgs/include/px4_msgs/px4_msgs/msg/detail/uavcan_parameter_value__struct.h\n'}
[2.586536] (px4_msgs) StdoutLine: {'line': b'-- Up-to-date symlink: /home/maanavjugalshah/SwarmAero/ros2_ws/install/px4_msgs/include/px4_msgs/px4_msgs/msg/detail/uavcan_parameter_value__type_support.h\n'}
[2.586614] (px4_msgs) StdoutLine: {'line': b'-- Up-to-date symlink: /home/maanavjugalshah/SwarmAero/ros2_ws/install/px4_msgs/include/px4_msgs/px4_msgs/msg/detail/ulog_stream__functions.h\n'}
[2.586691] (px4_msgs) StdoutLine: {'line': b'-- Up-to-date symlink: /home/maanavjugalshah/SwarmAero/ros2_ws/install/px4_msgs/include/px4_msgs/px4_msgs/msg/detail/ulog_stream__struct.h\n'}
[2.586730] (px4_msgs) StdoutLine: {'line': b'-- Up-to-date symlink: /home/maanavjugalshah/SwarmAero/ros2_ws/install/px4_msgs/include/px4_msgs/px4_msgs/msg/detail/ulog_stream__type_support.h\n'}
[2.586785] (px4_msgs) StdoutLine: {'line': b'-- Up-to-date symlink: /home/maanavjugalshah/SwarmAero/ros2_ws/install/px4_msgs/include/px4_msgs/px4_msgs/msg/detail/ulog_stream_ack__functions.h\n'}
[2.586821] (px4_msgs) StdoutLine: {'line': b'-- Up-to-date symlink: /home/maanavjugalshah/SwarmAero/ros2_ws/install/px4_msgs/include/px4_msgs/px4_msgs/msg/detail/ulog_stream_ack__struct.h\n'}
[2.586857] (px4_msgs) StdoutLine: {'line': b'-- Up-to-date symlink: /home/maanavjugalshah/SwarmAero/ros2_ws/install/px4_msgs/include/px4_msgs/px4_msgs/msg/detail/ulog_stream_ack__type_support.h\n'}
[2.586893] (px4_msgs) StdoutLine: {'line': b'-- Up-to-date symlink: /home/maanavjugalshah/SwarmAero/ros2_ws/install/px4_msgs/include/px4_msgs/px4_msgs/msg/detail/unregister_ext_component__functions.h\n'}
[2.586937] (px4_msgs) StdoutLine: {'line': b'-- Up-to-date symlink: /home/maanavjugalshah/SwarmAero/ros2_ws/install/px4_msgs/include/px4_msgs/px4_msgs/msg/detail/unregister_ext_component__struct.h\n'}
[2.586971] (px4_msgs) StdoutLine: {'line': b'-- Up-to-date symlink: /home/maanavjugalshah/SwarmAero/ros2_ws/install/px4_msgs/include/px4_msgs/px4_msgs/msg/detail/unregister_ext_component__type_support.h\n'}
[2.587005] (px4_msgs) StdoutLine: {'line': b'-- Up-to-date symlink: /home/maanavjugalshah/SwarmAero/ros2_ws/install/px4_msgs/include/px4_msgs/px4_msgs/msg/detail/vehicle_acceleration__functions.h\n'}
[2.587038] (px4_msgs) StdoutLine: {'line': b'-- Up-to-date symlink: /home/maanavjugalshah/SwarmAero/ros2_ws/install/px4_msgs/include/px4_msgs/px4_msgs/msg/detail/vehicle_acceleration__struct.h\n'}
[2.587202] (px4_msgs) StdoutLine: {'line': b'-- Up-to-date symlink: /home/maanavjugalshah/SwarmAero/ros2_ws/install/px4_msgs/include/px4_msgs/px4_msgs/msg/detail/vehicle_acceleration__type_support.h\n'}
[2.587288] (px4_msgs) StdoutLine: {'line': b'-- Up-to-date symlink: /home/maanavjugalshah/SwarmAero/ros2_ws/install/px4_msgs/include/px4_msgs/px4_msgs/msg/detail/vehicle_air_data__functions.h\n'}
[2.588135] (px4_msgs) StdoutLine: {'line': b'-- Up-to-date symlink: /home/maanavjugalshah/SwarmAero/ros2_ws/install/px4_msgs/include/px4_msgs/px4_msgs/msg/detail/vehicle_air_data__struct.h\n'}
[2.588201] (px4_msgs) StdoutLine: {'line': b'-- Up-to-date symlink: /home/maanavjugalshah/SwarmAero/ros2_ws/install/px4_msgs/include/px4_msgs/px4_msgs/msg/detail/vehicle_air_data__type_support.h\n'}
[2.588243] (px4_msgs) StdoutLine: {'line': b'-- Up-to-date symlink: /home/maanavjugalshah/SwarmAero/ros2_ws/install/px4_msgs/include/px4_msgs/px4_msgs/msg/detail/vehicle_angular_acceleration_setpoint__functions.h\n'}
[2.588280] (px4_msgs) StdoutLine: {'line': b'-- Up-to-date symlink: /home/maanavjugalshah/SwarmAero/ros2_ws/install/px4_msgs/include/px4_msgs/px4_msgs/msg/detail/vehicle_angular_acceleration_setpoint__struct.h\n'}
[2.588317] (px4_msgs) StdoutLine: {'line': b'-- Up-to-date symlink: /home/maanavjugalshah/SwarmAero/ros2_ws/install/px4_msgs/include/px4_msgs/px4_msgs/msg/detail/vehicle_angular_acceleration_setpoint__type_support.h\n'}
[2.588352] (px4_msgs) StdoutLine: {'line': b'-- Up-to-date symlink: /home/maanavjugalshah/SwarmAero/ros2_ws/install/px4_msgs/include/px4_msgs/px4_msgs/msg/detail/vehicle_angular_velocity__functions.h\n'}
[2.588386] (px4_msgs) StdoutLine: {'line': b'-- Up-to-date symlink: /home/maanavjugalshah/SwarmAero/ros2_ws/install/px4_msgs/include/px4_msgs/px4_msgs/msg/detail/vehicle_angular_velocity__struct.h\n'}
[2.588439] (px4_msgs) StdoutLine: {'line': b'-- Up-to-date symlink: /home/maanavjugalshah/SwarmAero/ros2_ws/install/px4_msgs/include/px4_msgs/px4_msgs/msg/detail/vehicle_angular_velocity__type_support.h\n'}
[2.588531] (px4_msgs) StdoutLine: {'line': b'-- Up-to-date symlink: /home/maanavjugalshah/SwarmAero/ros2_ws/install/px4_msgs/include/px4_msgs/px4_msgs/msg/detail/vehicle_attitude__functions.h\n'}
[2.588621] (px4_msgs) StdoutLine: {'line': b'-- Up-to-date symlink: /home/maanavjugalshah/SwarmAero/ros2_ws/install/px4_msgs/include/px4_msgs/px4_msgs/msg/detail/vehicle_attitude__struct.h\n'}
[2.588699] (px4_msgs) StdoutLine: {'line': b'-- Up-to-date symlink: /home/maanavjugalshah/SwarmAero/ros2_ws/install/px4_msgs/include/px4_msgs/px4_msgs/msg/detail/vehicle_attitude__type_support.h\n'}
[2.588769] (px4_msgs) StdoutLine: {'line': b'-- Up-to-date symlink: /home/maanavjugalshah/SwarmAero/ros2_ws/install/px4_msgs/include/px4_msgs/px4_msgs/msg/detail/vehicle_attitude_setpoint__functions.h\n'}
[2.589042] (px4_msgs) StdoutLine: {'line': b'-- Up-to-date symlink: /home/maanavjugalshah/SwarmAero/ros2_ws/install/px4_msgs/include/px4_msgs/px4_msgs/msg/detail/vehicle_attitude_setpoint__struct.h\n'}
[2.589098] (px4_msgs) StdoutLine: {'line': b'-- Up-to-date symlink: /home/maanavjugalshah/SwarmAero/ros2_ws/install/px4_msgs/include/px4_msgs/px4_msgs/msg/detail/vehicle_attitude_setpoint__type_support.h\n'}
[2.589169] (px4_msgs) StdoutLine: {'line': b'-- Up-to-date symlink: /home/maanavjugalshah/SwarmAero/ros2_ws/install/px4_msgs/include/px4_msgs/px4_msgs/msg/detail/vehicle_command__functions.h\n'}
[2.590146] (px4_msgs) StdoutLine: {'line': b'-- Up-to-date symlink: /home/maanavjugalshah/SwarmAero/ros2_ws/install/px4_msgs/include/px4_msgs/px4_msgs/msg/detail/vehicle_command__struct.h\n'}
[2.590538] (px4_msgs) StdoutLine: {'line': b'-- Up-to-date symlink: /home/maanavjugalshah/SwarmAero/ros2_ws/install/px4_msgs/include/px4_msgs/px4_msgs/msg/detail/vehicle_command__type_support.h\n'}
[2.590657] (px4_msgs) StdoutLine: {'line': b'-- Up-to-date symlink: /home/maanavjugalshah/SwarmAero/ros2_ws/install/px4_msgs/include/px4_msgs/px4_msgs/msg/detail/vehicle_command_ack__functions.h\n'}
[2.590734] (px4_msgs) StdoutLine: {'line': b'-- Up-to-date symlink: /home/maanavjugalshah/SwarmAero/ros2_ws/install/px4_msgs/include/px4_msgs/px4_msgs/msg/detail/vehicle_command_ack__struct.h\n'}
[2.590809] (px4_msgs) StdoutLine: {'line': b'-- Up-to-date symlink: /home/maanavjugalshah/SwarmAero/ros2_ws/install/px4_msgs/include/px4_msgs/px4_msgs/msg/detail/vehicle_command_ack__type_support.h\n'}
[2.590897] (px4_msgs) StdoutLine: {'line': b'-- Up-to-date symlink: /home/maanavjugalshah/SwarmAero/ros2_ws/install/px4_msgs/include/px4_msgs/px4_msgs/msg/detail/vehicle_constraints__functions.h\n'}
[2.591158] (px4_msgs) StdoutLine: {'line': b'-- Up-to-date symlink: /home/maanavjugalshah/SwarmAero/ros2_ws/install/px4_msgs/include/px4_msgs/px4_msgs/msg/detail/vehicle_constraints__struct.h\n'}
[2.591378] (px4_msgs) StdoutLine: {'line': b'-- Up-to-date symlink: /home/maanavjugalshah/SwarmAero/ros2_ws/install/px4_msgs/include/px4_msgs/px4_msgs/msg/detail/vehicle_constraints__type_support.h\n'}
[2.591443] (px4_msgs) StdoutLine: {'line': b'-- Up-to-date symlink: /home/maanavjugalshah/SwarmAero/ros2_ws/install/px4_msgs/include/px4_msgs/px4_msgs/msg/detail/vehicle_control_mode__functions.h\n'}
[2.591529] (px4_msgs) StdoutLine: {'line': b'-- Up-to-date symlink: /home/maanavjugalshah/SwarmAero/ros2_ws/install/px4_msgs/include/px4_msgs/px4_msgs/msg/detail/vehicle_control_mode__struct.h\n'}
[2.591574] (px4_msgs) StdoutLine: {'line': b'-- Up-to-date symlink: /home/maanavjugalshah/SwarmAero/ros2_ws/install/px4_msgs/include/px4_msgs/px4_msgs/msg/detail/vehicle_control_mode__type_support.h\n'}
[2.591611] (px4_msgs) StdoutLine: {'line': b'-- Up-to-date symlink: /home/maanavjugalshah/SwarmAero/ros2_ws/install/px4_msgs/include/px4_msgs/px4_msgs/msg/detail/vehicle_global_position__functions.h\n'}
[2.591649] (px4_msgs) StdoutLine: {'line': b'-- Up-to-date symlink: /home/maanavjugalshah/SwarmAero/ros2_ws/install/px4_msgs/include/px4_msgs/px4_msgs/msg/detail/vehicle_global_position__struct.h\n'}
[2.591684] (px4_msgs) StdoutLine: {'line': b'-- Up-to-date symlink: /home/maanavjugalshah/SwarmAero/ros2_ws/install/px4_msgs/include/px4_msgs/px4_msgs/msg/detail/vehicle_global_position__type_support.h\n'}
[2.591720] (px4_msgs) StdoutLine: {'line': b'-- Up-to-date symlink: /home/maanavjugalshah/SwarmAero/ros2_ws/install/px4_msgs/include/px4_msgs/px4_msgs/msg/detail/vehicle_imu__functions.h\n'}
[2.591808] (px4_msgs) StdoutLine: {'line': b'-- Up-to-date symlink: /home/maanavjugalshah/SwarmAero/ros2_ws/install/px4_msgs/include/px4_msgs/px4_msgs/msg/detail/vehicle_imu__struct.h\n'}
[2.592190] (px4_msgs) StdoutLine: {'line': b'-- Up-to-date symlink: /home/maanavjugalshah/SwarmAero/ros2_ws/install/px4_msgs/include/px4_msgs/px4_msgs/msg/detail/vehicle_imu__type_support.h\n'}
[2.592388] (px4_msgs) StdoutLine: {'line': b'-- Up-to-date symlink: /home/maanavjugalshah/SwarmAero/ros2_ws/install/px4_msgs/include/px4_msgs/px4_msgs/msg/detail/vehicle_imu_status__functions.h\n'}
[2.592439] (px4_msgs) StdoutLine: {'line': b'-- Up-to-date symlink: /home/maanavjugalshah/SwarmAero/ros2_ws/install/px4_msgs/include/px4_msgs/px4_msgs/msg/detail/vehicle_imu_status__struct.h\n'}
[2.592529] (px4_msgs) StdoutLine: {'line': b'-- Up-to-date symlink: /home/maanavjugalshah/SwarmAero/ros2_ws/install/px4_msgs/include/px4_msgs/px4_msgs/msg/detail/vehicle_imu_status__type_support.h\n'}
[2.592643] (px4_msgs) StdoutLine: {'line': b'-- Up-to-date symlink: /home/maanavjugalshah/SwarmAero/ros2_ws/install/px4_msgs/include/px4_msgs/px4_msgs/msg/detail/vehicle_land_detected__functions.h\n'}
[2.592718] (px4_msgs) StdoutLine: {'line': b'-- Up-to-date symlink: /home/maanavjugalshah/SwarmAero/ros2_ws/install/px4_msgs/include/px4_msgs/px4_msgs/msg/detail/vehicle_land_detected__struct.h\n'}
[2.593027] (px4_msgs) StdoutLine: {'line': b'-- Up-to-date symlink: /home/maanavjugalshah/SwarmAero/ros2_ws/install/px4_msgs/include/px4_msgs/px4_msgs/msg/detail/vehicle_land_detected__type_support.h\n'}
[2.593087] (px4_msgs) StdoutLine: {'line': b'-- Up-to-date symlink: /home/maanavjugalshah/SwarmAero/ros2_ws/install/px4_msgs/include/px4_msgs/px4_msgs/msg/detail/vehicle_local_position__functions.h\n'}
[2.593127] (px4_msgs) StdoutLine: {'line': b'-- Up-to-date symlink: /home/maanavjugalshah/SwarmAero/ros2_ws/install/px4_msgs/include/px4_msgs/px4_msgs/msg/detail/vehicle_local_position__struct.h\n'}
[2.593163] (px4_msgs) StdoutLine: {'line': b'-- Up-to-date symlink: /home/maanavjugalshah/SwarmAero/ros2_ws/install/px4_msgs/include/px4_msgs/px4_msgs/msg/detail/vehicle_local_position__type_support.h\n'}
[2.593199] (px4_msgs) StdoutLine: {'line': b'-- Up-to-date symlink: /home/maanavjugalshah/SwarmAero/ros2_ws/install/px4_msgs/include/px4_msgs/px4_msgs/msg/detail/vehicle_local_position_setpoint__functions.h\n'}
[2.593233] (px4_msgs) StdoutLine: {'line': b'-- Up-to-date symlink: /home/maanavjugalshah/SwarmAero/ros2_ws/install/px4_msgs/include/px4_msgs/px4_msgs/msg/detail/vehicle_local_position_setpoint__struct.h\n'}
[2.593267] (px4_msgs) StdoutLine: {'line': b'-- Up-to-date symlink: /home/maanavjugalshah/SwarmAero/ros2_ws/install/px4_msgs/include/px4_msgs/px4_msgs/msg/detail/vehicle_local_position_setpoint__type_support.h\n'}
[2.593340] (px4_msgs) StdoutLine: {'line': b'-- Up-to-date symlink: /home/maanavjugalshah/SwarmAero/ros2_ws/install/px4_msgs/include/px4_msgs/px4_msgs/msg/detail/vehicle_magnetometer__functions.h\n'}
[2.593432] (px4_msgs) StdoutLine: {'line': b'-- Up-to-date symlink: /home/maanavjugalshah/SwarmAero/ros2_ws/install/px4_msgs/include/px4_msgs/px4_msgs/msg/detail/vehicle_magnetometer__struct.h\n'}
[2.593547] (px4_msgs) StdoutLine: {'line': b'-- Up-to-date symlink: /home/maanavjugalshah/SwarmAero/ros2_ws/install/px4_msgs/include/px4_msgs/px4_msgs/msg/detail/vehicle_magnetometer__type_support.h\n'}
[2.593744] (px4_msgs) StdoutLine: {'line': b'-- Up-to-date symlink: /home/maanavjugalshah/SwarmAero/ros2_ws/install/px4_msgs/include/px4_msgs/px4_msgs/msg/detail/vehicle_odometry__functions.h\n'}
[2.593833] (px4_msgs) StdoutLine: {'line': b'-- Up-to-date symlink: /home/maanavjugalshah/SwarmAero/ros2_ws/install/px4_msgs/include/px4_msgs/px4_msgs/msg/detail/vehicle_odometry__struct.h\n'}
[2.593876] (px4_msgs) StdoutLine: {'line': b'-- Up-to-date symlink: /home/maanavjugalshah/SwarmAero/ros2_ws/install/px4_msgs/include/px4_msgs/px4_msgs/msg/detail/vehicle_odometry__type_support.h\n'}
[2.593920] (px4_msgs) StdoutLine: {'line': b'-- Up-to-date symlink: /home/maanavjugalshah/SwarmAero/ros2_ws/install/px4_msgs/include/px4_msgs/px4_msgs/msg/detail/vehicle_optical_flow__functions.h\n'}
[2.593977] (px4_msgs) StdoutLine: {'line': b'-- Up-to-date symlink: /home/maanavjugalshah/SwarmAero/ros2_ws/install/px4_msgs/include/px4_msgs/px4_msgs/msg/detail/vehicle_optical_flow__struct.h\n'}
[2.594302] (px4_msgs) StdoutLine: {'line': b'-- Up-to-date symlink: /home/maanavjugalshah/SwarmAero/ros2_ws/install/px4_msgs/include/px4_msgs/px4_msgs/msg/detail/vehicle_optical_flow__type_support.h\n'}
[2.594360] (px4_msgs) StdoutLine: {'line': b'-- Up-to-date symlink: /home/maanavjugalshah/SwarmAero/ros2_ws/install/px4_msgs/include/px4_msgs/px4_msgs/msg/detail/vehicle_optical_flow_vel__functions.h\n'}
[2.594401] (px4_msgs) StdoutLine: {'line': b'-- Up-to-date symlink: /home/maanavjugalshah/SwarmAero/ros2_ws/install/px4_msgs/include/px4_msgs/px4_msgs/msg/detail/vehicle_optical_flow_vel__struct.h\n'}
[2.594444] (px4_msgs) StdoutLine: {'line': b'-- Up-to-date symlink: /home/maanavjugalshah/SwarmAero/ros2_ws/install/px4_msgs/include/px4_msgs/px4_msgs/msg/detail/vehicle_optical_flow_vel__type_support.h\n'}
[2.594706] (px4_msgs) StdoutLine: {'line': b'-- Up-to-date symlink: /home/maanavjugalshah/SwarmAero/ros2_ws/install/px4_msgs/include/px4_msgs/px4_msgs/msg/detail/vehicle_rates_setpoint__functions.h\n'}
[2.594835] (px4_msgs) StdoutLine: {'line': b'-- Up-to-date symlink: /home/maanavjugalshah/SwarmAero/ros2_ws/install/px4_msgs/include/px4_msgs/px4_msgs/msg/detail/vehicle_rates_setpoint__struct.h\n'}
[2.594901] (px4_msgs) StdoutLine: {'line': b'-- Up-to-date symlink: /home/maanavjugalshah/SwarmAero/ros2_ws/install/px4_msgs/include/px4_msgs/px4_msgs/msg/detail/vehicle_rates_setpoint__type_support.h\n'}
[2.594940] (px4_msgs) StdoutLine: {'line': b'-- Up-to-date symlink: /home/maanavjugalshah/SwarmAero/ros2_ws/install/px4_msgs/include/px4_msgs/px4_msgs/msg/detail/vehicle_roi__functions.h\n'}
[2.594977] (px4_msgs) StdoutLine: {'line': b'-- Up-to-date symlink: /home/maanavjugalshah/SwarmAero/ros2_ws/install/px4_msgs/include/px4_msgs/px4_msgs/msg/detail/vehicle_roi__struct.h\n'}
[2.595011] (px4_msgs) StdoutLine: {'line': b'-- Up-to-date symlink: /home/maanavjugalshah/SwarmAero/ros2_ws/install/px4_msgs/include/px4_msgs/px4_msgs/msg/detail/vehicle_roi__type_support.h\n'}
[2.595045] (px4_msgs) StdoutLine: {'line': b'-- Up-to-date symlink: /home/maanavjugalshah/SwarmAero/ros2_ws/install/px4_msgs/include/px4_msgs/px4_msgs/msg/detail/vehicle_status__functions.h\n'}
[2.595079] (px4_msgs) StdoutLine: {'line': b'-- Up-to-date symlink: /home/maanavjugalshah/SwarmAero/ros2_ws/install/px4_msgs/include/px4_msgs/px4_msgs/msg/detail/vehicle_status__struct.h\n'}
[2.595112] (px4_msgs) StdoutLine: {'line': b'-- Up-to-date symlink: /home/maanavjugalshah/SwarmAero/ros2_ws/install/px4_msgs/include/px4_msgs/px4_msgs/msg/detail/vehicle_status__type_support.h\n'}
[2.595146] (px4_msgs) StdoutLine: {'line': b'-- Up-to-date symlink: /home/maanavjugalshah/SwarmAero/ros2_ws/install/px4_msgs/include/px4_msgs/px4_msgs/msg/detail/vehicle_thrust_setpoint__functions.h\n'}
[2.595180] (px4_msgs) StdoutLine: {'line': b'-- Up-to-date symlink: /home/maanavjugalshah/SwarmAero/ros2_ws/install/px4_msgs/include/px4_msgs/px4_msgs/msg/detail/vehicle_thrust_setpoint__struct.h\n'}
[2.595215] (px4_msgs) StdoutLine: {'line': b'-- Up-to-date symlink: /home/maanavjugalshah/SwarmAero/ros2_ws/install/px4_msgs/include/px4_msgs/px4_msgs/msg/detail/vehicle_thrust_setpoint__type_support.h\n'}
[2.595285] (px4_msgs) StdoutLine: {'line': b'-- Up-to-date symlink: /home/maanavjugalshah/SwarmAero/ros2_ws/install/px4_msgs/include/px4_msgs/px4_msgs/msg/detail/vehicle_torque_setpoint__functions.h\n'}
[2.595767] (px4_msgs) StdoutLine: {'line': b'-- Up-to-date symlink: /home/maanavjugalshah/SwarmAero/ros2_ws/install/px4_msgs/include/px4_msgs/px4_msgs/msg/detail/vehicle_torque_setpoint__struct.h\n'}
[2.595860] (px4_msgs) StdoutLine: {'line': b'-- Up-to-date symlink: /home/maanavjugalshah/SwarmAero/ros2_ws/install/px4_msgs/include/px4_msgs/px4_msgs/msg/detail/vehicle_torque_setpoint__type_support.h\n'}
[2.595903] (px4_msgs) StdoutLine: {'line': b'-- Up-to-date symlink: /home/maanavjugalshah/SwarmAero/ros2_ws/install/px4_msgs/include/px4_msgs/px4_msgs/msg/detail/velocity_limits__functions.h\n'}
[2.595951] (px4_msgs) StdoutLine: {'line': b'-- Up-to-date symlink: /home/maanavjugalshah/SwarmAero/ros2_ws/install/px4_msgs/include/px4_msgs/px4_msgs/msg/detail/velocity_limits__struct.h\n'}
[2.595986] (px4_msgs) StdoutLine: {'line': b'-- Up-to-date symlink: /home/maanavjugalshah/SwarmAero/ros2_ws/install/px4_msgs/include/px4_msgs/px4_msgs/msg/detail/velocity_limits__type_support.h\n'}
[2.596050] (px4_msgs) StdoutLine: {'line': b'-- Up-to-date symlink: /home/maanavjugalshah/SwarmAero/ros2_ws/install/px4_msgs/include/px4_msgs/px4_msgs/msg/detail/vtol_vehicle_status__functions.h\n'}
[2.597438] (px4_msgs) StdoutLine: {'line': b'-- Up-to-date symlink: /home/maanavjugalshah/SwarmAero/ros2_ws/install/px4_msgs/include/px4_msgs/px4_msgs/msg/detail/vtol_vehicle_status__struct.h\n'}
[2.597751] (px4_msgs) StdoutLine: {'line': b'-- Up-to-date symlink: /home/maanavjugalshah/SwarmAero/ros2_ws/install/px4_msgs/include/px4_msgs/px4_msgs/msg/detail/vtol_vehicle_status__type_support.h\n'}
[2.597882] (px4_msgs) StdoutLine: {'line': b'-- Up-to-date symlink: /home/maanavjugalshah/SwarmAero/ros2_ws/install/px4_msgs/include/px4_msgs/px4_msgs/msg/detail/vtx__functions.h\n'}
[2.598010] (px4_msgs) StdoutLine: {'line': b'-- Up-to-date symlink: /home/maanavjugalshah/SwarmAero/ros2_ws/install/px4_msgs/include/px4_msgs/px4_msgs/msg/detail/vtx__struct.h\n'}
[2.598088] (px4_msgs) StdoutLine: {'line': b'-- Up-to-date symlink: /home/maanavjugalshah/SwarmAero/ros2_ws/install/px4_msgs/include/px4_msgs/px4_msgs/msg/detail/vtx__type_support.h\n'}
[2.598398] (px4_msgs) StdoutLine: {'line': b'-- Up-to-date symlink: /home/maanavjugalshah/SwarmAero/ros2_ws/install/px4_msgs/include/px4_msgs/px4_msgs/msg/detail/wheel_encoders__functions.h\n'}
[2.598492] (px4_msgs) StdoutLine: {'line': b'-- Up-to-date symlink: /home/maanavjugalshah/SwarmAero/ros2_ws/install/px4_msgs/include/px4_msgs/px4_msgs/msg/detail/wheel_encoders__struct.h\n'}
[2.598759] (px4_msgs) StdoutLine: {'line': b'-- Up-to-date symlink: /home/maanavjugalshah/SwarmAero/ros2_ws/install/px4_msgs/include/px4_msgs/px4_msgs/msg/detail/wheel_encoders__type_support.h\n'}
[2.598826] (px4_msgs) StdoutLine: {'line': b'-- Up-to-date symlink: /home/maanavjugalshah/SwarmAero/ros2_ws/install/px4_msgs/include/px4_msgs/px4_msgs/msg/detail/wind__functions.h\n'}
[2.599308] (px4_msgs) StdoutLine: {'line': b'-- Up-to-date symlink: /home/maanavjugalshah/SwarmAero/ros2_ws/install/px4_msgs/include/px4_msgs/px4_msgs/msg/detail/wind__struct.h\n'}
[2.599977] (px4_msgs) StdoutLine: {'line': b'-- Up-to-date symlink: /home/maanavjugalshah/SwarmAero/ros2_ws/install/px4_msgs/include/px4_msgs/px4_msgs/msg/detail/wind__type_support.h\n'}
[2.600552] (px4_msgs) StdoutLine: {'line': b'-- Up-to-date symlink: /home/maanavjugalshah/SwarmAero/ros2_ws/install/px4_msgs/include/px4_msgs/px4_msgs/msg/detail/yaw_estimator_status__functions.h\n'}
[2.601048] (px4_msgs) StdoutLine: {'line': b'-- Up-to-date symlink: /home/maanavjugalshah/SwarmAero/ros2_ws/install/px4_msgs/include/px4_msgs/px4_msgs/msg/detail/yaw_estimator_status__struct.h\n'}
[2.601599] (px4_msgs) StdoutLine: {'line': b'-- Up-to-date symlink: /home/maanavjugalshah/SwarmAero/ros2_ws/install/px4_msgs/include/px4_msgs/px4_msgs/msg/detail/yaw_estimator_status__type_support.h\n'}
[2.601968] (px4_msgs) StdoutLine: {'line': b'-- Up-to-date symlink: /home/maanavjugalshah/SwarmAero/ros2_ws/install/px4_msgs/include/px4_msgs/px4_msgs/msg/device_information.h\n'}
[2.602532] (px4_msgs) StdoutLine: {'line': b'-- Up-to-date symlink: /home/maanavjugalshah/SwarmAero/ros2_ws/install/px4_msgs/include/px4_msgs/px4_msgs/msg/differential_pressure.h\n'}
[2.603139] (px4_msgs) StdoutLine: {'line': b'-- Up-to-date symlink: /home/maanavjugalshah/SwarmAero/ros2_ws/install/px4_msgs/include/px4_msgs/px4_msgs/msg/distance_sensor.h\n'}
[2.603255] (px4_msgs) StdoutLine: {'line': b'-- Up-to-date symlink: /home/maanavjugalshah/SwarmAero/ros2_ws/install/px4_msgs/include/px4_msgs/px4_msgs/msg/distance_sensor_mode_change_request.h\n'}
[2.603769] (px4_msgs) StdoutLine: {'line': b'-- Up-to-date symlink: /home/maanavjugalshah/SwarmAero/ros2_ws/install/px4_msgs/include/px4_msgs/px4_msgs/msg/dronecan_node_status.h\n'}
[2.603926] (px4_msgs) StdoutLine: {'line': b'-- Up-to-date symlink: /home/maanavjugalshah/SwarmAero/ros2_ws/install/px4_msgs/include/px4_msgs/px4_msgs/msg/ekf2_timestamps.h\n'}
[2.604277] (px4_msgs) StdoutLine: {'line': b'-- Up-to-date symlink: /home/maanavjugalshah/SwarmAero/ros2_ws/install/px4_msgs/include/px4_msgs/px4_msgs/msg/esc_eeprom_read.h\n'}
[2.604482] (px4_msgs) StdoutLine: {'line': b'-- Up-to-date symlink: /home/maanavjugalshah/SwarmAero/ros2_ws/install/px4_msgs/include/px4_msgs/px4_msgs/msg/esc_eeprom_write.h\n'}
[2.604977] (px4_msgs) StdoutLine: {'line': b'-- Up-to-date symlink: /home/maanavjugalshah/SwarmAero/ros2_ws/install/px4_msgs/include/px4_msgs/px4_msgs/msg/esc_report.h\n'}
[2.605408] (px4_msgs) StdoutLine: {'line': b'-- Up-to-date symlink: /home/maanavjugalshah/SwarmAero/ros2_ws/install/px4_msgs/include/px4_msgs/px4_msgs/msg/esc_status.h\n'}
[2.606054] (px4_msgs) StdoutLine: {'line': b'-- Up-to-date symlink: /home/maanavjugalshah/SwarmAero/ros2_ws/install/px4_msgs/include/px4_msgs/px4_msgs/msg/estimator_aid_source1d.h\n'}
[2.606119] (px4_msgs) StdoutLine: {'line': b'-- Up-to-date symlink: /home/maanavjugalshah/SwarmAero/ros2_ws/install/px4_msgs/include/px4_msgs/px4_msgs/msg/estimator_aid_source2d.h\n'}
[2.606241] (px4_msgs) StdoutLine: {'line': b'-- Up-to-date symlink: /home/maanavjugalshah/SwarmAero/ros2_ws/install/px4_msgs/include/px4_msgs/px4_msgs/msg/estimator_aid_source3d.h\n'}
[2.606341] (px4_msgs) StdoutLine: {'line': b'-- Up-to-date symlink: /home/maanavjugalshah/SwarmAero/ros2_ws/install/px4_msgs/include/px4_msgs/px4_msgs/msg/estimator_bias.h\n'}
[2.606415] (px4_msgs) StdoutLine: {'line': b'-- Up-to-date symlink: /home/maanavjugalshah/SwarmAero/ros2_ws/install/px4_msgs/include/px4_msgs/px4_msgs/msg/estimator_bias3d.h\n'}
[2.606694] (px4_msgs) StdoutLine: {'line': b'-- Up-to-date symlink: /home/maanavjugalshah/SwarmAero/ros2_ws/install/px4_msgs/include/px4_msgs/px4_msgs/msg/estimator_event_flags.h\n'}
[2.606862] (px4_msgs) StdoutLine: {'line': b'-- Up-to-date symlink: /home/maanavjugalshah/SwarmAero/ros2_ws/install/px4_msgs/include/px4_msgs/px4_msgs/msg/estimator_fusion_control.h\n'}
[2.606939] (px4_msgs) StdoutLine: {'line': b'-- Up-to-date symlink: /home/maanavjugalshah/SwarmAero/ros2_ws/install/px4_msgs/include/px4_msgs/px4_msgs/msg/estimator_gps_status.h\n'}
[2.607105] (px4_msgs) StdoutLine: {'line': b'-- Up-to-date symlink: /home/maanavjugalshah/SwarmAero/ros2_ws/install/px4_msgs/include/px4_msgs/px4_msgs/msg/estimator_innovations.h\n'}
[2.607189] (px4_msgs) StdoutLine: {'line': b'-- Up-to-date symlink: /home/maanavjugalshah/SwarmAero/ros2_ws/install/px4_msgs/include/px4_msgs/px4_msgs/msg/estimator_selector_status.h\n'}
[2.607276] (px4_msgs) StdoutLine: {'line': b'-- Up-to-date symlink: /home/maanavjugalshah/SwarmAero/ros2_ws/install/px4_msgs/include/px4_msgs/px4_msgs/msg/estimator_sensor_bias.h\n'}
[2.607390] (px4_msgs) StdoutLine: {'line': b'-- Up-to-date symlink: /home/maanavjugalshah/SwarmAero/ros2_ws/install/px4_msgs/include/px4_msgs/px4_msgs/msg/estimator_states.h\n'}
[2.607668] (px4_msgs) StdoutLine: {'line': b'-- Up-to-date symlink: /home/maanavjugalshah/SwarmAero/ros2_ws/install/px4_msgs/include/px4_msgs/px4_msgs/msg/estimator_status.h\n'}
[2.607968] (px4_msgs) StdoutLine: {'line': b'-- Up-to-date symlink: /home/maanavjugalshah/SwarmAero/ros2_ws/install/px4_msgs/include/px4_msgs/px4_msgs/msg/estimator_status_flags.h\n'}
[2.608030] (px4_msgs) StdoutLine: {'line': b'-- Up-to-date symlink: /home/maanavjugalshah/SwarmAero/ros2_ws/install/px4_msgs/include/px4_msgs/px4_msgs/msg/event.h\n'}
[2.608165] (px4_msgs) StdoutLine: {'line': b'-- Up-to-date symlink: /home/maanavjugalshah/SwarmAero/ros2_ws/install/px4_msgs/include/px4_msgs/px4_msgs/msg/failsafe_flags.h\n'}
[2.608548] (px4_msgs) StdoutLine: {'line': b'-- Up-to-date symlink: /home/maanavjugalshah/SwarmAero/ros2_ws/install/px4_msgs/include/px4_msgs/px4_msgs/msg/failure_detector_status.h\n'}
[2.609036] (px4_msgs) StdoutLine: {'line': b'-- Up-to-date symlink: /home/maanavjugalshah/SwarmAero/ros2_ws/install/px4_msgs/include/px4_msgs/px4_msgs/msg/figure_eight_status.h\n'}
[2.609167] (px4_msgs) StdoutLine: {'line': b'-- Up-to-date symlink: /home/maanavjugalshah/SwarmAero/ros2_ws/install/px4_msgs/include/px4_msgs/px4_msgs/msg/fixed_wing_lateral_guidance_status.h\n'}
[2.609258] (px4_msgs) StdoutLine: {'line': b'-- Up-to-date symlink: /home/maanavjugalshah/SwarmAero/ros2_ws/install/px4_msgs/include/px4_msgs/px4_msgs/msg/fixed_wing_lateral_setpoint.h\n'}
[2.609347] (px4_msgs) StdoutLine: {'line': b'-- Up-to-date symlink: /home/maanavjugalshah/SwarmAero/ros2_ws/install/px4_msgs/include/px4_msgs/px4_msgs/msg/fixed_wing_lateral_status.h\n'}
[2.609740] (px4_msgs) StdoutLine: {'line': b'-- Up-to-date symlink: /home/maanavjugalshah/SwarmAero/ros2_ws/install/px4_msgs/include/px4_msgs/px4_msgs/msg/fixed_wing_longitudinal_setpoint.h\n'}
[2.609870] (px4_msgs) StdoutLine: {'line': b'-- Up-to-date symlink: /home/maanavjugalshah/SwarmAero/ros2_ws/install/px4_msgs/include/px4_msgs/px4_msgs/msg/fixed_wing_runway_control.h\n'}
[2.609975] (px4_msgs) StdoutLine: {'line': b'-- Up-to-date symlink: /home/maanavjugalshah/SwarmAero/ros2_ws/install/px4_msgs/include/px4_msgs/px4_msgs/msg/flight_phase_estimation.h\n'}
[2.610063] (px4_msgs) StdoutLine: {'line': b'-- Up-to-date symlink: /home/maanavjugalshah/SwarmAero/ros2_ws/install/px4_msgs/include/px4_msgs/px4_msgs/msg/follow_target.h\n'}
[2.610185] (px4_msgs) StdoutLine: {'line': b'-- Up-to-date symlink: /home/maanavjugalshah/SwarmAero/ros2_ws/install/px4_msgs/include/px4_msgs/px4_msgs/msg/follow_target_estimator.h\n'}
[2.610271] (px4_msgs) StdoutLine: {'line': b'-- Up-to-date symlink: /home/maanavjugalshah/SwarmAero/ros2_ws/install/px4_msgs/include/px4_msgs/px4_msgs/msg/follow_target_status.h\n'}
[2.610401] (px4_msgs) StdoutLine: {'line': b'-- Up-to-date symlink: /home/maanavjugalshah/SwarmAero/ros2_ws/install/px4_msgs/include/px4_msgs/px4_msgs/msg/fuel_tank_status.h\n'}
[2.610530] (px4_msgs) StdoutLine: {'line': b'-- Up-to-date symlink: /home/maanavjugalshah/SwarmAero/ros2_ws/install/px4_msgs/include/px4_msgs/px4_msgs/msg/gain_compression.h\n'}
[2.610647] (px4_msgs) StdoutLine: {'line': b'-- Up-to-date symlink: /home/maanavjugalshah/SwarmAero/ros2_ws/install/px4_msgs/include/px4_msgs/px4_msgs/msg/generator_status.h\n'}
[2.610805] (px4_msgs) StdoutLine: {'line': b'-- Up-to-date symlink: /home/maanavjugalshah/SwarmAero/ros2_ws/install/px4_msgs/include/px4_msgs/px4_msgs/msg/geofence_result.h\n'}
[2.610846] (px4_msgs) StdoutLine: {'line': b'-- Up-to-date symlink: /home/maanavjugalshah/SwarmAero/ros2_ws/install/px4_msgs/include/px4_msgs/px4_msgs/msg/geofence_status.h\n'}
[2.610941] (px4_msgs) StdoutLine: {'line': b'-- Up-to-date symlink: /home/maanavjugalshah/SwarmAero/ros2_ws/install/px4_msgs/include/px4_msgs/px4_msgs/msg/gimbal_controls.h\n'}
[2.611058] (px4_msgs) StdoutLine: {'line': b'-- Up-to-date symlink: /home/maanavjugalshah/SwarmAero/ros2_ws/install/px4_msgs/include/px4_msgs/px4_msgs/msg/gimbal_device_attitude_status.h\n'}
[2.611395] (px4_msgs) StdoutLine: {'line': b'-- Up-to-date symlink: /home/maanavjugalshah/SwarmAero/ros2_ws/install/px4_msgs/include/px4_msgs/px4_msgs/msg/gimbal_device_information.h\n'}
[2.611615] (px4_msgs) StdoutLine: {'line': b'-- Up-to-date symlink: /home/maanavjugalshah/SwarmAero/ros2_ws/install/px4_msgs/include/px4_msgs/px4_msgs/msg/gimbal_device_set_attitude.h\n'}
[2.611788] (px4_msgs) StdoutLine: {'line': b'-- Up-to-date symlink: /home/maanavjugalshah/SwarmAero/ros2_ws/install/px4_msgs/include/px4_msgs/px4_msgs/msg/gimbal_manager_information.h\n'}
[2.612241] (-) TimerEvent: {}
[2.612687] (px4_msgs) StdoutLine: {'line': b'-- Up-to-date symlink: /home/maanavjugalshah/SwarmAero/ros2_ws/install/px4_msgs/include/px4_msgs/px4_msgs/msg/gimbal_manager_set_attitude.h\n'}
[2.612856] (px4_msgs) StdoutLine: {'line': b'-- Up-to-date symlink: /home/maanavjugalshah/SwarmAero/ros2_ws/install/px4_msgs/include/px4_msgs/px4_msgs/msg/gimbal_manager_set_manual_control.h\n'}
[2.613197] (px4_msgs) StdoutLine: {'line': b'-- Up-to-date symlink: /home/maanavjugalshah/SwarmAero/ros2_ws/install/px4_msgs/include/px4_msgs/px4_msgs/msg/gimbal_manager_status.h\n'}
[2.613287] (px4_msgs) StdoutLine: {'line': b'-- Up-to-date symlink: /home/maanavjugalshah/SwarmAero/ros2_ws/install/px4_msgs/include/px4_msgs/px4_msgs/msg/goto_setpoint.h\n'}
[2.613359] (px4_msgs) StdoutLine: {'line': b'-- Up-to-date symlink: /home/maanavjugalshah/SwarmAero/ros2_ws/install/px4_msgs/include/px4_msgs/px4_msgs/msg/gpio_config.h\n'}
[2.613434] (px4_msgs) StdoutLine: {'line': b'-- Up-to-date symlink: /home/maanavjugalshah/SwarmAero/ros2_ws/install/px4_msgs/include/px4_msgs/px4_msgs/msg/gpio_in.h\n'}
[2.613713] (px4_msgs) StdoutLine: {'line': b'-- Up-to-date symlink: /home/maanavjugalshah/SwarmAero/ros2_ws/install/px4_msgs/include/px4_msgs/px4_msgs/msg/gpio_out.h\n'}
[2.613927] (px4_msgs) StdoutLine: {'line': b'-- Up-to-date symlink: /home/maanavjugalshah/SwarmAero/ros2_ws/install/px4_msgs/include/px4_msgs/px4_msgs/msg/gpio_request.h\n'}
[2.613978] (px4_msgs) StdoutLine: {'line': b'-- Up-to-date symlink: /home/maanavjugalshah/SwarmAero/ros2_ws/install/px4_msgs/include/px4_msgs/px4_msgs/msg/gps_dump.h\n'}
[2.614017] (px4_msgs) StdoutLine: {'line': b'-- Up-to-date symlink: /home/maanavjugalshah/SwarmAero/ros2_ws/install/px4_msgs/include/px4_msgs/px4_msgs/msg/gps_inject_data.h\n'}
[2.614052] (px4_msgs) StdoutLine: {'line': b'-- Up-to-date symlink: /home/maanavjugalshah/SwarmAero/ros2_ws/install/px4_msgs/include/px4_msgs/px4_msgs/msg/gripper.h\n'}
[2.614240] (px4_msgs) StdoutLine: {'line': b'-- Up-to-date symlink: /home/maanavjugalshah/SwarmAero/ros2_ws/install/px4_msgs/include/px4_msgs/px4_msgs/msg/health_report.h\n'}
[2.614375] (px4_msgs) StdoutLine: {'line': b'-- Up-to-date symlink: /home/maanavjugalshah/SwarmAero/ros2_ws/install/px4_msgs/include/px4_msgs/px4_msgs/msg/heater_status.h\n'}
[2.614465] (px4_msgs) StdoutLine: {'line': b'-- Up-to-date symlink: /home/maanavjugalshah/SwarmAero/ros2_ws/install/px4_msgs/include/px4_msgs/px4_msgs/msg/home_position.h\n'}
[2.614662] (px4_msgs) StdoutLine: {'line': b'-- Up-to-date symlink: /home/maanavjugalshah/SwarmAero/ros2_ws/install/px4_msgs/include/px4_msgs/px4_msgs/msg/hover_thrust_estimate.h\n'}
[2.614923] (px4_msgs) StdoutLine: {'line': b'-- Up-to-date symlink: /home/maanavjugalshah/SwarmAero/ros2_ws/install/px4_msgs/include/px4_msgs/px4_msgs/msg/input_rc.h\n'}
[2.614974] (px4_msgs) StdoutLine: {'line': b'-- Up-to-date symlink: /home/maanavjugalshah/SwarmAero/ros2_ws/install/px4_msgs/include/px4_msgs/px4_msgs/msg/internal_combustion_engine_control.h\n'}
[2.615178] (px4_msgs) StdoutLine: {'line': b'-- Up-to-date symlink: /home/maanavjugalshah/SwarmAero/ros2_ws/install/px4_msgs/include/px4_msgs/px4_msgs/msg/internal_combustion_engine_status.h\n'}
[2.615273] (px4_msgs) StdoutLine: {'line': b'-- Up-to-date symlink: /home/maanavjugalshah/SwarmAero/ros2_ws/install/px4_msgs/include/px4_msgs/px4_msgs/msg/iridiumsbd_status.h\n'}
[2.615393] (px4_msgs) StdoutLine: {'line': b'-- Up-to-date symlink: /home/maanavjugalshah/SwarmAero/ros2_ws/install/px4_msgs/include/px4_msgs/px4_msgs/msg/irlock_report.h\n'}
[2.615557] (px4_msgs) StdoutLine: {'line': b'-- Up-to-date symlink: /home/maanavjugalshah/SwarmAero/ros2_ws/install/px4_msgs/include/px4_msgs/px4_msgs/msg/landing_gear.h\n'}
[2.615656] (px4_msgs) StdoutLine: {'line': b'-- Up-to-date symlink: /home/maanavjugalshah/SwarmAero/ros2_ws/install/px4_msgs/include/px4_msgs/px4_msgs/msg/landing_gear_wheel.h\n'}
[2.615929] (px4_msgs) StdoutLine: {'line': b'-- Up-to-date symlink: /home/maanavjugalshah/SwarmAero/ros2_ws/install/px4_msgs/include/px4_msgs/px4_msgs/msg/landing_target_innovations.h\n'}
[2.616011] (px4_msgs) StdoutLine: {'line': b'-- Up-to-date symlink: /home/maanavjugalshah/SwarmAero/ros2_ws/install/px4_msgs/include/px4_msgs/px4_msgs/msg/landing_target_pose.h\n'}
[2.616270] (px4_msgs) StdoutLine: {'line': b'-- Up-to-date symlink: /home/maanavjugalshah/SwarmAero/ros2_ws/install/px4_msgs/include/px4_msgs/px4_msgs/msg/lateral_control_configuration.h\n'}
[2.616560] (px4_msgs) StdoutLine: {'line': b'-- Up-to-date symlink: /home/maanavjugalshah/SwarmAero/ros2_ws/install/px4_msgs/include/px4_msgs/px4_msgs/msg/launch_detection_status.h\n'}
[2.616680] (px4_msgs) StdoutLine: {'line': b'-- Up-to-date symlink: /home/maanavjugalshah/SwarmAero/ros2_ws/install/px4_msgs/include/px4_msgs/px4_msgs/msg/led_control.h\n'}
[2.617160] (px4_msgs) StdoutLine: {'line': b'-- Up-to-date symlink: /home/maanavjugalshah/SwarmAero/ros2_ws/install/px4_msgs/include/px4_msgs/px4_msgs/msg/log_message.h\n'}
[2.617425] (px4_msgs) StdoutLine: {'line': b'-- Up-to-date symlink: /home/maanavjugalshah/SwarmAero/ros2_ws/install/px4_msgs/include/px4_msgs/px4_msgs/msg/logger_status.h\n'}
[2.617552] (px4_msgs) StdoutLine: {'line': b'-- Up-to-date symlink: /home/maanavjugalshah/SwarmAero/ros2_ws/install/px4_msgs/include/px4_msgs/px4_msgs/msg/longitudinal_control_configuration.h\n'}
[2.617637] (px4_msgs) StdoutLine: {'line': b'-- Up-to-date symlink: /home/maanavjugalshah/SwarmAero/ros2_ws/install/px4_msgs/include/px4_msgs/px4_msgs/msg/mag_worker_data.h\n'}
[2.617735] (px4_msgs) StdoutLine: {'line': b'-- Up-to-date symlink: /home/maanavjugalshah/SwarmAero/ros2_ws/install/px4_msgs/include/px4_msgs/px4_msgs/msg/magnetometer_bias_estimate.h\n'}
[2.617951] (px4_msgs) StdoutLine: {'line': b'-- Up-to-date symlink: /home/maanavjugalshah/SwarmAero/ros2_ws/install/px4_msgs/include/px4_msgs/px4_msgs/msg/manual_control_setpoint.h\n'}
[2.618213] (px4_msgs) StdoutLine: {'line': b'-- Up-to-date symlink: /home/maanavjugalshah/SwarmAero/ros2_ws/install/px4_msgs/include/px4_msgs/px4_msgs/msg/manual_control_switches.h\n'}
[2.618466] (px4_msgs) StdoutLine: {'line': b'-- Up-to-date symlink: /home/maanavjugalshah/SwarmAero/ros2_ws/install/px4_msgs/include/px4_msgs/px4_msgs/msg/mavlink_log.h\n'}
[2.618792] (px4_msgs) StdoutLine: {'line': b'-- Up-to-date symlink: /home/maanavjugalshah/SwarmAero/ros2_ws/install/px4_msgs/include/px4_msgs/px4_msgs/msg/mavlink_tunnel.h\n'}
[2.619005] (px4_msgs) StdoutLine: {'line': b'-- Up-to-date symlink: /home/maanavjugalshah/SwarmAero/ros2_ws/install/px4_msgs/include/px4_msgs/px4_msgs/msg/message_format_request.h\n'}
[2.619123] (px4_msgs) StdoutLine: {'line': b'-- Up-to-date symlink: /home/maanavjugalshah/SwarmAero/ros2_ws/install/px4_msgs/include/px4_msgs/px4_msgs/msg/message_format_response.h\n'}
[2.619300] (px4_msgs) StdoutLine: {'line': b'-- Up-to-date symlink: /home/maanavjugalshah/SwarmAero/ros2_ws/install/px4_msgs/include/px4_msgs/px4_msgs/msg/mission.h\n'}
[2.619391] (px4_msgs) StdoutLine: {'line': b'-- Up-to-date symlink: /home/maanavjugalshah/SwarmAero/ros2_ws/install/px4_msgs/include/px4_msgs/px4_msgs/msg/mission_result.h\n'}
[2.619499] (px4_msgs) StdoutLine: {'line': b'-- Up-to-date symlink: /home/maanavjugalshah/SwarmAero/ros2_ws/install/px4_msgs/include/px4_msgs/px4_msgs/msg/mode_completed.h\n'}
[2.619810] (px4_msgs) StdoutLine: {'line': b'-- Up-to-date symlink: /home/maanavjugalshah/SwarmAero/ros2_ws/install/px4_msgs/include/px4_msgs/px4_msgs/msg/mount_orientation.h\n'}
[2.619940] (px4_msgs) StdoutLine: {'line': b'-- Up-to-date symlink: /home/maanavjugalshah/SwarmAero/ros2_ws/install/px4_msgs/include/px4_msgs/px4_msgs/msg/navigator_mission_item.h\n'}
[2.620028] (px4_msgs) StdoutLine: {'line': b'-- Up-to-date symlink: /home/maanavjugalshah/SwarmAero/ros2_ws/install/px4_msgs/include/px4_msgs/px4_msgs/msg/navigator_status.h\n'}
[2.620127] (px4_msgs) StdoutLine: {'line': b'-- Up-to-date symlink: /home/maanavjugalshah/SwarmAero/ros2_ws/install/px4_msgs/include/px4_msgs/px4_msgs/msg/neural_control.h\n'}
[2.620236] (px4_msgs) StdoutLine: {'line': b'-- Up-to-date symlink: /home/maanavjugalshah/SwarmAero/ros2_ws/install/px4_msgs/include/px4_msgs/px4_msgs/msg/normalized_unsigned_setpoint.h\n'}
[2.620589] (px4_msgs) StdoutLine: {'line': b'-- Up-to-date symlink: /home/maanavjugalshah/SwarmAero/ros2_ws/install/px4_msgs/include/px4_msgs/px4_msgs/msg/obstacle_distance.h\n'}
[2.621036] (px4_msgs) StdoutLine: {'line': b'-- Up-to-date symlink: /home/maanavjugalshah/SwarmAero/ros2_ws/install/px4_msgs/include/px4_msgs/px4_msgs/msg/offboard_control_mode.h\n'}
[2.621140] (px4_msgs) StdoutLine: {'line': b'-- Up-to-date symlink: /home/maanavjugalshah/SwarmAero/ros2_ws/install/px4_msgs/include/px4_msgs/px4_msgs/msg/onboard_computer_status.h\n'}
[2.621180] (px4_msgs) StdoutLine: {'line': b'-- Up-to-date symlink: /home/maanavjugalshah/SwarmAero/ros2_ws/install/px4_msgs/include/px4_msgs/px4_msgs/msg/open_drone_id_arm_status.h\n'}
[2.621568] (px4_msgs) StdoutLine: {'line': b'-- Up-to-date symlink: /home/maanavjugalshah/SwarmAero/ros2_ws/install/px4_msgs/include/px4_msgs/px4_msgs/msg/open_drone_id_operator_id.h\n'}
[2.621786] (px4_msgs) StdoutLine: {'line': b'-- Up-to-date symlink: /home/maanavjugalshah/SwarmAero/ros2_ws/install/px4_msgs/include/px4_msgs/px4_msgs/msg/open_drone_id_self_id.h\n'}
[2.621859] (px4_msgs) StdoutLine: {'line': b'-- Up-to-date symlink: /home/maanavjugalshah/SwarmAero/ros2_ws/install/px4_msgs/include/px4_msgs/px4_msgs/msg/open_drone_id_system.h\n'}
[2.621899] (px4_msgs) StdoutLine: {'line': b'-- Up-to-date symlink: /home/maanavjugalshah/SwarmAero/ros2_ws/install/px4_msgs/include/px4_msgs/px4_msgs/msg/orb_test.h\n'}
[2.621939] (px4_msgs) StdoutLine: {'line': b'-- Up-to-date symlink: /home/maanavjugalshah/SwarmAero/ros2_ws/install/px4_msgs/include/px4_msgs/px4_msgs/msg/orb_test_large.h\n'}
[2.621976] (px4_msgs) StdoutLine: {'line': b'-- Up-to-date symlink: /home/maanavjugalshah/SwarmAero/ros2_ws/install/px4_msgs/include/px4_msgs/px4_msgs/msg/orb_test_medium.h\n'}
[2.622017] (px4_msgs) StdoutLine: {'line': b'-- Up-to-date symlink: /home/maanavjugalshah/SwarmAero/ros2_ws/install/px4_msgs/include/px4_msgs/px4_msgs/msg/orbit_status.h\n'}
[2.622051] (px4_msgs) StdoutLine: {'line': b'-- Up-to-date symlink: /home/maanavjugalshah/SwarmAero/ros2_ws/install/px4_msgs/include/px4_msgs/px4_msgs/msg/parameter_reset_request.h\n'}
[2.622085] (px4_msgs) StdoutLine: {'line': b'-- Up-to-date symlink: /home/maanavjugalshah/SwarmAero/ros2_ws/install/px4_msgs/include/px4_msgs/px4_msgs/msg/parameter_set_used_request.h\n'}
[2.622118] (px4_msgs) StdoutLine: {'line': b'-- Up-to-date symlink: /home/maanavjugalshah/SwarmAero/ros2_ws/install/px4_msgs/include/px4_msgs/px4_msgs/msg/parameter_set_value_request.h\n'}
[2.622152] (px4_msgs) StdoutLine: {'line': b'-- Up-to-date symlink: /home/maanavjugalshah/SwarmAero/ros2_ws/install/px4_msgs/include/px4_msgs/px4_msgs/msg/parameter_set_value_response.h\n'}
[2.622185] (px4_msgs) StdoutLine: {'line': b'-- Up-to-date symlink: /home/maanavjugalshah/SwarmAero/ros2_ws/install/px4_msgs/include/px4_msgs/px4_msgs/msg/parameter_update.h\n'}
[2.622221] (px4_msgs) StdoutLine: {'line': b'-- Up-to-date symlink: /home/maanavjugalshah/SwarmAero/ros2_ws/install/px4_msgs/include/px4_msgs/px4_msgs/msg/ping.h\n'}
[2.622254] (px4_msgs) StdoutLine: {'line': b'-- Up-to-date symlink: /home/maanavjugalshah/SwarmAero/ros2_ws/install/px4_msgs/include/px4_msgs/px4_msgs/msg/position_controller_landing_status.h\n'}
[2.622287] (px4_msgs) StdoutLine: {'line': b'-- Up-to-date symlink: /home/maanavjugalshah/SwarmAero/ros2_ws/install/px4_msgs/include/px4_msgs/px4_msgs/msg/position_controller_status.h\n'}
[2.622319] (px4_msgs) StdoutLine: {'line': b'-- Up-to-date symlink: /home/maanavjugalshah/SwarmAero/ros2_ws/install/px4_msgs/include/px4_msgs/px4_msgs/msg/position_setpoint.h\n'}
[2.622350] (px4_msgs) StdoutLine: {'line': b'-- Up-to-date symlink: /home/maanavjugalshah/SwarmAero/ros2_ws/install/px4_msgs/include/px4_msgs/px4_msgs/msg/position_setpoint_triplet.h\n'}
[2.622380] (px4_msgs) StdoutLine: {'line': b'-- Up-to-date symlink: /home/maanavjugalshah/SwarmAero/ros2_ws/install/px4_msgs/include/px4_msgs/px4_msgs/msg/power_button_state.h\n'}
[2.622412] (px4_msgs) StdoutLine: {'line': b'-- Up-to-date symlink: /home/maanavjugalshah/SwarmAero/ros2_ws/install/px4_msgs/include/px4_msgs/px4_msgs/msg/power_monitor.h\n'}
[2.622442] (px4_msgs) StdoutLine: {'line': b'-- Up-to-date symlink: /home/maanavjugalshah/SwarmAero/ros2_ws/install/px4_msgs/include/px4_msgs/px4_msgs/msg/pps_capture.h\n'}
[2.622478] (px4_msgs) StdoutLine: {'line': b'-- Up-to-date symlink: /home/maanavjugalshah/SwarmAero/ros2_ws/install/px4_msgs/include/px4_msgs/px4_msgs/msg/pure_pursuit_status.h\n'}
[2.622510] (px4_msgs) StdoutLine: {'line': b'-- Up-to-date symlink: /home/maanavjugalshah/SwarmAero/ros2_ws/install/px4_msgs/include/px4_msgs/px4_msgs/msg/pwm_input.h\n'}
[2.622541] (px4_msgs) StdoutLine: {'line': b'-- Up-to-date symlink: /home/maanavjugalshah/SwarmAero/ros2_ws/install/px4_msgs/include/px4_msgs/px4_msgs/msg/px4io_status.h\n'}
[2.622572] (px4_msgs) StdoutLine: {'line': b'-- Up-to-date symlink: /home/maanavjugalshah/SwarmAero/ros2_ws/install/px4_msgs/include/px4_msgs/px4_msgs/msg/qshell_req.h\n'}
[2.622604] (px4_msgs) StdoutLine: {'line': b'-- Up-to-date symlink: /home/maanavjugalshah/SwarmAero/ros2_ws/install/px4_msgs/include/px4_msgs/px4_msgs/msg/qshell_retval.h\n'}
[2.622636] (px4_msgs) StdoutLine: {'line': b'-- Up-to-date symlink: /home/maanavjugalshah/SwarmAero/ros2_ws/install/px4_msgs/include/px4_msgs/px4_msgs/msg/radio_status.h\n'}
[2.622666] (px4_msgs) StdoutLine: {'line': b'-- Up-to-date symlink: /home/maanavjugalshah/SwarmAero/ros2_ws/install/px4_msgs/include/px4_msgs/px4_msgs/msg/ranging_beacon.h\n'}
[2.622697] (px4_msgs) StdoutLine: {'line': b'-- Up-to-date symlink: /home/maanavjugalshah/SwarmAero/ros2_ws/install/px4_msgs/include/px4_msgs/px4_msgs/msg/raptor_input.h\n'}
[2.622759] (px4_msgs) StdoutLine: {'line': b'-- Up-to-date symlink: /home/maanavjugalshah/SwarmAero/ros2_ws/install/px4_msgs/include/px4_msgs/px4_msgs/msg/raptor_status.h\n'}
[2.622799] (px4_msgs) StdoutLine: {'line': b'-- Up-to-date symlink: /home/maanavjugalshah/SwarmAero/ros2_ws/install/px4_msgs/include/px4_msgs/px4_msgs/msg/rate_ctrl_status.h\n'}
[2.622835] (px4_msgs) StdoutLine: {'line': b'-- Up-to-date symlink: /home/maanavjugalshah/SwarmAero/ros2_ws/install/px4_msgs/include/px4_msgs/px4_msgs/msg/rc_channels.h\n'}
[2.622870] (px4_msgs) StdoutLine: {'line': b'-- Up-to-date symlink: /home/maanavjugalshah/SwarmAero/ros2_ws/install/px4_msgs/include/px4_msgs/px4_msgs/msg/rc_parameter_map.h\n'}
[2.622904] (px4_msgs) StdoutLine: {'line': b'-- Up-to-date symlink: /home/maanavjugalshah/SwarmAero/ros2_ws/install/px4_msgs/include/px4_msgs/px4_msgs/msg/register_ext_component_reply.h\n'}
[2.622937] (px4_msgs) StdoutLine: {'line': b'-- Up-to-date symlink: /home/maanavjugalshah/SwarmAero/ros2_ws/install/px4_msgs/include/px4_msgs/px4_msgs/msg/register_ext_component_request.h\n'}
[2.622973] (px4_msgs) StdoutLine: {'line': b'-- Up-to-date symlink: /home/maanavjugalshah/SwarmAero/ros2_ws/install/px4_msgs/include/px4_msgs/px4_msgs/msg/rosidl_generator_c__visibility_control.h\n'}
[2.623012] (px4_msgs) StdoutLine: {'line': b'-- Up-to-date symlink: /home/maanavjugalshah/SwarmAero/ros2_ws/install/px4_msgs/include/px4_msgs/px4_msgs/msg/rover_attitude_setpoint.h\n'}
[2.623082] (px4_msgs) StdoutLine: {'line': b'-- Up-to-date symlink: /home/maanavjugalshah/SwarmAero/ros2_ws/install/px4_msgs/include/px4_msgs/px4_msgs/msg/rover_attitude_status.h\n'}
[2.623120] (px4_msgs) StdoutLine: {'line': b'-- Up-to-date symlink: /home/maanavjugalshah/SwarmAero/ros2_ws/install/px4_msgs/include/px4_msgs/px4_msgs/msg/rover_position_setpoint.h\n'}
[2.623156] (px4_msgs) StdoutLine: {'line': b'-- Up-to-date symlink: /home/maanavjugalshah/SwarmAero/ros2_ws/install/px4_msgs/include/px4_msgs/px4_msgs/msg/rover_rate_setpoint.h\n'}
[2.623198] (px4_msgs) StdoutLine: {'line': b'-- Up-to-date symlink: /home/maanavjugalshah/SwarmAero/ros2_ws/install/px4_msgs/include/px4_msgs/px4_msgs/msg/rover_rate_status.h\n'}
[2.623261] (px4_msgs) StdoutLine: {'line': b'-- Up-to-date symlink: /home/maanavjugalshah/SwarmAero/ros2_ws/install/px4_msgs/include/px4_msgs/px4_msgs/msg/rover_speed_setpoint.h\n'}
[2.623303] (px4_msgs) StdoutLine: {'line': b'-- Up-to-date symlink: /home/maanavjugalshah/SwarmAero/ros2_ws/install/px4_msgs/include/px4_msgs/px4_msgs/msg/rover_speed_status.h\n'}
[2.623370] (px4_msgs) StdoutLine: {'line': b'-- Up-to-date symlink: /home/maanavjugalshah/SwarmAero/ros2_ws/install/px4_msgs/include/px4_msgs/px4_msgs/msg/rover_steering_setpoint.h\n'}
[2.623441] (px4_msgs) StdoutLine: {'line': b'-- Up-to-date symlink: /home/maanavjugalshah/SwarmAero/ros2_ws/install/px4_msgs/include/px4_msgs/px4_msgs/msg/rover_throttle_setpoint.h\n'}
[2.623573] (px4_msgs) StdoutLine: {'line': b'-- Up-to-date symlink: /home/maanavjugalshah/SwarmAero/ros2_ws/install/px4_msgs/include/px4_msgs/px4_msgs/msg/rpm.h\n'}
[2.623619] (px4_msgs) StdoutLine: {'line': b'-- Up-to-date symlink: /home/maanavjugalshah/SwarmAero/ros2_ws/install/px4_msgs/include/px4_msgs/px4_msgs/msg/rtl_status.h\n'}
[2.623656] (px4_msgs) StdoutLine: {'line': b'-- Up-to-date symlink: /home/maanavjugalshah/SwarmAero/ros2_ws/install/px4_msgs/include/px4_msgs/px4_msgs/msg/rtl_time_estimate.h\n'}
[2.623694] (px4_msgs) StdoutLine: {'line': b'-- Up-to-date symlink: /home/maanavjugalshah/SwarmAero/ros2_ws/install/px4_msgs/include/px4_msgs/px4_msgs/msg/satellite_info.h\n'}
[2.623730] (px4_msgs) StdoutLine: {'line': b'-- Up-to-date symlink: /home/maanavjugalshah/SwarmAero/ros2_ws/install/px4_msgs/include/px4_msgs/px4_msgs/msg/sensor_accel.h\n'}
[2.623765] (px4_msgs) StdoutLine: {'line': b'-- Up-to-date symlink: /home/maanavjugalshah/SwarmAero/ros2_ws/install/px4_msgs/include/px4_msgs/px4_msgs/msg/sensor_accel_fifo.h\n'}
[2.623799] (px4_msgs) StdoutLine: {'line': b'-- Up-to-date symlink: /home/maanavjugalshah/SwarmAero/ros2_ws/install/px4_msgs/include/px4_msgs/px4_msgs/msg/sensor_airflow.h\n'}
[2.623834] (px4_msgs) StdoutLine: {'line': b'-- Up-to-date symlink: /home/maanavjugalshah/SwarmAero/ros2_ws/install/px4_msgs/include/px4_msgs/px4_msgs/msg/sensor_baro.h\n'}
[2.623867] (px4_msgs) StdoutLine: {'line': b'-- Up-to-date symlink: /home/maanavjugalshah/SwarmAero/ros2_ws/install/px4_msgs/include/px4_msgs/px4_msgs/msg/sensor_combined.h\n'}
[2.623902] (px4_msgs) StdoutLine: {'line': b'-- Up-to-date symlink: /home/maanavjugalshah/SwarmAero/ros2_ws/install/px4_msgs/include/px4_msgs/px4_msgs/msg/sensor_correction.h\n'}
[2.623939] (px4_msgs) StdoutLine: {'line': b'-- Up-to-date symlink: /home/maanavjugalshah/SwarmAero/ros2_ws/install/px4_msgs/include/px4_msgs/px4_msgs/msg/sensor_gnss_relative.h\n'}
[2.623972] (px4_msgs) StdoutLine: {'line': b'-- Up-to-date symlink: /home/maanavjugalshah/SwarmAero/ros2_ws/install/px4_msgs/include/px4_msgs/px4_msgs/msg/sensor_gnss_status.h\n'}
[2.624006] (px4_msgs) StdoutLine: {'line': b'-- Up-to-date symlink: /home/maanavjugalshah/SwarmAero/ros2_ws/install/px4_msgs/include/px4_msgs/px4_msgs/msg/sensor_gps.h\n'}
[2.624040] (px4_msgs) StdoutLine: {'line': b'-- Up-to-date symlink: /home/maanavjugalshah/SwarmAero/ros2_ws/install/px4_msgs/include/px4_msgs/px4_msgs/msg/sensor_gyro.h\n'}
[2.624073] (px4_msgs) StdoutLine: {'line': b'-- Up-to-date symlink: /home/maanavjugalshah/SwarmAero/ros2_ws/install/px4_msgs/include/px4_msgs/px4_msgs/msg/sensor_gyro_fft.h\n'}
[2.624106] (px4_msgs) StdoutLine: {'line': b'-- Up-to-date symlink: /home/maanavjugalshah/SwarmAero/ros2_ws/install/px4_msgs/include/px4_msgs/px4_msgs/msg/sensor_gyro_fifo.h\n'}
[2.624139] (px4_msgs) StdoutLine: {'line': b'-- Up-to-date symlink: /home/maanavjugalshah/SwarmAero/ros2_ws/install/px4_msgs/include/px4_msgs/px4_msgs/msg/sensor_hygrometer.h\n'}
[2.624171] (px4_msgs) StdoutLine: {'line': b'-- Up-to-date symlink: /home/maanavjugalshah/SwarmAero/ros2_ws/install/px4_msgs/include/px4_msgs/px4_msgs/msg/sensor_mag.h\n'}
[2.624204] (px4_msgs) StdoutLine: {'line': b'-- Up-to-date symlink: /home/maanavjugalshah/SwarmAero/ros2_ws/install/px4_msgs/include/px4_msgs/px4_msgs/msg/sensor_optical_flow.h\n'}
[2.624236] (px4_msgs) StdoutLine: {'line': b'-- Up-to-date symlink: /home/maanavjugalshah/SwarmAero/ros2_ws/install/px4_msgs/include/px4_msgs/px4_msgs/msg/sensor_preflight_mag.h\n'}
[2.624268] (px4_msgs) StdoutLine: {'line': b'-- Up-to-date symlink: /home/maanavjugalshah/SwarmAero/ros2_ws/install/px4_msgs/include/px4_msgs/px4_msgs/msg/sensor_selection.h\n'}
[2.624304] (px4_msgs) StdoutLine: {'line': b'-- Up-to-date symlink: /home/maanavjugalshah/SwarmAero/ros2_ws/install/px4_msgs/include/px4_msgs/px4_msgs/msg/sensor_temp.h\n'}
[2.624339] (px4_msgs) StdoutLine: {'line': b'-- Up-to-date symlink: /home/maanavjugalshah/SwarmAero/ros2_ws/install/px4_msgs/include/px4_msgs/px4_msgs/msg/sensor_uwb.h\n'}
[2.624372] (px4_msgs) StdoutLine: {'line': b'-- Up-to-date symlink: /home/maanavjugalshah/SwarmAero/ros2_ws/install/px4_msgs/include/px4_msgs/px4_msgs/msg/sensors_status.h\n'}
[2.624404] (px4_msgs) StdoutLine: {'line': b'-- Up-to-date symlink: /home/maanavjugalshah/SwarmAero/ros2_ws/install/px4_msgs/include/px4_msgs/px4_msgs/msg/sensors_status_imu.h\n'}
[2.624436] (px4_msgs) StdoutLine: {'line': b'-- Up-to-date symlink: /home/maanavjugalshah/SwarmAero/ros2_ws/install/px4_msgs/include/px4_msgs/px4_msgs/msg/system_power.h\n'}
[2.624470] (px4_msgs) StdoutLine: {'line': b'-- Up-to-date symlink: /home/maanavjugalshah/SwarmAero/ros2_ws/install/px4_msgs/include/px4_msgs/px4_msgs/msg/takeoff_status.h\n'}
[2.624501] (px4_msgs) StdoutLine: {'line': b'-- Up-to-date symlink: /home/maanavjugalshah/SwarmAero/ros2_ws/install/px4_msgs/include/px4_msgs/px4_msgs/msg/task_stack_info.h\n'}
[2.624534] (px4_msgs) StdoutLine: {'line': b'-- Up-to-date symlink: /home/maanavjugalshah/SwarmAero/ros2_ws/install/px4_msgs/include/px4_msgs/px4_msgs/msg/tecs_status.h\n'}
[2.624567] (px4_msgs) StdoutLine: {'line': b'-- Up-to-date symlink: /home/maanavjugalshah/SwarmAero/ros2_ws/install/px4_msgs/include/px4_msgs/px4_msgs/msg/telemetry_status.h\n'}
[2.624599] (px4_msgs) StdoutLine: {'line': b'-- Up-to-date symlink: /home/maanavjugalshah/SwarmAero/ros2_ws/install/px4_msgs/include/px4_msgs/px4_msgs/msg/tiltrotor_extra_controls.h\n'}
[2.624632] (px4_msgs) StdoutLine: {'line': b'-- Up-to-date symlink: /home/maanavjugalshah/SwarmAero/ros2_ws/install/px4_msgs/include/px4_msgs/px4_msgs/msg/timesync_status.h\n'}
[2.624669] (px4_msgs) StdoutLine: {'line': b'-- Up-to-date symlink: /home/maanavjugalshah/SwarmAero/ros2_ws/install/px4_msgs/include/px4_msgs/px4_msgs/msg/trajectory_setpoint.h\n'}
[2.624702] (px4_msgs) StdoutLine: {'line': b'-- Up-to-date symlink: /home/maanavjugalshah/SwarmAero/ros2_ws/install/px4_msgs/include/px4_msgs/px4_msgs/msg/trajectory_setpoint6dof.h\n'}
[2.624753] (px4_msgs) StdoutLine: {'line': b'-- Up-to-date symlink: /home/maanavjugalshah/SwarmAero/ros2_ws/install/px4_msgs/include/px4_msgs/px4_msgs/msg/transponder_report.h\n'}
[2.625032] (px4_msgs) StdoutLine: {'line': b'-- Up-to-date symlink: /home/maanavjugalshah/SwarmAero/ros2_ws/install/px4_msgs/include/px4_msgs/px4_msgs/msg/tune_control.h\n'}
[2.625169] (px4_msgs) StdoutLine: {'line': b'-- Up-to-date symlink: /home/maanavjugalshah/SwarmAero/ros2_ws/install/px4_msgs/include/px4_msgs/px4_msgs/msg/uavcan_parameter_request.h\n'}
[2.625283] (px4_msgs) StdoutLine: {'line': b'-- Up-to-date symlink: /home/maanavjugalshah/SwarmAero/ros2_ws/install/px4_msgs/include/px4_msgs/px4_msgs/msg/uavcan_parameter_value.h\n'}
[2.625405] (px4_msgs) StdoutLine: {'line': b'-- Up-to-date symlink: /home/maanavjugalshah/SwarmAero/ros2_ws/install/px4_msgs/include/px4_msgs/px4_msgs/msg/ulog_stream.h\n'}
[2.625511] (px4_msgs) StdoutLine: {'line': b'-- Up-to-date symlink: /home/maanavjugalshah/SwarmAero/ros2_ws/install/px4_msgs/include/px4_msgs/px4_msgs/msg/ulog_stream_ack.h\n'}
[2.625616] (px4_msgs) StdoutLine: {'line': b'-- Up-to-date symlink: /home/maanavjugalshah/SwarmAero/ros2_ws/install/px4_msgs/include/px4_msgs/px4_msgs/msg/unregister_ext_component.h\n'}
[2.625921] (px4_msgs) StdoutLine: {'line': b'-- Up-to-date symlink: /home/maanavjugalshah/SwarmAero/ros2_ws/install/px4_msgs/include/px4_msgs/px4_msgs/msg/vehicle_acceleration.h\n'}
[2.626035] (px4_msgs) StdoutLine: {'line': b'-- Up-to-date symlink: /home/maanavjugalshah/SwarmAero/ros2_ws/install/px4_msgs/include/px4_msgs/px4_msgs/msg/vehicle_air_data.h\n'}
[2.626104] (px4_msgs) StdoutLine: {'line': b'-- Up-to-date symlink: /home/maanavjugalshah/SwarmAero/ros2_ws/install/px4_msgs/include/px4_msgs/px4_msgs/msg/vehicle_angular_acceleration_setpoint.h\n'}
[2.626173] (px4_msgs) StdoutLine: {'line': b'-- Up-to-date symlink: /home/maanavjugalshah/SwarmAero/ros2_ws/install/px4_msgs/include/px4_msgs/px4_msgs/msg/vehicle_angular_velocity.h\n'}
[2.626249] (px4_msgs) StdoutLine: {'line': b'-- Up-to-date symlink: /home/maanavjugalshah/SwarmAero/ros2_ws/install/px4_msgs/include/px4_msgs/px4_msgs/msg/vehicle_attitude.h\n'}
[2.626322] (px4_msgs) StdoutLine: {'line': b'-- Up-to-date symlink: /home/maanavjugalshah/SwarmAero/ros2_ws/install/px4_msgs/include/px4_msgs/px4_msgs/msg/vehicle_attitude_setpoint.h\n'}
[2.626390] (px4_msgs) StdoutLine: {'line': b'-- Up-to-date symlink: /home/maanavjugalshah/SwarmAero/ros2_ws/install/px4_msgs/include/px4_msgs/px4_msgs/msg/vehicle_command.h\n'}
[2.626457] (px4_msgs) StdoutLine: {'line': b'-- Up-to-date symlink: /home/maanavjugalshah/SwarmAero/ros2_ws/install/px4_msgs/include/px4_msgs/px4_msgs/msg/vehicle_command_ack.h\n'}
[2.626524] (px4_msgs) StdoutLine: {'line': b'-- Up-to-date symlink: /home/maanavjugalshah/SwarmAero/ros2_ws/install/px4_msgs/include/px4_msgs/px4_msgs/msg/vehicle_constraints.h\n'}
[2.626594] (px4_msgs) StdoutLine: {'line': b'-- Up-to-date symlink: /home/maanavjugalshah/SwarmAero/ros2_ws/install/px4_msgs/include/px4_msgs/px4_msgs/msg/vehicle_control_mode.h\n'}
[2.626664] (px4_msgs) StdoutLine: {'line': b'-- Up-to-date symlink: /home/maanavjugalshah/SwarmAero/ros2_ws/install/px4_msgs/include/px4_msgs/px4_msgs/msg/vehicle_global_position.h\n'}
[2.626752] (px4_msgs) StdoutLine: {'line': b'-- Up-to-date symlink: /home/maanavjugalshah/SwarmAero/ros2_ws/install/px4_msgs/include/px4_msgs/px4_msgs/msg/vehicle_imu.h\n'}
[2.626818] (px4_msgs) StdoutLine: {'line': b'-- Up-to-date symlink: /home/maanavjugalshah/SwarmAero/ros2_ws/install/px4_msgs/include/px4_msgs/px4_msgs/msg/vehicle_imu_status.h\n'}
[2.626857] (px4_msgs) StdoutLine: {'line': b'-- Up-to-date symlink: /home/maanavjugalshah/SwarmAero/ros2_ws/install/px4_msgs/include/px4_msgs/px4_msgs/msg/vehicle_land_detected.h\n'}
[2.626922] (px4_msgs) StdoutLine: {'line': b'-- Up-to-date symlink: /home/maanavjugalshah/SwarmAero/ros2_ws/install/px4_msgs/include/px4_msgs/px4_msgs/msg/vehicle_local_position.h\n'}
[2.626993] (px4_msgs) StdoutLine: {'line': b'-- Up-to-date symlink: /home/maanavjugalshah/SwarmAero/ros2_ws/install/px4_msgs/include/px4_msgs/px4_msgs/msg/vehicle_local_position_setpoint.h\n'}
[2.627064] (px4_msgs) StdoutLine: {'line': b'-- Up-to-date symlink: /home/maanavjugalshah/SwarmAero/ros2_ws/install/px4_msgs/include/px4_msgs/px4_msgs/msg/vehicle_magnetometer.h\n'}
[2.627148] (px4_msgs) StdoutLine: {'line': b'-- Up-to-date symlink: /home/maanavjugalshah/SwarmAero/ros2_ws/install/px4_msgs/include/px4_msgs/px4_msgs/msg/vehicle_odometry.h\n'}
[2.627212] (px4_msgs) StdoutLine: {'line': b'-- Up-to-date symlink: /home/maanavjugalshah/SwarmAero/ros2_ws/install/px4_msgs/include/px4_msgs/px4_msgs/msg/vehicle_optical_flow.h\n'}
[2.627288] (px4_msgs) StdoutLine: {'line': b'-- Up-to-date symlink: /home/maanavjugalshah/SwarmAero/ros2_ws/install/px4_msgs/include/px4_msgs/px4_msgs/msg/vehicle_optical_flow_vel.h\n'}
[2.627357] (px4_msgs) StdoutLine: {'line': b'-- Up-to-date symlink: /home/maanavjugalshah/SwarmAero/ros2_ws/install/px4_msgs/include/px4_msgs/px4_msgs/msg/vehicle_rates_setpoint.h\n'}
[2.627400] (px4_msgs) StdoutLine: {'line': b'-- Up-to-date symlink: /home/maanavjugalshah/SwarmAero/ros2_ws/install/px4_msgs/include/px4_msgs/px4_msgs/msg/vehicle_roi.h\n'}
[2.627437] (px4_msgs) StdoutLine: {'line': b'-- Up-to-date symlink: /home/maanavjugalshah/SwarmAero/ros2_ws/install/px4_msgs/include/px4_msgs/px4_msgs/msg/vehicle_status.h\n'}
[2.627616] (px4_msgs) StdoutLine: {'line': b'-- Up-to-date symlink: /home/maanavjugalshah/SwarmAero/ros2_ws/install/px4_msgs/include/px4_msgs/px4_msgs/msg/vehicle_thrust_setpoint.h\n'}
[2.627740] (px4_msgs) StdoutLine: {'line': b'-- Up-to-date symlink: /home/maanavjugalshah/SwarmAero/ros2_ws/install/px4_msgs/include/px4_msgs/px4_msgs/msg/vehicle_torque_setpoint.h\n'}
[2.627808] (px4_msgs) StdoutLine: {'line': b'-- Up-to-date symlink: /home/maanavjugalshah/SwarmAero/ros2_ws/install/px4_msgs/include/px4_msgs/px4_msgs/msg/velocity_limits.h\n'}
[2.627878] (px4_msgs) StdoutLine: {'line': b'-- Up-to-date symlink: /home/maanavjugalshah/SwarmAero/ros2_ws/install/px4_msgs/include/px4_msgs/px4_msgs/msg/vtol_vehicle_status.h\n'}
[2.627923] (px4_msgs) StdoutLine: {'line': b'-- Up-to-date symlink: /home/maanavjugalshah/SwarmAero/ros2_ws/install/px4_msgs/include/px4_msgs/px4_msgs/msg/vtx.h\n'}
[2.627959] (px4_msgs) StdoutLine: {'line': b'-- Up-to-date symlink: /home/maanavjugalshah/SwarmAero/ros2_ws/install/px4_msgs/include/px4_msgs/px4_msgs/msg/wheel_encoders.h\n'}
[2.628011] (px4_msgs) StdoutLine: {'line': b'-- Up-to-date symlink: /home/maanavjugalshah/SwarmAero/ros2_ws/install/px4_msgs/include/px4_msgs/px4_msgs/msg/wind.h\n'}
[2.628060] (px4_msgs) StdoutLine: {'line': b'-- Up-to-date symlink: /home/maanavjugalshah/SwarmAero/ros2_ws/install/px4_msgs/include/px4_msgs/px4_msgs/msg/yaw_estimator_status.h\n'}
[2.628098] (px4_msgs) StdoutLine: {'line': b'-- Up-to-date symlink: /home/maanavjugalshah/SwarmAero/ros2_ws/install/px4_msgs/include/px4_msgs/px4_msgs/srv/detail/vehicle_command__functions.h\n'}
[2.628132] (px4_msgs) StdoutLine: {'line': b'-- Up-to-date symlink: /home/maanavjugalshah/SwarmAero/ros2_ws/install/px4_msgs/include/px4_msgs/px4_msgs/srv/detail/vehicle_command__struct.h\n'}
[2.628166] (px4_msgs) StdoutLine: {'line': b'-- Up-to-date symlink: /home/maanavjugalshah/SwarmAero/ros2_ws/install/px4_msgs/include/px4_msgs/px4_msgs/srv/detail/vehicle_command__type_support.h\n'}
[2.628200] (px4_msgs) StdoutLine: {'line': b'-- Up-to-date symlink: /home/maanavjugalshah/SwarmAero/ros2_ws/install/px4_msgs/include/px4_msgs/px4_msgs/srv/vehicle_command.h\n'}
[2.628234] (px4_msgs) StdoutLine: {'line': b'-- Up-to-date symlink: /home/maanavjugalshah/SwarmAero/ros2_ws/install/px4_msgs/share/px4_msgs/environment/library_path.sh\n'}
[2.628267] (px4_msgs) StdoutLine: {'line': b'-- Up-to-date symlink: /home/maanavjugalshah/SwarmAero/ros2_ws/install/px4_msgs/share/px4_msgs/environment/library_path.dsv\n'}
[2.628301] (px4_msgs) StdoutLine: {'line': b'-- Up-to-date symlink: /home/maanavjugalshah/SwarmAero/ros2_ws/install/px4_msgs/include/px4_msgs/px4_msgs/msg/detail/action_request__rosidl_typesupport_fastrtps_c.h\n'}
[2.628339] (px4_msgs) StdoutLine: {'line': b'-- Up-to-date symlink: /home/maanavjugalshah/SwarmAero/ros2_ws/install/px4_msgs/include/px4_msgs/px4_msgs/msg/detail/actuator_armed__rosidl_typesupport_fastrtps_c.h\n'}
[2.628373] (px4_msgs) StdoutLine: {'line': b'-- Up-to-date symlink: /home/maanavjugalshah/SwarmAero/ros2_ws/install/px4_msgs/include/px4_msgs/px4_msgs/msg/detail/actuator_controls_status__rosidl_typesupport_fastrtps_c.h\n'}
[2.628408] (px4_msgs) StdoutLine: {'line': b'-- Up-to-date symlink: /home/maanavjugalshah/SwarmAero/ros2_ws/install/px4_msgs/include/px4_msgs/px4_msgs/msg/detail/actuator_motors__rosidl_typesupport_fastrtps_c.h\n'}
[2.628440] (px4_msgs) StdoutLine: {'line': b'-- Up-to-date symlink: /home/maanavjugalshah/SwarmAero/ros2_ws/install/px4_msgs/include/px4_msgs/px4_msgs/msg/detail/actuator_outputs__rosidl_typesupport_fastrtps_c.h\n'}
[2.628474] (px4_msgs) StdoutLine: {'line': b'-- Up-to-date symlink: /home/maanavjugalshah/SwarmAero/ros2_ws/install/px4_msgs/include/px4_msgs/px4_msgs/msg/detail/actuator_servos__rosidl_typesupport_fastrtps_c.h\n'}
[2.628509] (px4_msgs) StdoutLine: {'line': b'-- Up-to-date symlink: /home/maanavjugalshah/SwarmAero/ros2_ws/install/px4_msgs/include/px4_msgs/px4_msgs/msg/detail/actuator_servos_trim__rosidl_typesupport_fastrtps_c.h\n'}
[2.628550] (px4_msgs) StdoutLine: {'line': b'-- Up-to-date symlink: /home/maanavjugalshah/SwarmAero/ros2_ws/install/px4_msgs/include/px4_msgs/px4_msgs/msg/detail/actuator_test__rosidl_typesupport_fastrtps_c.h\n'}
[2.628628] (px4_msgs) StdoutLine: {'line': b'-- Up-to-date symlink: /home/maanavjugalshah/SwarmAero/ros2_ws/install/px4_msgs/include/px4_msgs/px4_msgs/msg/detail/adc_report__rosidl_typesupport_fastrtps_c.h\n'}
[2.628907] (px4_msgs) StdoutLine: {'line': b'-- Up-to-date symlink: /home/maanavjugalshah/SwarmAero/ros2_ws/install/px4_msgs/include/px4_msgs/px4_msgs/msg/detail/airspeed__rosidl_typesupport_fastrtps_c.h\n'}
[2.629021] (px4_msgs) StdoutLine: {'line': b'-- Up-to-date symlink: /home/maanavjugalshah/SwarmAero/ros2_ws/install/px4_msgs/include/px4_msgs/px4_msgs/msg/detail/airspeed_validated__rosidl_typesupport_fastrtps_c.h\n'}
[2.629504] (px4_msgs) StdoutLine: {'line': b'-- Up-to-date symlink: /home/maanavjugalshah/SwarmAero/ros2_ws/install/px4_msgs/include/px4_msgs/px4_msgs/msg/detail/airspeed_wind__rosidl_typesupport_fastrtps_c.h\n'}
[2.629859] (px4_msgs) StdoutLine: {'line': b'-- Up-to-date symlink: /home/maanavjugalshah/SwarmAero/ros2_ws/install/px4_msgs/include/px4_msgs/px4_msgs/msg/detail/arming_check_reply__rosidl_typesupport_fastrtps_c.h\n'}
[2.630089] (px4_msgs) StdoutLine: {'line': b'-- Up-to-date symlink: /home/maanavjugalshah/SwarmAero/ros2_ws/install/px4_msgs/include/px4_msgs/px4_msgs/msg/detail/arming_check_request__rosidl_typesupport_fastrtps_c.h\n'}
[2.630133] (px4_msgs) StdoutLine: {'line': b'-- Up-to-date symlink: /home/maanavjugalshah/SwarmAero/ros2_ws/install/px4_msgs/include/px4_msgs/px4_msgs/msg/detail/autotune_attitude_control_status__rosidl_typesupport_fastrtps_c.h\n'}
[2.630170] (px4_msgs) StdoutLine: {'line': b'-- Up-to-date symlink: /home/maanavjugalshah/SwarmAero/ros2_ws/install/px4_msgs/include/px4_msgs/px4_msgs/msg/detail/aux_global_position__rosidl_typesupport_fastrtps_c.h\n'}
[2.630204] (px4_msgs) StdoutLine: {'line': b'-- Up-to-date symlink: /home/maanavjugalshah/SwarmAero/ros2_ws/install/px4_msgs/include/px4_msgs/px4_msgs/msg/detail/battery_info__rosidl_typesupport_fastrtps_c.h\n'}
[2.630288] (px4_msgs) StdoutLine: {'line': b'-- Up-to-date symlink: /home/maanavjugalshah/SwarmAero/ros2_ws/install/px4_msgs/include/px4_msgs/px4_msgs/msg/detail/battery_status__rosidl_typesupport_fastrtps_c.h\n'}
[2.630363] (px4_msgs) StdoutLine: {'line': b'-- Up-to-date symlink: /home/maanavjugalshah/SwarmAero/ros2_ws/install/px4_msgs/include/px4_msgs/px4_msgs/msg/detail/button_event__rosidl_typesupport_fastrtps_c.h\n'}
[2.630466] (px4_msgs) StdoutLine: {'line': b'-- Up-to-date symlink: /home/maanavjugalshah/SwarmAero/ros2_ws/install/px4_msgs/include/px4_msgs/px4_msgs/msg/detail/camera_capture__rosidl_typesupport_fastrtps_c.h\n'}
[2.630688] (px4_msgs) StdoutLine: {'line': b'-- Up-to-date symlink: /home/maanavjugalshah/SwarmAero/ros2_ws/install/px4_msgs/include/px4_msgs/px4_msgs/msg/detail/camera_status__rosidl_typesupport_fastrtps_c.h\n'}
[2.630786] (px4_msgs) StdoutLine: {'line': b'-- Up-to-date symlink: /home/maanavjugalshah/SwarmAero/ros2_ws/install/px4_msgs/include/px4_msgs/px4_msgs/msg/detail/camera_trigger__rosidl_typesupport_fastrtps_c.h\n'}
[2.630925] (px4_msgs) StdoutLine: {'line': b'-- Up-to-date symlink: /home/maanavjugalshah/SwarmAero/ros2_ws/install/px4_msgs/include/px4_msgs/px4_msgs/msg/detail/can_interface_status__rosidl_typesupport_fastrtps_c.h\n'}
[2.630994] (px4_msgs) StdoutLine: {'line': b'-- Up-to-date symlink: /home/maanavjugalshah/SwarmAero/ros2_ws/install/px4_msgs/include/px4_msgs/px4_msgs/msg/detail/cellular_status__rosidl_typesupport_fastrtps_c.h\n'}
[2.631231] (px4_msgs) StdoutLine: {'line': b'-- Up-to-date symlink: /home/maanavjugalshah/SwarmAero/ros2_ws/install/px4_msgs/include/px4_msgs/px4_msgs/msg/detail/collision_constraints__rosidl_typesupport_fastrtps_c.h\n'}
[2.631375] (px4_msgs) StdoutLine: {'line': b'-- Up-to-date symlink: /home/maanavjugalshah/SwarmAero/ros2_ws/install/px4_msgs/include/px4_msgs/px4_msgs/msg/detail/config_overrides__rosidl_typesupport_fastrtps_c.h\n'}
[2.631442] (px4_msgs) StdoutLine: {'line': b'-- Up-to-date symlink: /home/maanavjugalshah/SwarmAero/ros2_ws/install/px4_msgs/include/px4_msgs/px4_msgs/msg/detail/control_allocator_status__rosidl_typesupport_fastrtps_c.h\n'}
[2.631562] (px4_msgs) StdoutLine: {'line': b'-- Up-to-date symlink: /home/maanavjugalshah/SwarmAero/ros2_ws/install/px4_msgs/include/px4_msgs/px4_msgs/msg/detail/cpuload__rosidl_typesupport_fastrtps_c.h\n'}
[2.631683] (px4_msgs) StdoutLine: {'line': b'-- Up-to-date symlink: /home/maanavjugalshah/SwarmAero/ros2_ws/install/px4_msgs/include/px4_msgs/px4_msgs/msg/detail/dataman_request__rosidl_typesupport_fastrtps_c.h\n'}
[2.631901] (px4_msgs) StdoutLine: {'line': b'-- Up-to-date symlink: /home/maanavjugalshah/SwarmAero/ros2_ws/install/px4_msgs/include/px4_msgs/px4_msgs/msg/detail/dataman_response__rosidl_typesupport_fastrtps_c.h\n'}
[2.632027] (px4_msgs) StdoutLine: {'line': b'-- Up-to-date symlink: /home/maanavjugalshah/SwarmAero/ros2_ws/install/px4_msgs/include/px4_msgs/px4_msgs/msg/detail/debug_array__rosidl_typesupport_fastrtps_c.h\n'}
[2.632338] (px4_msgs) StdoutLine: {'line': b'-- Up-to-date symlink: /home/maanavjugalshah/SwarmAero/ros2_ws/install/px4_msgs/include/px4_msgs/px4_msgs/msg/detail/debug_key_value__rosidl_typesupport_fastrtps_c.h\n'}
[2.632403] (px4_msgs) StdoutLine: {'line': b'-- Up-to-date symlink: /home/maanavjugalshah/SwarmAero/ros2_ws/install/px4_msgs/include/px4_msgs/px4_msgs/msg/detail/debug_value__rosidl_typesupport_fastrtps_c.h\n'}
[2.632469] (px4_msgs) StdoutLine: {'line': b'-- Up-to-date symlink: /home/maanavjugalshah/SwarmAero/ros2_ws/install/px4_msgs/include/px4_msgs/px4_msgs/msg/detail/debug_vect__rosidl_typesupport_fastrtps_c.h\n'}
[2.632901] (px4_msgs) StdoutLine: {'line': b'-- Up-to-date symlink: /home/maanavjugalshah/SwarmAero/ros2_ws/install/px4_msgs/include/px4_msgs/px4_msgs/msg/detail/device_information__rosidl_typesupport_fastrtps_c.h\n'}
[2.633523] (px4_msgs) StdoutLine: {'line': b'-- Up-to-date symlink: /home/maanavjugalshah/SwarmAero/ros2_ws/install/px4_msgs/include/px4_msgs/px4_msgs/msg/detail/differential_pressure__rosidl_typesupport_fastrtps_c.h\n'}
[2.633901] (px4_msgs) StdoutLine: {'line': b'-- Up-to-date symlink: /home/maanavjugalshah/SwarmAero/ros2_ws/install/px4_msgs/include/px4_msgs/px4_msgs/msg/detail/distance_sensor__rosidl_typesupport_fastrtps_c.h\n'}
[2.634043] (px4_msgs) StdoutLine: {'line': b'-- Up-to-date symlink: /home/maanavjugalshah/SwarmAero/ros2_ws/install/px4_msgs/include/px4_msgs/px4_msgs/msg/detail/distance_sensor_mode_change_request__rosidl_typesupport_fastrtps_c.h\n'}
[2.634364] (px4_msgs) StdoutLine: {'line': b'-- Up-to-date symlink: /home/maanavjugalshah/SwarmAero/ros2_ws/install/px4_msgs/include/px4_msgs/px4_msgs/msg/detail/dronecan_node_status__rosidl_typesupport_fastrtps_c.h\n'}
[2.634462] (px4_msgs) StdoutLine: {'line': b'-- Up-to-date symlink: /home/maanavjugalshah/SwarmAero/ros2_ws/install/px4_msgs/include/px4_msgs/px4_msgs/msg/detail/ekf2_timestamps__rosidl_typesupport_fastrtps_c.h\n'}
[2.634602] (px4_msgs) StdoutLine: {'line': b'-- Up-to-date symlink: /home/maanavjugalshah/SwarmAero/ros2_ws/install/px4_msgs/include/px4_msgs/px4_msgs/msg/detail/esc_eeprom_read__rosidl_typesupport_fastrtps_c.h\n'}
[2.634805] (px4_msgs) StdoutLine: {'line': b'-- Up-to-date symlink: /home/maanavjugalshah/SwarmAero/ros2_ws/install/px4_msgs/include/px4_msgs/px4_msgs/msg/detail/esc_eeprom_write__rosidl_typesupport_fastrtps_c.h\n'}
[2.634919] (px4_msgs) StdoutLine: {'line': b'-- Up-to-date symlink: /home/maanavjugalshah/SwarmAero/ros2_ws/install/px4_msgs/include/px4_msgs/px4_msgs/msg/detail/esc_report__rosidl_typesupport_fastrtps_c.h\n'}
[2.635225] (px4_msgs) StdoutLine: {'line': b'-- Up-to-date symlink: /home/maanavjugalshah/SwarmAero/ros2_ws/install/px4_msgs/include/px4_msgs/px4_msgs/msg/detail/esc_status__rosidl_typesupport_fastrtps_c.h\n'}
[2.635331] (px4_msgs) StdoutLine: {'line': b'-- Up-to-date symlink: /home/maanavjugalshah/SwarmAero/ros2_ws/install/px4_msgs/include/px4_msgs/px4_msgs/msg/detail/estimator_aid_source1d__rosidl_typesupport_fastrtps_c.h\n'}
[2.635411] (px4_msgs) StdoutLine: {'line': b'-- Up-to-date symlink: /home/maanavjugalshah/SwarmAero/ros2_ws/install/px4_msgs/include/px4_msgs/px4_msgs/msg/detail/estimator_aid_source2d__rosidl_typesupport_fastrtps_c.h\n'}
[2.635478] (px4_msgs) StdoutLine: {'line': b'-- Up-to-date symlink: /home/maanavjugalshah/SwarmAero/ros2_ws/install/px4_msgs/include/px4_msgs/px4_msgs/msg/detail/estimator_aid_source3d__rosidl_typesupport_fastrtps_c.h\n'}
[2.635764] (px4_msgs) StdoutLine: {'line': b'-- Up-to-date symlink: /home/maanavjugalshah/SwarmAero/ros2_ws/install/px4_msgs/include/px4_msgs/px4_msgs/msg/detail/estimator_bias3d__rosidl_typesupport_fastrtps_c.h\n'}
[2.635912] (px4_msgs) StdoutLine: {'line': b'-- Up-to-date symlink: /home/maanavjugalshah/SwarmAero/ros2_ws/install/px4_msgs/include/px4_msgs/px4_msgs/msg/detail/estimator_bias__rosidl_typesupport_fastrtps_c.h\n'}
[2.636067] (px4_msgs) StdoutLine: {'line': b'-- Up-to-date symlink: /home/maanavjugalshah/SwarmAero/ros2_ws/install/px4_msgs/include/px4_msgs/px4_msgs/msg/detail/estimator_event_flags__rosidl_typesupport_fastrtps_c.h\n'}
[2.636114] (px4_msgs) StdoutLine: {'line': b'-- Up-to-date symlink: /home/maanavjugalshah/SwarmAero/ros2_ws/install/px4_msgs/include/px4_msgs/px4_msgs/msg/detail/estimator_fusion_control__rosidl_typesupport_fastrtps_c.h\n'}
[2.636358] (px4_msgs) StdoutLine: {'line': b'-- Up-to-date symlink: /home/maanavjugalshah/SwarmAero/ros2_ws/install/px4_msgs/include/px4_msgs/px4_msgs/msg/detail/estimator_gps_status__rosidl_typesupport_fastrtps_c.h\n'}
[2.636419] (px4_msgs) StdoutLine: {'line': b'-- Up-to-date symlink: /home/maanavjugalshah/SwarmAero/ros2_ws/install/px4_msgs/include/px4_msgs/px4_msgs/msg/detail/estimator_innovations__rosidl_typesupport_fastrtps_c.h\n'}
[2.636919] (px4_msgs) StdoutLine: {'line': b'-- Up-to-date symlink: /home/maanavjugalshah/SwarmAero/ros2_ws/install/px4_msgs/include/px4_msgs/px4_msgs/msg/detail/estimator_selector_status__rosidl_typesupport_fastrtps_c.h\n'}
[2.637247] (px4_msgs) StdoutLine: {'line': b'-- Up-to-date symlink: /home/maanavjugalshah/SwarmAero/ros2_ws/install/px4_msgs/include/px4_msgs/px4_msgs/msg/detail/estimator_sensor_bias__rosidl_typesupport_fastrtps_c.h\n'}
[2.637707] (px4_msgs) StdoutLine: {'line': b'-- Up-to-date symlink: /home/maanavjugalshah/SwarmAero/ros2_ws/install/px4_msgs/include/px4_msgs/px4_msgs/msg/detail/estimator_states__rosidl_typesupport_fastrtps_c.h\n'}
[2.637935] (px4_msgs) StdoutLine: {'line': b'-- Up-to-date symlink: /home/maanavjugalshah/SwarmAero/ros2_ws/install/px4_msgs/include/px4_msgs/px4_msgs/msg/detail/estimator_status__rosidl_typesupport_fastrtps_c.h\n'}
[2.638013] (px4_msgs) StdoutLine: {'line': b'-- Up-to-date symlink: /home/maanavjugalshah/SwarmAero/ros2_ws/install/px4_msgs/include/px4_msgs/px4_msgs/msg/detail/estimator_status_flags__rosidl_typesupport_fastrtps_c.h\n'}
[2.638099] (px4_msgs) StdoutLine: {'line': b'-- Up-to-date symlink: /home/maanavjugalshah/SwarmAero/ros2_ws/install/px4_msgs/include/px4_msgs/px4_msgs/msg/detail/event__rosidl_typesupport_fastrtps_c.h\n'}
[2.638336] (px4_msgs) StdoutLine: {'line': b'-- Up-to-date symlink: /home/maanavjugalshah/SwarmAero/ros2_ws/install/px4_msgs/include/px4_msgs/px4_msgs/msg/detail/failsafe_flags__rosidl_typesupport_fastrtps_c.h\n'}
[2.638414] (px4_msgs) StdoutLine: {'line': b'-- Up-to-date symlink: /home/maanavjugalshah/SwarmAero/ros2_ws/install/px4_msgs/include/px4_msgs/px4_msgs/msg/detail/failure_detector_status__rosidl_typesupport_fastrtps_c.h\n'}
[2.638463] (px4_msgs) StdoutLine: {'line': b'-- Up-to-date symlink: /home/maanavjugalshah/SwarmAero/ros2_ws/install/px4_msgs/include/px4_msgs/px4_msgs/msg/detail/figure_eight_status__rosidl_typesupport_fastrtps_c.h\n'}
[2.638804] (px4_msgs) StdoutLine: {'line': b'-- Up-to-date symlink: /home/maanavjugalshah/SwarmAero/ros2_ws/install/px4_msgs/include/px4_msgs/px4_msgs/msg/detail/fixed_wing_lateral_guidance_status__rosidl_typesupport_fastrtps_c.h\n'}
[2.638878] (px4_msgs) StdoutLine: {'line': b'-- Up-to-date symlink: /home/maanavjugalshah/SwarmAero/ros2_ws/install/px4_msgs/include/px4_msgs/px4_msgs/msg/detail/fixed_wing_lateral_setpoint__rosidl_typesupport_fastrtps_c.h\n'}
[2.639062] (px4_msgs) StdoutLine: {'line': b'-- Up-to-date symlink: /home/maanavjugalshah/SwarmAero/ros2_ws/install/px4_msgs/include/px4_msgs/px4_msgs/msg/detail/fixed_wing_lateral_status__rosidl_typesupport_fastrtps_c.h\n'}
[2.639144] (px4_msgs) StdoutLine: {'line': b'-- Up-to-date symlink: /home/maanavjugalshah/SwarmAero/ros2_ws/install/px4_msgs/include/px4_msgs/px4_msgs/msg/detail/fixed_wing_longitudinal_setpoint__rosidl_typesupport_fastrtps_c.h\n'}
[2.639257] (px4_msgs) StdoutLine: {'line': b'-- Up-to-date symlink: /home/maanavjugalshah/SwarmAero/ros2_ws/install/px4_msgs/include/px4_msgs/px4_msgs/msg/detail/fixed_wing_runway_control__rosidl_typesupport_fastrtps_c.h\n'}
[2.639383] (px4_msgs) StdoutLine: {'line': b'-- Up-to-date symlink: /home/maanavjugalshah/SwarmAero/ros2_ws/install/px4_msgs/include/px4_msgs/px4_msgs/msg/detail/flight_phase_estimation__rosidl_typesupport_fastrtps_c.h\n'}
[2.639632] (px4_msgs) StdoutLine: {'line': b'-- Up-to-date symlink: /home/maanavjugalshah/SwarmAero/ros2_ws/install/px4_msgs/include/px4_msgs/px4_msgs/msg/detail/follow_target__rosidl_typesupport_fastrtps_c.h\n'}
[2.639742] (px4_msgs) StdoutLine: {'line': b'-- Up-to-date symlink: /home/maanavjugalshah/SwarmAero/ros2_ws/install/px4_msgs/include/px4_msgs/px4_msgs/msg/detail/follow_target_estimator__rosidl_typesupport_fastrtps_c.h\n'}
[2.639923] (px4_msgs) StdoutLine: {'line': b'-- Up-to-date symlink: /home/maanavjugalshah/SwarmAero/ros2_ws/install/px4_msgs/include/px4_msgs/px4_msgs/msg/detail/follow_target_status__rosidl_typesupport_fastrtps_c.h\n'}
[2.640079] (px4_msgs) StdoutLine: {'line': b'-- Up-to-date symlink: /home/maanavjugalshah/SwarmAero/ros2_ws/install/px4_msgs/include/px4_msgs/px4_msgs/msg/detail/fuel_tank_status__rosidl_typesupport_fastrtps_c.h\n'}
[2.640124] (px4_msgs) StdoutLine: {'line': b'-- Up-to-date symlink: /home/maanavjugalshah/SwarmAero/ros2_ws/install/px4_msgs/include/px4_msgs/px4_msgs/msg/detail/gain_compression__rosidl_typesupport_fastrtps_c.h\n'}
[2.640219] (px4_msgs) StdoutLine: {'line': b'-- Up-to-date symlink: /home/maanavjugalshah/SwarmAero/ros2_ws/install/px4_msgs/include/px4_msgs/px4_msgs/msg/detail/generator_status__rosidl_typesupport_fastrtps_c.h\n'}
[2.640304] (px4_msgs) StdoutLine: {'line': b'-- Up-to-date symlink: /home/maanavjugalshah/SwarmAero/ros2_ws/install/px4_msgs/include/px4_msgs/px4_msgs/msg/detail/geofence_result__rosidl_typesupport_fastrtps_c.h\n'}
[2.640706] (px4_msgs) StdoutLine: {'line': b'-- Up-to-date symlink: /home/maanavjugalshah/SwarmAero/ros2_ws/install/px4_msgs/include/px4_msgs/px4_msgs/msg/detail/geofence_status__rosidl_typesupport_fastrtps_c.h\n'}
[2.640820] (px4_msgs) StdoutLine: {'line': b'-- Up-to-date symlink: /home/maanavjugalshah/SwarmAero/ros2_ws/install/px4_msgs/include/px4_msgs/px4_msgs/msg/detail/gimbal_controls__rosidl_typesupport_fastrtps_c.h\n'}
[2.641155] (px4_msgs) StdoutLine: {'line': b'-- Up-to-date symlink: /home/maanavjugalshah/SwarmAero/ros2_ws/install/px4_msgs/include/px4_msgs/px4_msgs/msg/detail/gimbal_device_attitude_status__rosidl_typesupport_fastrtps_c.h\n'}
[2.641309] (px4_msgs) StdoutLine: {'line': b'-- Up-to-date symlink: /home/maanavjugalshah/SwarmAero/ros2_ws/install/px4_msgs/include/px4_msgs/px4_msgs/msg/detail/gimbal_device_information__rosidl_typesupport_fastrtps_c.h\n'}
[2.641355] (px4_msgs) StdoutLine: {'line': b'-- Up-to-date symlink: /home/maanavjugalshah/SwarmAero/ros2_ws/install/px4_msgs/include/px4_msgs/px4_msgs/msg/detail/gimbal_device_set_attitude__rosidl_typesupport_fastrtps_c.h\n'}
[2.641556] (px4_msgs) StdoutLine: {'line': b'-- Up-to-date symlink: /home/maanavjugalshah/SwarmAero/ros2_ws/install/px4_msgs/include/px4_msgs/px4_msgs/msg/detail/gimbal_manager_information__rosidl_typesupport_fastrtps_c.h\n'}
[2.641723] (px4_msgs) StdoutLine: {'line': b'-- Up-to-date symlink: /home/maanavjugalshah/SwarmAero/ros2_ws/install/px4_msgs/include/px4_msgs/px4_msgs/msg/detail/gimbal_manager_set_attitude__rosidl_typesupport_fastrtps_c.h\n'}
[2.641788] (px4_msgs) StdoutLine: {'line': b'-- Up-to-date symlink: /home/maanavjugalshah/SwarmAero/ros2_ws/install/px4_msgs/include/px4_msgs/px4_msgs/msg/detail/gimbal_manager_set_manual_control__rosidl_typesupport_fastrtps_c.h\n'}
[2.641887] (px4_msgs) StdoutLine: {'line': b'-- Up-to-date symlink: /home/maanavjugalshah/SwarmAero/ros2_ws/install/px4_msgs/include/px4_msgs/px4_msgs/msg/detail/gimbal_manager_status__rosidl_typesupport_fastrtps_c.h\n'}
[2.642120] (px4_msgs) StdoutLine: {'line': b'-- Up-to-date symlink: /home/maanavjugalshah/SwarmAero/ros2_ws/install/px4_msgs/include/px4_msgs/px4_msgs/msg/detail/goto_setpoint__rosidl_typesupport_fastrtps_c.h\n'}
[2.642254] (px4_msgs) StdoutLine: {'line': b'-- Up-to-date symlink: /home/maanavjugalshah/SwarmAero/ros2_ws/install/px4_msgs/include/px4_msgs/px4_msgs/msg/detail/gpio_config__rosidl_typesupport_fastrtps_c.h\n'}
[2.642459] (px4_msgs) StdoutLine: {'line': b'-- Up-to-date symlink: /home/maanavjugalshah/SwarmAero/ros2_ws/install/px4_msgs/include/px4_msgs/px4_msgs/msg/detail/gpio_in__rosidl_typesupport_fastrtps_c.h\n'}
[2.642511] (px4_msgs) StdoutLine: {'line': b'-- Up-to-date symlink: /home/maanavjugalshah/SwarmAero/ros2_ws/install/px4_msgs/include/px4_msgs/px4_msgs/msg/detail/gpio_out__rosidl_typesupport_fastrtps_c.h\n'}
[2.642674] (px4_msgs) StdoutLine: {'line': b'-- Up-to-date symlink: /home/maanavjugalshah/SwarmAero/ros2_ws/install/px4_msgs/include/px4_msgs/px4_msgs/msg/detail/gpio_request__rosidl_typesupport_fastrtps_c.h\n'}
[2.643009] (px4_msgs) StdoutLine: {'line': b'-- Up-to-date symlink: /home/maanavjugalshah/SwarmAero/ros2_ws/install/px4_msgs/include/px4_msgs/px4_msgs/msg/detail/gps_dump__rosidl_typesupport_fastrtps_c.h\n'}
[2.643064] (px4_msgs) StdoutLine: {'line': b'-- Up-to-date symlink: /home/maanavjugalshah/SwarmAero/ros2_ws/install/px4_msgs/include/px4_msgs/px4_msgs/msg/detail/gps_inject_data__rosidl_typesupport_fastrtps_c.h\n'}
[2.643103] (px4_msgs) StdoutLine: {'line': b'-- Up-to-date symlink: /home/maanavjugalshah/SwarmAero/ros2_ws/install/px4_msgs/include/px4_msgs/px4_msgs/msg/detail/gripper__rosidl_typesupport_fastrtps_c.h\n'}
[2.643138] (px4_msgs) StdoutLine: {'line': b'-- Up-to-date symlink: /home/maanavjugalshah/SwarmAero/ros2_ws/install/px4_msgs/include/px4_msgs/px4_msgs/msg/detail/health_report__rosidl_typesupport_fastrtps_c.h\n'}
[2.643291] (px4_msgs) StdoutLine: {'line': b'-- Up-to-date symlink: /home/maanavjugalshah/SwarmAero/ros2_ws/install/px4_msgs/include/px4_msgs/px4_msgs/msg/detail/heater_status__rosidl_typesupport_fastrtps_c.h\n'}
[2.643393] (px4_msgs) StdoutLine: {'line': b'-- Up-to-date symlink: /home/maanavjugalshah/SwarmAero/ros2_ws/install/px4_msgs/include/px4_msgs/px4_msgs/msg/detail/home_position__rosidl_typesupport_fastrtps_c.h\n'}
[2.643696] (px4_msgs) StdoutLine: {'line': b'-- Up-to-date symlink: /home/maanavjugalshah/SwarmAero/ros2_ws/install/px4_msgs/include/px4_msgs/px4_msgs/msg/detail/hover_thrust_estimate__rosidl_typesupport_fastrtps_c.h\n'}
[2.643926] (px4_msgs) StdoutLine: {'line': b'-- Up-to-date symlink: /home/maanavjugalshah/SwarmAero/ros2_ws/install/px4_msgs/include/px4_msgs/px4_msgs/msg/detail/input_rc__rosidl_typesupport_fastrtps_c.h\n'}
[2.644020] (px4_msgs) StdoutLine: {'line': b'-- Up-to-date symlink: /home/maanavjugalshah/SwarmAero/ros2_ws/install/px4_msgs/include/px4_msgs/px4_msgs/msg/detail/internal_combustion_engine_control__rosidl_typesupport_fastrtps_c.h\n'}
[2.644163] (px4_msgs) StdoutLine: {'line': b'-- Up-to-date symlink: /home/maanavjugalshah/SwarmAero/ros2_ws/install/px4_msgs/include/px4_msgs/px4_msgs/msg/detail/internal_combustion_engine_status__rosidl_typesupport_fastrtps_c.h\n'}
[2.644374] (px4_msgs) StdoutLine: {'line': b'-- Up-to-date symlink: /home/maanavjugalshah/SwarmAero/ros2_ws/install/px4_msgs/include/px4_msgs/px4_msgs/msg/detail/iridiumsbd_status__rosidl_typesupport_fastrtps_c.h\n'}
[2.644566] (px4_msgs) StdoutLine: {'line': b'-- Up-to-date symlink: /home/maanavjugalshah/SwarmAero/ros2_ws/install/px4_msgs/include/px4_msgs/px4_msgs/msg/detail/irlock_report__rosidl_typesupport_fastrtps_c.h\n'}
[2.644973] (px4_msgs) StdoutLine: {'line': b'-- Up-to-date symlink: /home/maanavjugalshah/SwarmAero/ros2_ws/install/px4_msgs/include/px4_msgs/px4_msgs/msg/detail/landing_gear__rosidl_typesupport_fastrtps_c.h\n'}
[2.645109] (px4_msgs) StdoutLine: {'line': b'-- Up-to-date symlink: /home/maanavjugalshah/SwarmAero/ros2_ws/install/px4_msgs/include/px4_msgs/px4_msgs/msg/detail/landing_gear_wheel__rosidl_typesupport_fastrtps_c.h\n'}
[2.645429] (px4_msgs) StdoutLine: {'line': b'-- Up-to-date symlink: /home/maanavjugalshah/SwarmAero/ros2_ws/install/px4_msgs/include/px4_msgs/px4_msgs/msg/detail/landing_target_innovations__rosidl_typesupport_fastrtps_c.h\n'}
[2.645581] (px4_msgs) StdoutLine: {'line': b'-- Up-to-date symlink: /home/maanavjugalshah/SwarmAero/ros2_ws/install/px4_msgs/include/px4_msgs/px4_msgs/msg/detail/landing_target_pose__rosidl_typesupport_fastrtps_c.h\n'}
[2.645655] (px4_msgs) StdoutLine: {'line': b'-- Up-to-date symlink: /home/maanavjugalshah/SwarmAero/ros2_ws/install/px4_msgs/include/px4_msgs/px4_msgs/msg/detail/lateral_control_configuration__rosidl_typesupport_fastrtps_c.h\n'}
[2.645964] (px4_msgs) StdoutLine: {'line': b'-- Up-to-date symlink: /home/maanavjugalshah/SwarmAero/ros2_ws/install/px4_msgs/include/px4_msgs/px4_msgs/msg/detail/launch_detection_status__rosidl_typesupport_fastrtps_c.h\n'}
[2.646098] (px4_msgs) StdoutLine: {'line': b'-- Up-to-date symlink: /home/maanavjugalshah/SwarmAero/ros2_ws/install/px4_msgs/include/px4_msgs/px4_msgs/msg/detail/led_control__rosidl_typesupport_fastrtps_c.h\n'}
[2.646286] (px4_msgs) StdoutLine: {'line': b'-- Up-to-date symlink: /home/maanavjugalshah/SwarmAero/ros2_ws/install/px4_msgs/include/px4_msgs/px4_msgs/msg/detail/log_message__rosidl_typesupport_fastrtps_c.h\n'}
[2.646669] (px4_msgs) StdoutLine: {'line': b'-- Up-to-date symlink: /home/maanavjugalshah/SwarmAero/ros2_ws/install/px4_msgs/include/px4_msgs/px4_msgs/msg/detail/logger_status__rosidl_typesupport_fastrtps_c.h\n'}
[2.646859] (px4_msgs) StdoutLine: {'line': b'-- Up-to-date symlink: /home/maanavjugalshah/SwarmAero/ros2_ws/install/px4_msgs/include/px4_msgs/px4_msgs/msg/detail/longitudinal_control_configuration__rosidl_typesupport_fastrtps_c.h\n'}
[2.646906] (px4_msgs) StdoutLine: {'line': b'-- Up-to-date symlink: /home/maanavjugalshah/SwarmAero/ros2_ws/install/px4_msgs/include/px4_msgs/px4_msgs/msg/detail/mag_worker_data__rosidl_typesupport_fastrtps_c.h\n'}
[2.647124] (px4_msgs) StdoutLine: {'line': b'-- Up-to-date symlink: /home/maanavjugalshah/SwarmAero/ros2_ws/install/px4_msgs/include/px4_msgs/px4_msgs/msg/detail/magnetometer_bias_estimate__rosidl_typesupport_fastrtps_c.h\n'}
[2.647316] (px4_msgs) StdoutLine: {'line': b'-- Up-to-date symlink: /home/maanavjugalshah/SwarmAero/ros2_ws/install/px4_msgs/include/px4_msgs/px4_msgs/msg/detail/manual_control_setpoint__rosidl_typesupport_fastrtps_c.h\n'}
[2.647386] (px4_msgs) StdoutLine: {'line': b'-- Up-to-date symlink: /home/maanavjugalshah/SwarmAero/ros2_ws/install/px4_msgs/include/px4_msgs/px4_msgs/msg/detail/manual_control_switches__rosidl_typesupport_fastrtps_c.h\n'}
[2.647600] (px4_msgs) StdoutLine: {'line': b'-- Up-to-date symlink: /home/maanavjugalshah/SwarmAero/ros2_ws/install/px4_msgs/include/px4_msgs/px4_msgs/msg/detail/mavlink_log__rosidl_typesupport_fastrtps_c.h\n'}
[2.647697] (px4_msgs) StdoutLine: {'line': b'-- Up-to-date symlink: /home/maanavjugalshah/SwarmAero/ros2_ws/install/px4_msgs/include/px4_msgs/px4_msgs/msg/detail/mavlink_tunnel__rosidl_typesupport_fastrtps_c.h\n'}
[2.647775] (px4_msgs) StdoutLine: {'line': b'-- Up-to-date symlink: /home/maanavjugalshah/SwarmAero/ros2_ws/install/px4_msgs/include/px4_msgs/px4_msgs/msg/detail/message_format_request__rosidl_typesupport_fastrtps_c.h\n'}
[2.647865] (px4_msgs) StdoutLine: {'line': b'-- Up-to-date symlink: /home/maanavjugalshah/SwarmAero/ros2_ws/install/px4_msgs/include/px4_msgs/px4_msgs/msg/detail/message_format_response__rosidl_typesupport_fastrtps_c.h\n'}
[2.648049] (px4_msgs) StdoutLine: {'line': b'-- Up-to-date symlink: /home/maanavjugalshah/SwarmAero/ros2_ws/install/px4_msgs/include/px4_msgs/px4_msgs/msg/detail/mission__rosidl_typesupport_fastrtps_c.h\n'}
[2.648151] (px4_msgs) StdoutLine: {'line': b'-- Up-to-date symlink: /home/maanavjugalshah/SwarmAero/ros2_ws/install/px4_msgs/include/px4_msgs/px4_msgs/msg/detail/mission_result__rosidl_typesupport_fastrtps_c.h\n'}
[2.648259] (px4_msgs) StdoutLine: {'line': b'-- Up-to-date symlink: /home/maanavjugalshah/SwarmAero/ros2_ws/install/px4_msgs/include/px4_msgs/px4_msgs/msg/detail/mode_completed__rosidl_typesupport_fastrtps_c.h\n'}
[2.648463] (px4_msgs) StdoutLine: {'line': b'-- Up-to-date symlink: /home/maanavjugalshah/SwarmAero/ros2_ws/install/px4_msgs/include/px4_msgs/px4_msgs/msg/detail/mount_orientation__rosidl_typesupport_fastrtps_c.h\n'}
[2.648705] (px4_msgs) StdoutLine: {'line': b'-- Up-to-date symlink: /home/maanavjugalshah/SwarmAero/ros2_ws/install/px4_msgs/include/px4_msgs/px4_msgs/msg/detail/navigator_mission_item__rosidl_typesupport_fastrtps_c.h\n'}
[2.649001] (px4_msgs) StdoutLine: {'line': b'-- Up-to-date symlink: /home/maanavjugalshah/SwarmAero/ros2_ws/install/px4_msgs/include/px4_msgs/px4_msgs/msg/detail/navigator_status__rosidl_typesupport_fastrtps_c.h\n'}
[2.649180] (px4_msgs) StdoutLine: {'line': b'-- Up-to-date symlink: /home/maanavjugalshah/SwarmAero/ros2_ws/install/px4_msgs/include/px4_msgs/px4_msgs/msg/detail/neural_control__rosidl_typesupport_fastrtps_c.h\n'}
[2.649374] (px4_msgs) StdoutLine: {'line': b'-- Up-to-date symlink: /home/maanavjugalshah/SwarmAero/ros2_ws/install/px4_msgs/include/px4_msgs/px4_msgs/msg/detail/normalized_unsigned_setpoint__rosidl_typesupport_fastrtps_c.h\n'}
[2.649490] (px4_msgs) StdoutLine: {'line': b'-- Up-to-date symlink: /home/maanavjugalshah/SwarmAero/ros2_ws/install/px4_msgs/include/px4_msgs/px4_msgs/msg/detail/obstacle_distance__rosidl_typesupport_fastrtps_c.h\n'}
[2.649650] (px4_msgs) StdoutLine: {'line': b'-- Up-to-date symlink: /home/maanavjugalshah/SwarmAero/ros2_ws/install/px4_msgs/include/px4_msgs/px4_msgs/msg/detail/offboard_control_mode__rosidl_typesupport_fastrtps_c.h\n'}
[2.649736] (px4_msgs) StdoutLine: {'line': b'-- Up-to-date symlink: /home/maanavjugalshah/SwarmAero/ros2_ws/install/px4_msgs/include/px4_msgs/px4_msgs/msg/detail/onboard_computer_status__rosidl_typesupport_fastrtps_c.h\n'}
[2.650034] (px4_msgs) StdoutLine: {'line': b'-- Up-to-date symlink: /home/maanavjugalshah/SwarmAero/ros2_ws/install/px4_msgs/include/px4_msgs/px4_msgs/msg/detail/open_drone_id_arm_status__rosidl_typesupport_fastrtps_c.h\n'}
[2.650254] (px4_msgs) StdoutLine: {'line': b'-- Up-to-date symlink: /home/maanavjugalshah/SwarmAero/ros2_ws/install/px4_msgs/include/px4_msgs/px4_msgs/msg/detail/open_drone_id_operator_id__rosidl_typesupport_fastrtps_c.h\n'}
[2.650309] (px4_msgs) StdoutLine: {'line': b'-- Up-to-date symlink: /home/maanavjugalshah/SwarmAero/ros2_ws/install/px4_msgs/include/px4_msgs/px4_msgs/msg/detail/open_drone_id_self_id__rosidl_typesupport_fastrtps_c.h\n'}
[2.650429] (px4_msgs) StdoutLine: {'line': b'-- Up-to-date symlink: /home/maanavjugalshah/SwarmAero/ros2_ws/install/px4_msgs/include/px4_msgs/px4_msgs/msg/detail/open_drone_id_system__rosidl_typesupport_fastrtps_c.h\n'}
[2.650535] (px4_msgs) StdoutLine: {'line': b'-- Up-to-date symlink: /home/maanavjugalshah/SwarmAero/ros2_ws/install/px4_msgs/include/px4_msgs/px4_msgs/msg/detail/orb_test__rosidl_typesupport_fastrtps_c.h\n'}
[2.650607] (px4_msgs) StdoutLine: {'line': b'-- Up-to-date symlink: /home/maanavjugalshah/SwarmAero/ros2_ws/install/px4_msgs/include/px4_msgs/px4_msgs/msg/detail/orb_test_large__rosidl_typesupport_fastrtps_c.h\n'}
[2.650733] (px4_msgs) StdoutLine: {'line': b'-- Up-to-date symlink: /home/maanavjugalshah/SwarmAero/ros2_ws/install/px4_msgs/include/px4_msgs/px4_msgs/msg/detail/orb_test_medium__rosidl_typesupport_fastrtps_c.h\n'}
[2.650847] (px4_msgs) StdoutLine: {'line': b'-- Up-to-date symlink: /home/maanavjugalshah/SwarmAero/ros2_ws/install/px4_msgs/include/px4_msgs/px4_msgs/msg/detail/orbit_status__rosidl_typesupport_fastrtps_c.h\n'}
[2.650887] (px4_msgs) StdoutLine: {'line': b'-- Up-to-date symlink: /home/maanavjugalshah/SwarmAero/ros2_ws/install/px4_msgs/include/px4_msgs/px4_msgs/msg/detail/parameter_reset_request__rosidl_typesupport_fastrtps_c.h\n'}
[2.651004] (px4_msgs) StdoutLine: {'line': b'-- Up-to-date symlink: /home/maanavjugalshah/SwarmAero/ros2_ws/install/px4_msgs/include/px4_msgs/px4_msgs/msg/detail/parameter_set_used_request__rosidl_typesupport_fastrtps_c.h\n'}
[2.651172] (px4_msgs) StdoutLine: {'line': b'-- Up-to-date symlink: /home/maanavjugalshah/SwarmAero/ros2_ws/install/px4_msgs/include/px4_msgs/px4_msgs/msg/detail/parameter_set_value_request__rosidl_typesupport_fastrtps_c.h\n'}
[2.651216] (px4_msgs) StdoutLine: {'line': b'-- Up-to-date symlink: /home/maanavjugalshah/SwarmAero/ros2_ws/install/px4_msgs/include/px4_msgs/px4_msgs/msg/detail/parameter_set_value_response__rosidl_typesupport_fastrtps_c.h\n'}
[2.651256] (px4_msgs) StdoutLine: {'line': b'-- Up-to-date symlink: /home/maanavjugalshah/SwarmAero/ros2_ws/install/px4_msgs/include/px4_msgs/px4_msgs/msg/detail/parameter_update__rosidl_typesupport_fastrtps_c.h\n'}
[2.651378] (px4_msgs) StdoutLine: {'line': b'-- Up-to-date symlink: /home/maanavjugalshah/SwarmAero/ros2_ws/install/px4_msgs/include/px4_msgs/px4_msgs/msg/detail/ping__rosidl_typesupport_fastrtps_c.h\n'}
[2.651535] (px4_msgs) StdoutLine: {'line': b'-- Up-to-date symlink: /home/maanavjugalshah/SwarmAero/ros2_ws/install/px4_msgs/include/px4_msgs/px4_msgs/msg/detail/position_controller_landing_status__rosidl_typesupport_fastrtps_c.h\n'}
[2.651581] (px4_msgs) StdoutLine: {'line': b'-- Up-to-date symlink: /home/maanavjugalshah/SwarmAero/ros2_ws/install/px4_msgs/include/px4_msgs/px4_msgs/msg/detail/position_controller_status__rosidl_typesupport_fastrtps_c.h\n'}
[2.651660] (px4_msgs) StdoutLine: {'line': b'-- Up-to-date symlink: /home/maanavjugalshah/SwarmAero/ros2_ws/install/px4_msgs/include/px4_msgs/px4_msgs/msg/detail/position_setpoint__rosidl_typesupport_fastrtps_c.h\n'}
[2.651775] (px4_msgs) StdoutLine: {'line': b'-- Up-to-date symlink: /home/maanavjugalshah/SwarmAero/ros2_ws/install/px4_msgs/include/px4_msgs/px4_msgs/msg/detail/position_setpoint_triplet__rosidl_typesupport_fastrtps_c.h\n'}
[2.651949] (px4_msgs) StdoutLine: {'line': b'-- Up-to-date symlink: /home/maanavjugalshah/SwarmAero/ros2_ws/install/px4_msgs/include/px4_msgs/px4_msgs/msg/detail/power_button_state__rosidl_typesupport_fastrtps_c.h\n'}
[2.651992] (px4_msgs) StdoutLine: {'line': b'-- Up-to-date symlink: /home/maanavjugalshah/SwarmAero/ros2_ws/install/px4_msgs/include/px4_msgs/px4_msgs/msg/detail/power_monitor__rosidl_typesupport_fastrtps_c.h\n'}
[2.652029] (px4_msgs) StdoutLine: {'line': b'-- Up-to-date symlink: /home/maanavjugalshah/SwarmAero/ros2_ws/install/px4_msgs/include/px4_msgs/px4_msgs/msg/detail/pps_capture__rosidl_typesupport_fastrtps_c.h\n'}
[2.652178] (px4_msgs) StdoutLine: {'line': b'-- Up-to-date symlink: /home/maanavjugalshah/SwarmAero/ros2_ws/install/px4_msgs/include/px4_msgs/px4_msgs/msg/detail/pure_pursuit_status__rosidl_typesupport_fastrtps_c.h\n'}
[2.652228] (px4_msgs) StdoutLine: {'line': b'-- Up-to-date symlink: /home/maanavjugalshah/SwarmAero/ros2_ws/install/px4_msgs/include/px4_msgs/px4_msgs/msg/detail/pwm_input__rosidl_typesupport_fastrtps_c.h\n'}
[2.652451] (px4_msgs) StdoutLine: {'line': b'-- Up-to-date symlink: /home/maanavjugalshah/SwarmAero/ros2_ws/install/px4_msgs/include/px4_msgs/px4_msgs/msg/detail/px4io_status__rosidl_typesupport_fastrtps_c.h\n'}
[2.652746] (px4_msgs) StdoutLine: {'line': b'-- Up-to-date symlink: /home/maanavjugalshah/SwarmAero/ros2_ws/install/px4_msgs/include/px4_msgs/px4_msgs/msg/detail/qshell_req__rosidl_typesupport_fastrtps_c.h\n'}
[2.652819] (px4_msgs) StdoutLine: {'line': b'-- Up-to-date symlink: /home/maanavjugalshah/SwarmAero/ros2_ws/install/px4_msgs/include/px4_msgs/px4_msgs/msg/detail/qshell_retval__rosidl_typesupport_fastrtps_c.h\n'}
[2.652859] (px4_msgs) StdoutLine: {'line': b'-- Up-to-date symlink: /home/maanavjugalshah/SwarmAero/ros2_ws/install/px4_msgs/include/px4_msgs/px4_msgs/msg/detail/radio_status__rosidl_typesupport_fastrtps_c.h\n'}
[2.652928] (px4_msgs) StdoutLine: {'line': b'-- Up-to-date symlink: /home/maanavjugalshah/SwarmAero/ros2_ws/install/px4_msgs/include/px4_msgs/px4_msgs/msg/detail/ranging_beacon__rosidl_typesupport_fastrtps_c.h\n'}
[2.653020] (px4_msgs) StdoutLine: {'line': b'-- Up-to-date symlink: /home/maanavjugalshah/SwarmAero/ros2_ws/install/px4_msgs/include/px4_msgs/px4_msgs/msg/detail/raptor_input__rosidl_typesupport_fastrtps_c.h\n'}
[2.653109] (px4_msgs) StdoutLine: {'line': b'-- Up-to-date symlink: /home/maanavjugalshah/SwarmAero/ros2_ws/install/px4_msgs/include/px4_msgs/px4_msgs/msg/detail/raptor_status__rosidl_typesupport_fastrtps_c.h\n'}
[2.653179] (px4_msgs) StdoutLine: {'line': b'-- Up-to-date symlink: /home/maanavjugalshah/SwarmAero/ros2_ws/install/px4_msgs/include/px4_msgs/px4_msgs/msg/detail/rate_ctrl_status__rosidl_typesupport_fastrtps_c.h\n'}
[2.653346] (px4_msgs) StdoutLine: {'line': b'-- Up-to-date symlink: /home/maanavjugalshah/SwarmAero/ros2_ws/install/px4_msgs/include/px4_msgs/px4_msgs/msg/detail/rc_channels__rosidl_typesupport_fastrtps_c.h\n'}
[2.653390] (px4_msgs) StdoutLine: {'line': b'-- Up-to-date symlink: /home/maanavjugalshah/SwarmAero/ros2_ws/install/px4_msgs/include/px4_msgs/px4_msgs/msg/detail/rc_parameter_map__rosidl_typesupport_fastrtps_c.h\n'}
[2.653429] (px4_msgs) StdoutLine: {'line': b'-- Up-to-date symlink: /home/maanavjugalshah/SwarmAero/ros2_ws/install/px4_msgs/include/px4_msgs/px4_msgs/msg/detail/register_ext_component_reply__rosidl_typesupport_fastrtps_c.h\n'}
[2.653696] (px4_msgs) StdoutLine: {'line': b'-- Up-to-date symlink: /home/maanavjugalshah/SwarmAero/ros2_ws/install/px4_msgs/include/px4_msgs/px4_msgs/msg/detail/register_ext_component_request__rosidl_typesupport_fastrtps_c.h\n'}
[2.653898] (px4_msgs) StdoutLine: {'line': b'-- Up-to-date symlink: /home/maanavjugalshah/SwarmAero/ros2_ws/install/px4_msgs/include/px4_msgs/px4_msgs/msg/detail/rover_attitude_setpoint__rosidl_typesupport_fastrtps_c.h\n'}
[2.653948] (px4_msgs) StdoutLine: {'line': b'-- Up-to-date symlink: /home/maanavjugalshah/SwarmAero/ros2_ws/install/px4_msgs/include/px4_msgs/px4_msgs/msg/detail/rover_attitude_status__rosidl_typesupport_fastrtps_c.h\n'}
[2.654167] (px4_msgs) StdoutLine: {'line': b'-- Up-to-date symlink: /home/maanavjugalshah/SwarmAero/ros2_ws/install/px4_msgs/include/px4_msgs/px4_msgs/msg/detail/rover_position_setpoint__rosidl_typesupport_fastrtps_c.h\n'}
[2.654363] (px4_msgs) StdoutLine: {'line': b'-- Up-to-date symlink: /home/maanavjugalshah/SwarmAero/ros2_ws/install/px4_msgs/include/px4_msgs/px4_msgs/msg/detail/rover_rate_setpoint__rosidl_typesupport_fastrtps_c.h\n'}
[2.654507] (px4_msgs) StdoutLine: {'line': b'-- Up-to-date symlink: /home/maanavjugalshah/SwarmAero/ros2_ws/install/px4_msgs/include/px4_msgs/px4_msgs/msg/detail/rover_rate_status__rosidl_typesupport_fastrtps_c.h\n'}
[2.654610] (px4_msgs) StdoutLine: {'line': b'-- Up-to-date symlink: /home/maanavjugalshah/SwarmAero/ros2_ws/install/px4_msgs/include/px4_msgs/px4_msgs/msg/detail/rover_speed_setpoint__rosidl_typesupport_fastrtps_c.h\n'}
[2.654684] (px4_msgs) StdoutLine: {'line': b'-- Up-to-date symlink: /home/maanavjugalshah/SwarmAero/ros2_ws/install/px4_msgs/include/px4_msgs/px4_msgs/msg/detail/rover_speed_status__rosidl_typesupport_fastrtps_c.h\n'}
[2.654755] (px4_msgs) StdoutLine: {'line': b'-- Up-to-date symlink: /home/maanavjugalshah/SwarmAero/ros2_ws/install/px4_msgs/include/px4_msgs/px4_msgs/msg/detail/rover_steering_setpoint__rosidl_typesupport_fastrtps_c.h\n'}
[2.654980] (px4_msgs) StdoutLine: {'line': b'-- Up-to-date symlink: /home/maanavjugalshah/SwarmAero/ros2_ws/install/px4_msgs/include/px4_msgs/px4_msgs/msg/detail/rover_throttle_setpoint__rosidl_typesupport_fastrtps_c.h\n'}
[2.655123] (px4_msgs) StdoutLine: {'line': b'-- Up-to-date symlink: /home/maanavjugalshah/SwarmAero/ros2_ws/install/px4_msgs/include/px4_msgs/px4_msgs/msg/detail/rpm__rosidl_typesupport_fastrtps_c.h\n'}
[2.655325] (px4_msgs) StdoutLine: {'line': b'-- Up-to-date symlink: /home/maanavjugalshah/SwarmAero/ros2_ws/install/px4_msgs/include/px4_msgs/px4_msgs/msg/detail/rtl_status__rosidl_typesupport_fastrtps_c.h\n'}
[2.655431] (px4_msgs) StdoutLine: {'line': b'-- Up-to-date symlink: /home/maanavjugalshah/SwarmAero/ros2_ws/install/px4_msgs/include/px4_msgs/px4_msgs/msg/detail/rtl_time_estimate__rosidl_typesupport_fastrtps_c.h\n'}
[2.655635] (px4_msgs) StdoutLine: {'line': b'-- Up-to-date symlink: /home/maanavjugalshah/SwarmAero/ros2_ws/install/px4_msgs/include/px4_msgs/px4_msgs/msg/detail/satellite_info__rosidl_typesupport_fastrtps_c.h\n'}
[2.655705] (px4_msgs) StdoutLine: {'line': b'-- Up-to-date symlink: /home/maanavjugalshah/SwarmAero/ros2_ws/install/px4_msgs/include/px4_msgs/px4_msgs/msg/detail/sensor_accel__rosidl_typesupport_fastrtps_c.h\n'}
[2.655831] (px4_msgs) StdoutLine: {'line': b'-- Up-to-date symlink: /home/maanavjugalshah/SwarmAero/ros2_ws/install/px4_msgs/include/px4_msgs/px4_msgs/msg/detail/sensor_accel_fifo__rosidl_typesupport_fastrtps_c.h\n'}
[2.655883] (px4_msgs) StdoutLine: {'line': b'-- Up-to-date symlink: /home/maanavjugalshah/SwarmAero/ros2_ws/install/px4_msgs/include/px4_msgs/px4_msgs/msg/detail/sensor_airflow__rosidl_typesupport_fastrtps_c.h\n'}
[2.655964] (px4_msgs) StdoutLine: {'line': b'-- Up-to-date symlink: /home/maanavjugalshah/SwarmAero/ros2_ws/install/px4_msgs/include/px4_msgs/px4_msgs/msg/detail/sensor_baro__rosidl_typesupport_fastrtps_c.h\n'}
[2.656262] (px4_msgs) StdoutLine: {'line': b'-- Up-to-date symlink: /home/maanavjugalshah/SwarmAero/ros2_ws/install/px4_msgs/include/px4_msgs/px4_msgs/msg/detail/sensor_combined__rosidl_typesupport_fastrtps_c.h\n'}
[2.656359] (px4_msgs) StdoutLine: {'line': b'-- Up-to-date symlink: /home/maanavjugalshah/SwarmAero/ros2_ws/install/px4_msgs/include/px4_msgs/px4_msgs/msg/detail/sensor_correction__rosidl_typesupport_fastrtps_c.h\n'}
[2.656748] (px4_msgs) StdoutLine: {'line': b'-- Up-to-date symlink: /home/maanavjugalshah/SwarmAero/ros2_ws/install/px4_msgs/include/px4_msgs/px4_msgs/msg/detail/sensor_gnss_relative__rosidl_typesupport_fastrtps_c.h\n'}
[2.657212] (px4_msgs) StdoutLine: {'line': b'-- Up-to-date symlink: /home/maanavjugalshah/SwarmAero/ros2_ws/install/px4_msgs/include/px4_msgs/px4_msgs/msg/detail/sensor_gnss_status__rosidl_typesupport_fastrtps_c.h\n'}
[2.657260] (px4_msgs) StdoutLine: {'line': b'-- Up-to-date symlink: /home/maanavjugalshah/SwarmAero/ros2_ws/install/px4_msgs/include/px4_msgs/px4_msgs/msg/detail/sensor_gps__rosidl_typesupport_fastrtps_c.h\n'}
[2.657356] (px4_msgs) StdoutLine: {'line': b'-- Up-to-date symlink: /home/maanavjugalshah/SwarmAero/ros2_ws/install/px4_msgs/include/px4_msgs/px4_msgs/msg/detail/sensor_gyro__rosidl_typesupport_fastrtps_c.h\n'}
[2.657428] (px4_msgs) StdoutLine: {'line': b'-- Up-to-date symlink: /home/maanavjugalshah/SwarmAero/ros2_ws/install/px4_msgs/include/px4_msgs/px4_msgs/msg/detail/sensor_gyro_fft__rosidl_typesupport_fastrtps_c.h\n'}
[2.657526] (px4_msgs) StdoutLine: {'line': b'-- Up-to-date symlink: /home/maanavjugalshah/SwarmAero/ros2_ws/install/px4_msgs/include/px4_msgs/px4_msgs/msg/detail/sensor_gyro_fifo__rosidl_typesupport_fastrtps_c.h\n'}
[2.657652] (px4_msgs) StdoutLine: {'line': b'-- Up-to-date symlink: /home/maanavjugalshah/SwarmAero/ros2_ws/install/px4_msgs/include/px4_msgs/px4_msgs/msg/detail/sensor_hygrometer__rosidl_typesupport_fastrtps_c.h\n'}
[2.657965] (px4_msgs) StdoutLine: {'line': b'-- Up-to-date symlink: /home/maanavjugalshah/SwarmAero/ros2_ws/install/px4_msgs/include/px4_msgs/px4_msgs/msg/detail/sensor_mag__rosidl_typesupport_fastrtps_c.h\n'}
[2.658351] (px4_msgs) StdoutLine: {'line': b'-- Up-to-date symlink: /home/maanavjugalshah/SwarmAero/ros2_ws/install/px4_msgs/include/px4_msgs/px4_msgs/msg/detail/sensor_optical_flow__rosidl_typesupport_fastrtps_c.h\n'}
[2.658583] (px4_msgs) StdoutLine: {'line': b'-- Up-to-date symlink: /home/maanavjugalshah/SwarmAero/ros2_ws/install/px4_msgs/include/px4_msgs/px4_msgs/msg/detail/sensor_preflight_mag__rosidl_typesupport_fastrtps_c.h\n'}
[2.658700] (px4_msgs) StdoutLine: {'line': b'-- Up-to-date symlink: /home/maanavjugalshah/SwarmAero/ros2_ws/install/px4_msgs/include/px4_msgs/px4_msgs/msg/detail/sensor_selection__rosidl_typesupport_fastrtps_c.h\n'}
[2.658742] (px4_msgs) StdoutLine: {'line': b'-- Up-to-date symlink: /home/maanavjugalshah/SwarmAero/ros2_ws/install/px4_msgs/include/px4_msgs/px4_msgs/msg/detail/sensor_temp__rosidl_typesupport_fastrtps_c.h\n'}
[2.658781] (px4_msgs) StdoutLine: {'line': b'-- Up-to-date symlink: /home/maanavjugalshah/SwarmAero/ros2_ws/install/px4_msgs/include/px4_msgs/px4_msgs/msg/detail/sensor_uwb__rosidl_typesupport_fastrtps_c.h\n'}
[2.658929] (px4_msgs) StdoutLine: {'line': b'-- Up-to-date symlink: /home/maanavjugalshah/SwarmAero/ros2_ws/install/px4_msgs/include/px4_msgs/px4_msgs/msg/detail/sensors_status__rosidl_typesupport_fastrtps_c.h\n'}
[2.658975] (px4_msgs) StdoutLine: {'line': b'-- Up-to-date symlink: /home/maanavjugalshah/SwarmAero/ros2_ws/install/px4_msgs/include/px4_msgs/px4_msgs/msg/detail/sensors_status_imu__rosidl_typesupport_fastrtps_c.h\n'}
[2.659187] (px4_msgs) StdoutLine: {'line': b'-- Up-to-date symlink: /home/maanavjugalshah/SwarmAero/ros2_ws/install/px4_msgs/include/px4_msgs/px4_msgs/msg/detail/system_power__rosidl_typesupport_fastrtps_c.h\n'}
[2.659321] (px4_msgs) StdoutLine: {'line': b'-- Up-to-date symlink: /home/maanavjugalshah/SwarmAero/ros2_ws/install/px4_msgs/include/px4_msgs/px4_msgs/msg/detail/takeoff_status__rosidl_typesupport_fastrtps_c.h\n'}
[2.659565] (px4_msgs) StdoutLine: {'line': b'-- Up-to-date symlink: /home/maanavjugalshah/SwarmAero/ros2_ws/install/px4_msgs/include/px4_msgs/px4_msgs/msg/detail/task_stack_info__rosidl_typesupport_fastrtps_c.h\n'}
[2.659703] (px4_msgs) StdoutLine: {'line': b'-- Up-to-date symlink: /home/maanavjugalshah/SwarmAero/ros2_ws/install/px4_msgs/include/px4_msgs/px4_msgs/msg/detail/tecs_status__rosidl_typesupport_fastrtps_c.h\n'}
[2.659788] (px4_msgs) StdoutLine: {'line': b'-- Up-to-date symlink: /home/maanavjugalshah/SwarmAero/ros2_ws/install/px4_msgs/include/px4_msgs/px4_msgs/msg/detail/telemetry_status__rosidl_typesupport_fastrtps_c.h\n'}
[2.659923] (px4_msgs) StdoutLine: {'line': b'-- Up-to-date symlink: /home/maanavjugalshah/SwarmAero/ros2_ws/install/px4_msgs/include/px4_msgs/px4_msgs/msg/detail/tiltrotor_extra_controls__rosidl_typesupport_fastrtps_c.h\n'}
[2.660056] (px4_msgs) StdoutLine: {'line': b'-- Up-to-date symlink: /home/maanavjugalshah/SwarmAero/ros2_ws/install/px4_msgs/include/px4_msgs/px4_msgs/msg/detail/timesync_status__rosidl_typesupport_fastrtps_c.h\n'}
[2.660297] (px4_msgs) StdoutLine: {'line': b'-- Up-to-date symlink: /home/maanavjugalshah/SwarmAero/ros2_ws/install/px4_msgs/include/px4_msgs/px4_msgs/msg/detail/trajectory_setpoint6dof__rosidl_typesupport_fastrtps_c.h\n'}
[2.660408] (px4_msgs) StdoutLine: {'line': b'-- Up-to-date symlink: /home/maanavjugalshah/SwarmAero/ros2_ws/install/px4_msgs/include/px4_msgs/px4_msgs/msg/detail/trajectory_setpoint__rosidl_typesupport_fastrtps_c.h\n'}
[2.660495] (px4_msgs) StdoutLine: {'line': b'-- Up-to-date symlink: /home/maanavjugalshah/SwarmAero/ros2_ws/install/px4_msgs/include/px4_msgs/px4_msgs/msg/detail/transponder_report__rosidl_typesupport_fastrtps_c.h\n'}
[2.660580] (px4_msgs) StdoutLine: {'line': b'-- Up-to-date symlink: /home/maanavjugalshah/SwarmAero/ros2_ws/install/px4_msgs/include/px4_msgs/px4_msgs/msg/detail/tune_control__rosidl_typesupport_fastrtps_c.h\n'}
[2.660682] (px4_msgs) StdoutLine: {'line': b'-- Up-to-date symlink: /home/maanavjugalshah/SwarmAero/ros2_ws/install/px4_msgs/include/px4_msgs/px4_msgs/msg/detail/uavcan_parameter_request__rosidl_typesupport_fastrtps_c.h\n'}
[2.660959] (px4_msgs) StdoutLine: {'line': b'-- Up-to-date symlink: /home/maanavjugalshah/SwarmAero/ros2_ws/install/px4_msgs/include/px4_msgs/px4_msgs/msg/detail/uavcan_parameter_value__rosidl_typesupport_fastrtps_c.h\n'}
[2.661328] (px4_msgs) StdoutLine: {'line': b'-- Up-to-date symlink: /home/maanavjugalshah/SwarmAero/ros2_ws/install/px4_msgs/include/px4_msgs/px4_msgs/msg/detail/ulog_stream__rosidl_typesupport_fastrtps_c.h\n'}
[2.661680] (px4_msgs) StdoutLine: {'line': b'-- Up-to-date symlink: /home/maanavjugalshah/SwarmAero/ros2_ws/install/px4_msgs/include/px4_msgs/px4_msgs/msg/detail/ulog_stream_ack__rosidl_typesupport_fastrtps_c.h\n'}
[2.661804] (px4_msgs) StdoutLine: {'line': b'-- Up-to-date symlink: /home/maanavjugalshah/SwarmAero/ros2_ws/install/px4_msgs/include/px4_msgs/px4_msgs/msg/detail/unregister_ext_component__rosidl_typesupport_fastrtps_c.h\n'}
[2.662008] (px4_msgs) StdoutLine: {'line': b'-- Up-to-date symlink: /home/maanavjugalshah/SwarmAero/ros2_ws/install/px4_msgs/include/px4_msgs/px4_msgs/msg/detail/vehicle_acceleration__rosidl_typesupport_fastrtps_c.h\n'}
[2.662101] (px4_msgs) StdoutLine: {'line': b'-- Up-to-date symlink: /home/maanavjugalshah/SwarmAero/ros2_ws/install/px4_msgs/include/px4_msgs/px4_msgs/msg/detail/vehicle_air_data__rosidl_typesupport_fastrtps_c.h\n'}
[2.662206] (px4_msgs) StdoutLine: {'line': b'-- Up-to-date symlink: /home/maanavjugalshah/SwarmAero/ros2_ws/install/px4_msgs/include/px4_msgs/px4_msgs/msg/detail/vehicle_angular_acceleration_setpoint__rosidl_typesupport_fastrtps_c.h\n'}
[2.662309] (px4_msgs) StdoutLine: {'line': b'-- Up-to-date symlink: /home/maanavjugalshah/SwarmAero/ros2_ws/install/px4_msgs/include/px4_msgs/px4_msgs/msg/detail/vehicle_angular_velocity__rosidl_typesupport_fastrtps_c.h\n'}
[2.662430] (px4_msgs) StdoutLine: {'line': b'-- Up-to-date symlink: /home/maanavjugalshah/SwarmAero/ros2_ws/install/px4_msgs/include/px4_msgs/px4_msgs/msg/detail/vehicle_attitude__rosidl_typesupport_fastrtps_c.h\n'}
[2.662524] (px4_msgs) StdoutLine: {'line': b'-- Up-to-date symlink: /home/maanavjugalshah/SwarmAero/ros2_ws/install/px4_msgs/include/px4_msgs/px4_msgs/msg/detail/vehicle_attitude_setpoint__rosidl_typesupport_fastrtps_c.h\n'}
[2.662980] (px4_msgs) StdoutLine: {'line': b'-- Up-to-date symlink: /home/maanavjugalshah/SwarmAero/ros2_ws/install/px4_msgs/include/px4_msgs/px4_msgs/msg/detail/vehicle_command__rosidl_typesupport_fastrtps_c.h\n'}
[2.663183] (px4_msgs) StdoutLine: {'line': b'-- Up-to-date symlink: /home/maanavjugalshah/SwarmAero/ros2_ws/install/px4_msgs/include/px4_msgs/px4_msgs/msg/detail/vehicle_command_ack__rosidl_typesupport_fastrtps_c.h\n'}
[2.663283] (px4_msgs) StdoutLine: {'line': b'-- Up-to-date symlink: /home/maanavjugalshah/SwarmAero/ros2_ws/install/px4_msgs/include/px4_msgs/px4_msgs/msg/detail/vehicle_constraints__rosidl_typesupport_fastrtps_c.h\n'}
[2.663589] (px4_msgs) StdoutLine: {'line': b'-- Up-to-date symlink: /home/maanavjugalshah/SwarmAero/ros2_ws/install/px4_msgs/include/px4_msgs/px4_msgs/msg/detail/vehicle_control_mode__rosidl_typesupport_fastrtps_c.h\n'}
[2.663768] (px4_msgs) StdoutLine: {'line': b'-- Up-to-date symlink: /home/maanavjugalshah/SwarmAero/ros2_ws/install/px4_msgs/include/px4_msgs/px4_msgs/msg/detail/vehicle_global_position__rosidl_typesupport_fastrtps_c.h\n'}
[2.663899] (px4_msgs) StdoutLine: {'line': b'-- Up-to-date symlink: /home/maanavjugalshah/SwarmAero/ros2_ws/install/px4_msgs/include/px4_msgs/px4_msgs/msg/detail/vehicle_imu__rosidl_typesupport_fastrtps_c.h\n'}
[2.663973] (px4_msgs) StdoutLine: {'line': b'-- Up-to-date symlink: /home/maanavjugalshah/SwarmAero/ros2_ws/install/px4_msgs/include/px4_msgs/px4_msgs/msg/detail/vehicle_imu_status__rosidl_typesupport_fastrtps_c.h\n'}
[2.664163] (px4_msgs) StdoutLine: {'line': b'-- Up-to-date symlink: /home/maanavjugalshah/SwarmAero/ros2_ws/install/px4_msgs/include/px4_msgs/px4_msgs/msg/detail/vehicle_land_detected__rosidl_typesupport_fastrtps_c.h\n'}
[2.664361] (px4_msgs) StdoutLine: {'line': b'-- Up-to-date symlink: /home/maanavjugalshah/SwarmAero/ros2_ws/install/px4_msgs/include/px4_msgs/px4_msgs/msg/detail/vehicle_local_position__rosidl_typesupport_fastrtps_c.h\n'}
[2.664466] (px4_msgs) StdoutLine: {'line': b'-- Up-to-date symlink: /home/maanavjugalshah/SwarmAero/ros2_ws/install/px4_msgs/include/px4_msgs/px4_msgs/msg/detail/vehicle_local_position_setpoint__rosidl_typesupport_fastrtps_c.h\n'}
[2.664773] (px4_msgs) StdoutLine: {'line': b'-- Up-to-date symlink: /home/maanavjugalshah/SwarmAero/ros2_ws/install/px4_msgs/include/px4_msgs/px4_msgs/msg/detail/vehicle_magnetometer__rosidl_typesupport_fastrtps_c.h\n'}
[2.665144] (px4_msgs) StdoutLine: {'line': b'-- Up-to-date symlink: /home/maanavjugalshah/SwarmAero/ros2_ws/install/px4_msgs/include/px4_msgs/px4_msgs/msg/detail/vehicle_odometry__rosidl_typesupport_fastrtps_c.h\n'}
[2.665303] (px4_msgs) StdoutLine: {'line': b'-- Up-to-date symlink: /home/maanavjugalshah/SwarmAero/ros2_ws/install/px4_msgs/include/px4_msgs/px4_msgs/msg/detail/vehicle_optical_flow__rosidl_typesupport_fastrtps_c.h\n'}
[2.665392] (px4_msgs) StdoutLine: {'line': b'-- Up-to-date symlink: /home/maanavjugalshah/SwarmAero/ros2_ws/install/px4_msgs/include/px4_msgs/px4_msgs/msg/detail/vehicle_optical_flow_vel__rosidl_typesupport_fastrtps_c.h\n'}
[2.665509] (px4_msgs) StdoutLine: {'line': b'-- Up-to-date symlink: /home/maanavjugalshah/SwarmAero/ros2_ws/install/px4_msgs/include/px4_msgs/px4_msgs/msg/detail/vehicle_rates_setpoint__rosidl_typesupport_fastrtps_c.h\n'}
[2.665641] (px4_msgs) StdoutLine: {'line': b'-- Up-to-date symlink: /home/maanavjugalshah/SwarmAero/ros2_ws/install/px4_msgs/include/px4_msgs/px4_msgs/msg/detail/vehicle_roi__rosidl_typesupport_fastrtps_c.h\n'}
[2.665681] (px4_msgs) StdoutLine: {'line': b'-- Up-to-date symlink: /home/maanavjugalshah/SwarmAero/ros2_ws/install/px4_msgs/include/px4_msgs/px4_msgs/msg/detail/vehicle_status__rosidl_typesupport_fastrtps_c.h\n'}
[2.665719] (px4_msgs) StdoutLine: {'line': b'-- Up-to-date symlink: /home/maanavjugalshah/SwarmAero/ros2_ws/install/px4_msgs/include/px4_msgs/px4_msgs/msg/detail/vehicle_thrust_setpoint__rosidl_typesupport_fastrtps_c.h\n'}
[2.665767] (px4_msgs) StdoutLine: {'line': b'-- Up-to-date symlink: /home/maanavjugalshah/SwarmAero/ros2_ws/install/px4_msgs/include/px4_msgs/px4_msgs/msg/detail/vehicle_torque_setpoint__rosidl_typesupport_fastrtps_c.h\n'}
[2.666062] (px4_msgs) StdoutLine: {'line': b'-- Up-to-date symlink: /home/maanavjugalshah/SwarmAero/ros2_ws/install/px4_msgs/include/px4_msgs/px4_msgs/msg/detail/velocity_limits__rosidl_typesupport_fastrtps_c.h\n'}
[2.666249] (px4_msgs) StdoutLine: {'line': b'-- Up-to-date symlink: /home/maanavjugalshah/SwarmAero/ros2_ws/install/px4_msgs/include/px4_msgs/px4_msgs/msg/detail/vtol_vehicle_status__rosidl_typesupport_fastrtps_c.h\n'}
[2.666408] (px4_msgs) StdoutLine: {'line': b'-- Up-to-date symlink: /home/maanavjugalshah/SwarmAero/ros2_ws/install/px4_msgs/include/px4_msgs/px4_msgs/msg/detail/vtx__rosidl_typesupport_fastrtps_c.h\n'}
[2.666534] (px4_msgs) StdoutLine: {'line': b'-- Up-to-date symlink: /home/maanavjugalshah/SwarmAero/ros2_ws/install/px4_msgs/include/px4_msgs/px4_msgs/msg/detail/wheel_encoders__rosidl_typesupport_fastrtps_c.h\n'}
[2.666581] (px4_msgs) StdoutLine: {'line': b'-- Up-to-date symlink: /home/maanavjugalshah/SwarmAero/ros2_ws/install/px4_msgs/include/px4_msgs/px4_msgs/msg/detail/wind__rosidl_typesupport_fastrtps_c.h\n'}
[2.666676] (px4_msgs) StdoutLine: {'line': b'-- Up-to-date symlink: /home/maanavjugalshah/SwarmAero/ros2_ws/install/px4_msgs/include/px4_msgs/px4_msgs/msg/detail/yaw_estimator_status__rosidl_typesupport_fastrtps_c.h\n'}
[2.666832] (px4_msgs) StdoutLine: {'line': b'-- Up-to-date symlink: /home/maanavjugalshah/SwarmAero/ros2_ws/install/px4_msgs/include/px4_msgs/px4_msgs/msg/rosidl_typesupport_fastrtps_c__visibility_control.h\n'}
[2.666898] (px4_msgs) StdoutLine: {'line': b'-- Up-to-date symlink: /home/maanavjugalshah/SwarmAero/ros2_ws/install/px4_msgs/include/px4_msgs/px4_msgs/srv/detail/vehicle_command__rosidl_typesupport_fastrtps_c.h\n'}
[2.667075] (px4_msgs) StdoutLine: {'line': b'-- Up-to-date symlink: /home/maanavjugalshah/SwarmAero/ros2_ws/install/px4_msgs/include/px4_msgs/px4_msgs/msg/action_request.hpp\n'}
[2.667191] (px4_msgs) StdoutLine: {'line': b'-- Up-to-date symlink: /home/maanavjugalshah/SwarmAero/ros2_ws/install/px4_msgs/include/px4_msgs/px4_msgs/msg/actuator_armed.hpp\n'}
[2.667231] (px4_msgs) StdoutLine: {'line': b'-- Up-to-date symlink: /home/maanavjugalshah/SwarmAero/ros2_ws/install/px4_msgs/include/px4_msgs/px4_msgs/msg/actuator_controls_status.hpp\n'}
[2.667268] (px4_msgs) StdoutLine: {'line': b'-- Up-to-date symlink: /home/maanavjugalshah/SwarmAero/ros2_ws/install/px4_msgs/include/px4_msgs/px4_msgs/msg/actuator_motors.hpp\n'}
[2.667421] (px4_msgs) StdoutLine: {'line': b'-- Up-to-date symlink: /home/maanavjugalshah/SwarmAero/ros2_ws/install/px4_msgs/include/px4_msgs/px4_msgs/msg/actuator_outputs.hpp\n'}
[2.667738] (px4_msgs) StdoutLine: {'line': b'-- Up-to-date symlink: /home/maanavjugalshah/SwarmAero/ros2_ws/install/px4_msgs/include/px4_msgs/px4_msgs/msg/actuator_servos.hpp\n'}
[2.668053] (px4_msgs) StdoutLine: {'line': b'-- Up-to-date symlink: /home/maanavjugalshah/SwarmAero/ros2_ws/install/px4_msgs/include/px4_msgs/px4_msgs/msg/actuator_servos_trim.hpp\n'}
[2.668169] (px4_msgs) StdoutLine: {'line': b'-- Up-to-date symlink: /home/maanavjugalshah/SwarmAero/ros2_ws/install/px4_msgs/include/px4_msgs/px4_msgs/msg/actuator_test.hpp\n'}
[2.668310] (px4_msgs) StdoutLine: {'line': b'-- Up-to-date symlink: /home/maanavjugalshah/SwarmAero/ros2_ws/install/px4_msgs/include/px4_msgs/px4_msgs/msg/adc_report.hpp\n'}
[2.668418] (px4_msgs) StdoutLine: {'line': b'-- Up-to-date symlink: /home/maanavjugalshah/SwarmAero/ros2_ws/install/px4_msgs/include/px4_msgs/px4_msgs/msg/airspeed.hpp\n'}
[2.668686] (px4_msgs) StdoutLine: {'line': b'-- Up-to-date symlink: /home/maanavjugalshah/SwarmAero/ros2_ws/install/px4_msgs/include/px4_msgs/px4_msgs/msg/airspeed_validated.hpp\n'}
[2.668965] (px4_msgs) StdoutLine: {'line': b'-- Up-to-date symlink: /home/maanavjugalshah/SwarmAero/ros2_ws/install/px4_msgs/include/px4_msgs/px4_msgs/msg/airspeed_wind.hpp\n'}
[2.669249] (px4_msgs) StdoutLine: {'line': b'-- Up-to-date symlink: /home/maanavjugalshah/SwarmAero/ros2_ws/install/px4_msgs/include/px4_msgs/px4_msgs/msg/arming_check_reply.hpp\n'}
[2.669344] (px4_msgs) StdoutLine: {'line': b'-- Up-to-date symlink: /home/maanavjugalshah/SwarmAero/ros2_ws/install/px4_msgs/include/px4_msgs/px4_msgs/msg/arming_check_request.hpp\n'}
[2.669751] (px4_msgs) StdoutLine: {'line': b'-- Up-to-date symlink: /home/maanavjugalshah/SwarmAero/ros2_ws/install/px4_msgs/include/px4_msgs/px4_msgs/msg/autotune_attitude_control_status.hpp\n'}
[2.669872] (px4_msgs) StdoutLine: {'line': b'-- Up-to-date symlink: /home/maanavjugalshah/SwarmAero/ros2_ws/install/px4_msgs/include/px4_msgs/px4_msgs/msg/aux_global_position.hpp\n'}
[2.670057] (px4_msgs) StdoutLine: {'line': b'-- Up-to-date symlink: /home/maanavjugalshah/SwarmAero/ros2_ws/install/px4_msgs/include/px4_msgs/px4_msgs/msg/battery_info.hpp\n'}
[2.670109] (px4_msgs) StdoutLine: {'line': b'-- Up-to-date symlink: /home/maanavjugalshah/SwarmAero/ros2_ws/install/px4_msgs/include/px4_msgs/px4_msgs/msg/battery_status.hpp\n'}
[2.670147] (px4_msgs) StdoutLine: {'line': b'-- Up-to-date symlink: /home/maanavjugalshah/SwarmAero/ros2_ws/install/px4_msgs/include/px4_msgs/px4_msgs/msg/button_event.hpp\n'}
[2.670280] (px4_msgs) StdoutLine: {'line': b'-- Up-to-date symlink: /home/maanavjugalshah/SwarmAero/ros2_ws/install/px4_msgs/include/px4_msgs/px4_msgs/msg/camera_capture.hpp\n'}
[2.670376] (px4_msgs) StdoutLine: {'line': b'-- Up-to-date symlink: /home/maanavjugalshah/SwarmAero/ros2_ws/install/px4_msgs/include/px4_msgs/px4_msgs/msg/camera_status.hpp\n'}
[2.670550] (px4_msgs) StdoutLine: {'line': b'-- Up-to-date symlink: /home/maanavjugalshah/SwarmAero/ros2_ws/install/px4_msgs/include/px4_msgs/px4_msgs/msg/camera_trigger.hpp\n'}
[2.670597] (px4_msgs) StdoutLine: {'line': b'-- Up-to-date symlink: /home/maanavjugalshah/SwarmAero/ros2_ws/install/px4_msgs/include/px4_msgs/px4_msgs/msg/can_interface_status.hpp\n'}
[2.670770] (px4_msgs) StdoutLine: {'line': b'-- Up-to-date symlink: /home/maanavjugalshah/SwarmAero/ros2_ws/install/px4_msgs/include/px4_msgs/px4_msgs/msg/cellular_status.hpp\n'}
[2.670873] (px4_msgs) StdoutLine: {'line': b'-- Up-to-date symlink: /home/maanavjugalshah/SwarmAero/ros2_ws/install/px4_msgs/include/px4_msgs/px4_msgs/msg/collision_constraints.hpp\n'}
[2.670946] (px4_msgs) StdoutLine: {'line': b'-- Up-to-date symlink: /home/maanavjugalshah/SwarmAero/ros2_ws/install/px4_msgs/include/px4_msgs/px4_msgs/msg/config_overrides.hpp\n'}
[2.671095] (px4_msgs) StdoutLine: {'line': b'-- Up-to-date symlink: /home/maanavjugalshah/SwarmAero/ros2_ws/install/px4_msgs/include/px4_msgs/px4_msgs/msg/control_allocator_status.hpp\n'}
[2.671370] (px4_msgs) StdoutLine: {'line': b'-- Up-to-date symlink: /home/maanavjugalshah/SwarmAero/ros2_ws/install/px4_msgs/include/px4_msgs/px4_msgs/msg/cpuload.hpp\n'}
[2.671451] (px4_msgs) StdoutLine: {'line': b'-- Up-to-date symlink: /home/maanavjugalshah/SwarmAero/ros2_ws/install/px4_msgs/include/px4_msgs/px4_msgs/msg/dataman_request.hpp\n'}
[2.671604] (px4_msgs) StdoutLine: {'line': b'-- Up-to-date symlink: /home/maanavjugalshah/SwarmAero/ros2_ws/install/px4_msgs/include/px4_msgs/px4_msgs/msg/dataman_response.hpp\n'}
[2.671691] (px4_msgs) StdoutLine: {'line': b'-- Up-to-date symlink: /home/maanavjugalshah/SwarmAero/ros2_ws/install/px4_msgs/include/px4_msgs/px4_msgs/msg/debug_array.hpp\n'}
[2.671891] (px4_msgs) StdoutLine: {'line': b'-- Up-to-date symlink: /home/maanavjugalshah/SwarmAero/ros2_ws/install/px4_msgs/include/px4_msgs/px4_msgs/msg/debug_key_value.hpp\n'}
[2.671995] (px4_msgs) StdoutLine: {'line': b'-- Up-to-date symlink: /home/maanavjugalshah/SwarmAero/ros2_ws/install/px4_msgs/include/px4_msgs/px4_msgs/msg/debug_value.hpp\n'}
[2.672176] (px4_msgs) StdoutLine: {'line': b'-- Up-to-date symlink: /home/maanavjugalshah/SwarmAero/ros2_ws/install/px4_msgs/include/px4_msgs/px4_msgs/msg/debug_vect.hpp\n'}
[2.672372] (px4_msgs) StdoutLine: {'line': b'-- Up-to-date symlink: /home/maanavjugalshah/SwarmAero/ros2_ws/install/px4_msgs/include/px4_msgs/px4_msgs/msg/detail/action_request__builder.hpp\n'}
[2.672495] (px4_msgs) StdoutLine: {'line': b'-- Up-to-date symlink: /home/maanavjugalshah/SwarmAero/ros2_ws/install/px4_msgs/include/px4_msgs/px4_msgs/msg/detail/action_request__struct.hpp\n'}
[2.672554] (px4_msgs) StdoutLine: {'line': b'-- Up-to-date symlink: /home/maanavjugalshah/SwarmAero/ros2_ws/install/px4_msgs/include/px4_msgs/px4_msgs/msg/detail/action_request__traits.hpp\n'}
[2.672678] (px4_msgs) StdoutLine: {'line': b'-- Up-to-date symlink: /home/maanavjugalshah/SwarmAero/ros2_ws/install/px4_msgs/include/px4_msgs/px4_msgs/msg/detail/action_request__type_support.hpp\n'}
[2.672767] (px4_msgs) StdoutLine: {'line': b'-- Up-to-date symlink: /home/maanavjugalshah/SwarmAero/ros2_ws/install/px4_msgs/include/px4_msgs/px4_msgs/msg/detail/actuator_armed__builder.hpp\n'}
[2.672853] (px4_msgs) StdoutLine: {'line': b'-- Up-to-date symlink: /home/maanavjugalshah/SwarmAero/ros2_ws/install/px4_msgs/include/px4_msgs/px4_msgs/msg/detail/actuator_armed__struct.hpp\n'}
[2.672984] (px4_msgs) StdoutLine: {'line': b'-- Up-to-date symlink: /home/maanavjugalshah/SwarmAero/ros2_ws/install/px4_msgs/include/px4_msgs/px4_msgs/msg/detail/actuator_armed__traits.hpp\n'}
[2.673034] (px4_msgs) StdoutLine: {'line': b'-- Up-to-date symlink: /home/maanavjugalshah/SwarmAero/ros2_ws/install/px4_msgs/include/px4_msgs/px4_msgs/msg/detail/actuator_armed__type_support.hpp\n'}
[2.673263] (px4_msgs) StdoutLine: {'line': b'-- Up-to-date symlink: /home/maanavjugalshah/SwarmAero/ros2_ws/install/px4_msgs/include/px4_msgs/px4_msgs/msg/detail/actuator_controls_status__builder.hpp\n'}
[2.673711] (px4_msgs) StdoutLine: {'line': b'-- Up-to-date symlink: /home/maanavjugalshah/SwarmAero/ros2_ws/install/px4_msgs/include/px4_msgs/px4_msgs/msg/detail/actuator_controls_status__struct.hpp\n'}
[2.674032] (px4_msgs) StdoutLine: {'line': b'-- Up-to-date symlink: /home/maanavjugalshah/SwarmAero/ros2_ws/install/px4_msgs/include/px4_msgs/px4_msgs/msg/detail/actuator_controls_status__traits.hpp\n'}
[2.674142] (px4_msgs) StdoutLine: {'line': b'-- Up-to-date symlink: /home/maanavjugalshah/SwarmAero/ros2_ws/install/px4_msgs/include/px4_msgs/px4_msgs/msg/detail/actuator_controls_status__type_support.hpp\n'}
[2.674187] (px4_msgs) StdoutLine: {'line': b'-- Up-to-date symlink: /home/maanavjugalshah/SwarmAero/ros2_ws/install/px4_msgs/include/px4_msgs/px4_msgs/msg/detail/actuator_motors__builder.hpp\n'}
[2.674224] (px4_msgs) StdoutLine: {'line': b'-- Up-to-date symlink: /home/maanavjugalshah/SwarmAero/ros2_ws/install/px4_msgs/include/px4_msgs/px4_msgs/msg/detail/actuator_motors__struct.hpp\n'}
[2.674633] (px4_msgs) StdoutLine: {'line': b'-- Up-to-date symlink: /home/maanavjugalshah/SwarmAero/ros2_ws/install/px4_msgs/include/px4_msgs/px4_msgs/msg/detail/actuator_motors__traits.hpp\n'}
[2.674906] (px4_msgs) StdoutLine: {'line': b'-- Up-to-date symlink: /home/maanavjugalshah/SwarmAero/ros2_ws/install/px4_msgs/include/px4_msgs/px4_msgs/msg/detail/actuator_motors__type_support.hpp\n'}
[2.675041] (px4_msgs) StdoutLine: {'line': b'-- Up-to-date symlink: /home/maanavjugalshah/SwarmAero/ros2_ws/install/px4_msgs/include/px4_msgs/px4_msgs/msg/detail/actuator_outputs__builder.hpp\n'}
[2.675137] (px4_msgs) StdoutLine: {'line': b'-- Up-to-date symlink: /home/maanavjugalshah/SwarmAero/ros2_ws/install/px4_msgs/include/px4_msgs/px4_msgs/msg/detail/actuator_outputs__struct.hpp\n'}
[2.675188] (px4_msgs) StdoutLine: {'line': b'-- Up-to-date symlink: /home/maanavjugalshah/SwarmAero/ros2_ws/install/px4_msgs/include/px4_msgs/px4_msgs/msg/detail/actuator_outputs__traits.hpp\n'}
[2.675225] (px4_msgs) StdoutLine: {'line': b'-- Up-to-date symlink: /home/maanavjugalshah/SwarmAero/ros2_ws/install/px4_msgs/include/px4_msgs/px4_msgs/msg/detail/actuator_outputs__type_support.hpp\n'}
[2.675348] (px4_msgs) StdoutLine: {'line': b'-- Up-to-date symlink: /home/maanavjugalshah/SwarmAero/ros2_ws/install/px4_msgs/include/px4_msgs/px4_msgs/msg/detail/actuator_servos__builder.hpp\n'}
[2.675432] (px4_msgs) StdoutLine: {'line': b'-- Up-to-date symlink: /home/maanavjugalshah/SwarmAero/ros2_ws/install/px4_msgs/include/px4_msgs/px4_msgs/msg/detail/actuator_servos__struct.hpp\n'}
[2.675753] (px4_msgs) StdoutLine: {'line': b'-- Up-to-date symlink: /home/maanavjugalshah/SwarmAero/ros2_ws/install/px4_msgs/include/px4_msgs/px4_msgs/msg/detail/actuator_servos__traits.hpp\n'}
[2.675924] (px4_msgs) StdoutLine: {'line': b'-- Up-to-date symlink: /home/maanavjugalshah/SwarmAero/ros2_ws/install/px4_msgs/include/px4_msgs/px4_msgs/msg/detail/actuator_servos__type_support.hpp\n'}
[2.676051] (px4_msgs) StdoutLine: {'line': b'-- Up-to-date symlink: /home/maanavjugalshah/SwarmAero/ros2_ws/install/px4_msgs/include/px4_msgs/px4_msgs/msg/detail/actuator_servos_trim__builder.hpp\n'}
[2.676338] (px4_msgs) StdoutLine: {'line': b'-- Up-to-date symlink: /home/maanavjugalshah/SwarmAero/ros2_ws/install/px4_msgs/include/px4_msgs/px4_msgs/msg/detail/actuator_servos_trim__struct.hpp\n'}
[2.676496] (px4_msgs) StdoutLine: {'line': b'-- Up-to-date symlink: /home/maanavjugalshah/SwarmAero/ros2_ws/install/px4_msgs/include/px4_msgs/px4_msgs/msg/detail/actuator_servos_trim__traits.hpp\n'}
[2.676570] (px4_msgs) StdoutLine: {'line': b'-- Up-to-date symlink: /home/maanavjugalshah/SwarmAero/ros2_ws/install/px4_msgs/include/px4_msgs/px4_msgs/msg/detail/actuator_servos_trim__type_support.hpp\n'}
[2.676661] (px4_msgs) StdoutLine: {'line': b'-- Up-to-date symlink: /home/maanavjugalshah/SwarmAero/ros2_ws/install/px4_msgs/include/px4_msgs/px4_msgs/msg/detail/actuator_test__builder.hpp\n'}
[2.676793] (px4_msgs) StdoutLine: {'line': b'-- Up-to-date symlink: /home/maanavjugalshah/SwarmAero/ros2_ws/install/px4_msgs/include/px4_msgs/px4_msgs/msg/detail/actuator_test__struct.hpp\n'}
[2.676895] (px4_msgs) StdoutLine: {'line': b'-- Up-to-date symlink: /home/maanavjugalshah/SwarmAero/ros2_ws/install/px4_msgs/include/px4_msgs/px4_msgs/msg/detail/actuator_test__traits.hpp\n'}
[2.676986] (px4_msgs) StdoutLine: {'line': b'-- Up-to-date symlink: /home/maanavjugalshah/SwarmAero/ros2_ws/install/px4_msgs/include/px4_msgs/px4_msgs/msg/detail/actuator_test__type_support.hpp\n'}
[2.677056] (px4_msgs) StdoutLine: {'line': b'-- Up-to-date symlink: /home/maanavjugalshah/SwarmAero/ros2_ws/install/px4_msgs/include/px4_msgs/px4_msgs/msg/detail/adc_report__builder.hpp\n'}
[2.677340] (px4_msgs) StdoutLine: {'line': b'-- Up-to-date symlink: /home/maanavjugalshah/SwarmAero/ros2_ws/install/px4_msgs/include/px4_msgs/px4_msgs/msg/detail/adc_report__struct.hpp\n'}
[2.677501] (px4_msgs) StdoutLine: {'line': b'-- Up-to-date symlink: /home/maanavjugalshah/SwarmAero/ros2_ws/install/px4_msgs/include/px4_msgs/px4_msgs/msg/detail/adc_report__traits.hpp\n'}
[2.677711] (px4_msgs) StdoutLine: {'line': b'-- Up-to-date symlink: /home/maanavjugalshah/SwarmAero/ros2_ws/install/px4_msgs/include/px4_msgs/px4_msgs/msg/detail/adc_report__type_support.hpp\n'}
[2.677938] (px4_msgs) StdoutLine: {'line': b'-- Up-to-date symlink: /home/maanavjugalshah/SwarmAero/ros2_ws/install/px4_msgs/include/px4_msgs/px4_msgs/msg/detail/airspeed__builder.hpp\n'}
[2.678030] (px4_msgs) StdoutLine: {'line': b'-- Up-to-date symlink: /home/maanavjugalshah/SwarmAero/ros2_ws/install/px4_msgs/include/px4_msgs/px4_msgs/msg/detail/airspeed__struct.hpp\n'}
[2.678132] (px4_msgs) StdoutLine: {'line': b'-- Up-to-date symlink: /home/maanavjugalshah/SwarmAero/ros2_ws/install/px4_msgs/include/px4_msgs/px4_msgs/msg/detail/airspeed__traits.hpp\n'}
[2.678254] (px4_msgs) StdoutLine: {'line': b'-- Up-to-date symlink: /home/maanavjugalshah/SwarmAero/ros2_ws/install/px4_msgs/include/px4_msgs/px4_msgs/msg/detail/airspeed__type_support.hpp\n'}
[2.678327] (px4_msgs) StdoutLine: {'line': b'-- Up-to-date symlink: /home/maanavjugalshah/SwarmAero/ros2_ws/install/px4_msgs/include/px4_msgs/px4_msgs/msg/detail/airspeed_validated__builder.hpp\n'}
[2.678414] (px4_msgs) StdoutLine: {'line': b'-- Up-to-date symlink: /home/maanavjugalshah/SwarmAero/ros2_ws/install/px4_msgs/include/px4_msgs/px4_msgs/msg/detail/airspeed_validated__struct.hpp\n'}
[2.678659] (px4_msgs) StdoutLine: {'line': b'-- Up-to-date symlink: /home/maanavjugalshah/SwarmAero/ros2_ws/install/px4_msgs/include/px4_msgs/px4_msgs/msg/detail/airspeed_validated__traits.hpp\n'}
[2.678795] (px4_msgs) StdoutLine: {'line': b'-- Up-to-date symlink: /home/maanavjugalshah/SwarmAero/ros2_ws/install/px4_msgs/include/px4_msgs/px4_msgs/msg/detail/airspeed_validated__type_support.hpp\n'}
[2.678873] (px4_msgs) StdoutLine: {'line': b'-- Up-to-date symlink: /home/maanavjugalshah/SwarmAero/ros2_ws/install/px4_msgs/include/px4_msgs/px4_msgs/msg/detail/airspeed_wind__builder.hpp\n'}
[2.679088] (px4_msgs) StdoutLine: {'line': b'-- Up-to-date symlink: /home/maanavjugalshah/SwarmAero/ros2_ws/install/px4_msgs/include/px4_msgs/px4_msgs/msg/detail/airspeed_wind__struct.hpp\n'}
[2.679205] (px4_msgs) StdoutLine: {'line': b'-- Up-to-date symlink: /home/maanavjugalshah/SwarmAero/ros2_ws/install/px4_msgs/include/px4_msgs/px4_msgs/msg/detail/airspeed_wind__traits.hpp\n'}
[2.679705] (px4_msgs) StdoutLine: {'line': b'-- Up-to-date symlink: /home/maanavjugalshah/SwarmAero/ros2_ws/install/px4_msgs/include/px4_msgs/px4_msgs/msg/detail/airspeed_wind__type_support.hpp\n'}
[2.679823] (px4_msgs) StdoutLine: {'line': b'-- Up-to-date symlink: /home/maanavjugalshah/SwarmAero/ros2_ws/install/px4_msgs/include/px4_msgs/px4_msgs/msg/detail/arming_check_reply__builder.hpp\n'}
[2.679939] (px4_msgs) StdoutLine: {'line': b'-- Up-to-date symlink: /home/maanavjugalshah/SwarmAero/ros2_ws/install/px4_msgs/include/px4_msgs/px4_msgs/msg/detail/arming_check_reply__struct.hpp\n'}
[2.680008] (px4_msgs) StdoutLine: {'line': b'-- Up-to-date symlink: /home/maanavjugalshah/SwarmAero/ros2_ws/install/px4_msgs/include/px4_msgs/px4_msgs/msg/detail/arming_check_reply__traits.hpp\n'}
[2.680210] (px4_msgs) StdoutLine: {'line': b'-- Up-to-date symlink: /home/maanavjugalshah/SwarmAero/ros2_ws/install/px4_msgs/include/px4_msgs/px4_msgs/msg/detail/arming_check_reply__type_support.hpp\n'}
[2.680463] (px4_msgs) StdoutLine: {'line': b'-- Up-to-date symlink: /home/maanavjugalshah/SwarmAero/ros2_ws/install/px4_msgs/include/px4_msgs/px4_msgs/msg/detail/arming_check_request__builder.hpp\n'}
[2.680512] (px4_msgs) StdoutLine: {'line': b'-- Up-to-date symlink: /home/maanavjugalshah/SwarmAero/ros2_ws/install/px4_msgs/include/px4_msgs/px4_msgs/msg/detail/arming_check_request__struct.hpp\n'}
[2.680549] (px4_msgs) StdoutLine: {'line': b'-- Up-to-date symlink: /home/maanavjugalshah/SwarmAero/ros2_ws/install/px4_msgs/include/px4_msgs/px4_msgs/msg/detail/arming_check_request__traits.hpp\n'}
[2.680689] (px4_msgs) StdoutLine: {'line': b'-- Up-to-date symlink: /home/maanavjugalshah/SwarmAero/ros2_ws/install/px4_msgs/include/px4_msgs/px4_msgs/msg/detail/arming_check_request__type_support.hpp\n'}
[2.681096] (px4_msgs) StdoutLine: {'line': b'-- Up-to-date symlink: /home/maanavjugalshah/SwarmAero/ros2_ws/install/px4_msgs/include/px4_msgs/px4_msgs/msg/detail/autotune_attitude_control_status__builder.hpp\n'}
[2.681287] (px4_msgs) StdoutLine: {'line': b'-- Up-to-date symlink: /home/maanavjugalshah/SwarmAero/ros2_ws/install/px4_msgs/include/px4_msgs/px4_msgs/msg/detail/autotune_attitude_control_status__struct.hpp\n'}
[2.681539] (px4_msgs) StdoutLine: {'line': b'-- Up-to-date symlink: /home/maanavjugalshah/SwarmAero/ros2_ws/install/px4_msgs/include/px4_msgs/px4_msgs/msg/detail/autotune_attitude_control_status__traits.hpp\n'}
[2.681637] (px4_msgs) StdoutLine: {'line': b'-- Up-to-date symlink: /home/maanavjugalshah/SwarmAero/ros2_ws/install/px4_msgs/include/px4_msgs/px4_msgs/msg/detail/autotune_attitude_control_status__type_support.hpp\n'}
[2.681761] (px4_msgs) StdoutLine: {'line': b'-- Up-to-date symlink: /home/maanavjugalshah/SwarmAero/ros2_ws/install/px4_msgs/include/px4_msgs/px4_msgs/msg/detail/aux_global_position__builder.hpp\n'}
[2.682298] (px4_msgs) StdoutLine: {'line': b'-- Up-to-date symlink: /home/maanavjugalshah/SwarmAero/ros2_ws/install/px4_msgs/include/px4_msgs/px4_msgs/msg/detail/aux_global_position__struct.hpp\n'}
[2.682424] (px4_msgs) StdoutLine: {'line': b'-- Up-to-date symlink: /home/maanavjugalshah/SwarmAero/ros2_ws/install/px4_msgs/include/px4_msgs/px4_msgs/msg/detail/aux_global_position__traits.hpp\n'}
[2.682524] (px4_msgs) StdoutLine: {'line': b'-- Up-to-date symlink: /home/maanavjugalshah/SwarmAero/ros2_ws/install/px4_msgs/include/px4_msgs/px4_msgs/msg/detail/aux_global_position__type_support.hpp\n'}
[2.682622] (px4_msgs) StdoutLine: {'line': b'-- Up-to-date symlink: /home/maanavjugalshah/SwarmAero/ros2_ws/install/px4_msgs/include/px4_msgs/px4_msgs/msg/detail/battery_info__builder.hpp\n'}
[2.682740] (px4_msgs) StdoutLine: {'line': b'-- Up-to-date symlink: /home/maanavjugalshah/SwarmAero/ros2_ws/install/px4_msgs/include/px4_msgs/px4_msgs/msg/detail/battery_info__struct.hpp\n'}
[2.682898] (px4_msgs) StdoutLine: {'line': b'-- Up-to-date symlink: /home/maanavjugalshah/SwarmAero/ros2_ws/install/px4_msgs/include/px4_msgs/px4_msgs/msg/detail/battery_info__traits.hpp\n'}
[2.683027] (px4_msgs) StdoutLine: {'line': b'-- Up-to-date symlink: /home/maanavjugalshah/SwarmAero/ros2_ws/install/px4_msgs/include/px4_msgs/px4_msgs/msg/detail/battery_info__type_support.hpp\n'}
[2.683156] (px4_msgs) StdoutLine: {'line': b'-- Up-to-date symlink: /home/maanavjugalshah/SwarmAero/ros2_ws/install/px4_msgs/include/px4_msgs/px4_msgs/msg/detail/battery_status__builder.hpp\n'}
[2.683195] (px4_msgs) StdoutLine: {'line': b'-- Up-to-date symlink: /home/maanavjugalshah/SwarmAero/ros2_ws/install/px4_msgs/include/px4_msgs/px4_msgs/msg/detail/battery_status__struct.hpp\n'}
[2.683231] (px4_msgs) StdoutLine: {'line': b'-- Up-to-date symlink: /home/maanavjugalshah/SwarmAero/ros2_ws/install/px4_msgs/include/px4_msgs/px4_msgs/msg/detail/battery_status__traits.hpp\n'}
[2.683547] (px4_msgs) StdoutLine: {'line': b'-- Up-to-date symlink: /home/maanavjugalshah/SwarmAero/ros2_ws/install/px4_msgs/include/px4_msgs/px4_msgs/msg/detail/battery_status__type_support.hpp\n'}
[2.683655] (px4_msgs) StdoutLine: {'line': b'-- Up-to-date symlink: /home/maanavjugalshah/SwarmAero/ros2_ws/install/px4_msgs/include/px4_msgs/px4_msgs/msg/detail/button_event__builder.hpp\n'}
[2.683706] (px4_msgs) StdoutLine: {'line': b'-- Up-to-date symlink: /home/maanavjugalshah/SwarmAero/ros2_ws/install/px4_msgs/include/px4_msgs/px4_msgs/msg/detail/button_event__struct.hpp\n'}
[2.683753] (px4_msgs) StdoutLine: {'line': b'-- Up-to-date symlink: /home/maanavjugalshah/SwarmAero/ros2_ws/install/px4_msgs/include/px4_msgs/px4_msgs/msg/detail/button_event__traits.hpp\n'}
[2.683871] (px4_msgs) StdoutLine: {'line': b'-- Up-to-date symlink: /home/maanavjugalshah/SwarmAero/ros2_ws/install/px4_msgs/include/px4_msgs/px4_msgs/msg/detail/button_event__type_support.hpp\n'}
[2.683955] (px4_msgs) StdoutLine: {'line': b'-- Up-to-date symlink: /home/maanavjugalshah/SwarmAero/ros2_ws/install/px4_msgs/include/px4_msgs/px4_msgs/msg/detail/camera_capture__builder.hpp\n'}
[2.684022] (px4_msgs) StdoutLine: {'line': b'-- Up-to-date symlink: /home/maanavjugalshah/SwarmAero/ros2_ws/install/px4_msgs/include/px4_msgs/px4_msgs/msg/detail/camera_capture__struct.hpp\n'}
[2.684161] (px4_msgs) StdoutLine: {'line': b'-- Up-to-date symlink: /home/maanavjugalshah/SwarmAero/ros2_ws/install/px4_msgs/include/px4_msgs/px4_msgs/msg/detail/camera_capture__traits.hpp\n'}
[2.684199] (px4_msgs) StdoutLine: {'line': b'-- Up-to-date symlink: /home/maanavjugalshah/SwarmAero/ros2_ws/install/px4_msgs/include/px4_msgs/px4_msgs/msg/detail/camera_capture__type_support.hpp\n'}
[2.684362] (px4_msgs) StdoutLine: {'line': b'-- Up-to-date symlink: /home/maanavjugalshah/SwarmAero/ros2_ws/install/px4_msgs/include/px4_msgs/px4_msgs/msg/detail/camera_status__builder.hpp\n'}
[2.684464] (px4_msgs) StdoutLine: {'line': b'-- Up-to-date symlink: /home/maanavjugalshah/SwarmAero/ros2_ws/install/px4_msgs/include/px4_msgs/px4_msgs/msg/detail/camera_status__struct.hpp\n'}
[2.684514] (px4_msgs) StdoutLine: {'line': b'-- Up-to-date symlink: /home/maanavjugalshah/SwarmAero/ros2_ws/install/px4_msgs/include/px4_msgs/px4_msgs/msg/detail/camera_status__traits.hpp\n'}
[2.685089] (px4_msgs) StdoutLine: {'line': b'-- Up-to-date symlink: /home/maanavjugalshah/SwarmAero/ros2_ws/install/px4_msgs/include/px4_msgs/px4_msgs/msg/detail/camera_status__type_support.hpp\n'}
[2.685193] (px4_msgs) StdoutLine: {'line': b'-- Up-to-date symlink: /home/maanavjugalshah/SwarmAero/ros2_ws/install/px4_msgs/include/px4_msgs/px4_msgs/msg/detail/camera_trigger__builder.hpp\n'}
[2.685267] (px4_msgs) StdoutLine: {'line': b'-- Up-to-date symlink: /home/maanavjugalshah/SwarmAero/ros2_ws/install/px4_msgs/include/px4_msgs/px4_msgs/msg/detail/camera_trigger__struct.hpp\n'}
[2.685436] (px4_msgs) StdoutLine: {'line': b'-- Up-to-date symlink: /home/maanavjugalshah/SwarmAero/ros2_ws/install/px4_msgs/include/px4_msgs/px4_msgs/msg/detail/camera_trigger__traits.hpp\n'}
[2.685607] (px4_msgs) StdoutLine: {'line': b'-- Up-to-date symlink: /home/maanavjugalshah/SwarmAero/ros2_ws/install/px4_msgs/include/px4_msgs/px4_msgs/msg/detail/camera_trigger__type_support.hpp\n'}
[2.685728] (px4_msgs) StdoutLine: {'line': b'-- Up-to-date symlink: /home/maanavjugalshah/SwarmAero/ros2_ws/install/px4_msgs/include/px4_msgs/px4_msgs/msg/detail/can_interface_status__builder.hpp\n'}
[2.686165] (px4_msgs) StdoutLine: {'line': b'-- Up-to-date symlink: /home/maanavjugalshah/SwarmAero/ros2_ws/install/px4_msgs/include/px4_msgs/px4_msgs/msg/detail/can_interface_status__struct.hpp\n'}
[2.686309] (px4_msgs) StdoutLine: {'line': b'-- Up-to-date symlink: /home/maanavjugalshah/SwarmAero/ros2_ws/install/px4_msgs/include/px4_msgs/px4_msgs/msg/detail/can_interface_status__traits.hpp\n'}
[2.686412] (px4_msgs) StdoutLine: {'line': b'-- Up-to-date symlink: /home/maanavjugalshah/SwarmAero/ros2_ws/install/px4_msgs/include/px4_msgs/px4_msgs/msg/detail/can_interface_status__type_support.hpp\n'}
[2.686572] (px4_msgs) StdoutLine: {'line': b'-- Up-to-date symlink: /home/maanavjugalshah/SwarmAero/ros2_ws/install/px4_msgs/include/px4_msgs/px4_msgs/msg/detail/cellular_status__builder.hpp\n'}
[2.686803] (px4_msgs) StdoutLine: {'line': b'-- Up-to-date symlink: /home/maanavjugalshah/SwarmAero/ros2_ws/install/px4_msgs/include/px4_msgs/px4_msgs/msg/detail/cellular_status__struct.hpp\n'}
[2.686899] (px4_msgs) StdoutLine: {'line': b'-- Up-to-date symlink: /home/maanavjugalshah/SwarmAero/ros2_ws/install/px4_msgs/include/px4_msgs/px4_msgs/msg/detail/cellular_status__traits.hpp\n'}
[2.686973] (px4_msgs) StdoutLine: {'line': b'-- Up-to-date symlink: /home/maanavjugalshah/SwarmAero/ros2_ws/install/px4_msgs/include/px4_msgs/px4_msgs/msg/detail/cellular_status__type_support.hpp\n'}
[2.687022] (px4_msgs) StdoutLine: {'line': b'-- Up-to-date symlink: /home/maanavjugalshah/SwarmAero/ros2_ws/install/px4_msgs/include/px4_msgs/px4_msgs/msg/detail/collision_constraints__builder.hpp\n'}
[2.687116] (px4_msgs) StdoutLine: {'line': b'-- Up-to-date symlink: /home/maanavjugalshah/SwarmAero/ros2_ws/install/px4_msgs/include/px4_msgs/px4_msgs/msg/detail/collision_constraints__struct.hpp\n'}
[2.687281] (px4_msgs) StdoutLine: {'line': b'-- Up-to-date symlink: /home/maanavjugalshah/SwarmAero/ros2_ws/install/px4_msgs/include/px4_msgs/px4_msgs/msg/detail/collision_constraints__traits.hpp\n'}
[2.687407] (px4_msgs) StdoutLine: {'line': b'-- Up-to-date symlink: /home/maanavjugalshah/SwarmAero/ros2_ws/install/px4_msgs/include/px4_msgs/px4_msgs/msg/detail/collision_constraints__type_support.hpp\n'}
[2.687447] (px4_msgs) StdoutLine: {'line': b'-- Up-to-date symlink: /home/maanavjugalshah/SwarmAero/ros2_ws/install/px4_msgs/include/px4_msgs/px4_msgs/msg/detail/config_overrides__builder.hpp\n'}
[2.687655] (px4_msgs) StdoutLine: {'line': b'-- Up-to-date symlink: /home/maanavjugalshah/SwarmAero/ros2_ws/install/px4_msgs/include/px4_msgs/px4_msgs/msg/detail/config_overrides__struct.hpp\n'}
[2.687749] (px4_msgs) StdoutLine: {'line': b'-- Up-to-date symlink: /home/maanavjugalshah/SwarmAero/ros2_ws/install/px4_msgs/include/px4_msgs/px4_msgs/msg/detail/config_overrides__traits.hpp\n'}
[2.687792] (px4_msgs) StdoutLine: {'line': b'-- Up-to-date symlink: /home/maanavjugalshah/SwarmAero/ros2_ws/install/px4_msgs/include/px4_msgs/px4_msgs/msg/detail/config_overrides__type_support.hpp\n'}
[2.687861] (px4_msgs) StdoutLine: {'line': b'-- Up-to-date symlink: /home/maanavjugalshah/SwarmAero/ros2_ws/install/px4_msgs/include/px4_msgs/px4_msgs/msg/detail/control_allocator_status__builder.hpp\n'}
[2.688157] (px4_msgs) StdoutLine: {'line': b'-- Up-to-date symlink: /home/maanavjugalshah/SwarmAero/ros2_ws/install/px4_msgs/include/px4_msgs/px4_msgs/msg/detail/control_allocator_status__struct.hpp\n'}
[2.688258] (px4_msgs) StdoutLine: {'line': b'-- Up-to-date symlink: /home/maanavjugalshah/SwarmAero/ros2_ws/install/px4_msgs/include/px4_msgs/px4_msgs/msg/detail/control_allocator_status__traits.hpp\n'}
[2.688390] (px4_msgs) StdoutLine: {'line': b'-- Up-to-date symlink: /home/maanavjugalshah/SwarmAero/ros2_ws/install/px4_msgs/include/px4_msgs/px4_msgs/msg/detail/control_allocator_status__type_support.hpp\n'}
[2.688519] (px4_msgs) StdoutLine: {'line': b'-- Up-to-date symlink: /home/maanavjugalshah/SwarmAero/ros2_ws/install/px4_msgs/include/px4_msgs/px4_msgs/msg/detail/cpuload__builder.hpp\n'}
[2.688738] (px4_msgs) StdoutLine: {'line': b'-- Up-to-date symlink: /home/maanavjugalshah/SwarmAero/ros2_ws/install/px4_msgs/include/px4_msgs/px4_msgs/msg/detail/cpuload__struct.hpp\n'}
[2.688880] (px4_msgs) StdoutLine: {'line': b'-- Up-to-date symlink: /home/maanavjugalshah/SwarmAero/ros2_ws/install/px4_msgs/include/px4_msgs/px4_msgs/msg/detail/cpuload__traits.hpp\n'}
[2.688968] (px4_msgs) StdoutLine: {'line': b'-- Up-to-date symlink: /home/maanavjugalshah/SwarmAero/ros2_ws/install/px4_msgs/include/px4_msgs/px4_msgs/msg/detail/cpuload__type_support.hpp\n'}
[2.689084] (px4_msgs) StdoutLine: {'line': b'-- Up-to-date symlink: /home/maanavjugalshah/SwarmAero/ros2_ws/install/px4_msgs/include/px4_msgs/px4_msgs/msg/detail/dataman_request__builder.hpp\n'}
[2.689443] (px4_msgs) StdoutLine: {'line': b'-- Up-to-date symlink: /home/maanavjugalshah/SwarmAero/ros2_ws/install/px4_msgs/include/px4_msgs/px4_msgs/msg/detail/dataman_request__struct.hpp\n'}
[2.689783] (px4_msgs) StdoutLine: {'line': b'-- Up-to-date symlink: /home/maanavjugalshah/SwarmAero/ros2_ws/install/px4_msgs/include/px4_msgs/px4_msgs/msg/detail/dataman_request__traits.hpp\n'}
[2.689857] (px4_msgs) StdoutLine: {'line': b'-- Up-to-date symlink: /home/maanavjugalshah/SwarmAero/ros2_ws/install/px4_msgs/include/px4_msgs/px4_msgs/msg/detail/dataman_request__type_support.hpp\n'}
[2.689897] (px4_msgs) StdoutLine: {'line': b'-- Up-to-date symlink: /home/maanavjugalshah/SwarmAero/ros2_ws/install/px4_msgs/include/px4_msgs/px4_msgs/msg/detail/dataman_response__builder.hpp\n'}
[2.690238] (px4_msgs) StdoutLine: {'line': b'-- Up-to-date symlink: /home/maanavjugalshah/SwarmAero/ros2_ws/install/px4_msgs/include/px4_msgs/px4_msgs/msg/detail/dataman_response__struct.hpp\n'}
[2.690318] (px4_msgs) StdoutLine: {'line': b'-- Up-to-date symlink: /home/maanavjugalshah/SwarmAero/ros2_ws/install/px4_msgs/include/px4_msgs/px4_msgs/msg/detail/dataman_response__traits.hpp\n'}
[2.690513] (px4_msgs) StdoutLine: {'line': b'-- Up-to-date symlink: /home/maanavjugalshah/SwarmAero/ros2_ws/install/px4_msgs/include/px4_msgs/px4_msgs/msg/detail/dataman_response__type_support.hpp\n'}
[2.690602] (px4_msgs) StdoutLine: {'line': b'-- Up-to-date symlink: /home/maanavjugalshah/SwarmAero/ros2_ws/install/px4_msgs/include/px4_msgs/px4_msgs/msg/detail/debug_array__builder.hpp\n'}
[2.690820] (px4_msgs) StdoutLine: {'line': b'-- Up-to-date symlink: /home/maanavjugalshah/SwarmAero/ros2_ws/install/px4_msgs/include/px4_msgs/px4_msgs/msg/detail/debug_array__struct.hpp\n'}
[2.691101] (px4_msgs) StdoutLine: {'line': b'-- Up-to-date symlink: /home/maanavjugalshah/SwarmAero/ros2_ws/install/px4_msgs/include/px4_msgs/px4_msgs/msg/detail/debug_array__traits.hpp\n'}
[2.691176] (px4_msgs) StdoutLine: {'line': b'-- Up-to-date symlink: /home/maanavjugalshah/SwarmAero/ros2_ws/install/px4_msgs/include/px4_msgs/px4_msgs/msg/detail/debug_array__type_support.hpp\n'}
[2.691312] (px4_msgs) StdoutLine: {'line': b'-- Up-to-date symlink: /home/maanavjugalshah/SwarmAero/ros2_ws/install/px4_msgs/include/px4_msgs/px4_msgs/msg/detail/debug_key_value__builder.hpp\n'}
[2.691358] (px4_msgs) StdoutLine: {'line': b'-- Up-to-date symlink: /home/maanavjugalshah/SwarmAero/ros2_ws/install/px4_msgs/include/px4_msgs/px4_msgs/msg/detail/debug_key_value__struct.hpp\n'}
[2.691476] (px4_msgs) StdoutLine: {'line': b'-- Up-to-date symlink: /home/maanavjugalshah/SwarmAero/ros2_ws/install/px4_msgs/include/px4_msgs/px4_msgs/msg/detail/debug_key_value__traits.hpp\n'}
[2.691678] (px4_msgs) StdoutLine: {'line': b'-- Up-to-date symlink: /home/maanavjugalshah/SwarmAero/ros2_ws/install/px4_msgs/include/px4_msgs/px4_msgs/msg/detail/debug_key_value__type_support.hpp\n'}
[2.691831] (px4_msgs) StdoutLine: {'line': b'-- Up-to-date symlink: /home/maanavjugalshah/SwarmAero/ros2_ws/install/px4_msgs/include/px4_msgs/px4_msgs/msg/detail/debug_value__builder.hpp\n'}
[2.691925] (px4_msgs) StdoutLine: {'line': b'-- Up-to-date symlink: /home/maanavjugalshah/SwarmAero/ros2_ws/install/px4_msgs/include/px4_msgs/px4_msgs/msg/detail/debug_value__struct.hpp\n'}
[2.692297] (px4_msgs) StdoutLine: {'line': b'-- Up-to-date symlink: /home/maanavjugalshah/SwarmAero/ros2_ws/install/px4_msgs/include/px4_msgs/px4_msgs/msg/detail/debug_value__traits.hpp\n'}
[2.692407] (px4_msgs) StdoutLine: {'line': b'-- Up-to-date symlink: /home/maanavjugalshah/SwarmAero/ros2_ws/install/px4_msgs/include/px4_msgs/px4_msgs/msg/detail/debug_value__type_support.hpp\n'}
[2.692493] (px4_msgs) StdoutLine: {'line': b'-- Up-to-date symlink: /home/maanavjugalshah/SwarmAero/ros2_ws/install/px4_msgs/include/px4_msgs/px4_msgs/msg/detail/debug_vect__builder.hpp\n'}
[2.692597] (px4_msgs) StdoutLine: {'line': b'-- Up-to-date symlink: /home/maanavjugalshah/SwarmAero/ros2_ws/install/px4_msgs/include/px4_msgs/px4_msgs/msg/detail/debug_vect__struct.hpp\n'}
[2.692675] (px4_msgs) StdoutLine: {'line': b'-- Up-to-date symlink: /home/maanavjugalshah/SwarmAero/ros2_ws/install/px4_msgs/include/px4_msgs/px4_msgs/msg/detail/debug_vect__traits.hpp\n'}
[2.692759] (px4_msgs) StdoutLine: {'line': b'-- Up-to-date symlink: /home/maanavjugalshah/SwarmAero/ros2_ws/install/px4_msgs/include/px4_msgs/px4_msgs/msg/detail/debug_vect__type_support.hpp\n'}
[2.692845] (px4_msgs) StdoutLine: {'line': b'-- Up-to-date symlink: /home/maanavjugalshah/SwarmAero/ros2_ws/install/px4_msgs/include/px4_msgs/px4_msgs/msg/detail/device_information__builder.hpp\n'}
[2.692915] (px4_msgs) StdoutLine: {'line': b'-- Up-to-date symlink: /home/maanavjugalshah/SwarmAero/ros2_ws/install/px4_msgs/include/px4_msgs/px4_msgs/msg/detail/device_information__struct.hpp\n'}
[2.693361] (px4_msgs) StdoutLine: {'line': b'-- Up-to-date symlink: /home/maanavjugalshah/SwarmAero/ros2_ws/install/px4_msgs/include/px4_msgs/px4_msgs/msg/detail/device_information__traits.hpp\n'}
[2.693443] (px4_msgs) StdoutLine: {'line': b'-- Up-to-date symlink: /home/maanavjugalshah/SwarmAero/ros2_ws/install/px4_msgs/include/px4_msgs/px4_msgs/msg/detail/device_information__type_support.hpp\n'}
[2.693533] (px4_msgs) StdoutLine: {'line': b'-- Up-to-date symlink: /home/maanavjugalshah/SwarmAero/ros2_ws/install/px4_msgs/include/px4_msgs/px4_msgs/msg/detail/differential_pressure__builder.hpp\n'}
[2.693619] (px4_msgs) StdoutLine: {'line': b'-- Up-to-date symlink: /home/maanavjugalshah/SwarmAero/ros2_ws/install/px4_msgs/include/px4_msgs/px4_msgs/msg/detail/differential_pressure__struct.hpp\n'}
[2.693813] (px4_msgs) StdoutLine: {'line': b'-- Up-to-date symlink: /home/maanavjugalshah/SwarmAero/ros2_ws/install/px4_msgs/include/px4_msgs/px4_msgs/msg/detail/differential_pressure__traits.hpp\n'}
[2.693947] (px4_msgs) StdoutLine: {'line': b'-- Up-to-date symlink: /home/maanavjugalshah/SwarmAero/ros2_ws/install/px4_msgs/include/px4_msgs/px4_msgs/msg/detail/differential_pressure__type_support.hpp\n'}
[2.694378] (px4_msgs) StdoutLine: {'line': b'-- Up-to-date symlink: /home/maanavjugalshah/SwarmAero/ros2_ws/install/px4_msgs/include/px4_msgs/px4_msgs/msg/detail/distance_sensor__builder.hpp\n'}
[2.694763] (px4_msgs) StdoutLine: {'line': b'-- Up-to-date symlink: /home/maanavjugalshah/SwarmAero/ros2_ws/install/px4_msgs/include/px4_msgs/px4_msgs/msg/detail/distance_sensor__struct.hpp\n'}
[2.694840] (px4_msgs) StdoutLine: {'line': b'-- Up-to-date symlink: /home/maanavjugalshah/SwarmAero/ros2_ws/install/px4_msgs/include/px4_msgs/px4_msgs/msg/detail/distance_sensor__traits.hpp\n'}
[2.694975] (px4_msgs) StdoutLine: {'line': b'-- Up-to-date symlink: /home/maanavjugalshah/SwarmAero/ros2_ws/install/px4_msgs/include/px4_msgs/px4_msgs/msg/detail/distance_sensor__type_support.hpp\n'}
[2.695038] (px4_msgs) StdoutLine: {'line': b'-- Up-to-date symlink: /home/maanavjugalshah/SwarmAero/ros2_ws/install/px4_msgs/include/px4_msgs/px4_msgs/msg/detail/distance_sensor_mode_change_request__builder.hpp\n'}
[2.695152] (px4_msgs) StdoutLine: {'line': b'-- Up-to-date symlink: /home/maanavjugalshah/SwarmAero/ros2_ws/install/px4_msgs/include/px4_msgs/px4_msgs/msg/detail/distance_sensor_mode_change_request__struct.hpp\n'}
[2.695327] (px4_msgs) StdoutLine: {'line': b'-- Up-to-date symlink: /home/maanavjugalshah/SwarmAero/ros2_ws/install/px4_msgs/include/px4_msgs/px4_msgs/msg/detail/distance_sensor_mode_change_request__traits.hpp\n'}
[2.695377] (px4_msgs) StdoutLine: {'line': b'-- Up-to-date symlink: /home/maanavjugalshah/SwarmAero/ros2_ws/install/px4_msgs/include/px4_msgs/px4_msgs/msg/detail/distance_sensor_mode_change_request__type_support.hpp\n'}
[2.695414] (px4_msgs) StdoutLine: {'line': b'-- Up-to-date symlink: /home/maanavjugalshah/SwarmAero/ros2_ws/install/px4_msgs/include/px4_msgs/px4_msgs/msg/detail/dronecan_node_status__builder.hpp\n'}
[2.695610] (px4_msgs) StdoutLine: {'line': b'-- Up-to-date symlink: /home/maanavjugalshah/SwarmAero/ros2_ws/install/px4_msgs/include/px4_msgs/px4_msgs/msg/detail/dronecan_node_status__struct.hpp\n'}
[2.695720] (px4_msgs) StdoutLine: {'line': b'-- Up-to-date symlink: /home/maanavjugalshah/SwarmAero/ros2_ws/install/px4_msgs/include/px4_msgs/px4_msgs/msg/detail/dronecan_node_status__traits.hpp\n'}
[2.695793] (px4_msgs) StdoutLine: {'line': b'-- Up-to-date symlink: /home/maanavjugalshah/SwarmAero/ros2_ws/install/px4_msgs/include/px4_msgs/px4_msgs/msg/detail/dronecan_node_status__type_support.hpp\n'}
[2.695877] (px4_msgs) StdoutLine: {'line': b'-- Up-to-date symlink: /home/maanavjugalshah/SwarmAero/ros2_ws/install/px4_msgs/include/px4_msgs/px4_msgs/msg/detail/ekf2_timestamps__builder.hpp\n'}
[2.695921] (px4_msgs) StdoutLine: {'line': b'-- Up-to-date symlink: /home/maanavjugalshah/SwarmAero/ros2_ws/install/px4_msgs/include/px4_msgs/px4_msgs/msg/detail/ekf2_timestamps__struct.hpp\n'}
[2.696202] (px4_msgs) StdoutLine: {'line': b'-- Up-to-date symlink: /home/maanavjugalshah/SwarmAero/ros2_ws/install/px4_msgs/include/px4_msgs/px4_msgs/msg/detail/ekf2_timestamps__traits.hpp\n'}
[2.696278] (px4_msgs) StdoutLine: {'line': b'-- Up-to-date symlink: /home/maanavjugalshah/SwarmAero/ros2_ws/install/px4_msgs/include/px4_msgs/px4_msgs/msg/detail/ekf2_timestamps__type_support.hpp\n'}
[2.696464] (px4_msgs) StdoutLine: {'line': b'-- Up-to-date symlink: /home/maanavjugalshah/SwarmAero/ros2_ws/install/px4_msgs/include/px4_msgs/px4_msgs/msg/detail/esc_eeprom_read__builder.hpp\n'}
[2.696596] (px4_msgs) StdoutLine: {'line': b'-- Up-to-date symlink: /home/maanavjugalshah/SwarmAero/ros2_ws/install/px4_msgs/include/px4_msgs/px4_msgs/msg/detail/esc_eeprom_read__struct.hpp\n'}
[2.696893] (px4_msgs) StdoutLine: {'line': b'-- Up-to-date symlink: /home/maanavjugalshah/SwarmAero/ros2_ws/install/px4_msgs/include/px4_msgs/px4_msgs/msg/detail/esc_eeprom_read__traits.hpp\n'}
[2.696956] (px4_msgs) StdoutLine: {'line': b'-- Up-to-date symlink: /home/maanavjugalshah/SwarmAero/ros2_ws/install/px4_msgs/include/px4_msgs/px4_msgs/msg/detail/esc_eeprom_read__type_support.hpp\n'}
[2.697029] (px4_msgs) StdoutLine: {'line': b'-- Up-to-date symlink: /home/maanavjugalshah/SwarmAero/ros2_ws/install/px4_msgs/include/px4_msgs/px4_msgs/msg/detail/esc_eeprom_write__builder.hpp\n'}
[2.697086] (px4_msgs) StdoutLine: {'line': b'-- Up-to-date symlink: /home/maanavjugalshah/SwarmAero/ros2_ws/install/px4_msgs/include/px4_msgs/px4_msgs/msg/detail/esc_eeprom_write__struct.hpp\n'}
[2.697127] (px4_msgs) StdoutLine: {'line': b'-- Up-to-date symlink: /home/maanavjugalshah/SwarmAero/ros2_ws/install/px4_msgs/include/px4_msgs/px4_msgs/msg/detail/esc_eeprom_write__traits.hpp\n'}
[2.697167] (px4_msgs) StdoutLine: {'line': b'-- Up-to-date symlink: /home/maanavjugalshah/SwarmAero/ros2_ws/install/px4_msgs/include/px4_msgs/px4_msgs/msg/detail/esc_eeprom_write__type_support.hpp\n'}
[2.697205] (px4_msgs) StdoutLine: {'line': b'-- Up-to-date symlink: /home/maanavjugalshah/SwarmAero/ros2_ws/install/px4_msgs/include/px4_msgs/px4_msgs/msg/detail/esc_report__builder.hpp\n'}
[2.697244] (px4_msgs) StdoutLine: {'line': b'-- Up-to-date symlink: /home/maanavjugalshah/SwarmAero/ros2_ws/install/px4_msgs/include/px4_msgs/px4_msgs/msg/detail/esc_report__struct.hpp\n'}
[2.697280] (px4_msgs) StdoutLine: {'line': b'-- Up-to-date symlink: /home/maanavjugalshah/SwarmAero/ros2_ws/install/px4_msgs/include/px4_msgs/px4_msgs/msg/detail/esc_report__traits.hpp\n'}
[2.697314] (px4_msgs) StdoutLine: {'line': b'-- Up-to-date symlink: /home/maanavjugalshah/SwarmAero/ros2_ws/install/px4_msgs/include/px4_msgs/px4_msgs/msg/detail/esc_report__type_support.hpp\n'}
[2.697354] (px4_msgs) StdoutLine: {'line': b'-- Up-to-date symlink: /home/maanavjugalshah/SwarmAero/ros2_ws/install/px4_msgs/include/px4_msgs/px4_msgs/msg/detail/esc_status__builder.hpp\n'}
[2.697387] (px4_msgs) StdoutLine: {'line': b'-- Up-to-date symlink: /home/maanavjugalshah/SwarmAero/ros2_ws/install/px4_msgs/include/px4_msgs/px4_msgs/msg/detail/esc_status__struct.hpp\n'}
[2.697479] (px4_msgs) StdoutLine: {'line': b'-- Up-to-date symlink: /home/maanavjugalshah/SwarmAero/ros2_ws/install/px4_msgs/include/px4_msgs/px4_msgs/msg/detail/esc_status__traits.hpp\n'}
[2.697576] (px4_msgs) StdoutLine: {'line': b'-- Up-to-date symlink: /home/maanavjugalshah/SwarmAero/ros2_ws/install/px4_msgs/include/px4_msgs/px4_msgs/msg/detail/esc_status__type_support.hpp\n'}
[2.697693] (px4_msgs) StdoutLine: {'line': b'-- Up-to-date symlink: /home/maanavjugalshah/SwarmAero/ros2_ws/install/px4_msgs/include/px4_msgs/px4_msgs/msg/detail/estimator_aid_source1d__builder.hpp\n'}
[2.697808] (px4_msgs) StdoutLine: {'line': b'-- Up-to-date symlink: /home/maanavjugalshah/SwarmAero/ros2_ws/install/px4_msgs/include/px4_msgs/px4_msgs/msg/detail/estimator_aid_source1d__struct.hpp\n'}
[2.698110] (px4_msgs) StdoutLine: {'line': b'-- Up-to-date symlink: /home/maanavjugalshah/SwarmAero/ros2_ws/install/px4_msgs/include/px4_msgs/px4_msgs/msg/detail/estimator_aid_source1d__traits.hpp\n'}
[2.698211] (px4_msgs) StdoutLine: {'line': b'-- Up-to-date symlink: /home/maanavjugalshah/SwarmAero/ros2_ws/install/px4_msgs/include/px4_msgs/px4_msgs/msg/detail/estimator_aid_source1d__type_support.hpp\n'}
[2.698436] (px4_msgs) StdoutLine: {'line': b'-- Up-to-date symlink: /home/maanavjugalshah/SwarmAero/ros2_ws/install/px4_msgs/include/px4_msgs/px4_msgs/msg/detail/estimator_aid_source2d__builder.hpp\n'}
[2.698603] (px4_msgs) StdoutLine: {'line': b'-- Up-to-date symlink: /home/maanavjugalshah/SwarmAero/ros2_ws/install/px4_msgs/include/px4_msgs/px4_msgs/msg/detail/estimator_aid_source2d__struct.hpp\n'}
[2.698860] (px4_msgs) StdoutLine: {'line': b'-- Up-to-date symlink: /home/maanavjugalshah/SwarmAero/ros2_ws/install/px4_msgs/include/px4_msgs/px4_msgs/msg/detail/estimator_aid_source2d__traits.hpp\n'}
[2.698935] (px4_msgs) StdoutLine: {'line': b'-- Up-to-date symlink: /home/maanavjugalshah/SwarmAero/ros2_ws/install/px4_msgs/include/px4_msgs/px4_msgs/msg/detail/estimator_aid_source2d__type_support.hpp\n'}
[2.699261] (px4_msgs) StdoutLine: {'line': b'-- Up-to-date symlink: /home/maanavjugalshah/SwarmAero/ros2_ws/install/px4_msgs/include/px4_msgs/px4_msgs/msg/detail/estimator_aid_source3d__builder.hpp\n'}
[2.699310] (px4_msgs) StdoutLine: {'line': b'-- Up-to-date symlink: /home/maanavjugalshah/SwarmAero/ros2_ws/install/px4_msgs/include/px4_msgs/px4_msgs/msg/detail/estimator_aid_source3d__struct.hpp\n'}
[2.699433] (px4_msgs) StdoutLine: {'line': b'-- Up-to-date symlink: /home/maanavjugalshah/SwarmAero/ros2_ws/install/px4_msgs/include/px4_msgs/px4_msgs/msg/detail/estimator_aid_source3d__traits.hpp\n'}
[2.699572] (px4_msgs) StdoutLine: {'line': b'-- Up-to-date symlink: /home/maanavjugalshah/SwarmAero/ros2_ws/install/px4_msgs/include/px4_msgs/px4_msgs/msg/detail/estimator_aid_source3d__type_support.hpp\n'}
[2.699760] (px4_msgs) StdoutLine: {'line': b'-- Up-to-date symlink: /home/maanavjugalshah/SwarmAero/ros2_ws/install/px4_msgs/include/px4_msgs/px4_msgs/msg/detail/estimator_bias3d__builder.hpp\n'}
[2.699868] (px4_msgs) StdoutLine: {'line': b'-- Up-to-date symlink: /home/maanavjugalshah/SwarmAero/ros2_ws/install/px4_msgs/include/px4_msgs/px4_msgs/msg/detail/estimator_bias3d__struct.hpp\n'}
[2.700078] (px4_msgs) StdoutLine: {'line': b'-- Up-to-date symlink: /home/maanavjugalshah/SwarmAero/ros2_ws/install/px4_msgs/include/px4_msgs/px4_msgs/msg/detail/estimator_bias3d__traits.hpp\n'}
[2.700249] (px4_msgs) StdoutLine: {'line': b'-- Up-to-date symlink: /home/maanavjugalshah/SwarmAero/ros2_ws/install/px4_msgs/include/px4_msgs/px4_msgs/msg/detail/estimator_bias3d__type_support.hpp\n'}
[2.700409] (px4_msgs) StdoutLine: {'line': b'-- Up-to-date symlink: /home/maanavjugalshah/SwarmAero/ros2_ws/install/px4_msgs/include/px4_msgs/px4_msgs/msg/detail/estimator_bias__builder.hpp\n'}
[2.700454] (px4_msgs) StdoutLine: {'line': b'-- Up-to-date symlink: /home/maanavjugalshah/SwarmAero/ros2_ws/install/px4_msgs/include/px4_msgs/px4_msgs/msg/detail/estimator_bias__struct.hpp\n'}
[2.700538] (px4_msgs) StdoutLine: {'line': b'-- Up-to-date symlink: /home/maanavjugalshah/SwarmAero/ros2_ws/install/px4_msgs/include/px4_msgs/px4_msgs/msg/detail/estimator_bias__traits.hpp\n'}
[2.700610] (px4_msgs) StdoutLine: {'line': b'-- Up-to-date symlink: /home/maanavjugalshah/SwarmAero/ros2_ws/install/px4_msgs/include/px4_msgs/px4_msgs/msg/detail/estimator_bias__type_support.hpp\n'}
[2.700811] (px4_msgs) StdoutLine: {'line': b'-- Up-to-date symlink: /home/maanavjugalshah/SwarmAero/ros2_ws/install/px4_msgs/include/px4_msgs/px4_msgs/msg/detail/estimator_event_flags__builder.hpp\n'}
[2.700912] (px4_msgs) StdoutLine: {'line': b'-- Up-to-date symlink: /home/maanavjugalshah/SwarmAero/ros2_ws/install/px4_msgs/include/px4_msgs/px4_msgs/msg/detail/estimator_event_flags__struct.hpp\n'}
[2.701395] (px4_msgs) StdoutLine: {'line': b'-- Up-to-date symlink: /home/maanavjugalshah/SwarmAero/ros2_ws/install/px4_msgs/include/px4_msgs/px4_msgs/msg/detail/estimator_event_flags__traits.hpp\n'}
[2.701485] (px4_msgs) StdoutLine: {'line': b'-- Up-to-date symlink: /home/maanavjugalshah/SwarmAero/ros2_ws/install/px4_msgs/include/px4_msgs/px4_msgs/msg/detail/estimator_event_flags__type_support.hpp\n'}
[2.701571] (px4_msgs) StdoutLine: {'line': b'-- Up-to-date symlink: /home/maanavjugalshah/SwarmAero/ros2_ws/install/px4_msgs/include/px4_msgs/px4_msgs/msg/detail/estimator_fusion_control__builder.hpp\n'}
[2.701918] (px4_msgs) StdoutLine: {'line': b'-- Up-to-date symlink: /home/maanavjugalshah/SwarmAero/ros2_ws/install/px4_msgs/include/px4_msgs/px4_msgs/msg/detail/estimator_fusion_control__struct.hpp\n'}
[2.702301] (px4_msgs) StdoutLine: {'line': b'-- Up-to-date symlink: /home/maanavjugalshah/SwarmAero/ros2_ws/install/px4_msgs/include/px4_msgs/px4_msgs/msg/detail/estimator_fusion_control__traits.hpp\n'}
[2.702471] (px4_msgs) StdoutLine: {'line': b'-- Up-to-date symlink: /home/maanavjugalshah/SwarmAero/ros2_ws/install/px4_msgs/include/px4_msgs/px4_msgs/msg/detail/estimator_fusion_control__type_support.hpp\n'}
[2.702579] (px4_msgs) StdoutLine: {'line': b'-- Up-to-date symlink: /home/maanavjugalshah/SwarmAero/ros2_ws/install/px4_msgs/include/px4_msgs/px4_msgs/msg/detail/estimator_gps_status__builder.hpp\n'}
[2.702704] (px4_msgs) StdoutLine: {'line': b'-- Up-to-date symlink: /home/maanavjugalshah/SwarmAero/ros2_ws/install/px4_msgs/include/px4_msgs/px4_msgs/msg/detail/estimator_gps_status__struct.hpp\n'}
[2.702777] (px4_msgs) StdoutLine: {'line': b'-- Up-to-date symlink: /home/maanavjugalshah/SwarmAero/ros2_ws/install/px4_msgs/include/px4_msgs/px4_msgs/msg/detail/estimator_gps_status__traits.hpp\n'}
[2.702945] (px4_msgs) StdoutLine: {'line': b'-- Up-to-date symlink: /home/maanavjugalshah/SwarmAero/ros2_ws/install/px4_msgs/include/px4_msgs/px4_msgs/msg/detail/estimator_gps_status__type_support.hpp\n'}
[2.702996] (px4_msgs) StdoutLine: {'line': b'-- Up-to-date symlink: /home/maanavjugalshah/SwarmAero/ros2_ws/install/px4_msgs/include/px4_msgs/px4_msgs/msg/detail/estimator_innovations__builder.hpp\n'}
[2.703101] (px4_msgs) StdoutLine: {'line': b'-- Up-to-date symlink: /home/maanavjugalshah/SwarmAero/ros2_ws/install/px4_msgs/include/px4_msgs/px4_msgs/msg/detail/estimator_innovations__struct.hpp\n'}
[2.703287] (px4_msgs) StdoutLine: {'line': b'-- Up-to-date symlink: /home/maanavjugalshah/SwarmAero/ros2_ws/install/px4_msgs/include/px4_msgs/px4_msgs/msg/detail/estimator_innovations__traits.hpp\n'}
[2.703360] (px4_msgs) StdoutLine: {'line': b'-- Up-to-date symlink: /home/maanavjugalshah/SwarmAero/ros2_ws/install/px4_msgs/include/px4_msgs/px4_msgs/msg/detail/estimator_innovations__type_support.hpp\n'}
[2.703531] (px4_msgs) StdoutLine: {'line': b'-- Up-to-date symlink: /home/maanavjugalshah/SwarmAero/ros2_ws/install/px4_msgs/include/px4_msgs/px4_msgs/msg/detail/estimator_selector_status__builder.hpp\n'}
[2.703654] (px4_msgs) StdoutLine: {'line': b'-- Up-to-date symlink: /home/maanavjugalshah/SwarmAero/ros2_ws/install/px4_msgs/include/px4_msgs/px4_msgs/msg/detail/estimator_selector_status__struct.hpp\n'}
[2.703770] (px4_msgs) StdoutLine: {'line': b'-- Up-to-date symlink: /home/maanavjugalshah/SwarmAero/ros2_ws/install/px4_msgs/include/px4_msgs/px4_msgs/msg/detail/estimator_selector_status__traits.hpp\n'}
[2.703885] (px4_msgs) StdoutLine: {'line': b'-- Up-to-date symlink: /home/maanavjugalshah/SwarmAero/ros2_ws/install/px4_msgs/include/px4_msgs/px4_msgs/msg/detail/estimator_selector_status__type_support.hpp\n'}
[2.704092] (px4_msgs) StdoutLine: {'line': b'-- Up-to-date symlink: /home/maanavjugalshah/SwarmAero/ros2_ws/install/px4_msgs/include/px4_msgs/px4_msgs/msg/detail/estimator_sensor_bias__builder.hpp\n'}
[2.704240] (px4_msgs) StdoutLine: {'line': b'-- Up-to-date symlink: /home/maanavjugalshah/SwarmAero/ros2_ws/install/px4_msgs/include/px4_msgs/px4_msgs/msg/detail/estimator_sensor_bias__struct.hpp\n'}
[2.704475] (px4_msgs) StdoutLine: {'line': b'-- Up-to-date symlink: /home/maanavjugalshah/SwarmAero/ros2_ws/install/px4_msgs/include/px4_msgs/px4_msgs/msg/detail/estimator_sensor_bias__traits.hpp\n'}
[2.704699] (px4_msgs) StdoutLine: {'line': b'-- Up-to-date symlink: /home/maanavjugalshah/SwarmAero/ros2_ws/install/px4_msgs/include/px4_msgs/px4_msgs/msg/detail/estimator_sensor_bias__type_support.hpp\n'}
[2.704810] (px4_msgs) StdoutLine: {'line': b'-- Up-to-date symlink: /home/maanavjugalshah/SwarmAero/ros2_ws/install/px4_msgs/include/px4_msgs/px4_msgs/msg/detail/estimator_states__builder.hpp\n'}
[2.704955] (px4_msgs) StdoutLine: {'line': b'-- Up-to-date symlink: /home/maanavjugalshah/SwarmAero/ros2_ws/install/px4_msgs/include/px4_msgs/px4_msgs/msg/detail/estimator_states__struct.hpp\n'}
[2.705023] (px4_msgs) StdoutLine: {'line': b'-- Up-to-date symlink: /home/maanavjugalshah/SwarmAero/ros2_ws/install/px4_msgs/include/px4_msgs/px4_msgs/msg/detail/estimator_states__traits.hpp\n'}
[2.705090] (px4_msgs) StdoutLine: {'line': b'-- Up-to-date symlink: /home/maanavjugalshah/SwarmAero/ros2_ws/install/px4_msgs/include/px4_msgs/px4_msgs/msg/detail/estimator_states__type_support.hpp\n'}
[2.705161] (px4_msgs) StdoutLine: {'line': b'-- Up-to-date symlink: /home/maanavjugalshah/SwarmAero/ros2_ws/install/px4_msgs/include/px4_msgs/px4_msgs/msg/detail/estimator_status__builder.hpp\n'}
[2.705210] (px4_msgs) StdoutLine: {'line': b'-- Up-to-date symlink: /home/maanavjugalshah/SwarmAero/ros2_ws/install/px4_msgs/include/px4_msgs/px4_msgs/msg/detail/estimator_status__struct.hpp\n'}
[2.705251] (px4_msgs) StdoutLine: {'line': b'-- Up-to-date symlink: /home/maanavjugalshah/SwarmAero/ros2_ws/install/px4_msgs/include/px4_msgs/px4_msgs/msg/detail/estimator_status__traits.hpp\n'}
[2.705286] (px4_msgs) StdoutLine: {'line': b'-- Up-to-date symlink: /home/maanavjugalshah/SwarmAero/ros2_ws/install/px4_msgs/include/px4_msgs/px4_msgs/msg/detail/estimator_status__type_support.hpp\n'}
[2.705321] (px4_msgs) StdoutLine: {'line': b'-- Up-to-date symlink: /home/maanavjugalshah/SwarmAero/ros2_ws/install/px4_msgs/include/px4_msgs/px4_msgs/msg/detail/estimator_status_flags__builder.hpp\n'}
[2.705355] (px4_msgs) StdoutLine: {'line': b'-- Up-to-date symlink: /home/maanavjugalshah/SwarmAero/ros2_ws/install/px4_msgs/include/px4_msgs/px4_msgs/msg/detail/estimator_status_flags__struct.hpp\n'}
[2.705390] (px4_msgs) StdoutLine: {'line': b'-- Up-to-date symlink: /home/maanavjugalshah/SwarmAero/ros2_ws/install/px4_msgs/include/px4_msgs/px4_msgs/msg/detail/estimator_status_flags__traits.hpp\n'}
[2.705487] (px4_msgs) StdoutLine: {'line': b'-- Up-to-date symlink: /home/maanavjugalshah/SwarmAero/ros2_ws/install/px4_msgs/include/px4_msgs/px4_msgs/msg/detail/estimator_status_flags__type_support.hpp\n'}
[2.705617] (px4_msgs) StdoutLine: {'line': b'-- Up-to-date symlink: /home/maanavjugalshah/SwarmAero/ros2_ws/install/px4_msgs/include/px4_msgs/px4_msgs/msg/detail/event__builder.hpp\n'}
[2.705852] (px4_msgs) StdoutLine: {'line': b'-- Up-to-date symlink: /home/maanavjugalshah/SwarmAero/ros2_ws/install/px4_msgs/include/px4_msgs/px4_msgs/msg/detail/event__struct.hpp\n'}
[2.706249] (px4_msgs) StdoutLine: {'line': b'-- Up-to-date symlink: /home/maanavjugalshah/SwarmAero/ros2_ws/install/px4_msgs/include/px4_msgs/px4_msgs/msg/detail/event__traits.hpp\n'}
[2.706420] (px4_msgs) StdoutLine: {'line': b'-- Up-to-date symlink: /home/maanavjugalshah/SwarmAero/ros2_ws/install/px4_msgs/include/px4_msgs/px4_msgs/msg/detail/event__type_support.hpp\n'}
[2.706534] (px4_msgs) StdoutLine: {'line': b'-- Up-to-date symlink: /home/maanavjugalshah/SwarmAero/ros2_ws/install/px4_msgs/include/px4_msgs/px4_msgs/msg/detail/failsafe_flags__builder.hpp\n'}
[2.706606] (px4_msgs) StdoutLine: {'line': b'-- Up-to-date symlink: /home/maanavjugalshah/SwarmAero/ros2_ws/install/px4_msgs/include/px4_msgs/px4_msgs/msg/detail/failsafe_flags__struct.hpp\n'}
[2.706805] (px4_msgs) StdoutLine: {'line': b'-- Up-to-date symlink: /home/maanavjugalshah/SwarmAero/ros2_ws/install/px4_msgs/include/px4_msgs/px4_msgs/msg/detail/failsafe_flags__traits.hpp\n'}
[2.706856] (px4_msgs) StdoutLine: {'line': b'-- Up-to-date symlink: /home/maanavjugalshah/SwarmAero/ros2_ws/install/px4_msgs/include/px4_msgs/px4_msgs/msg/detail/failsafe_flags__type_support.hpp\n'}
[2.706980] (px4_msgs) StdoutLine: {'line': b'-- Up-to-date symlink: /home/maanavjugalshah/SwarmAero/ros2_ws/install/px4_msgs/include/px4_msgs/px4_msgs/msg/detail/failure_detector_status__builder.hpp\n'}
[2.707111] (px4_msgs) StdoutLine: {'line': b'-- Up-to-date symlink: /home/maanavjugalshah/SwarmAero/ros2_ws/install/px4_msgs/include/px4_msgs/px4_msgs/msg/detail/failure_detector_status__struct.hpp\n'}
[2.707149] (px4_msgs) StdoutLine: {'line': b'-- Up-to-date symlink: /home/maanavjugalshah/SwarmAero/ros2_ws/install/px4_msgs/include/px4_msgs/px4_msgs/msg/detail/failure_detector_status__traits.hpp\n'}
[2.707222] (px4_msgs) StdoutLine: {'line': b'-- Up-to-date symlink: /home/maanavjugalshah/SwarmAero/ros2_ws/install/px4_msgs/include/px4_msgs/px4_msgs/msg/detail/failure_detector_status__type_support.hpp\n'}
[2.707334] (px4_msgs) StdoutLine: {'line': b'-- Up-to-date symlink: /home/maanavjugalshah/SwarmAero/ros2_ws/install/px4_msgs/include/px4_msgs/px4_msgs/msg/detail/figure_eight_status__builder.hpp\n'}
[2.707434] (px4_msgs) StdoutLine: {'line': b'-- Up-to-date symlink: /home/maanavjugalshah/SwarmAero/ros2_ws/install/px4_msgs/include/px4_msgs/px4_msgs/msg/detail/figure_eight_status__struct.hpp\n'}
[2.707633] (px4_msgs) StdoutLine: {'line': b'-- Up-to-date symlink: /home/maanavjugalshah/SwarmAero/ros2_ws/install/px4_msgs/include/px4_msgs/px4_msgs/msg/detail/figure_eight_status__traits.hpp\n'}
[2.707683] (px4_msgs) StdoutLine: {'line': b'-- Up-to-date symlink: /home/maanavjugalshah/SwarmAero/ros2_ws/install/px4_msgs/include/px4_msgs/px4_msgs/msg/detail/figure_eight_status__type_support.hpp\n'}
[2.707927] (px4_msgs) StdoutLine: {'line': b'-- Up-to-date symlink: /home/maanavjugalshah/SwarmAero/ros2_ws/install/px4_msgs/include/px4_msgs/px4_msgs/msg/detail/fixed_wing_lateral_guidance_status__builder.hpp\n'}
[2.708015] (px4_msgs) StdoutLine: {'line': b'-- Up-to-date symlink: /home/maanavjugalshah/SwarmAero/ros2_ws/install/px4_msgs/include/px4_msgs/px4_msgs/msg/detail/fixed_wing_lateral_guidance_status__struct.hpp\n'}
[2.708059] (px4_msgs) StdoutLine: {'line': b'-- Up-to-date symlink: /home/maanavjugalshah/SwarmAero/ros2_ws/install/px4_msgs/include/px4_msgs/px4_msgs/msg/detail/fixed_wing_lateral_guidance_status__traits.hpp\n'}
[2.708270] (px4_msgs) StdoutLine: {'line': b'-- Up-to-date symlink: /home/maanavjugalshah/SwarmAero/ros2_ws/install/px4_msgs/include/px4_msgs/px4_msgs/msg/detail/fixed_wing_lateral_guidance_status__type_support.hpp\n'}
[2.708319] (px4_msgs) StdoutLine: {'line': b'-- Up-to-date symlink: /home/maanavjugalshah/SwarmAero/ros2_ws/install/px4_msgs/include/px4_msgs/px4_msgs/msg/detail/fixed_wing_lateral_setpoint__builder.hpp\n'}
[2.708567] (px4_msgs) StdoutLine: {'line': b'-- Up-to-date symlink: /home/maanavjugalshah/SwarmAero/ros2_ws/install/px4_msgs/include/px4_msgs/px4_msgs/msg/detail/fixed_wing_lateral_setpoint__struct.hpp\n'}
[2.708656] (px4_msgs) StdoutLine: {'line': b'-- Up-to-date symlink: /home/maanavjugalshah/SwarmAero/ros2_ws/install/px4_msgs/include/px4_msgs/px4_msgs/msg/detail/fixed_wing_lateral_setpoint__traits.hpp\n'}
[2.709340] (px4_msgs) StdoutLine: {'line': b'-- Up-to-date symlink: /home/maanavjugalshah/SwarmAero/ros2_ws/install/px4_msgs/include/px4_msgs/px4_msgs/msg/detail/fixed_wing_lateral_setpoint__type_support.hpp\n'}
[2.709815] (px4_msgs) StdoutLine: {'line': b'-- Up-to-date symlink: /home/maanavjugalshah/SwarmAero/ros2_ws/install/px4_msgs/include/px4_msgs/px4_msgs/msg/detail/fixed_wing_lateral_status__builder.hpp\n'}
[2.710006] (px4_msgs) StdoutLine: {'line': b'-- Up-to-date symlink: /home/maanavjugalshah/SwarmAero/ros2_ws/install/px4_msgs/include/px4_msgs/px4_msgs/msg/detail/fixed_wing_lateral_status__struct.hpp\n'}
[2.710053] (px4_msgs) StdoutLine: {'line': b'-- Up-to-date symlink: /home/maanavjugalshah/SwarmAero/ros2_ws/install/px4_msgs/include/px4_msgs/px4_msgs/msg/detail/fixed_wing_lateral_status__traits.hpp\n'}
[2.710171] (px4_msgs) StdoutLine: {'line': b'-- Up-to-date symlink: /home/maanavjugalshah/SwarmAero/ros2_ws/install/px4_msgs/include/px4_msgs/px4_msgs/msg/detail/fixed_wing_lateral_status__type_support.hpp\n'}
[2.710285] (px4_msgs) StdoutLine: {'line': b'-- Up-to-date symlink: /home/maanavjugalshah/SwarmAero/ros2_ws/install/px4_msgs/include/px4_msgs/px4_msgs/msg/detail/fixed_wing_longitudinal_setpoint__builder.hpp\n'}
[2.710606] (px4_msgs) StdoutLine: {'line': b'-- Up-to-date symlink: /home/maanavjugalshah/SwarmAero/ros2_ws/install/px4_msgs/include/px4_msgs/px4_msgs/msg/detail/fixed_wing_longitudinal_setpoint__struct.hpp\n'}
[2.710800] (px4_msgs) StdoutLine: {'line': b'-- Up-to-date symlink: /home/maanavjugalshah/SwarmAero/ros2_ws/install/px4_msgs/include/px4_msgs/px4_msgs/msg/detail/fixed_wing_longitudinal_setpoint__traits.hpp\n'}
[2.711143] (px4_msgs) StdoutLine: {'line': b'-- Up-to-date symlink: /home/maanavjugalshah/SwarmAero/ros2_ws/install/px4_msgs/include/px4_msgs/px4_msgs/msg/detail/fixed_wing_longitudinal_setpoint__type_support.hpp\n'}
[2.711362] (px4_msgs) StdoutLine: {'line': b'-- Up-to-date symlink: /home/maanavjugalshah/SwarmAero/ros2_ws/install/px4_msgs/include/px4_msgs/px4_msgs/msg/detail/fixed_wing_runway_control__builder.hpp\n'}
[2.711597] (px4_msgs) StdoutLine: {'line': b'-- Up-to-date symlink: /home/maanavjugalshah/SwarmAero/ros2_ws/install/px4_msgs/include/px4_msgs/px4_msgs/msg/detail/fixed_wing_runway_control__struct.hpp\n'}
[2.711659] (px4_msgs) StdoutLine: {'line': b'-- Up-to-date symlink: /home/maanavjugalshah/SwarmAero/ros2_ws/install/px4_msgs/include/px4_msgs/px4_msgs/msg/detail/fixed_wing_runway_control__traits.hpp\n'}
[2.711757] (px4_msgs) StdoutLine: {'line': b'-- Up-to-date symlink: /home/maanavjugalshah/SwarmAero/ros2_ws/install/px4_msgs/include/px4_msgs/px4_msgs/msg/detail/fixed_wing_runway_control__type_support.hpp\n'}
[2.711874] (px4_msgs) StdoutLine: {'line': b'-- Up-to-date symlink: /home/maanavjugalshah/SwarmAero/ros2_ws/install/px4_msgs/include/px4_msgs/px4_msgs/msg/detail/flight_phase_estimation__builder.hpp\n'}
[2.712175] (px4_msgs) StdoutLine: {'line': b'-- Up-to-date symlink: /home/maanavjugalshah/SwarmAero/ros2_ws/install/px4_msgs/include/px4_msgs/px4_msgs/msg/detail/flight_phase_estimation__struct.hpp\n'}
[2.712462] (-) TimerEvent: {}
[2.713217] (px4_msgs) StdoutLine: {'line': b'-- Up-to-date symlink: /home/maanavjugalshah/SwarmAero/ros2_ws/install/px4_msgs/include/px4_msgs/px4_msgs/msg/detail/flight_phase_estimation__traits.hpp\n'}
[2.713502] (px4_msgs) StdoutLine: {'line': b'-- Up-to-date symlink: /home/maanavjugalshah/SwarmAero/ros2_ws/install/px4_msgs/include/px4_msgs/px4_msgs/msg/detail/flight_phase_estimation__type_support.hpp\n'}
[2.713676] (px4_msgs) StdoutLine: {'line': b'-- Up-to-date symlink: /home/maanavjugalshah/SwarmAero/ros2_ws/install/px4_msgs/include/px4_msgs/px4_msgs/msg/detail/follow_target__builder.hpp\n'}
[2.713723] (px4_msgs) StdoutLine: {'line': b'-- Up-to-date symlink: /home/maanavjugalshah/SwarmAero/ros2_ws/install/px4_msgs/include/px4_msgs/px4_msgs/msg/detail/follow_target__struct.hpp\n'}
[2.713805] (px4_msgs) StdoutLine: {'line': b'-- Up-to-date symlink: /home/maanavjugalshah/SwarmAero/ros2_ws/install/px4_msgs/include/px4_msgs/px4_msgs/msg/detail/follow_target__traits.hpp\n'}
[2.713880] (px4_msgs) StdoutLine: {'line': b'-- Up-to-date symlink: /home/maanavjugalshah/SwarmAero/ros2_ws/install/px4_msgs/include/px4_msgs/px4_msgs/msg/detail/follow_target__type_support.hpp\n'}
[2.713924] (px4_msgs) StdoutLine: {'line': b'-- Up-to-date symlink: /home/maanavjugalshah/SwarmAero/ros2_ws/install/px4_msgs/include/px4_msgs/px4_msgs/msg/detail/follow_target_estimator__builder.hpp\n'}
[2.714193] (px4_msgs) StdoutLine: {'line': b'-- Up-to-date symlink: /home/maanavjugalshah/SwarmAero/ros2_ws/install/px4_msgs/include/px4_msgs/px4_msgs/msg/detail/follow_target_estimator__struct.hpp\n'}
[2.714501] (px4_msgs) StdoutLine: {'line': b'-- Up-to-date symlink: /home/maanavjugalshah/SwarmAero/ros2_ws/install/px4_msgs/include/px4_msgs/px4_msgs/msg/detail/follow_target_estimator__traits.hpp\n'}
[2.714741] (px4_msgs) StdoutLine: {'line': b'-- Up-to-date symlink: /home/maanavjugalshah/SwarmAero/ros2_ws/install/px4_msgs/include/px4_msgs/px4_msgs/msg/detail/follow_target_estimator__type_support.hpp\n'}
[2.714938] (px4_msgs) StdoutLine: {'line': b'-- Up-to-date symlink: /home/maanavjugalshah/SwarmAero/ros2_ws/install/px4_msgs/include/px4_msgs/px4_msgs/msg/detail/follow_target_status__builder.hpp\n'}
[2.715224] (px4_msgs) StdoutLine: {'line': b'-- Up-to-date symlink: /home/maanavjugalshah/SwarmAero/ros2_ws/install/px4_msgs/include/px4_msgs/px4_msgs/msg/detail/follow_target_status__struct.hpp\n'}
[2.715472] (px4_msgs) StdoutLine: {'line': b'-- Up-to-date symlink: /home/maanavjugalshah/SwarmAero/ros2_ws/install/px4_msgs/include/px4_msgs/px4_msgs/msg/detail/follow_target_status__traits.hpp\n'}
[2.715570] (px4_msgs) StdoutLine: {'line': b'-- Up-to-date symlink: /home/maanavjugalshah/SwarmAero/ros2_ws/install/px4_msgs/include/px4_msgs/px4_msgs/msg/detail/follow_target_status__type_support.hpp\n'}
[2.715617] (px4_msgs) StdoutLine: {'line': b'-- Up-to-date symlink: /home/maanavjugalshah/SwarmAero/ros2_ws/install/px4_msgs/include/px4_msgs/px4_msgs/msg/detail/fuel_tank_status__builder.hpp\n'}
[2.715978] (px4_msgs) StdoutLine: {'line': b'-- Up-to-date symlink: /home/maanavjugalshah/SwarmAero/ros2_ws/install/px4_msgs/include/px4_msgs/px4_msgs/msg/detail/fuel_tank_status__struct.hpp\n'}
[2.716094] (px4_msgs) StdoutLine: {'line': b'-- Up-to-date symlink: /home/maanavjugalshah/SwarmAero/ros2_ws/install/px4_msgs/include/px4_msgs/px4_msgs/msg/detail/fuel_tank_status__traits.hpp\n'}
[2.716224] (px4_msgs) StdoutLine: {'line': b'-- Up-to-date symlink: /home/maanavjugalshah/SwarmAero/ros2_ws/install/px4_msgs/include/px4_msgs/px4_msgs/msg/detail/fuel_tank_status__type_support.hpp\n'}
[2.716310] (px4_msgs) StdoutLine: {'line': b'-- Up-to-date symlink: /home/maanavjugalshah/SwarmAero/ros2_ws/install/px4_msgs/include/px4_msgs/px4_msgs/msg/detail/gain_compression__builder.hpp\n'}
[2.716382] (px4_msgs) StdoutLine: {'line': b'-- Up-to-date symlink: /home/maanavjugalshah/SwarmAero/ros2_ws/install/px4_msgs/include/px4_msgs/px4_msgs/msg/detail/gain_compression__struct.hpp\n'}
[2.716595] (px4_msgs) StdoutLine: {'line': b'-- Up-to-date symlink: /home/maanavjugalshah/SwarmAero/ros2_ws/install/px4_msgs/include/px4_msgs/px4_msgs/msg/detail/gain_compression__traits.hpp\n'}
[2.716963] (px4_msgs) StdoutLine: {'line': b'-- Up-to-date symlink: /home/maanavjugalshah/SwarmAero/ros2_ws/install/px4_msgs/include/px4_msgs/px4_msgs/msg/detail/gain_compression__type_support.hpp\n'}
[2.717071] (px4_msgs) StdoutLine: {'line': b'-- Up-to-date symlink: /home/maanavjugalshah/SwarmAero/ros2_ws/install/px4_msgs/include/px4_msgs/px4_msgs/msg/detail/generator_status__builder.hpp\n'}
[2.717281] (px4_msgs) StdoutLine: {'line': b'-- Up-to-date symlink: /home/maanavjugalshah/SwarmAero/ros2_ws/install/px4_msgs/include/px4_msgs/px4_msgs/msg/detail/generator_status__struct.hpp\n'}
[2.717518] (px4_msgs) StdoutLine: {'line': b'-- Up-to-date symlink: /home/maanavjugalshah/SwarmAero/ros2_ws/install/px4_msgs/include/px4_msgs/px4_msgs/msg/detail/generator_status__traits.hpp\n'}
[2.717567] (px4_msgs) StdoutLine: {'line': b'-- Up-to-date symlink: /home/maanavjugalshah/SwarmAero/ros2_ws/install/px4_msgs/include/px4_msgs/px4_msgs/msg/detail/generator_status__type_support.hpp\n'}
[2.717650] (px4_msgs) StdoutLine: {'line': b'-- Up-to-date symlink: /home/maanavjugalshah/SwarmAero/ros2_ws/install/px4_msgs/include/px4_msgs/px4_msgs/msg/detail/geofence_result__builder.hpp\n'}
[2.717925] (px4_msgs) StdoutLine: {'line': b'-- Up-to-date symlink: /home/maanavjugalshah/SwarmAero/ros2_ws/install/px4_msgs/include/px4_msgs/px4_msgs/msg/detail/geofence_result__struct.hpp\n'}
[2.718060] (px4_msgs) StdoutLine: {'line': b'-- Up-to-date symlink: /home/maanavjugalshah/SwarmAero/ros2_ws/install/px4_msgs/include/px4_msgs/px4_msgs/msg/detail/geofence_result__traits.hpp\n'}
[2.718148] (px4_msgs) StdoutLine: {'line': b'-- Up-to-date symlink: /home/maanavjugalshah/SwarmAero/ros2_ws/install/px4_msgs/include/px4_msgs/px4_msgs/msg/detail/geofence_result__type_support.hpp\n'}
[2.718280] (px4_msgs) StdoutLine: {'line': b'-- Up-to-date symlink: /home/maanavjugalshah/SwarmAero/ros2_ws/install/px4_msgs/include/px4_msgs/px4_msgs/msg/detail/geofence_status__builder.hpp\n'}
[2.718326] (px4_msgs) StdoutLine: {'line': b'-- Up-to-date symlink: /home/maanavjugalshah/SwarmAero/ros2_ws/install/px4_msgs/include/px4_msgs/px4_msgs/msg/detail/geofence_status__struct.hpp\n'}
[2.718426] (px4_msgs) StdoutLine: {'line': b'-- Up-to-date symlink: /home/maanavjugalshah/SwarmAero/ros2_ws/install/px4_msgs/include/px4_msgs/px4_msgs/msg/detail/geofence_status__traits.hpp\n'}
[2.718527] (px4_msgs) StdoutLine: {'line': b'-- Up-to-date symlink: /home/maanavjugalshah/SwarmAero/ros2_ws/install/px4_msgs/include/px4_msgs/px4_msgs/msg/detail/geofence_status__type_support.hpp\n'}
[2.718724] (px4_msgs) StdoutLine: {'line': b'-- Up-to-date symlink: /home/maanavjugalshah/SwarmAero/ros2_ws/install/px4_msgs/include/px4_msgs/px4_msgs/msg/detail/gimbal_controls__builder.hpp\n'}
[2.718861] (px4_msgs) StdoutLine: {'line': b'-- Up-to-date symlink: /home/maanavjugalshah/SwarmAero/ros2_ws/install/px4_msgs/include/px4_msgs/px4_msgs/msg/detail/gimbal_controls__struct.hpp\n'}
[2.719026] (px4_msgs) StdoutLine: {'line': b'-- Up-to-date symlink: /home/maanavjugalshah/SwarmAero/ros2_ws/install/px4_msgs/include/px4_msgs/px4_msgs/msg/detail/gimbal_controls__traits.hpp\n'}
[2.719276] (px4_msgs) StdoutLine: {'line': b'-- Up-to-date symlink: /home/maanavjugalshah/SwarmAero/ros2_ws/install/px4_msgs/include/px4_msgs/px4_msgs/msg/detail/gimbal_controls__type_support.hpp\n'}
[2.719340] (px4_msgs) StdoutLine: {'line': b'-- Up-to-date symlink: /home/maanavjugalshah/SwarmAero/ros2_ws/install/px4_msgs/include/px4_msgs/px4_msgs/msg/detail/gimbal_device_attitude_status__builder.hpp\n'}
[2.719439] (px4_msgs) StdoutLine: {'line': b'-- Up-to-date symlink: /home/maanavjugalshah/SwarmAero/ros2_ws/install/px4_msgs/include/px4_msgs/px4_msgs/msg/detail/gimbal_device_attitude_status__struct.hpp\n'}
[2.719649] (px4_msgs) StdoutLine: {'line': b'-- Up-to-date symlink: /home/maanavjugalshah/SwarmAero/ros2_ws/install/px4_msgs/include/px4_msgs/px4_msgs/msg/detail/gimbal_device_attitude_status__traits.hpp\n'}
[2.719825] (px4_msgs) StdoutLine: {'line': b'-- Up-to-date symlink: /home/maanavjugalshah/SwarmAero/ros2_ws/install/px4_msgs/include/px4_msgs/px4_msgs/msg/detail/gimbal_device_attitude_status__type_support.hpp\n'}
[2.720134] (px4_msgs) StdoutLine: {'line': b'-- Up-to-date symlink: /home/maanavjugalshah/SwarmAero/ros2_ws/install/px4_msgs/include/px4_msgs/px4_msgs/msg/detail/gimbal_device_information__builder.hpp\n'}
[2.720302] (px4_msgs) StdoutLine: {'line': b'-- Up-to-date symlink: /home/maanavjugalshah/SwarmAero/ros2_ws/install/px4_msgs/include/px4_msgs/px4_msgs/msg/detail/gimbal_device_information__struct.hpp\n'}
[2.720490] (px4_msgs) StdoutLine: {'line': b'-- Up-to-date symlink: /home/maanavjugalshah/SwarmAero/ros2_ws/install/px4_msgs/include/px4_msgs/px4_msgs/msg/detail/gimbal_device_information__traits.hpp\n'}
[2.720627] (px4_msgs) StdoutLine: {'line': b'-- Up-to-date symlink: /home/maanavjugalshah/SwarmAero/ros2_ws/install/px4_msgs/include/px4_msgs/px4_msgs/msg/detail/gimbal_device_information__type_support.hpp\n'}
[2.720831] (px4_msgs) StdoutLine: {'line': b'-- Up-to-date symlink: /home/maanavjugalshah/SwarmAero/ros2_ws/install/px4_msgs/include/px4_msgs/px4_msgs/msg/detail/gimbal_device_set_attitude__builder.hpp\n'}
[2.720892] (px4_msgs) StdoutLine: {'line': b'-- Up-to-date symlink: /home/maanavjugalshah/SwarmAero/ros2_ws/install/px4_msgs/include/px4_msgs/px4_msgs/msg/detail/gimbal_device_set_attitude__struct.hpp\n'}
[2.720931] (px4_msgs) StdoutLine: {'line': b'-- Up-to-date symlink: /home/maanavjugalshah/SwarmAero/ros2_ws/install/px4_msgs/include/px4_msgs/px4_msgs/msg/detail/gimbal_device_set_attitude__traits.hpp\n'}
[2.721104] (px4_msgs) StdoutLine: {'line': b'-- Up-to-date symlink: /home/maanavjugalshah/SwarmAero/ros2_ws/install/px4_msgs/include/px4_msgs/px4_msgs/msg/detail/gimbal_device_set_attitude__type_support.hpp\n'}
[2.721342] (px4_msgs) StdoutLine: {'line': b'-- Up-to-date symlink: /home/maanavjugalshah/SwarmAero/ros2_ws/install/px4_msgs/include/px4_msgs/px4_msgs/msg/detail/gimbal_manager_information__builder.hpp\n'}
[2.721579] (px4_msgs) StdoutLine: {'line': b'-- Up-to-date symlink: /home/maanavjugalshah/SwarmAero/ros2_ws/install/px4_msgs/include/px4_msgs/px4_msgs/msg/detail/gimbal_manager_information__struct.hpp\n'}
[2.721699] (px4_msgs) StdoutLine: {'line': b'-- Up-to-date symlink: /home/maanavjugalshah/SwarmAero/ros2_ws/install/px4_msgs/include/px4_msgs/px4_msgs/msg/detail/gimbal_manager_information__traits.hpp\n'}
[2.721813] (px4_msgs) StdoutLine: {'line': b'-- Up-to-date symlink: /home/maanavjugalshah/SwarmAero/ros2_ws/install/px4_msgs/include/px4_msgs/px4_msgs/msg/detail/gimbal_manager_information__type_support.hpp\n'}
[2.721931] (px4_msgs) StdoutLine: {'line': b'-- Up-to-date symlink: /home/maanavjugalshah/SwarmAero/ros2_ws/install/px4_msgs/include/px4_msgs/px4_msgs/msg/detail/gimbal_manager_set_attitude__builder.hpp\n'}
[2.722297] (px4_msgs) StdoutLine: {'line': b'-- Up-to-date symlink: /home/maanavjugalshah/SwarmAero/ros2_ws/install/px4_msgs/include/px4_msgs/px4_msgs/msg/detail/gimbal_manager_set_attitude__struct.hpp\n'}
[2.722479] (px4_msgs) StdoutLine: {'line': b'-- Up-to-date symlink: /home/maanavjugalshah/SwarmAero/ros2_ws/install/px4_msgs/include/px4_msgs/px4_msgs/msg/detail/gimbal_manager_set_attitude__traits.hpp\n'}
[2.722632] (px4_msgs) StdoutLine: {'line': b'-- Up-to-date symlink: /home/maanavjugalshah/SwarmAero/ros2_ws/install/px4_msgs/include/px4_msgs/px4_msgs/msg/detail/gimbal_manager_set_attitude__type_support.hpp\n'}
[2.722786] (px4_msgs) StdoutLine: {'line': b'-- Up-to-date symlink: /home/maanavjugalshah/SwarmAero/ros2_ws/install/px4_msgs/include/px4_msgs/px4_msgs/msg/detail/gimbal_manager_set_manual_control__builder.hpp\n'}
[2.722890] (px4_msgs) StdoutLine: {'line': b'-- Up-to-date symlink: /home/maanavjugalshah/SwarmAero/ros2_ws/install/px4_msgs/include/px4_msgs/px4_msgs/msg/detail/gimbal_manager_set_manual_control__struct.hpp\n'}
[2.722990] (px4_msgs) StdoutLine: {'line': b'-- Up-to-date symlink: /home/maanavjugalshah/SwarmAero/ros2_ws/install/px4_msgs/include/px4_msgs/px4_msgs/msg/detail/gimbal_manager_set_manual_control__traits.hpp\n'}
[2.723191] (px4_msgs) StdoutLine: {'line': b'-- Up-to-date symlink: /home/maanavjugalshah/SwarmAero/ros2_ws/install/px4_msgs/include/px4_msgs/px4_msgs/msg/detail/gimbal_manager_set_manual_control__type_support.hpp\n'}
[2.723319] (px4_msgs) StdoutLine: {'line': b'-- Up-to-date symlink: /home/maanavjugalshah/SwarmAero/ros2_ws/install/px4_msgs/include/px4_msgs/px4_msgs/msg/detail/gimbal_manager_status__builder.hpp\n'}
[2.723434] (px4_msgs) StdoutLine: {'line': b'-- Up-to-date symlink: /home/maanavjugalshah/SwarmAero/ros2_ws/install/px4_msgs/include/px4_msgs/px4_msgs/msg/detail/gimbal_manager_status__struct.hpp\n'}
[2.723571] (px4_msgs) StdoutLine: {'line': b'-- Up-to-date symlink: /home/maanavjugalshah/SwarmAero/ros2_ws/install/px4_msgs/include/px4_msgs/px4_msgs/msg/detail/gimbal_manager_status__traits.hpp\n'}
[2.723658] (px4_msgs) StdoutLine: {'line': b'-- Up-to-date symlink: /home/maanavjugalshah/SwarmAero/ros2_ws/install/px4_msgs/include/px4_msgs/px4_msgs/msg/detail/gimbal_manager_status__type_support.hpp\n'}
[2.723773] (px4_msgs) StdoutLine: {'line': b'-- Up-to-date symlink: /home/maanavjugalshah/SwarmAero/ros2_ws/install/px4_msgs/include/px4_msgs/px4_msgs/msg/detail/goto_setpoint__builder.hpp\n'}
[2.723943] (px4_msgs) StdoutLine: {'line': b'-- Up-to-date symlink: /home/maanavjugalshah/SwarmAero/ros2_ws/install/px4_msgs/include/px4_msgs/px4_msgs/msg/detail/goto_setpoint__struct.hpp\n'}
[2.724033] (px4_msgs) StdoutLine: {'line': b'-- Up-to-date symlink: /home/maanavjugalshah/SwarmAero/ros2_ws/install/px4_msgs/include/px4_msgs/px4_msgs/msg/detail/goto_setpoint__traits.hpp\n'}
[2.724245] (px4_msgs) StdoutLine: {'line': b'-- Up-to-date symlink: /home/maanavjugalshah/SwarmAero/ros2_ws/install/px4_msgs/include/px4_msgs/px4_msgs/msg/detail/goto_setpoint__type_support.hpp\n'}
[2.724315] (px4_msgs) StdoutLine: {'line': b'-- Up-to-date symlink: /home/maanavjugalshah/SwarmAero/ros2_ws/install/px4_msgs/include/px4_msgs/px4_msgs/msg/detail/gpio_config__builder.hpp\n'}
[2.724867] (px4_msgs) StdoutLine: {'line': b'-- Up-to-date symlink: /home/maanavjugalshah/SwarmAero/ros2_ws/install/px4_msgs/include/px4_msgs/px4_msgs/msg/detail/gpio_config__struct.hpp\n'}
[2.725497] (px4_msgs) StdoutLine: {'line': b'-- Up-to-date symlink: /home/maanavjugalshah/SwarmAero/ros2_ws/install/px4_msgs/include/px4_msgs/px4_msgs/msg/detail/gpio_config__traits.hpp\n'}
[2.725786] (px4_msgs) StdoutLine: {'line': b'-- Up-to-date symlink: /home/maanavjugalshah/SwarmAero/ros2_ws/install/px4_msgs/include/px4_msgs/px4_msgs/msg/detail/gpio_config__type_support.hpp\n'}
[2.725898] (px4_msgs) StdoutLine: {'line': b'-- Up-to-date symlink: /home/maanavjugalshah/SwarmAero/ros2_ws/install/px4_msgs/include/px4_msgs/px4_msgs/msg/detail/gpio_in__builder.hpp\n'}
[2.726107] (px4_msgs) StdoutLine: {'line': b'-- Up-to-date symlink: /home/maanavjugalshah/SwarmAero/ros2_ws/install/px4_msgs/include/px4_msgs/px4_msgs/msg/detail/gpio_in__struct.hpp\n'}
[2.726199] (px4_msgs) StdoutLine: {'line': b'-- Up-to-date symlink: /home/maanavjugalshah/SwarmAero/ros2_ws/install/px4_msgs/include/px4_msgs/px4_msgs/msg/detail/gpio_in__traits.hpp\n'}
[2.726433] (px4_msgs) StdoutLine: {'line': b'-- Up-to-date symlink: /home/maanavjugalshah/SwarmAero/ros2_ws/install/px4_msgs/include/px4_msgs/px4_msgs/msg/detail/gpio_in__type_support.hpp\n'}
[2.726503] (px4_msgs) StdoutLine: {'line': b'-- Up-to-date symlink: /home/maanavjugalshah/SwarmAero/ros2_ws/install/px4_msgs/include/px4_msgs/px4_msgs/msg/detail/gpio_out__builder.hpp\n'}
[2.726543] (px4_msgs) StdoutLine: {'line': b'-- Up-to-date symlink: /home/maanavjugalshah/SwarmAero/ros2_ws/install/px4_msgs/include/px4_msgs/px4_msgs/msg/detail/gpio_out__struct.hpp\n'}
[2.726625] (px4_msgs) StdoutLine: {'line': b'-- Up-to-date symlink: /home/maanavjugalshah/SwarmAero/ros2_ws/install/px4_msgs/include/px4_msgs/px4_msgs/msg/detail/gpio_out__traits.hpp\n'}
[2.726746] (px4_msgs) StdoutLine: {'line': b'-- Up-to-date symlink: /home/maanavjugalshah/SwarmAero/ros2_ws/install/px4_msgs/include/px4_msgs/px4_msgs/msg/detail/gpio_out__type_support.hpp\n'}
[2.726818] (px4_msgs) StdoutLine: {'line': b'-- Up-to-date symlink: /home/maanavjugalshah/SwarmAero/ros2_ws/install/px4_msgs/include/px4_msgs/px4_msgs/msg/detail/gpio_request__builder.hpp\n'}
[2.727075] (px4_msgs) StdoutLine: {'line': b'-- Up-to-date symlink: /home/maanavjugalshah/SwarmAero/ros2_ws/install/px4_msgs/include/px4_msgs/px4_msgs/msg/detail/gpio_request__struct.hpp\n'}
[2.727194] (px4_msgs) StdoutLine: {'line': b'-- Up-to-date symlink: /home/maanavjugalshah/SwarmAero/ros2_ws/install/px4_msgs/include/px4_msgs/px4_msgs/msg/detail/gpio_request__traits.hpp\n'}
[2.727442] (px4_msgs) StdoutLine: {'line': b'-- Up-to-date symlink: /home/maanavjugalshah/SwarmAero/ros2_ws/install/px4_msgs/include/px4_msgs/px4_msgs/msg/detail/gpio_request__type_support.hpp\n'}
[2.727607] (px4_msgs) StdoutLine: {'line': b'-- Up-to-date symlink: /home/maanavjugalshah/SwarmAero/ros2_ws/install/px4_msgs/include/px4_msgs/px4_msgs/msg/detail/gps_dump__builder.hpp\n'}
[2.727840] (px4_msgs) StdoutLine: {'line': b'-- Up-to-date symlink: /home/maanavjugalshah/SwarmAero/ros2_ws/install/px4_msgs/include/px4_msgs/px4_msgs/msg/detail/gps_dump__struct.hpp\n'}
[2.727980] (px4_msgs) StdoutLine: {'line': b'-- Up-to-date symlink: /home/maanavjugalshah/SwarmAero/ros2_ws/install/px4_msgs/include/px4_msgs/px4_msgs/msg/detail/gps_dump__traits.hpp\n'}
[2.728030] (px4_msgs) StdoutLine: {'line': b'-- Up-to-date symlink: /home/maanavjugalshah/SwarmAero/ros2_ws/install/px4_msgs/include/px4_msgs/px4_msgs/msg/detail/gps_dump__type_support.hpp\n'}
[2.728099] (px4_msgs) StdoutLine: {'line': b'-- Up-to-date symlink: /home/maanavjugalshah/SwarmAero/ros2_ws/install/px4_msgs/include/px4_msgs/px4_msgs/msg/detail/gps_inject_data__builder.hpp\n'}
[2.728168] (px4_msgs) StdoutLine: {'line': b'-- Up-to-date symlink: /home/maanavjugalshah/SwarmAero/ros2_ws/install/px4_msgs/include/px4_msgs/px4_msgs/msg/detail/gps_inject_data__struct.hpp\n'}
[2.728267] (px4_msgs) StdoutLine: {'line': b'-- Up-to-date symlink: /home/maanavjugalshah/SwarmAero/ros2_ws/install/px4_msgs/include/px4_msgs/px4_msgs/msg/detail/gps_inject_data__traits.hpp\n'}
[2.728374] (px4_msgs) StdoutLine: {'line': b'-- Up-to-date symlink: /home/maanavjugalshah/SwarmAero/ros2_ws/install/px4_msgs/include/px4_msgs/px4_msgs/msg/detail/gps_inject_data__type_support.hpp\n'}
[2.728464] (px4_msgs) StdoutLine: {'line': b'-- Up-to-date symlink: /home/maanavjugalshah/SwarmAero/ros2_ws/install/px4_msgs/include/px4_msgs/px4_msgs/msg/detail/gripper__builder.hpp\n'}
[2.728869] (px4_msgs) StdoutLine: {'line': b'-- Up-to-date symlink: /home/maanavjugalshah/SwarmAero/ros2_ws/install/px4_msgs/include/px4_msgs/px4_msgs/msg/detail/gripper__struct.hpp\n'}
[2.729277] (px4_msgs) StdoutLine: {'line': b'-- Up-to-date symlink: /home/maanavjugalshah/SwarmAero/ros2_ws/install/px4_msgs/include/px4_msgs/px4_msgs/msg/detail/gripper__traits.hpp\n'}
[2.729611] (px4_msgs) StdoutLine: {'line': b'-- Up-to-date symlink: /home/maanavjugalshah/SwarmAero/ros2_ws/install/px4_msgs/include/px4_msgs/px4_msgs/msg/detail/gripper__type_support.hpp\n'}
[2.729684] (px4_msgs) StdoutLine: {'line': b'-- Up-to-date symlink: /home/maanavjugalshah/SwarmAero/ros2_ws/install/px4_msgs/include/px4_msgs/px4_msgs/msg/detail/health_report__builder.hpp\n'}
[2.729732] (px4_msgs) StdoutLine: {'line': b'-- Up-to-date symlink: /home/maanavjugalshah/SwarmAero/ros2_ws/install/px4_msgs/include/px4_msgs/px4_msgs/msg/detail/health_report__struct.hpp\n'}
[2.729771] (px4_msgs) StdoutLine: {'line': b'-- Up-to-date symlink: /home/maanavjugalshah/SwarmAero/ros2_ws/install/px4_msgs/include/px4_msgs/px4_msgs/msg/detail/health_report__traits.hpp\n'}
[2.730164] (px4_msgs) StdoutLine: {'line': b'-- Up-to-date symlink: /home/maanavjugalshah/SwarmAero/ros2_ws/install/px4_msgs/include/px4_msgs/px4_msgs/msg/detail/health_report__type_support.hpp\n'}
[2.730421] (px4_msgs) StdoutLine: {'line': b'-- Up-to-date symlink: /home/maanavjugalshah/SwarmAero/ros2_ws/install/px4_msgs/include/px4_msgs/px4_msgs/msg/detail/heater_status__builder.hpp\n'}
[2.730765] (px4_msgs) StdoutLine: {'line': b'-- Up-to-date symlink: /home/maanavjugalshah/SwarmAero/ros2_ws/install/px4_msgs/include/px4_msgs/px4_msgs/msg/detail/heater_status__struct.hpp\n'}
[2.730861] (px4_msgs) StdoutLine: {'line': b'-- Up-to-date symlink: /home/maanavjugalshah/SwarmAero/ros2_ws/install/px4_msgs/include/px4_msgs/px4_msgs/msg/detail/heater_status__traits.hpp\n'}
[2.731228] (px4_msgs) StdoutLine: {'line': b'-- Up-to-date symlink: /home/maanavjugalshah/SwarmAero/ros2_ws/install/px4_msgs/include/px4_msgs/px4_msgs/msg/detail/heater_status__type_support.hpp\n'}
[2.731335] (px4_msgs) StdoutLine: {'line': b'-- Up-to-date symlink: /home/maanavjugalshah/SwarmAero/ros2_ws/install/px4_msgs/include/px4_msgs/px4_msgs/msg/detail/home_position__builder.hpp\n'}
[2.731442] (px4_msgs) StdoutLine: {'line': b'-- Up-to-date symlink: /home/maanavjugalshah/SwarmAero/ros2_ws/install/px4_msgs/include/px4_msgs/px4_msgs/msg/detail/home_position__struct.hpp\n'}
[2.731647] (px4_msgs) StdoutLine: {'line': b'-- Up-to-date symlink: /home/maanavjugalshah/SwarmAero/ros2_ws/install/px4_msgs/include/px4_msgs/px4_msgs/msg/detail/home_position__traits.hpp\n'}
[2.731783] (px4_msgs) StdoutLine: {'line': b'-- Up-to-date symlink: /home/maanavjugalshah/SwarmAero/ros2_ws/install/px4_msgs/include/px4_msgs/px4_msgs/msg/detail/home_position__type_support.hpp\n'}
[2.731831] (px4_msgs) StdoutLine: {'line': b'-- Up-to-date symlink: /home/maanavjugalshah/SwarmAero/ros2_ws/install/px4_msgs/include/px4_msgs/px4_msgs/msg/detail/hover_thrust_estimate__builder.hpp\n'}
[2.731870] (px4_msgs) StdoutLine: {'line': b'-- Up-to-date symlink: /home/maanavjugalshah/SwarmAero/ros2_ws/install/px4_msgs/include/px4_msgs/px4_msgs/msg/detail/hover_thrust_estimate__struct.hpp\n'}
[2.731907] (px4_msgs) StdoutLine: {'line': b'-- Up-to-date symlink: /home/maanavjugalshah/SwarmAero/ros2_ws/install/px4_msgs/include/px4_msgs/px4_msgs/msg/detail/hover_thrust_estimate__traits.hpp\n'}
[2.732077] (px4_msgs) StdoutLine: {'line': b'-- Up-to-date symlink: /home/maanavjugalshah/SwarmAero/ros2_ws/install/px4_msgs/include/px4_msgs/px4_msgs/msg/detail/hover_thrust_estimate__type_support.hpp\n'}
[2.732181] (px4_msgs) StdoutLine: {'line': b'-- Up-to-date symlink: /home/maanavjugalshah/SwarmAero/ros2_ws/install/px4_msgs/include/px4_msgs/px4_msgs/msg/detail/input_rc__builder.hpp\n'}
[2.732281] (px4_msgs) StdoutLine: {'line': b'-- Up-to-date symlink: /home/maanavjugalshah/SwarmAero/ros2_ws/install/px4_msgs/include/px4_msgs/px4_msgs/msg/detail/input_rc__struct.hpp\n'}
[2.732351] (px4_msgs) StdoutLine: {'line': b'-- Up-to-date symlink: /home/maanavjugalshah/SwarmAero/ros2_ws/install/px4_msgs/include/px4_msgs/px4_msgs/msg/detail/input_rc__traits.hpp\n'}
[2.732441] (px4_msgs) StdoutLine: {'line': b'-- Up-to-date symlink: /home/maanavjugalshah/SwarmAero/ros2_ws/install/px4_msgs/include/px4_msgs/px4_msgs/msg/detail/input_rc__type_support.hpp\n'}
[2.732739] (px4_msgs) StdoutLine: {'line': b'-- Up-to-date symlink: /home/maanavjugalshah/SwarmAero/ros2_ws/install/px4_msgs/include/px4_msgs/px4_msgs/msg/detail/internal_combustion_engine_control__builder.hpp\n'}
[2.732848] (px4_msgs) StdoutLine: {'line': b'-- Up-to-date symlink: /home/maanavjugalshah/SwarmAero/ros2_ws/install/px4_msgs/include/px4_msgs/px4_msgs/msg/detail/internal_combustion_engine_control__struct.hpp\n'}
[2.733407] (px4_msgs) StdoutLine: {'line': b'-- Up-to-date symlink: /home/maanavjugalshah/SwarmAero/ros2_ws/install/px4_msgs/include/px4_msgs/px4_msgs/msg/detail/internal_combustion_engine_control__traits.hpp\n'}
[2.733589] (px4_msgs) StdoutLine: {'line': b'-- Up-to-date symlink: /home/maanavjugalshah/SwarmAero/ros2_ws/install/px4_msgs/include/px4_msgs/px4_msgs/msg/detail/internal_combustion_engine_control__type_support.hpp\n'}
[2.733640] (px4_msgs) StdoutLine: {'line': b'-- Up-to-date symlink: /home/maanavjugalshah/SwarmAero/ros2_ws/install/px4_msgs/include/px4_msgs/px4_msgs/msg/detail/internal_combustion_engine_status__builder.hpp\n'}
[2.733695] (px4_msgs) StdoutLine: {'line': b'-- Up-to-date symlink: /home/maanavjugalshah/SwarmAero/ros2_ws/install/px4_msgs/include/px4_msgs/px4_msgs/msg/detail/internal_combustion_engine_status__struct.hpp\n'}
[2.733743] (px4_msgs) StdoutLine: {'line': b'-- Up-to-date symlink: /home/maanavjugalshah/SwarmAero/ros2_ws/install/px4_msgs/include/px4_msgs/px4_msgs/msg/detail/internal_combustion_engine_status__traits.hpp\n'}
[2.733811] (px4_msgs) StdoutLine: {'line': b'-- Up-to-date symlink: /home/maanavjugalshah/SwarmAero/ros2_ws/install/px4_msgs/include/px4_msgs/px4_msgs/msg/detail/internal_combustion_engine_status__type_support.hpp\n'}
[2.734157] (px4_msgs) StdoutLine: {'line': b'-- Up-to-date symlink: /home/maanavjugalshah/SwarmAero/ros2_ws/install/px4_msgs/include/px4_msgs/px4_msgs/msg/detail/iridiumsbd_status__builder.hpp\n'}
[2.734404] (px4_msgs) StdoutLine: {'line': b'-- Up-to-date symlink: /home/maanavjugalshah/SwarmAero/ros2_ws/install/px4_msgs/include/px4_msgs/px4_msgs/msg/detail/iridiumsbd_status__struct.hpp\n'}
[2.734515] (px4_msgs) StdoutLine: {'line': b'-- Up-to-date symlink: /home/maanavjugalshah/SwarmAero/ros2_ws/install/px4_msgs/include/px4_msgs/px4_msgs/msg/detail/iridiumsbd_status__traits.hpp\n'}
[2.734642] (px4_msgs) StdoutLine: {'line': b'-- Up-to-date symlink: /home/maanavjugalshah/SwarmAero/ros2_ws/install/px4_msgs/include/px4_msgs/px4_msgs/msg/detail/iridiumsbd_status__type_support.hpp\n'}
[2.734695] (px4_msgs) StdoutLine: {'line': b'-- Up-to-date symlink: /home/maanavjugalshah/SwarmAero/ros2_ws/install/px4_msgs/include/px4_msgs/px4_msgs/msg/detail/irlock_report__builder.hpp\n'}
[2.734784] (px4_msgs) StdoutLine: {'line': b'-- Up-to-date symlink: /home/maanavjugalshah/SwarmAero/ros2_ws/install/px4_msgs/include/px4_msgs/px4_msgs/msg/detail/irlock_report__struct.hpp\n'}
[2.734985] (px4_msgs) StdoutLine: {'line': b'-- Up-to-date symlink: /home/maanavjugalshah/SwarmAero/ros2_ws/install/px4_msgs/include/px4_msgs/px4_msgs/msg/detail/irlock_report__traits.hpp\n'}
[2.735038] (px4_msgs) StdoutLine: {'line': b'-- Up-to-date symlink: /home/maanavjugalshah/SwarmAero/ros2_ws/install/px4_msgs/include/px4_msgs/px4_msgs/msg/detail/irlock_report__type_support.hpp\n'}
[2.735330] (px4_msgs) StdoutLine: {'line': b'-- Up-to-date symlink: /home/maanavjugalshah/SwarmAero/ros2_ws/install/px4_msgs/include/px4_msgs/px4_msgs/msg/detail/landing_gear__builder.hpp\n'}
[2.735411] (px4_msgs) StdoutLine: {'line': b'-- Up-to-date symlink: /home/maanavjugalshah/SwarmAero/ros2_ws/install/px4_msgs/include/px4_msgs/px4_msgs/msg/detail/landing_gear__struct.hpp\n'}
[2.735583] (px4_msgs) StdoutLine: {'line': b'-- Up-to-date symlink: /home/maanavjugalshah/SwarmAero/ros2_ws/install/px4_msgs/include/px4_msgs/px4_msgs/msg/detail/landing_gear__traits.hpp\n'}
[2.735628] (px4_msgs) StdoutLine: {'line': b'-- Up-to-date symlink: /home/maanavjugalshah/SwarmAero/ros2_ws/install/px4_msgs/include/px4_msgs/px4_msgs/msg/detail/landing_gear__type_support.hpp\n'}
[2.735666] (px4_msgs) StdoutLine: {'line': b'-- Up-to-date symlink: /home/maanavjugalshah/SwarmAero/ros2_ws/install/px4_msgs/include/px4_msgs/px4_msgs/msg/detail/landing_gear_wheel__builder.hpp\n'}
[2.735734] (px4_msgs) StdoutLine: {'line': b'-- Up-to-date symlink: /home/maanavjugalshah/SwarmAero/ros2_ws/install/px4_msgs/include/px4_msgs/px4_msgs/msg/detail/landing_gear_wheel__struct.hpp\n'}
[2.735991] (px4_msgs) StdoutLine: {'line': b'-- Up-to-date symlink: /home/maanavjugalshah/SwarmAero/ros2_ws/install/px4_msgs/include/px4_msgs/px4_msgs/msg/detail/landing_gear_wheel__traits.hpp\n'}
[2.736139] (px4_msgs) StdoutLine: {'line': b'-- Up-to-date symlink: /home/maanavjugalshah/SwarmAero/ros2_ws/install/px4_msgs/include/px4_msgs/px4_msgs/msg/detail/landing_gear_wheel__type_support.hpp\n'}
[2.736265] (px4_msgs) StdoutLine: {'line': b'-- Up-to-date symlink: /home/maanavjugalshah/SwarmAero/ros2_ws/install/px4_msgs/include/px4_msgs/px4_msgs/msg/detail/landing_target_innovations__builder.hpp\n'}
[2.736339] (px4_msgs) StdoutLine: {'line': b'-- Up-to-date symlink: /home/maanavjugalshah/SwarmAero/ros2_ws/install/px4_msgs/include/px4_msgs/px4_msgs/msg/detail/landing_target_innovations__struct.hpp\n'}
[2.736517] (px4_msgs) StdoutLine: {'line': b'-- Up-to-date symlink: /home/maanavjugalshah/SwarmAero/ros2_ws/install/px4_msgs/include/px4_msgs/px4_msgs/msg/detail/landing_target_innovations__traits.hpp\n'}
[2.736604] (px4_msgs) StdoutLine: {'line': b'-- Up-to-date symlink: /home/maanavjugalshah/SwarmAero/ros2_ws/install/px4_msgs/include/px4_msgs/px4_msgs/msg/detail/landing_target_innovations__type_support.hpp\n'}
[2.736663] (px4_msgs) StdoutLine: {'line': b'-- Up-to-date symlink: /home/maanavjugalshah/SwarmAero/ros2_ws/install/px4_msgs/include/px4_msgs/px4_msgs/msg/detail/landing_target_pose__builder.hpp\n'}
[2.736861] (px4_msgs) StdoutLine: {'line': b'-- Up-to-date symlink: /home/maanavjugalshah/SwarmAero/ros2_ws/install/px4_msgs/include/px4_msgs/px4_msgs/msg/detail/landing_target_pose__struct.hpp\n'}
[2.737298] (px4_msgs) StdoutLine: {'line': b'-- Up-to-date symlink: /home/maanavjugalshah/SwarmAero/ros2_ws/install/px4_msgs/include/px4_msgs/px4_msgs/msg/detail/landing_target_pose__traits.hpp\n'}
[2.737383] (px4_msgs) StdoutLine: {'line': b'-- Up-to-date symlink: /home/maanavjugalshah/SwarmAero/ros2_ws/install/px4_msgs/include/px4_msgs/px4_msgs/msg/detail/landing_target_pose__type_support.hpp\n'}
[2.737477] (px4_msgs) StdoutLine: {'line': b'-- Up-to-date symlink: /home/maanavjugalshah/SwarmAero/ros2_ws/install/px4_msgs/include/px4_msgs/px4_msgs/msg/detail/lateral_control_configuration__builder.hpp\n'}
[2.737637] (px4_msgs) StdoutLine: {'line': b'-- Up-to-date symlink: /home/maanavjugalshah/SwarmAero/ros2_ws/install/px4_msgs/include/px4_msgs/px4_msgs/msg/detail/lateral_control_configuration__struct.hpp\n'}
[2.737687] (px4_msgs) StdoutLine: {'line': b'-- Up-to-date symlink: /home/maanavjugalshah/SwarmAero/ros2_ws/install/px4_msgs/include/px4_msgs/px4_msgs/msg/detail/lateral_control_configuration__traits.hpp\n'}
[2.737733] (px4_msgs) StdoutLine: {'line': b'-- Up-to-date symlink: /home/maanavjugalshah/SwarmAero/ros2_ws/install/px4_msgs/include/px4_msgs/px4_msgs/msg/detail/lateral_control_configuration__type_support.hpp\n'}
[2.737771] (px4_msgs) StdoutLine: {'line': b'-- Up-to-date symlink: /home/maanavjugalshah/SwarmAero/ros2_ws/install/px4_msgs/include/px4_msgs/px4_msgs/msg/detail/launch_detection_status__builder.hpp\n'}
[2.737806] (px4_msgs) StdoutLine: {'line': b'-- Up-to-date symlink: /home/maanavjugalshah/SwarmAero/ros2_ws/install/px4_msgs/include/px4_msgs/px4_msgs/msg/detail/launch_detection_status__struct.hpp\n'}
[2.737843] (px4_msgs) StdoutLine: {'line': b'-- Up-to-date symlink: /home/maanavjugalshah/SwarmAero/ros2_ws/install/px4_msgs/include/px4_msgs/px4_msgs/msg/detail/launch_detection_status__traits.hpp\n'}
[2.737889] (px4_msgs) StdoutLine: {'line': b'-- Up-to-date symlink: /home/maanavjugalshah/SwarmAero/ros2_ws/install/px4_msgs/include/px4_msgs/px4_msgs/msg/detail/launch_detection_status__type_support.hpp\n'}
[2.738063] (px4_msgs) StdoutLine: {'line': b'-- Up-to-date symlink: /home/maanavjugalshah/SwarmAero/ros2_ws/install/px4_msgs/include/px4_msgs/px4_msgs/msg/detail/led_control__builder.hpp\n'}
[2.738153] (px4_msgs) StdoutLine: {'line': b'-- Up-to-date symlink: /home/maanavjugalshah/SwarmAero/ros2_ws/install/px4_msgs/include/px4_msgs/px4_msgs/msg/detail/led_control__struct.hpp\n'}
[2.738276] (px4_msgs) StdoutLine: {'line': b'-- Up-to-date symlink: /home/maanavjugalshah/SwarmAero/ros2_ws/install/px4_msgs/include/px4_msgs/px4_msgs/msg/detail/led_control__traits.hpp\n'}
[2.738365] (px4_msgs) StdoutLine: {'line': b'-- Up-to-date symlink: /home/maanavjugalshah/SwarmAero/ros2_ws/install/px4_msgs/include/px4_msgs/px4_msgs/msg/detail/led_control__type_support.hpp\n'}
[2.738528] (px4_msgs) StdoutLine: {'line': b'-- Up-to-date symlink: /home/maanavjugalshah/SwarmAero/ros2_ws/install/px4_msgs/include/px4_msgs/px4_msgs/msg/detail/log_message__builder.hpp\n'}
[2.738604] (px4_msgs) StdoutLine: {'line': b'-- Up-to-date symlink: /home/maanavjugalshah/SwarmAero/ros2_ws/install/px4_msgs/include/px4_msgs/px4_msgs/msg/detail/log_message__struct.hpp\n'}
[2.738726] (px4_msgs) StdoutLine: {'line': b'-- Up-to-date symlink: /home/maanavjugalshah/SwarmAero/ros2_ws/install/px4_msgs/include/px4_msgs/px4_msgs/msg/detail/log_message__traits.hpp\n'}
[2.738766] (px4_msgs) StdoutLine: {'line': b'-- Up-to-date symlink: /home/maanavjugalshah/SwarmAero/ros2_ws/install/px4_msgs/include/px4_msgs/px4_msgs/msg/detail/log_message__type_support.hpp\n'}
[2.738863] (px4_msgs) StdoutLine: {'line': b'-- Up-to-date symlink: /home/maanavjugalshah/SwarmAero/ros2_ws/install/px4_msgs/include/px4_msgs/px4_msgs/msg/detail/logger_status__builder.hpp\n'}
[2.738978] (px4_msgs) StdoutLine: {'line': b'-- Up-to-date symlink: /home/maanavjugalshah/SwarmAero/ros2_ws/install/px4_msgs/include/px4_msgs/px4_msgs/msg/detail/logger_status__struct.hpp\n'}
[2.739176] (px4_msgs) StdoutLine: {'line': b'-- Up-to-date symlink: /home/maanavjugalshah/SwarmAero/ros2_ws/install/px4_msgs/include/px4_msgs/px4_msgs/msg/detail/logger_status__traits.hpp\n'}
[2.739291] (px4_msgs) StdoutLine: {'line': b'-- Up-to-date symlink: /home/maanavjugalshah/SwarmAero/ros2_ws/install/px4_msgs/include/px4_msgs/px4_msgs/msg/detail/logger_status__type_support.hpp\n'}
[2.739345] (px4_msgs) StdoutLine: {'line': b'-- Up-to-date symlink: /home/maanavjugalshah/SwarmAero/ros2_ws/install/px4_msgs/include/px4_msgs/px4_msgs/msg/detail/longitudinal_control_configuration__builder.hpp\n'}
[2.739530] (px4_msgs) StdoutLine: {'line': b'-- Up-to-date symlink: /home/maanavjugalshah/SwarmAero/ros2_ws/install/px4_msgs/include/px4_msgs/px4_msgs/msg/detail/longitudinal_control_configuration__struct.hpp\n'}
[2.739658] (px4_msgs) StdoutLine: {'line': b'-- Up-to-date symlink: /home/maanavjugalshah/SwarmAero/ros2_ws/install/px4_msgs/include/px4_msgs/px4_msgs/msg/detail/longitudinal_control_configuration__traits.hpp\n'}
[2.739773] (px4_msgs) StdoutLine: {'line': b'-- Up-to-date symlink: /home/maanavjugalshah/SwarmAero/ros2_ws/install/px4_msgs/include/px4_msgs/px4_msgs/msg/detail/longitudinal_control_configuration__type_support.hpp\n'}
[2.739991] (px4_msgs) StdoutLine: {'line': b'-- Up-to-date symlink: /home/maanavjugalshah/SwarmAero/ros2_ws/install/px4_msgs/include/px4_msgs/px4_msgs/msg/detail/mag_worker_data__builder.hpp\n'}
[2.740090] (px4_msgs) StdoutLine: {'line': b'-- Up-to-date symlink: /home/maanavjugalshah/SwarmAero/ros2_ws/install/px4_msgs/include/px4_msgs/px4_msgs/msg/detail/mag_worker_data__struct.hpp\n'}
[2.740131] (px4_msgs) StdoutLine: {'line': b'-- Up-to-date symlink: /home/maanavjugalshah/SwarmAero/ros2_ws/install/px4_msgs/include/px4_msgs/px4_msgs/msg/detail/mag_worker_data__traits.hpp\n'}
[2.740221] (px4_msgs) StdoutLine: {'line': b'-- Up-to-date symlink: /home/maanavjugalshah/SwarmAero/ros2_ws/install/px4_msgs/include/px4_msgs/px4_msgs/msg/detail/mag_worker_data__type_support.hpp\n'}
[2.740372] (px4_msgs) StdoutLine: {'line': b'-- Up-to-date symlink: /home/maanavjugalshah/SwarmAero/ros2_ws/install/px4_msgs/include/px4_msgs/px4_msgs/msg/detail/magnetometer_bias_estimate__builder.hpp\n'}
[2.740537] (px4_msgs) StdoutLine: {'line': b'-- Up-to-date symlink: /home/maanavjugalshah/SwarmAero/ros2_ws/install/px4_msgs/include/px4_msgs/px4_msgs/msg/detail/magnetometer_bias_estimate__struct.hpp\n'}
[2.740586] (px4_msgs) StdoutLine: {'line': b'-- Up-to-date symlink: /home/maanavjugalshah/SwarmAero/ros2_ws/install/px4_msgs/include/px4_msgs/px4_msgs/msg/detail/magnetometer_bias_estimate__traits.hpp\n'}
[2.740629] (px4_msgs) StdoutLine: {'line': b'-- Up-to-date symlink: /home/maanavjugalshah/SwarmAero/ros2_ws/install/px4_msgs/include/px4_msgs/px4_msgs/msg/detail/magnetometer_bias_estimate__type_support.hpp\n'}
[2.740826] (px4_msgs) StdoutLine: {'line': b'-- Up-to-date symlink: /home/maanavjugalshah/SwarmAero/ros2_ws/install/px4_msgs/include/px4_msgs/px4_msgs/msg/detail/manual_control_setpoint__builder.hpp\n'}
[2.740917] (px4_msgs) StdoutLine: {'line': b'-- Up-to-date symlink: /home/maanavjugalshah/SwarmAero/ros2_ws/install/px4_msgs/include/px4_msgs/px4_msgs/msg/detail/manual_control_setpoint__struct.hpp\n'}
[2.741067] (px4_msgs) StdoutLine: {'line': b'-- Up-to-date symlink: /home/maanavjugalshah/SwarmAero/ros2_ws/install/px4_msgs/include/px4_msgs/px4_msgs/msg/detail/manual_control_setpoint__traits.hpp\n'}
[2.741221] (px4_msgs) StdoutLine: {'line': b'-- Up-to-date symlink: /home/maanavjugalshah/SwarmAero/ros2_ws/install/px4_msgs/include/px4_msgs/px4_msgs/msg/detail/manual_control_setpoint__type_support.hpp\n'}
[2.741266] (px4_msgs) StdoutLine: {'line': b'-- Up-to-date symlink: /home/maanavjugalshah/SwarmAero/ros2_ws/install/px4_msgs/include/px4_msgs/px4_msgs/msg/detail/manual_control_switches__builder.hpp\n'}
[2.741304] (px4_msgs) StdoutLine: {'line': b'-- Up-to-date symlink: /home/maanavjugalshah/SwarmAero/ros2_ws/install/px4_msgs/include/px4_msgs/px4_msgs/msg/detail/manual_control_switches__struct.hpp\n'}
[2.741478] (px4_msgs) StdoutLine: {'line': b'-- Up-to-date symlink: /home/maanavjugalshah/SwarmAero/ros2_ws/install/px4_msgs/include/px4_msgs/px4_msgs/msg/detail/manual_control_switches__traits.hpp\n'}
[2.741561] (px4_msgs) StdoutLine: {'line': b'-- Up-to-date symlink: /home/maanavjugalshah/SwarmAero/ros2_ws/install/px4_msgs/include/px4_msgs/px4_msgs/msg/detail/manual_control_switches__type_support.hpp\n'}
[2.741679] (px4_msgs) StdoutLine: {'line': b'-- Up-to-date symlink: /home/maanavjugalshah/SwarmAero/ros2_ws/install/px4_msgs/include/px4_msgs/px4_msgs/msg/detail/mavlink_log__builder.hpp\n'}
[2.741780] (px4_msgs) StdoutLine: {'line': b'-- Up-to-date symlink: /home/maanavjugalshah/SwarmAero/ros2_ws/install/px4_msgs/include/px4_msgs/px4_msgs/msg/detail/mavlink_log__struct.hpp\n'}
[2.742239] (px4_msgs) StdoutLine: {'line': b'-- Up-to-date symlink: /home/maanavjugalshah/SwarmAero/ros2_ws/install/px4_msgs/include/px4_msgs/px4_msgs/msg/detail/mavlink_log__traits.hpp\n'}
[2.742398] (px4_msgs) StdoutLine: {'line': b'-- Up-to-date symlink: /home/maanavjugalshah/SwarmAero/ros2_ws/install/px4_msgs/include/px4_msgs/px4_msgs/msg/detail/mavlink_log__type_support.hpp\n'}
[2.742542] (px4_msgs) StdoutLine: {'line': b'-- Up-to-date symlink: /home/maanavjugalshah/SwarmAero/ros2_ws/install/px4_msgs/include/px4_msgs/px4_msgs/msg/detail/mavlink_tunnel__builder.hpp\n'}
[2.742587] (px4_msgs) StdoutLine: {'line': b'-- Up-to-date symlink: /home/maanavjugalshah/SwarmAero/ros2_ws/install/px4_msgs/include/px4_msgs/px4_msgs/msg/detail/mavlink_tunnel__struct.hpp\n'}
[2.742623] (px4_msgs) StdoutLine: {'line': b'-- Up-to-date symlink: /home/maanavjugalshah/SwarmAero/ros2_ws/install/px4_msgs/include/px4_msgs/px4_msgs/msg/detail/mavlink_tunnel__traits.hpp\n'}
[2.742703] (px4_msgs) StdoutLine: {'line': b'-- Up-to-date symlink: /home/maanavjugalshah/SwarmAero/ros2_ws/install/px4_msgs/include/px4_msgs/px4_msgs/msg/detail/mavlink_tunnel__type_support.hpp\n'}
[2.742872] (px4_msgs) StdoutLine: {'line': b'-- Up-to-date symlink: /home/maanavjugalshah/SwarmAero/ros2_ws/install/px4_msgs/include/px4_msgs/px4_msgs/msg/detail/message_format_request__builder.hpp\n'}
[2.743609] (px4_msgs) StdoutLine: {'line': b'-- Up-to-date symlink: /home/maanavjugalshah/SwarmAero/ros2_ws/install/px4_msgs/include/px4_msgs/px4_msgs/msg/detail/message_format_request__struct.hpp\n'}
[2.743924] (px4_msgs) StdoutLine: {'line': b'-- Up-to-date symlink: /home/maanavjugalshah/SwarmAero/ros2_ws/install/px4_msgs/include/px4_msgs/px4_msgs/msg/detail/message_format_request__traits.hpp\n'}
[2.744015] (px4_msgs) StdoutLine: {'line': b'-- Up-to-date symlink: /home/maanavjugalshah/SwarmAero/ros2_ws/install/px4_msgs/include/px4_msgs/px4_msgs/msg/detail/message_format_request__type_support.hpp\n'}
[2.744301] (px4_msgs) StdoutLine: {'line': b'-- Up-to-date symlink: /home/maanavjugalshah/SwarmAero/ros2_ws/install/px4_msgs/include/px4_msgs/px4_msgs/msg/detail/message_format_response__builder.hpp\n'}
[2.744411] (px4_msgs) StdoutLine: {'line': b'-- Up-to-date symlink: /home/maanavjugalshah/SwarmAero/ros2_ws/install/px4_msgs/include/px4_msgs/px4_msgs/msg/detail/message_format_response__struct.hpp\n'}
[2.744661] (px4_msgs) StdoutLine: {'line': b'-- Up-to-date symlink: /home/maanavjugalshah/SwarmAero/ros2_ws/install/px4_msgs/include/px4_msgs/px4_msgs/msg/detail/message_format_response__traits.hpp\n'}
[2.744759] (px4_msgs) StdoutLine: {'line': b'-- Up-to-date symlink: /home/maanavjugalshah/SwarmAero/ros2_ws/install/px4_msgs/include/px4_msgs/px4_msgs/msg/detail/message_format_response__type_support.hpp\n'}
[2.744843] (px4_msgs) StdoutLine: {'line': b'-- Up-to-date symlink: /home/maanavjugalshah/SwarmAero/ros2_ws/install/px4_msgs/include/px4_msgs/px4_msgs/msg/detail/mission__builder.hpp\n'}
[2.745215] (px4_msgs) StdoutLine: {'line': b'-- Up-to-date symlink: /home/maanavjugalshah/SwarmAero/ros2_ws/install/px4_msgs/include/px4_msgs/px4_msgs/msg/detail/mission__struct.hpp\n'}
[2.745339] (px4_msgs) StdoutLine: {'line': b'-- Up-to-date symlink: /home/maanavjugalshah/SwarmAero/ros2_ws/install/px4_msgs/include/px4_msgs/px4_msgs/msg/detail/mission__traits.hpp\n'}
[2.745874] (px4_msgs) StdoutLine: {'line': b'-- Up-to-date symlink: /home/maanavjugalshah/SwarmAero/ros2_ws/install/px4_msgs/include/px4_msgs/px4_msgs/msg/detail/mission__type_support.hpp\n'}
[2.746009] (px4_msgs) StdoutLine: {'line': b'-- Up-to-date symlink: /home/maanavjugalshah/SwarmAero/ros2_ws/install/px4_msgs/include/px4_msgs/px4_msgs/msg/detail/mission_result__builder.hpp\n'}
[2.746447] (px4_msgs) StdoutLine: {'line': b'-- Up-to-date symlink: /home/maanavjugalshah/SwarmAero/ros2_ws/install/px4_msgs/include/px4_msgs/px4_msgs/msg/detail/mission_result__struct.hpp\n'}
[2.746817] (px4_msgs) StdoutLine: {'line': b'-- Up-to-date symlink: /home/maanavjugalshah/SwarmAero/ros2_ws/install/px4_msgs/include/px4_msgs/px4_msgs/msg/detail/mission_result__traits.hpp\n'}
[2.747058] (px4_msgs) StdoutLine: {'line': b'-- Up-to-date symlink: /home/maanavjugalshah/SwarmAero/ros2_ws/install/px4_msgs/include/px4_msgs/px4_msgs/msg/detail/mission_result__type_support.hpp\n'}
[2.747147] (px4_msgs) StdoutLine: {'line': b'-- Up-to-date symlink: /home/maanavjugalshah/SwarmAero/ros2_ws/install/px4_msgs/include/px4_msgs/px4_msgs/msg/detail/mode_completed__builder.hpp\n'}
[2.747246] (px4_msgs) StdoutLine: {'line': b'-- Up-to-date symlink: /home/maanavjugalshah/SwarmAero/ros2_ws/install/px4_msgs/include/px4_msgs/px4_msgs/msg/detail/mode_completed__struct.hpp\n'}
[2.747316] (px4_msgs) StdoutLine: {'line': b'-- Up-to-date symlink: /home/maanavjugalshah/SwarmAero/ros2_ws/install/px4_msgs/include/px4_msgs/px4_msgs/msg/detail/mode_completed__traits.hpp\n'}
[2.747495] (px4_msgs) StdoutLine: {'line': b'-- Up-to-date symlink: /home/maanavjugalshah/SwarmAero/ros2_ws/install/px4_msgs/include/px4_msgs/px4_msgs/msg/detail/mode_completed__type_support.hpp\n'}
[2.747679] (px4_msgs) StdoutLine: {'line': b'-- Up-to-date symlink: /home/maanavjugalshah/SwarmAero/ros2_ws/install/px4_msgs/include/px4_msgs/px4_msgs/msg/detail/mount_orientation__builder.hpp\n'}
[2.747728] (px4_msgs) StdoutLine: {'line': b'-- Up-to-date symlink: /home/maanavjugalshah/SwarmAero/ros2_ws/install/px4_msgs/include/px4_msgs/px4_msgs/msg/detail/mount_orientation__struct.hpp\n'}
[2.747767] (px4_msgs) StdoutLine: {'line': b'-- Up-to-date symlink: /home/maanavjugalshah/SwarmAero/ros2_ws/install/px4_msgs/include/px4_msgs/px4_msgs/msg/detail/mount_orientation__traits.hpp\n'}
[2.747803] (px4_msgs) StdoutLine: {'line': b'-- Up-to-date symlink: /home/maanavjugalshah/SwarmAero/ros2_ws/install/px4_msgs/include/px4_msgs/px4_msgs/msg/detail/mount_orientation__type_support.hpp\n'}
[2.748045] (px4_msgs) StdoutLine: {'line': b'-- Up-to-date symlink: /home/maanavjugalshah/SwarmAero/ros2_ws/install/px4_msgs/include/px4_msgs/px4_msgs/msg/detail/navigator_mission_item__builder.hpp\n'}
[2.748305] (px4_msgs) StdoutLine: {'line': b'-- Up-to-date symlink: /home/maanavjugalshah/SwarmAero/ros2_ws/install/px4_msgs/include/px4_msgs/px4_msgs/msg/detail/navigator_mission_item__struct.hpp\n'}
[2.748518] (px4_msgs) StdoutLine: {'line': b'-- Up-to-date symlink: /home/maanavjugalshah/SwarmAero/ros2_ws/install/px4_msgs/include/px4_msgs/px4_msgs/msg/detail/navigator_mission_item__traits.hpp\n'}
[2.748784] (px4_msgs) StdoutLine: {'line': b'-- Up-to-date symlink: /home/maanavjugalshah/SwarmAero/ros2_ws/install/px4_msgs/include/px4_msgs/px4_msgs/msg/detail/navigator_mission_item__type_support.hpp\n'}
[2.748854] (px4_msgs) StdoutLine: {'line': b'-- Up-to-date symlink: /home/maanavjugalshah/SwarmAero/ros2_ws/install/px4_msgs/include/px4_msgs/px4_msgs/msg/detail/navigator_status__builder.hpp\n'}
[2.749327] (px4_msgs) StdoutLine: {'line': b'-- Up-to-date symlink: /home/maanavjugalshah/SwarmAero/ros2_ws/install/px4_msgs/include/px4_msgs/px4_msgs/msg/detail/navigator_status__struct.hpp\n'}
[2.749640] (px4_msgs) StdoutLine: {'line': b'-- Up-to-date symlink: /home/maanavjugalshah/SwarmAero/ros2_ws/install/px4_msgs/include/px4_msgs/px4_msgs/msg/detail/navigator_status__traits.hpp\n'}
[2.749739] (px4_msgs) StdoutLine: {'line': b'-- Up-to-date symlink: /home/maanavjugalshah/SwarmAero/ros2_ws/install/px4_msgs/include/px4_msgs/px4_msgs/msg/detail/navigator_status__type_support.hpp\n'}
[2.749838] (px4_msgs) StdoutLine: {'line': b'-- Up-to-date symlink: /home/maanavjugalshah/SwarmAero/ros2_ws/install/px4_msgs/include/px4_msgs/px4_msgs/msg/detail/neural_control__builder.hpp\n'}
[2.749943] (px4_msgs) StdoutLine: {'line': b'-- Up-to-date symlink: /home/maanavjugalshah/SwarmAero/ros2_ws/install/px4_msgs/include/px4_msgs/px4_msgs/msg/detail/neural_control__struct.hpp\n'}
[2.750034] (px4_msgs) StdoutLine: {'line': b'-- Up-to-date symlink: /home/maanavjugalshah/SwarmAero/ros2_ws/install/px4_msgs/include/px4_msgs/px4_msgs/msg/detail/neural_control__traits.hpp\n'}
[2.750269] (px4_msgs) StdoutLine: {'line': b'-- Up-to-date symlink: /home/maanavjugalshah/SwarmAero/ros2_ws/install/px4_msgs/include/px4_msgs/px4_msgs/msg/detail/neural_control__type_support.hpp\n'}
[2.750466] (px4_msgs) StdoutLine: {'line': b'-- Up-to-date symlink: /home/maanavjugalshah/SwarmAero/ros2_ws/install/px4_msgs/include/px4_msgs/px4_msgs/msg/detail/normalized_unsigned_setpoint__builder.hpp\n'}
[2.750605] (px4_msgs) StdoutLine: {'line': b'-- Up-to-date symlink: /home/maanavjugalshah/SwarmAero/ros2_ws/install/px4_msgs/include/px4_msgs/px4_msgs/msg/detail/normalized_unsigned_setpoint__struct.hpp\n'}
[2.750671] (px4_msgs) StdoutLine: {'line': b'-- Up-to-date symlink: /home/maanavjugalshah/SwarmAero/ros2_ws/install/px4_msgs/include/px4_msgs/px4_msgs/msg/detail/normalized_unsigned_setpoint__traits.hpp\n'}
[2.750803] (px4_msgs) StdoutLine: {'line': b'-- Up-to-date symlink: /home/maanavjugalshah/SwarmAero/ros2_ws/install/px4_msgs/include/px4_msgs/px4_msgs/msg/detail/normalized_unsigned_setpoint__type_support.hpp\n'}
[2.750848] (px4_msgs) StdoutLine: {'line': b'-- Up-to-date symlink: /home/maanavjugalshah/SwarmAero/ros2_ws/install/px4_msgs/include/px4_msgs/px4_msgs/msg/detail/obstacle_distance__builder.hpp\n'}
[2.750884] (px4_msgs) StdoutLine: {'line': b'-- Up-to-date symlink: /home/maanavjugalshah/SwarmAero/ros2_ws/install/px4_msgs/include/px4_msgs/px4_msgs/msg/detail/obstacle_distance__struct.hpp\n'}
[2.751098] (px4_msgs) StdoutLine: {'line': b'-- Up-to-date symlink: /home/maanavjugalshah/SwarmAero/ros2_ws/install/px4_msgs/include/px4_msgs/px4_msgs/msg/detail/obstacle_distance__traits.hpp\n'}
[2.751201] (px4_msgs) StdoutLine: {'line': b'-- Up-to-date symlink: /home/maanavjugalshah/SwarmAero/ros2_ws/install/px4_msgs/include/px4_msgs/px4_msgs/msg/detail/obstacle_distance__type_support.hpp\n'}
[2.751413] (px4_msgs) StdoutLine: {'line': b'-- Up-to-date symlink: /home/maanavjugalshah/SwarmAero/ros2_ws/install/px4_msgs/include/px4_msgs/px4_msgs/msg/detail/offboard_control_mode__builder.hpp\n'}
[2.751714] (px4_msgs) StdoutLine: {'line': b'-- Up-to-date symlink: /home/maanavjugalshah/SwarmAero/ros2_ws/install/px4_msgs/include/px4_msgs/px4_msgs/msg/detail/offboard_control_mode__struct.hpp\n'}
[2.751836] (px4_msgs) StdoutLine: {'line': b'-- Up-to-date symlink: /home/maanavjugalshah/SwarmAero/ros2_ws/install/px4_msgs/include/px4_msgs/px4_msgs/msg/detail/offboard_control_mode__traits.hpp\n'}
[2.751950] (px4_msgs) StdoutLine: {'line': b'-- Up-to-date symlink: /home/maanavjugalshah/SwarmAero/ros2_ws/install/px4_msgs/include/px4_msgs/px4_msgs/msg/detail/offboard_control_mode__type_support.hpp\n'}
[2.752036] (px4_msgs) StdoutLine: {'line': b'-- Up-to-date symlink: /home/maanavjugalshah/SwarmAero/ros2_ws/install/px4_msgs/include/px4_msgs/px4_msgs/msg/detail/onboard_computer_status__builder.hpp\n'}
[2.752208] (px4_msgs) StdoutLine: {'line': b'-- Up-to-date symlink: /home/maanavjugalshah/SwarmAero/ros2_ws/install/px4_msgs/include/px4_msgs/px4_msgs/msg/detail/onboard_computer_status__struct.hpp\n'}
[2.752356] (px4_msgs) StdoutLine: {'line': b'-- Up-to-date symlink: /home/maanavjugalshah/SwarmAero/ros2_ws/install/px4_msgs/include/px4_msgs/px4_msgs/msg/detail/onboard_computer_status__traits.hpp\n'}
[2.752445] (px4_msgs) StdoutLine: {'line': b'-- Up-to-date symlink: /home/maanavjugalshah/SwarmAero/ros2_ws/install/px4_msgs/include/px4_msgs/px4_msgs/msg/detail/onboard_computer_status__type_support.hpp\n'}
[2.752552] (px4_msgs) StdoutLine: {'line': b'-- Up-to-date symlink: /home/maanavjugalshah/SwarmAero/ros2_ws/install/px4_msgs/include/px4_msgs/px4_msgs/msg/detail/open_drone_id_arm_status__builder.hpp\n'}
[2.752758] (px4_msgs) StdoutLine: {'line': b'-- Up-to-date symlink: /home/maanavjugalshah/SwarmAero/ros2_ws/install/px4_msgs/include/px4_msgs/px4_msgs/msg/detail/open_drone_id_arm_status__struct.hpp\n'}
[2.752842] (px4_msgs) StdoutLine: {'line': b'-- Up-to-date symlink: /home/maanavjugalshah/SwarmAero/ros2_ws/install/px4_msgs/include/px4_msgs/px4_msgs/msg/detail/open_drone_id_arm_status__traits.hpp\n'}
[2.752968] (px4_msgs) StdoutLine: {'line': b'-- Up-to-date symlink: /home/maanavjugalshah/SwarmAero/ros2_ws/install/px4_msgs/include/px4_msgs/px4_msgs/msg/detail/open_drone_id_arm_status__type_support.hpp\n'}
[2.753054] (px4_msgs) StdoutLine: {'line': b'-- Up-to-date symlink: /home/maanavjugalshah/SwarmAero/ros2_ws/install/px4_msgs/include/px4_msgs/px4_msgs/msg/detail/open_drone_id_operator_id__builder.hpp\n'}
[2.753167] (px4_msgs) StdoutLine: {'line': b'-- Up-to-date symlink: /home/maanavjugalshah/SwarmAero/ros2_ws/install/px4_msgs/include/px4_msgs/px4_msgs/msg/detail/open_drone_id_operator_id__struct.hpp\n'}
[2.753233] (px4_msgs) StdoutLine: {'line': b'-- Up-to-date symlink: /home/maanavjugalshah/SwarmAero/ros2_ws/install/px4_msgs/include/px4_msgs/px4_msgs/msg/detail/open_drone_id_operator_id__traits.hpp\n'}
[2.753622] (px4_msgs) StdoutLine: {'line': b'-- Up-to-date symlink: /home/maanavjugalshah/SwarmAero/ros2_ws/install/px4_msgs/include/px4_msgs/px4_msgs/msg/detail/open_drone_id_operator_id__type_support.hpp\n'}
[2.753858] (px4_msgs) StdoutLine: {'line': b'-- Up-to-date symlink: /home/maanavjugalshah/SwarmAero/ros2_ws/install/px4_msgs/include/px4_msgs/px4_msgs/msg/detail/open_drone_id_self_id__builder.hpp\n'}
[2.753972] (px4_msgs) StdoutLine: {'line': b'-- Up-to-date symlink: /home/maanavjugalshah/SwarmAero/ros2_ws/install/px4_msgs/include/px4_msgs/px4_msgs/msg/detail/open_drone_id_self_id__struct.hpp\n'}
[2.754249] (px4_msgs) StdoutLine: {'line': b'-- Up-to-date symlink: /home/maanavjugalshah/SwarmAero/ros2_ws/install/px4_msgs/include/px4_msgs/px4_msgs/msg/detail/open_drone_id_self_id__traits.hpp\n'}
[2.754362] (px4_msgs) StdoutLine: {'line': b'-- Up-to-date symlink: /home/maanavjugalshah/SwarmAero/ros2_ws/install/px4_msgs/include/px4_msgs/px4_msgs/msg/detail/open_drone_id_self_id__type_support.hpp\n'}
[2.754463] (px4_msgs) StdoutLine: {'line': b'-- Up-to-date symlink: /home/maanavjugalshah/SwarmAero/ros2_ws/install/px4_msgs/include/px4_msgs/px4_msgs/msg/detail/open_drone_id_system__builder.hpp\n'}
[2.754647] (px4_msgs) StdoutLine: {'line': b'-- Up-to-date symlink: /home/maanavjugalshah/SwarmAero/ros2_ws/install/px4_msgs/include/px4_msgs/px4_msgs/msg/detail/open_drone_id_system__struct.hpp\n'}
[2.754775] (px4_msgs) StdoutLine: {'line': b'-- Up-to-date symlink: /home/maanavjugalshah/SwarmAero/ros2_ws/install/px4_msgs/include/px4_msgs/px4_msgs/msg/detail/open_drone_id_system__traits.hpp\n'}
[2.754825] (px4_msgs) StdoutLine: {'line': b'-- Up-to-date symlink: /home/maanavjugalshah/SwarmAero/ros2_ws/install/px4_msgs/include/px4_msgs/px4_msgs/msg/detail/open_drone_id_system__type_support.hpp\n'}
[2.755251] (px4_msgs) StdoutLine: {'line': b'-- Up-to-date symlink: /home/maanavjugalshah/SwarmAero/ros2_ws/install/px4_msgs/include/px4_msgs/px4_msgs/msg/detail/orb_test__builder.hpp\n'}
[2.755425] (px4_msgs) StdoutLine: {'line': b'-- Up-to-date symlink: /home/maanavjugalshah/SwarmAero/ros2_ws/install/px4_msgs/include/px4_msgs/px4_msgs/msg/detail/orb_test__struct.hpp\n'}
[2.755511] (px4_msgs) StdoutLine: {'line': b'-- Up-to-date symlink: /home/maanavjugalshah/SwarmAero/ros2_ws/install/px4_msgs/include/px4_msgs/px4_msgs/msg/detail/orb_test__traits.hpp\n'}
[2.755737] (px4_msgs) StdoutLine: {'line': b'-- Up-to-date symlink: /home/maanavjugalshah/SwarmAero/ros2_ws/install/px4_msgs/include/px4_msgs/px4_msgs/msg/detail/orb_test__type_support.hpp\n'}
[2.755840] (px4_msgs) StdoutLine: {'line': b'-- Up-to-date symlink: /home/maanavjugalshah/SwarmAero/ros2_ws/install/px4_msgs/include/px4_msgs/px4_msgs/msg/detail/orb_test_large__builder.hpp\n'}
[2.755940] (px4_msgs) StdoutLine: {'line': b'-- Up-to-date symlink: /home/maanavjugalshah/SwarmAero/ros2_ws/install/px4_msgs/include/px4_msgs/px4_msgs/msg/detail/orb_test_large__struct.hpp\n'}
[2.756160] (px4_msgs) StdoutLine: {'line': b'-- Up-to-date symlink: /home/maanavjugalshah/SwarmAero/ros2_ws/install/px4_msgs/include/px4_msgs/px4_msgs/msg/detail/orb_test_large__traits.hpp\n'}
[2.756355] (px4_msgs) StdoutLine: {'line': b'-- Up-to-date symlink: /home/maanavjugalshah/SwarmAero/ros2_ws/install/px4_msgs/include/px4_msgs/px4_msgs/msg/detail/orb_test_large__type_support.hpp\n'}
[2.756400] (px4_msgs) StdoutLine: {'line': b'-- Up-to-date symlink: /home/maanavjugalshah/SwarmAero/ros2_ws/install/px4_msgs/include/px4_msgs/px4_msgs/msg/detail/orb_test_medium__builder.hpp\n'}
[2.756644] (px4_msgs) StdoutLine: {'line': b'-- Up-to-date symlink: /home/maanavjugalshah/SwarmAero/ros2_ws/install/px4_msgs/include/px4_msgs/px4_msgs/msg/detail/orb_test_medium__struct.hpp\n'}
[2.756900] (px4_msgs) StdoutLine: {'line': b'-- Up-to-date symlink: /home/maanavjugalshah/SwarmAero/ros2_ws/install/px4_msgs/include/px4_msgs/px4_msgs/msg/detail/orb_test_medium__traits.hpp\n'}
[2.756953] (px4_msgs) StdoutLine: {'line': b'-- Up-to-date symlink: /home/maanavjugalshah/SwarmAero/ros2_ws/install/px4_msgs/include/px4_msgs/px4_msgs/msg/detail/orb_test_medium__type_support.hpp\n'}
[2.757052] (px4_msgs) StdoutLine: {'line': b'-- Up-to-date symlink: /home/maanavjugalshah/SwarmAero/ros2_ws/install/px4_msgs/include/px4_msgs/px4_msgs/msg/detail/orbit_status__builder.hpp\n'}
[2.757467] (px4_msgs) StdoutLine: {'line': b'-- Up-to-date symlink: /home/maanavjugalshah/SwarmAero/ros2_ws/install/px4_msgs/include/px4_msgs/px4_msgs/msg/detail/orbit_status__struct.hpp\n'}
[2.757837] (px4_msgs) StdoutLine: {'line': b'-- Up-to-date symlink: /home/maanavjugalshah/SwarmAero/ros2_ws/install/px4_msgs/include/px4_msgs/px4_msgs/msg/detail/orbit_status__traits.hpp\n'}
[2.757945] (px4_msgs) StdoutLine: {'line': b'-- Up-to-date symlink: /home/maanavjugalshah/SwarmAero/ros2_ws/install/px4_msgs/include/px4_msgs/px4_msgs/msg/detail/orbit_status__type_support.hpp\n'}
[2.758172] (px4_msgs) StdoutLine: {'line': b'-- Up-to-date symlink: /home/maanavjugalshah/SwarmAero/ros2_ws/install/px4_msgs/include/px4_msgs/px4_msgs/msg/detail/parameter_reset_request__builder.hpp\n'}
[2.758519] (px4_msgs) StdoutLine: {'line': b'-- Up-to-date symlink: /home/maanavjugalshah/SwarmAero/ros2_ws/install/px4_msgs/include/px4_msgs/px4_msgs/msg/detail/parameter_reset_request__struct.hpp\n'}
[2.758737] (px4_msgs) StdoutLine: {'line': b'-- Up-to-date symlink: /home/maanavjugalshah/SwarmAero/ros2_ws/install/px4_msgs/include/px4_msgs/px4_msgs/msg/detail/parameter_reset_request__traits.hpp\n'}
[2.758859] (px4_msgs) StdoutLine: {'line': b'-- Up-to-date symlink: /home/maanavjugalshah/SwarmAero/ros2_ws/install/px4_msgs/include/px4_msgs/px4_msgs/msg/detail/parameter_reset_request__type_support.hpp\n'}
[2.758911] (px4_msgs) StdoutLine: {'line': b'-- Up-to-date symlink: /home/maanavjugalshah/SwarmAero/ros2_ws/install/px4_msgs/include/px4_msgs/px4_msgs/msg/detail/parameter_set_used_request__builder.hpp\n'}
[2.758950] (px4_msgs) StdoutLine: {'line': b'-- Up-to-date symlink: /home/maanavjugalshah/SwarmAero/ros2_ws/install/px4_msgs/include/px4_msgs/px4_msgs/msg/detail/parameter_set_used_request__struct.hpp\n'}
[2.759065] (px4_msgs) StdoutLine: {'line': b'-- Up-to-date symlink: /home/maanavjugalshah/SwarmAero/ros2_ws/install/px4_msgs/include/px4_msgs/px4_msgs/msg/detail/parameter_set_used_request__traits.hpp\n'}
[2.759148] (px4_msgs) StdoutLine: {'line': b'-- Up-to-date symlink: /home/maanavjugalshah/SwarmAero/ros2_ws/install/px4_msgs/include/px4_msgs/px4_msgs/msg/detail/parameter_set_used_request__type_support.hpp\n'}
[2.759218] (px4_msgs) StdoutLine: {'line': b'-- Up-to-date symlink: /home/maanavjugalshah/SwarmAero/ros2_ws/install/px4_msgs/include/px4_msgs/px4_msgs/msg/detail/parameter_set_value_request__builder.hpp\n'}
[2.759531] (px4_msgs) StdoutLine: {'line': b'-- Up-to-date symlink: /home/maanavjugalshah/SwarmAero/ros2_ws/install/px4_msgs/include/px4_msgs/px4_msgs/msg/detail/parameter_set_value_request__struct.hpp\n'}
[2.759641] (px4_msgs) StdoutLine: {'line': b'-- Up-to-date symlink: /home/maanavjugalshah/SwarmAero/ros2_ws/install/px4_msgs/include/px4_msgs/px4_msgs/msg/detail/parameter_set_value_request__traits.hpp\n'}
[2.759775] (px4_msgs) StdoutLine: {'line': b'-- Up-to-date symlink: /home/maanavjugalshah/SwarmAero/ros2_ws/install/px4_msgs/include/px4_msgs/px4_msgs/msg/detail/parameter_set_value_request__type_support.hpp\n'}
[2.759820] (px4_msgs) StdoutLine: {'line': b'-- Up-to-date symlink: /home/maanavjugalshah/SwarmAero/ros2_ws/install/px4_msgs/include/px4_msgs/px4_msgs/msg/detail/parameter_set_value_response__builder.hpp\n'}
[2.759915] (px4_msgs) StdoutLine: {'line': b'-- Up-to-date symlink: /home/maanavjugalshah/SwarmAero/ros2_ws/install/px4_msgs/include/px4_msgs/px4_msgs/msg/detail/parameter_set_value_response__struct.hpp\n'}
[2.760018] (px4_msgs) StdoutLine: {'line': b'-- Up-to-date symlink: /home/maanavjugalshah/SwarmAero/ros2_ws/install/px4_msgs/include/px4_msgs/px4_msgs/msg/detail/parameter_set_value_response__traits.hpp\n'}
[2.760165] (px4_msgs) StdoutLine: {'line': b'-- Up-to-date symlink: /home/maanavjugalshah/SwarmAero/ros2_ws/install/px4_msgs/include/px4_msgs/px4_msgs/msg/detail/parameter_set_value_response__type_support.hpp\n'}
[2.760209] (px4_msgs) StdoutLine: {'line': b'-- Up-to-date symlink: /home/maanavjugalshah/SwarmAero/ros2_ws/install/px4_msgs/include/px4_msgs/px4_msgs/msg/detail/parameter_update__builder.hpp\n'}
[2.760245] (px4_msgs) StdoutLine: {'line': b'-- Up-to-date symlink: /home/maanavjugalshah/SwarmAero/ros2_ws/install/px4_msgs/include/px4_msgs/px4_msgs/msg/detail/parameter_update__struct.hpp\n'}
[2.760382] (px4_msgs) StdoutLine: {'line': b'-- Up-to-date symlink: /home/maanavjugalshah/SwarmAero/ros2_ws/install/px4_msgs/include/px4_msgs/px4_msgs/msg/detail/parameter_update__traits.hpp\n'}
[2.760562] (px4_msgs) StdoutLine: {'line': b'-- Up-to-date symlink: /home/maanavjugalshah/SwarmAero/ros2_ws/install/px4_msgs/include/px4_msgs/px4_msgs/msg/detail/parameter_update__type_support.hpp\n'}
[2.760608] (px4_msgs) StdoutLine: {'line': b'-- Up-to-date symlink: /home/maanavjugalshah/SwarmAero/ros2_ws/install/px4_msgs/include/px4_msgs/px4_msgs/msg/detail/ping__builder.hpp\n'}
[2.760693] (px4_msgs) StdoutLine: {'line': b'-- Up-to-date symlink: /home/maanavjugalshah/SwarmAero/ros2_ws/install/px4_msgs/include/px4_msgs/px4_msgs/msg/detail/ping__struct.hpp\n'}
[2.760883] (px4_msgs) StdoutLine: {'line': b'-- Up-to-date symlink: /home/maanavjugalshah/SwarmAero/ros2_ws/install/px4_msgs/include/px4_msgs/px4_msgs/msg/detail/ping__traits.hpp\n'}
[2.761125] (px4_msgs) StdoutLine: {'line': b'-- Up-to-date symlink: /home/maanavjugalshah/SwarmAero/ros2_ws/install/px4_msgs/include/px4_msgs/px4_msgs/msg/detail/ping__type_support.hpp\n'}
[2.761227] (px4_msgs) StdoutLine: {'line': b'-- Up-to-date symlink: /home/maanavjugalshah/SwarmAero/ros2_ws/install/px4_msgs/include/px4_msgs/px4_msgs/msg/detail/position_controller_landing_status__builder.hpp\n'}
[2.761314] (px4_msgs) StdoutLine: {'line': b'-- Up-to-date symlink: /home/maanavjugalshah/SwarmAero/ros2_ws/install/px4_msgs/include/px4_msgs/px4_msgs/msg/detail/position_controller_landing_status__struct.hpp\n'}
[2.761383] (px4_msgs) StdoutLine: {'line': b'-- Up-to-date symlink: /home/maanavjugalshah/SwarmAero/ros2_ws/install/px4_msgs/include/px4_msgs/px4_msgs/msg/detail/position_controller_landing_status__traits.hpp\n'}
[2.761658] (px4_msgs) StdoutLine: {'line': b'-- Up-to-date symlink: /home/maanavjugalshah/SwarmAero/ros2_ws/install/px4_msgs/include/px4_msgs/px4_msgs/msg/detail/position_controller_landing_status__type_support.hpp\n'}
[2.761853] (px4_msgs) StdoutLine: {'line': b'-- Up-to-date symlink: /home/maanavjugalshah/SwarmAero/ros2_ws/install/px4_msgs/include/px4_msgs/px4_msgs/msg/detail/position_controller_status__builder.hpp\n'}
[2.762009] (px4_msgs) StdoutLine: {'line': b'-- Up-to-date symlink: /home/maanavjugalshah/SwarmAero/ros2_ws/install/px4_msgs/include/px4_msgs/px4_msgs/msg/detail/position_controller_status__struct.hpp\n'}
[2.762113] (px4_msgs) StdoutLine: {'line': b'-- Up-to-date symlink: /home/maanavjugalshah/SwarmAero/ros2_ws/install/px4_msgs/include/px4_msgs/px4_msgs/msg/detail/position_controller_status__traits.hpp\n'}
[2.762200] (px4_msgs) StdoutLine: {'line': b'-- Up-to-date symlink: /home/maanavjugalshah/SwarmAero/ros2_ws/install/px4_msgs/include/px4_msgs/px4_msgs/msg/detail/position_controller_status__type_support.hpp\n'}
[2.762267] (px4_msgs) StdoutLine: {'line': b'-- Up-to-date symlink: /home/maanavjugalshah/SwarmAero/ros2_ws/install/px4_msgs/include/px4_msgs/px4_msgs/msg/detail/position_setpoint__builder.hpp\n'}
[2.762474] (px4_msgs) StdoutLine: {'line': b'-- Up-to-date symlink: /home/maanavjugalshah/SwarmAero/ros2_ws/install/px4_msgs/include/px4_msgs/px4_msgs/msg/detail/position_setpoint__struct.hpp\n'}
[2.762681] (px4_msgs) StdoutLine: {'line': b'-- Up-to-date symlink: /home/maanavjugalshah/SwarmAero/ros2_ws/install/px4_msgs/include/px4_msgs/px4_msgs/msg/detail/position_setpoint__traits.hpp\n'}
[2.762817] (px4_msgs) StdoutLine: {'line': b'-- Up-to-date symlink: /home/maanavjugalshah/SwarmAero/ros2_ws/install/px4_msgs/include/px4_msgs/px4_msgs/msg/detail/position_setpoint__type_support.hpp\n'}
[2.762868] (px4_msgs) StdoutLine: {'line': b'-- Up-to-date symlink: /home/maanavjugalshah/SwarmAero/ros2_ws/install/px4_msgs/include/px4_msgs/px4_msgs/msg/detail/position_setpoint_triplet__builder.hpp\n'}
[2.762986] (px4_msgs) StdoutLine: {'line': b'-- Up-to-date symlink: /home/maanavjugalshah/SwarmAero/ros2_ws/install/px4_msgs/include/px4_msgs/px4_msgs/msg/detail/position_setpoint_triplet__struct.hpp\n'}
[2.763025] (px4_msgs) StdoutLine: {'line': b'-- Up-to-date symlink: /home/maanavjugalshah/SwarmAero/ros2_ws/install/px4_msgs/include/px4_msgs/px4_msgs/msg/detail/position_setpoint_triplet__traits.hpp\n'}
[2.763137] (px4_msgs) StdoutLine: {'line': b'-- Up-to-date symlink: /home/maanavjugalshah/SwarmAero/ros2_ws/install/px4_msgs/include/px4_msgs/px4_msgs/msg/detail/position_setpoint_triplet__type_support.hpp\n'}
[2.763230] (px4_msgs) StdoutLine: {'line': b'-- Up-to-date symlink: /home/maanavjugalshah/SwarmAero/ros2_ws/install/px4_msgs/include/px4_msgs/px4_msgs/msg/detail/power_button_state__builder.hpp\n'}
[2.763308] (px4_msgs) StdoutLine: {'line': b'-- Up-to-date symlink: /home/maanavjugalshah/SwarmAero/ros2_ws/install/px4_msgs/include/px4_msgs/px4_msgs/msg/detail/power_button_state__struct.hpp\n'}
[2.763418] (px4_msgs) StdoutLine: {'line': b'-- Up-to-date symlink: /home/maanavjugalshah/SwarmAero/ros2_ws/install/px4_msgs/include/px4_msgs/px4_msgs/msg/detail/power_button_state__traits.hpp\n'}
[2.763498] (px4_msgs) StdoutLine: {'line': b'-- Up-to-date symlink: /home/maanavjugalshah/SwarmAero/ros2_ws/install/px4_msgs/include/px4_msgs/px4_msgs/msg/detail/power_button_state__type_support.hpp\n'}
[2.763957] (px4_msgs) StdoutLine: {'line': b'-- Up-to-date symlink: /home/maanavjugalshah/SwarmAero/ros2_ws/install/px4_msgs/include/px4_msgs/px4_msgs/msg/detail/power_monitor__builder.hpp\n'}
[2.764224] (px4_msgs) StdoutLine: {'line': b'-- Up-to-date symlink: /home/maanavjugalshah/SwarmAero/ros2_ws/install/px4_msgs/include/px4_msgs/px4_msgs/msg/detail/power_monitor__struct.hpp\n'}
[2.764271] (px4_msgs) StdoutLine: {'line': b'-- Up-to-date symlink: /home/maanavjugalshah/SwarmAero/ros2_ws/install/px4_msgs/include/px4_msgs/px4_msgs/msg/detail/power_monitor__traits.hpp\n'}
[2.764316] (px4_msgs) StdoutLine: {'line': b'-- Up-to-date symlink: /home/maanavjugalshah/SwarmAero/ros2_ws/install/px4_msgs/include/px4_msgs/px4_msgs/msg/detail/power_monitor__type_support.hpp\n'}
[2.764383] (px4_msgs) StdoutLine: {'line': b'-- Up-to-date symlink: /home/maanavjugalshah/SwarmAero/ros2_ws/install/px4_msgs/include/px4_msgs/px4_msgs/msg/detail/pps_capture__builder.hpp\n'}
[2.764529] (px4_msgs) StdoutLine: {'line': b'-- Up-to-date symlink: /home/maanavjugalshah/SwarmAero/ros2_ws/install/px4_msgs/include/px4_msgs/px4_msgs/msg/detail/pps_capture__struct.hpp\n'}
[2.764888] (px4_msgs) StdoutLine: {'line': b'-- Up-to-date symlink: /home/maanavjugalshah/SwarmAero/ros2_ws/install/px4_msgs/include/px4_msgs/px4_msgs/msg/detail/pps_capture__traits.hpp\n'}
[2.764981] (px4_msgs) StdoutLine: {'line': b'-- Up-to-date symlink: /home/maanavjugalshah/SwarmAero/ros2_ws/install/px4_msgs/include/px4_msgs/px4_msgs/msg/detail/pps_capture__type_support.hpp\n'}
[2.765166] (px4_msgs) StdoutLine: {'line': b'-- Up-to-date symlink: /home/maanavjugalshah/SwarmAero/ros2_ws/install/px4_msgs/include/px4_msgs/px4_msgs/msg/detail/pure_pursuit_status__builder.hpp\n'}
[2.765214] (px4_msgs) StdoutLine: {'line': b'-- Up-to-date symlink: /home/maanavjugalshah/SwarmAero/ros2_ws/install/px4_msgs/include/px4_msgs/px4_msgs/msg/detail/pure_pursuit_status__struct.hpp\n'}
[2.765252] (px4_msgs) StdoutLine: {'line': b'-- Up-to-date symlink: /home/maanavjugalshah/SwarmAero/ros2_ws/install/px4_msgs/include/px4_msgs/px4_msgs/msg/detail/pure_pursuit_status__traits.hpp\n'}
[2.765336] (px4_msgs) StdoutLine: {'line': b'-- Up-to-date symlink: /home/maanavjugalshah/SwarmAero/ros2_ws/install/px4_msgs/include/px4_msgs/px4_msgs/msg/detail/pure_pursuit_status__type_support.hpp\n'}
[2.765380] (px4_msgs) StdoutLine: {'line': b'-- Up-to-date symlink: /home/maanavjugalshah/SwarmAero/ros2_ws/install/px4_msgs/include/px4_msgs/px4_msgs/msg/detail/pwm_input__builder.hpp\n'}
[2.765417] (px4_msgs) StdoutLine: {'line': b'-- Up-to-date symlink: /home/maanavjugalshah/SwarmAero/ros2_ws/install/px4_msgs/include/px4_msgs/px4_msgs/msg/detail/pwm_input__struct.hpp\n'}
[2.765482] (px4_msgs) StdoutLine: {'line': b'-- Up-to-date symlink: /home/maanavjugalshah/SwarmAero/ros2_ws/install/px4_msgs/include/px4_msgs/px4_msgs/msg/detail/pwm_input__traits.hpp\n'}
[2.765522] (px4_msgs) StdoutLine: {'line': b'-- Up-to-date symlink: /home/maanavjugalshah/SwarmAero/ros2_ws/install/px4_msgs/include/px4_msgs/px4_msgs/msg/detail/pwm_input__type_support.hpp\n'}
[2.765558] (px4_msgs) StdoutLine: {'line': b'-- Up-to-date symlink: /home/maanavjugalshah/SwarmAero/ros2_ws/install/px4_msgs/include/px4_msgs/px4_msgs/msg/detail/px4io_status__builder.hpp\n'}
[2.765594] (px4_msgs) StdoutLine: {'line': b'-- Up-to-date symlink: /home/maanavjugalshah/SwarmAero/ros2_ws/install/px4_msgs/include/px4_msgs/px4_msgs/msg/detail/px4io_status__struct.hpp\n'}
[2.765657] (px4_msgs) StdoutLine: {'line': b'-- Up-to-date symlink: /home/maanavjugalshah/SwarmAero/ros2_ws/install/px4_msgs/include/px4_msgs/px4_msgs/msg/detail/px4io_status__traits.hpp\n'}
[2.765745] (px4_msgs) StdoutLine: {'line': b'-- Up-to-date symlink: /home/maanavjugalshah/SwarmAero/ros2_ws/install/px4_msgs/include/px4_msgs/px4_msgs/msg/detail/px4io_status__type_support.hpp\n'}
[2.765852] (px4_msgs) StdoutLine: {'line': b'-- Up-to-date symlink: /home/maanavjugalshah/SwarmAero/ros2_ws/install/px4_msgs/include/px4_msgs/px4_msgs/msg/detail/qshell_req__builder.hpp\n'}
[2.765956] (px4_msgs) StdoutLine: {'line': b'-- Up-to-date symlink: /home/maanavjugalshah/SwarmAero/ros2_ws/install/px4_msgs/include/px4_msgs/px4_msgs/msg/detail/qshell_req__struct.hpp\n'}
[2.766226] (px4_msgs) StdoutLine: {'line': b'-- Up-to-date symlink: /home/maanavjugalshah/SwarmAero/ros2_ws/install/px4_msgs/include/px4_msgs/px4_msgs/msg/detail/qshell_req__traits.hpp\n'}
[2.766366] (px4_msgs) StdoutLine: {'line': b'-- Up-to-date symlink: /home/maanavjugalshah/SwarmAero/ros2_ws/install/px4_msgs/include/px4_msgs/px4_msgs/msg/detail/qshell_req__type_support.hpp\n'}
[2.766599] (px4_msgs) StdoutLine: {'line': b'-- Up-to-date symlink: /home/maanavjugalshah/SwarmAero/ros2_ws/install/px4_msgs/include/px4_msgs/px4_msgs/msg/detail/qshell_retval__builder.hpp\n'}
[2.766912] (px4_msgs) StdoutLine: {'line': b'-- Up-to-date symlink: /home/maanavjugalshah/SwarmAero/ros2_ws/install/px4_msgs/include/px4_msgs/px4_msgs/msg/detail/qshell_retval__struct.hpp\n'}
[2.767062] (px4_msgs) StdoutLine: {'line': b'-- Up-to-date symlink: /home/maanavjugalshah/SwarmAero/ros2_ws/install/px4_msgs/include/px4_msgs/px4_msgs/msg/detail/qshell_retval__traits.hpp\n'}
[2.767116] (px4_msgs) StdoutLine: {'line': b'-- Up-to-date symlink: /home/maanavjugalshah/SwarmAero/ros2_ws/install/px4_msgs/include/px4_msgs/px4_msgs/msg/detail/qshell_retval__type_support.hpp\n'}
[2.767159] (px4_msgs) StdoutLine: {'line': b'-- Up-to-date symlink: /home/maanavjugalshah/SwarmAero/ros2_ws/install/px4_msgs/include/px4_msgs/px4_msgs/msg/detail/radio_status__builder.hpp\n'}
[2.767312] (px4_msgs) StdoutLine: {'line': b'-- Up-to-date symlink: /home/maanavjugalshah/SwarmAero/ros2_ws/install/px4_msgs/include/px4_msgs/px4_msgs/msg/detail/radio_status__struct.hpp\n'}
[2.767355] (px4_msgs) StdoutLine: {'line': b'-- Up-to-date symlink: /home/maanavjugalshah/SwarmAero/ros2_ws/install/px4_msgs/include/px4_msgs/px4_msgs/msg/detail/radio_status__traits.hpp\n'}
[2.767476] (px4_msgs) StdoutLine: {'line': b'-- Up-to-date symlink: /home/maanavjugalshah/SwarmAero/ros2_ws/install/px4_msgs/include/px4_msgs/px4_msgs/msg/detail/radio_status__type_support.hpp\n'}
[2.767562] (px4_msgs) StdoutLine: {'line': b'-- Up-to-date symlink: /home/maanavjugalshah/SwarmAero/ros2_ws/install/px4_msgs/include/px4_msgs/px4_msgs/msg/detail/ranging_beacon__builder.hpp\n'}
[2.767749] (px4_msgs) StdoutLine: {'line': b'-- Up-to-date symlink: /home/maanavjugalshah/SwarmAero/ros2_ws/install/px4_msgs/include/px4_msgs/px4_msgs/msg/detail/ranging_beacon__struct.hpp\n'}
[2.767854] (px4_msgs) StdoutLine: {'line': b'-- Up-to-date symlink: /home/maanavjugalshah/SwarmAero/ros2_ws/install/px4_msgs/include/px4_msgs/px4_msgs/msg/detail/ranging_beacon__traits.hpp\n'}
[2.767892] (px4_msgs) StdoutLine: {'line': b'-- Up-to-date symlink: /home/maanavjugalshah/SwarmAero/ros2_ws/install/px4_msgs/include/px4_msgs/px4_msgs/msg/detail/ranging_beacon__type_support.hpp\n'}
[2.767971] (px4_msgs) StdoutLine: {'line': b'-- Up-to-date symlink: /home/maanavjugalshah/SwarmAero/ros2_ws/install/px4_msgs/include/px4_msgs/px4_msgs/msg/detail/raptor_input__builder.hpp\n'}
[2.768073] (px4_msgs) StdoutLine: {'line': b'-- Up-to-date symlink: /home/maanavjugalshah/SwarmAero/ros2_ws/install/px4_msgs/include/px4_msgs/px4_msgs/msg/detail/raptor_input__struct.hpp\n'}
[2.768257] (px4_msgs) StdoutLine: {'line': b'-- Up-to-date symlink: /home/maanavjugalshah/SwarmAero/ros2_ws/install/px4_msgs/include/px4_msgs/px4_msgs/msg/detail/raptor_input__traits.hpp\n'}
[2.768351] (px4_msgs) StdoutLine: {'line': b'-- Up-to-date symlink: /home/maanavjugalshah/SwarmAero/ros2_ws/install/px4_msgs/include/px4_msgs/px4_msgs/msg/detail/raptor_input__type_support.hpp\n'}
[2.768454] (px4_msgs) StdoutLine: {'line': b'-- Up-to-date symlink: /home/maanavjugalshah/SwarmAero/ros2_ws/install/px4_msgs/include/px4_msgs/px4_msgs/msg/detail/raptor_status__builder.hpp\n'}
[2.768555] (px4_msgs) StdoutLine: {'line': b'-- Up-to-date symlink: /home/maanavjugalshah/SwarmAero/ros2_ws/install/px4_msgs/include/px4_msgs/px4_msgs/msg/detail/raptor_status__struct.hpp\n'}
[2.768640] (px4_msgs) StdoutLine: {'line': b'-- Up-to-date symlink: /home/maanavjugalshah/SwarmAero/ros2_ws/install/px4_msgs/include/px4_msgs/px4_msgs/msg/detail/raptor_status__traits.hpp\n'}
[2.768909] (px4_msgs) StdoutLine: {'line': b'-- Up-to-date symlink: /home/maanavjugalshah/SwarmAero/ros2_ws/install/px4_msgs/include/px4_msgs/px4_msgs/msg/detail/raptor_status__type_support.hpp\n'}
[2.768993] (px4_msgs) StdoutLine: {'line': b'-- Up-to-date symlink: /home/maanavjugalshah/SwarmAero/ros2_ws/install/px4_msgs/include/px4_msgs/px4_msgs/msg/detail/rate_ctrl_status__builder.hpp\n'}
[2.769063] (px4_msgs) StdoutLine: {'line': b'-- Up-to-date symlink: /home/maanavjugalshah/SwarmAero/ros2_ws/install/px4_msgs/include/px4_msgs/px4_msgs/msg/detail/rate_ctrl_status__struct.hpp\n'}
[2.769124] (px4_msgs) StdoutLine: {'line': b'-- Up-to-date symlink: /home/maanavjugalshah/SwarmAero/ros2_ws/install/px4_msgs/include/px4_msgs/px4_msgs/msg/detail/rate_ctrl_status__traits.hpp\n'}
[2.769178] (px4_msgs) StdoutLine: {'line': b'-- Up-to-date symlink: /home/maanavjugalshah/SwarmAero/ros2_ws/install/px4_msgs/include/px4_msgs/px4_msgs/msg/detail/rate_ctrl_status__type_support.hpp\n'}
[2.769357] (px4_msgs) StdoutLine: {'line': b'-- Up-to-date symlink: /home/maanavjugalshah/SwarmAero/ros2_ws/install/px4_msgs/include/px4_msgs/px4_msgs/msg/detail/rc_channels__builder.hpp\n'}
[2.769524] (px4_msgs) StdoutLine: {'line': b'-- Up-to-date symlink: /home/maanavjugalshah/SwarmAero/ros2_ws/install/px4_msgs/include/px4_msgs/px4_msgs/msg/detail/rc_channels__struct.hpp\n'}
[2.769643] (px4_msgs) StdoutLine: {'line': b'-- Up-to-date symlink: /home/maanavjugalshah/SwarmAero/ros2_ws/install/px4_msgs/include/px4_msgs/px4_msgs/msg/detail/rc_channels__traits.hpp\n'}
[2.769840] (px4_msgs) StdoutLine: {'line': b'-- Up-to-date symlink: /home/maanavjugalshah/SwarmAero/ros2_ws/install/px4_msgs/include/px4_msgs/px4_msgs/msg/detail/rc_channels__type_support.hpp\n'}
[2.770052] (px4_msgs) StdoutLine: {'line': b'-- Up-to-date symlink: /home/maanavjugalshah/SwarmAero/ros2_ws/install/px4_msgs/include/px4_msgs/px4_msgs/msg/detail/rc_parameter_map__builder.hpp\n'}
[2.770187] (px4_msgs) StdoutLine: {'line': b'-- Up-to-date symlink: /home/maanavjugalshah/SwarmAero/ros2_ws/install/px4_msgs/include/px4_msgs/px4_msgs/msg/detail/rc_parameter_map__struct.hpp\n'}
[2.770370] (px4_msgs) StdoutLine: {'line': b'-- Up-to-date symlink: /home/maanavjugalshah/SwarmAero/ros2_ws/install/px4_msgs/include/px4_msgs/px4_msgs/msg/detail/rc_parameter_map__traits.hpp\n'}
[2.770493] (px4_msgs) StdoutLine: {'line': b'-- Up-to-date symlink: /home/maanavjugalshah/SwarmAero/ros2_ws/install/px4_msgs/include/px4_msgs/px4_msgs/msg/detail/rc_parameter_map__type_support.hpp\n'}
[2.770609] (px4_msgs) StdoutLine: {'line': b'-- Up-to-date symlink: /home/maanavjugalshah/SwarmAero/ros2_ws/install/px4_msgs/include/px4_msgs/px4_msgs/msg/detail/register_ext_component_reply__builder.hpp\n'}
[2.770682] (px4_msgs) StdoutLine: {'line': b'-- Up-to-date symlink: /home/maanavjugalshah/SwarmAero/ros2_ws/install/px4_msgs/include/px4_msgs/px4_msgs/msg/detail/register_ext_component_reply__struct.hpp\n'}
[2.770859] (px4_msgs) StdoutLine: {'line': b'-- Up-to-date symlink: /home/maanavjugalshah/SwarmAero/ros2_ws/install/px4_msgs/include/px4_msgs/px4_msgs/msg/detail/register_ext_component_reply__traits.hpp\n'}
[2.770904] (px4_msgs) StdoutLine: {'line': b'-- Up-to-date symlink: /home/maanavjugalshah/SwarmAero/ros2_ws/install/px4_msgs/include/px4_msgs/px4_msgs/msg/detail/register_ext_component_reply__type_support.hpp\n'}
[2.770941] (px4_msgs) StdoutLine: {'line': b'-- Up-to-date symlink: /home/maanavjugalshah/SwarmAero/ros2_ws/install/px4_msgs/include/px4_msgs/px4_msgs/msg/detail/register_ext_component_request__builder.hpp\n'}
[2.771025] (px4_msgs) StdoutLine: {'line': b'-- Up-to-date symlink: /home/maanavjugalshah/SwarmAero/ros2_ws/install/px4_msgs/include/px4_msgs/px4_msgs/msg/detail/register_ext_component_request__struct.hpp\n'}
[2.771173] (px4_msgs) StdoutLine: {'line': b'-- Up-to-date symlink: /home/maanavjugalshah/SwarmAero/ros2_ws/install/px4_msgs/include/px4_msgs/px4_msgs/msg/detail/register_ext_component_request__traits.hpp\n'}
[2.771430] (px4_msgs) StdoutLine: {'line': b'-- Up-to-date symlink: /home/maanavjugalshah/SwarmAero/ros2_ws/install/px4_msgs/include/px4_msgs/px4_msgs/msg/detail/register_ext_component_request__type_support.hpp\n'}
[2.771527] (px4_msgs) StdoutLine: {'line': b'-- Up-to-date symlink: /home/maanavjugalshah/SwarmAero/ros2_ws/install/px4_msgs/include/px4_msgs/px4_msgs/msg/detail/rover_attitude_setpoint__builder.hpp\n'}
[2.771570] (px4_msgs) StdoutLine: {'line': b'-- Up-to-date symlink: /home/maanavjugalshah/SwarmAero/ros2_ws/install/px4_msgs/include/px4_msgs/px4_msgs/msg/detail/rover_attitude_setpoint__struct.hpp\n'}
[2.771674] (px4_msgs) StdoutLine: {'line': b'-- Up-to-date symlink: /home/maanavjugalshah/SwarmAero/ros2_ws/install/px4_msgs/include/px4_msgs/px4_msgs/msg/detail/rover_attitude_setpoint__traits.hpp\n'}
[2.771788] (px4_msgs) StdoutLine: {'line': b'-- Up-to-date symlink: /home/maanavjugalshah/SwarmAero/ros2_ws/install/px4_msgs/include/px4_msgs/px4_msgs/msg/detail/rover_attitude_setpoint__type_support.hpp\n'}
[2.772002] (px4_msgs) StdoutLine: {'line': b'-- Up-to-date symlink: /home/maanavjugalshah/SwarmAero/ros2_ws/install/px4_msgs/include/px4_msgs/px4_msgs/msg/detail/rover_attitude_status__builder.hpp\n'}
[2.772123] (px4_msgs) StdoutLine: {'line': b'-- Up-to-date symlink: /home/maanavjugalshah/SwarmAero/ros2_ws/install/px4_msgs/include/px4_msgs/px4_msgs/msg/detail/rover_attitude_status__struct.hpp\n'}
[2.772293] (px4_msgs) StdoutLine: {'line': b'-- Up-to-date symlink: /home/maanavjugalshah/SwarmAero/ros2_ws/install/px4_msgs/include/px4_msgs/px4_msgs/msg/detail/rover_attitude_status__traits.hpp\n'}
[2.772424] (px4_msgs) StdoutLine: {'line': b'-- Up-to-date symlink: /home/maanavjugalshah/SwarmAero/ros2_ws/install/px4_msgs/include/px4_msgs/px4_msgs/msg/detail/rover_attitude_status__type_support.hpp\n'}
[2.772541] (px4_msgs) StdoutLine: {'line': b'-- Up-to-date symlink: /home/maanavjugalshah/SwarmAero/ros2_ws/install/px4_msgs/include/px4_msgs/px4_msgs/msg/detail/rover_position_setpoint__builder.hpp\n'}
[2.772625] (px4_msgs) StdoutLine: {'line': b'-- Up-to-date symlink: /home/maanavjugalshah/SwarmAero/ros2_ws/install/px4_msgs/include/px4_msgs/px4_msgs/msg/detail/rover_position_setpoint__struct.hpp\n'}
[2.772720] (px4_msgs) StdoutLine: {'line': b'-- Up-to-date symlink: /home/maanavjugalshah/SwarmAero/ros2_ws/install/px4_msgs/include/px4_msgs/px4_msgs/msg/detail/rover_position_setpoint__traits.hpp\n'}
[2.773245] (px4_msgs) StdoutLine: {'line': b'-- Up-to-date symlink: /home/maanavjugalshah/SwarmAero/ros2_ws/install/px4_msgs/include/px4_msgs/px4_msgs/msg/detail/rover_position_setpoint__type_support.hpp\n'}
[2.773527] (px4_msgs) StdoutLine: {'line': b'-- Up-to-date symlink: /home/maanavjugalshah/SwarmAero/ros2_ws/install/px4_msgs/include/px4_msgs/px4_msgs/msg/detail/rover_rate_setpoint__builder.hpp\n'}
[2.773713] (px4_msgs) StdoutLine: {'line': b'-- Up-to-date symlink: /home/maanavjugalshah/SwarmAero/ros2_ws/install/px4_msgs/include/px4_msgs/px4_msgs/msg/detail/rover_rate_setpoint__struct.hpp\n'}
[2.773789] (px4_msgs) StdoutLine: {'line': b'-- Up-to-date symlink: /home/maanavjugalshah/SwarmAero/ros2_ws/install/px4_msgs/include/px4_msgs/px4_msgs/msg/detail/rover_rate_setpoint__traits.hpp\n'}
[2.773924] (px4_msgs) StdoutLine: {'line': b'-- Up-to-date symlink: /home/maanavjugalshah/SwarmAero/ros2_ws/install/px4_msgs/include/px4_msgs/px4_msgs/msg/detail/rover_rate_setpoint__type_support.hpp\n'}
[2.773968] (px4_msgs) StdoutLine: {'line': b'-- Up-to-date symlink: /home/maanavjugalshah/SwarmAero/ros2_ws/install/px4_msgs/include/px4_msgs/px4_msgs/msg/detail/rover_rate_status__builder.hpp\n'}
[2.774036] (px4_msgs) StdoutLine: {'line': b'-- Up-to-date symlink: /home/maanavjugalshah/SwarmAero/ros2_ws/install/px4_msgs/include/px4_msgs/px4_msgs/msg/detail/rover_rate_status__struct.hpp\n'}
[2.774110] (px4_msgs) StdoutLine: {'line': b'-- Up-to-date symlink: /home/maanavjugalshah/SwarmAero/ros2_ws/install/px4_msgs/include/px4_msgs/px4_msgs/msg/detail/rover_rate_status__traits.hpp\n'}
[2.774333] (px4_msgs) StdoutLine: {'line': b'-- Up-to-date symlink: /home/maanavjugalshah/SwarmAero/ros2_ws/install/px4_msgs/include/px4_msgs/px4_msgs/msg/detail/rover_rate_status__type_support.hpp\n'}
[2.774450] (px4_msgs) StdoutLine: {'line': b'-- Up-to-date symlink: /home/maanavjugalshah/SwarmAero/ros2_ws/install/px4_msgs/include/px4_msgs/px4_msgs/msg/detail/rover_speed_setpoint__builder.hpp\n'}
[2.774540] (px4_msgs) StdoutLine: {'line': b'-- Up-to-date symlink: /home/maanavjugalshah/SwarmAero/ros2_ws/install/px4_msgs/include/px4_msgs/px4_msgs/msg/detail/rover_speed_setpoint__struct.hpp\n'}
[2.774657] (px4_msgs) StdoutLine: {'line': b'-- Up-to-date symlink: /home/maanavjugalshah/SwarmAero/ros2_ws/install/px4_msgs/include/px4_msgs/px4_msgs/msg/detail/rover_speed_setpoint__traits.hpp\n'}
[2.774921] (px4_msgs) StdoutLine: {'line': b'-- Up-to-date symlink: /home/maanavjugalshah/SwarmAero/ros2_ws/install/px4_msgs/include/px4_msgs/px4_msgs/msg/detail/rover_speed_setpoint__type_support.hpp\n'}
[2.775070] (px4_msgs) StdoutLine: {'line': b'-- Up-to-date symlink: /home/maanavjugalshah/SwarmAero/ros2_ws/install/px4_msgs/include/px4_msgs/px4_msgs/msg/detail/rover_speed_status__builder.hpp\n'}
[2.775137] (px4_msgs) StdoutLine: {'line': b'-- Up-to-date symlink: /home/maanavjugalshah/SwarmAero/ros2_ws/install/px4_msgs/include/px4_msgs/px4_msgs/msg/detail/rover_speed_status__struct.hpp\n'}
[2.775406] (px4_msgs) StdoutLine: {'line': b'-- Up-to-date symlink: /home/maanavjugalshah/SwarmAero/ros2_ws/install/px4_msgs/include/px4_msgs/px4_msgs/msg/detail/rover_speed_status__traits.hpp\n'}
[2.775478] (px4_msgs) StdoutLine: {'line': b'-- Up-to-date symlink: /home/maanavjugalshah/SwarmAero/ros2_ws/install/px4_msgs/include/px4_msgs/px4_msgs/msg/detail/rover_speed_status__type_support.hpp\n'}
[2.775562] (px4_msgs) StdoutLine: {'line': b'-- Up-to-date symlink: /home/maanavjugalshah/SwarmAero/ros2_ws/install/px4_msgs/include/px4_msgs/px4_msgs/msg/detail/rover_steering_setpoint__builder.hpp\n'}
[2.775678] (px4_msgs) StdoutLine: {'line': b'-- Up-to-date symlink: /home/maanavjugalshah/SwarmAero/ros2_ws/install/px4_msgs/include/px4_msgs/px4_msgs/msg/detail/rover_steering_setpoint__struct.hpp\n'}
[2.775780] (px4_msgs) StdoutLine: {'line': b'-- Up-to-date symlink: /home/maanavjugalshah/SwarmAero/ros2_ws/install/px4_msgs/include/px4_msgs/px4_msgs/msg/detail/rover_steering_setpoint__traits.hpp\n'}
[2.775882] (px4_msgs) StdoutLine: {'line': b'-- Up-to-date symlink: /home/maanavjugalshah/SwarmAero/ros2_ws/install/px4_msgs/include/px4_msgs/px4_msgs/msg/detail/rover_steering_setpoint__type_support.hpp\n'}
[2.776098] (px4_msgs) StdoutLine: {'line': b'-- Up-to-date symlink: /home/maanavjugalshah/SwarmAero/ros2_ws/install/px4_msgs/include/px4_msgs/px4_msgs/msg/detail/rover_throttle_setpoint__builder.hpp\n'}
[2.776230] (px4_msgs) StdoutLine: {'line': b'-- Up-to-date symlink: /home/maanavjugalshah/SwarmAero/ros2_ws/install/px4_msgs/include/px4_msgs/px4_msgs/msg/detail/rover_throttle_setpoint__struct.hpp\n'}
[2.776348] (px4_msgs) StdoutLine: {'line': b'-- Up-to-date symlink: /home/maanavjugalshah/SwarmAero/ros2_ws/install/px4_msgs/include/px4_msgs/px4_msgs/msg/detail/rover_throttle_setpoint__traits.hpp\n'}
[2.776435] (px4_msgs) StdoutLine: {'line': b'-- Up-to-date symlink: /home/maanavjugalshah/SwarmAero/ros2_ws/install/px4_msgs/include/px4_msgs/px4_msgs/msg/detail/rover_throttle_setpoint__type_support.hpp\n'}
[2.776510] (px4_msgs) StdoutLine: {'line': b'-- Up-to-date symlink: /home/maanavjugalshah/SwarmAero/ros2_ws/install/px4_msgs/include/px4_msgs/px4_msgs/msg/detail/rpm__builder.hpp\n'}
[2.776709] (px4_msgs) StdoutLine: {'line': b'-- Up-to-date symlink: /home/maanavjugalshah/SwarmAero/ros2_ws/install/px4_msgs/include/px4_msgs/px4_msgs/msg/detail/rpm__struct.hpp\n'}
[2.776939] (px4_msgs) StdoutLine: {'line': b'-- Up-to-date symlink: /home/maanavjugalshah/SwarmAero/ros2_ws/install/px4_msgs/include/px4_msgs/px4_msgs/msg/detail/rpm__traits.hpp\n'}
[2.777407] (px4_msgs) StdoutLine: {'line': b'-- Up-to-date symlink: /home/maanavjugalshah/SwarmAero/ros2_ws/install/px4_msgs/include/px4_msgs/px4_msgs/msg/detail/rpm__type_support.hpp\n'}
[2.777594] (px4_msgs) StdoutLine: {'line': b'-- Up-to-date symlink: /home/maanavjugalshah/SwarmAero/ros2_ws/install/px4_msgs/include/px4_msgs/px4_msgs/msg/detail/rtl_status__builder.hpp\n'}
[2.777670] (px4_msgs) StdoutLine: {'line': b'-- Up-to-date symlink: /home/maanavjugalshah/SwarmAero/ros2_ws/install/px4_msgs/include/px4_msgs/px4_msgs/msg/detail/rtl_status__struct.hpp\n'}
[2.777709] (px4_msgs) StdoutLine: {'line': b'-- Up-to-date symlink: /home/maanavjugalshah/SwarmAero/ros2_ws/install/px4_msgs/include/px4_msgs/px4_msgs/msg/detail/rtl_status__traits.hpp\n'}
[2.777745] (px4_msgs) StdoutLine: {'line': b'-- Up-to-date symlink: /home/maanavjugalshah/SwarmAero/ros2_ws/install/px4_msgs/include/px4_msgs/px4_msgs/msg/detail/rtl_status__type_support.hpp\n'}
[2.777781] (px4_msgs) StdoutLine: {'line': b'-- Up-to-date symlink: /home/maanavjugalshah/SwarmAero/ros2_ws/install/px4_msgs/include/px4_msgs/px4_msgs/msg/detail/rtl_time_estimate__builder.hpp\n'}
[2.777816] (px4_msgs) StdoutLine: {'line': b'-- Up-to-date symlink: /home/maanavjugalshah/SwarmAero/ros2_ws/install/px4_msgs/include/px4_msgs/px4_msgs/msg/detail/rtl_time_estimate__struct.hpp\n'}
[2.777849] (px4_msgs) StdoutLine: {'line': b'-- Up-to-date symlink: /home/maanavjugalshah/SwarmAero/ros2_ws/install/px4_msgs/include/px4_msgs/px4_msgs/msg/detail/rtl_time_estimate__traits.hpp\n'}
[2.777882] (px4_msgs) StdoutLine: {'line': b'-- Up-to-date symlink: /home/maanavjugalshah/SwarmAero/ros2_ws/install/px4_msgs/include/px4_msgs/px4_msgs/msg/detail/rtl_time_estimate__type_support.hpp\n'}
[2.777915] (px4_msgs) StdoutLine: {'line': b'-- Up-to-date symlink: /home/maanavjugalshah/SwarmAero/ros2_ws/install/px4_msgs/include/px4_msgs/px4_msgs/msg/detail/satellite_info__builder.hpp\n'}
[2.777948] (px4_msgs) StdoutLine: {'line': b'-- Up-to-date symlink: /home/maanavjugalshah/SwarmAero/ros2_ws/install/px4_msgs/include/px4_msgs/px4_msgs/msg/detail/satellite_info__struct.hpp\n'}
[2.777994] (px4_msgs) StdoutLine: {'line': b'-- Up-to-date symlink: /home/maanavjugalshah/SwarmAero/ros2_ws/install/px4_msgs/include/px4_msgs/px4_msgs/msg/detail/satellite_info__traits.hpp\n'}
[2.778044] (px4_msgs) StdoutLine: {'line': b'-- Up-to-date symlink: /home/maanavjugalshah/SwarmAero/ros2_ws/install/px4_msgs/include/px4_msgs/px4_msgs/msg/detail/satellite_info__type_support.hpp\n'}
[2.778082] (px4_msgs) StdoutLine: {'line': b'-- Up-to-date symlink: /home/maanavjugalshah/SwarmAero/ros2_ws/install/px4_msgs/include/px4_msgs/px4_msgs/msg/detail/sensor_accel__builder.hpp\n'}
[2.778116] (px4_msgs) StdoutLine: {'line': b'-- Up-to-date symlink: /home/maanavjugalshah/SwarmAero/ros2_ws/install/px4_msgs/include/px4_msgs/px4_msgs/msg/detail/sensor_accel__struct.hpp\n'}
[2.778151] (px4_msgs) StdoutLine: {'line': b'-- Up-to-date symlink: /home/maanavjugalshah/SwarmAero/ros2_ws/install/px4_msgs/include/px4_msgs/px4_msgs/msg/detail/sensor_accel__traits.hpp\n'}
[2.778185] (px4_msgs) StdoutLine: {'line': b'-- Up-to-date symlink: /home/maanavjugalshah/SwarmAero/ros2_ws/install/px4_msgs/include/px4_msgs/px4_msgs/msg/detail/sensor_accel__type_support.hpp\n'}
[2.778217] (px4_msgs) StdoutLine: {'line': b'-- Up-to-date symlink: /home/maanavjugalshah/SwarmAero/ros2_ws/install/px4_msgs/include/px4_msgs/px4_msgs/msg/detail/sensor_accel_fifo__builder.hpp\n'}
[2.778257] (px4_msgs) StdoutLine: {'line': b'-- Up-to-date symlink: /home/maanavjugalshah/SwarmAero/ros2_ws/install/px4_msgs/include/px4_msgs/px4_msgs/msg/detail/sensor_accel_fifo__struct.hpp\n'}
[2.778291] (px4_msgs) StdoutLine: {'line': b'-- Up-to-date symlink: /home/maanavjugalshah/SwarmAero/ros2_ws/install/px4_msgs/include/px4_msgs/px4_msgs/msg/detail/sensor_accel_fifo__traits.hpp\n'}
[2.778326] (px4_msgs) StdoutLine: {'line': b'-- Up-to-date symlink: /home/maanavjugalshah/SwarmAero/ros2_ws/install/px4_msgs/include/px4_msgs/px4_msgs/msg/detail/sensor_accel_fifo__type_support.hpp\n'}
[2.778358] (px4_msgs) StdoutLine: {'line': b'-- Up-to-date symlink: /home/maanavjugalshah/SwarmAero/ros2_ws/install/px4_msgs/include/px4_msgs/px4_msgs/msg/detail/sensor_airflow__builder.hpp\n'}
[2.778390] (px4_msgs) StdoutLine: {'line': b'-- Up-to-date symlink: /home/maanavjugalshah/SwarmAero/ros2_ws/install/px4_msgs/include/px4_msgs/px4_msgs/msg/detail/sensor_airflow__struct.hpp\n'}
[2.778423] (px4_msgs) StdoutLine: {'line': b'-- Up-to-date symlink: /home/maanavjugalshah/SwarmAero/ros2_ws/install/px4_msgs/include/px4_msgs/px4_msgs/msg/detail/sensor_airflow__traits.hpp\n'}
[2.778454] (px4_msgs) StdoutLine: {'line': b'-- Up-to-date symlink: /home/maanavjugalshah/SwarmAero/ros2_ws/install/px4_msgs/include/px4_msgs/px4_msgs/msg/detail/sensor_airflow__type_support.hpp\n'}
[2.778486] (px4_msgs) StdoutLine: {'line': b'-- Up-to-date symlink: /home/maanavjugalshah/SwarmAero/ros2_ws/install/px4_msgs/include/px4_msgs/px4_msgs/msg/detail/sensor_baro__builder.hpp\n'}
[2.778517] (px4_msgs) StdoutLine: {'line': b'-- Up-to-date symlink: /home/maanavjugalshah/SwarmAero/ros2_ws/install/px4_msgs/include/px4_msgs/px4_msgs/msg/detail/sensor_baro__struct.hpp\n'}
[2.778551] (px4_msgs) StdoutLine: {'line': b'-- Up-to-date symlink: /home/maanavjugalshah/SwarmAero/ros2_ws/install/px4_msgs/include/px4_msgs/px4_msgs/msg/detail/sensor_baro__traits.hpp\n'}
[2.778583] (px4_msgs) StdoutLine: {'line': b'-- Up-to-date symlink: /home/maanavjugalshah/SwarmAero/ros2_ws/install/px4_msgs/include/px4_msgs/px4_msgs/msg/detail/sensor_baro__type_support.hpp\n'}
[2.778615] (px4_msgs) StdoutLine: {'line': b'-- Up-to-date symlink: /home/maanavjugalshah/SwarmAero/ros2_ws/install/px4_msgs/include/px4_msgs/px4_msgs/msg/detail/sensor_combined__builder.hpp\n'}
[2.778646] (px4_msgs) StdoutLine: {'line': b'-- Up-to-date symlink: /home/maanavjugalshah/SwarmAero/ros2_ws/install/px4_msgs/include/px4_msgs/px4_msgs/msg/detail/sensor_combined__struct.hpp\n'}
[2.778681] (px4_msgs) StdoutLine: {'line': b'-- Up-to-date symlink: /home/maanavjugalshah/SwarmAero/ros2_ws/install/px4_msgs/include/px4_msgs/px4_msgs/msg/detail/sensor_combined__traits.hpp\n'}
[2.778716] (px4_msgs) StdoutLine: {'line': b'-- Up-to-date symlink: /home/maanavjugalshah/SwarmAero/ros2_ws/install/px4_msgs/include/px4_msgs/px4_msgs/msg/detail/sensor_combined__type_support.hpp\n'}
[2.778749] (px4_msgs) StdoutLine: {'line': b'-- Up-to-date symlink: /home/maanavjugalshah/SwarmAero/ros2_ws/install/px4_msgs/include/px4_msgs/px4_msgs/msg/detail/sensor_correction__builder.hpp\n'}
[2.778782] (px4_msgs) StdoutLine: {'line': b'-- Up-to-date symlink: /home/maanavjugalshah/SwarmAero/ros2_ws/install/px4_msgs/include/px4_msgs/px4_msgs/msg/detail/sensor_correction__struct.hpp\n'}
[2.778813] (px4_msgs) StdoutLine: {'line': b'-- Up-to-date symlink: /home/maanavjugalshah/SwarmAero/ros2_ws/install/px4_msgs/include/px4_msgs/px4_msgs/msg/detail/sensor_correction__traits.hpp\n'}
[2.778844] (px4_msgs) StdoutLine: {'line': b'-- Up-to-date symlink: /home/maanavjugalshah/SwarmAero/ros2_ws/install/px4_msgs/include/px4_msgs/px4_msgs/msg/detail/sensor_correction__type_support.hpp\n'}
[2.778875] (px4_msgs) StdoutLine: {'line': b'-- Up-to-date symlink: /home/maanavjugalshah/SwarmAero/ros2_ws/install/px4_msgs/include/px4_msgs/px4_msgs/msg/detail/sensor_gnss_relative__builder.hpp\n'}
[2.778906] (px4_msgs) StdoutLine: {'line': b'-- Up-to-date symlink: /home/maanavjugalshah/SwarmAero/ros2_ws/install/px4_msgs/include/px4_msgs/px4_msgs/msg/detail/sensor_gnss_relative__struct.hpp\n'}
[2.778935] (px4_msgs) StdoutLine: {'line': b'-- Up-to-date symlink: /home/maanavjugalshah/SwarmAero/ros2_ws/install/px4_msgs/include/px4_msgs/px4_msgs/msg/detail/sensor_gnss_relative__traits.hpp\n'}
[2.778966] (px4_msgs) StdoutLine: {'line': b'-- Up-to-date symlink: /home/maanavjugalshah/SwarmAero/ros2_ws/install/px4_msgs/include/px4_msgs/px4_msgs/msg/detail/sensor_gnss_relative__type_support.hpp\n'}
[2.778999] (px4_msgs) StdoutLine: {'line': b'-- Up-to-date symlink: /home/maanavjugalshah/SwarmAero/ros2_ws/install/px4_msgs/include/px4_msgs/px4_msgs/msg/detail/sensor_gnss_status__builder.hpp\n'}
[2.779029] (px4_msgs) StdoutLine: {'line': b'-- Up-to-date symlink: /home/maanavjugalshah/SwarmAero/ros2_ws/install/px4_msgs/include/px4_msgs/px4_msgs/msg/detail/sensor_gnss_status__struct.hpp\n'}
[2.779061] (px4_msgs) StdoutLine: {'line': b'-- Up-to-date symlink: /home/maanavjugalshah/SwarmAero/ros2_ws/install/px4_msgs/include/px4_msgs/px4_msgs/msg/detail/sensor_gnss_status__traits.hpp\n'}
[2.779092] (px4_msgs) StdoutLine: {'line': b'-- Up-to-date symlink: /home/maanavjugalshah/SwarmAero/ros2_ws/install/px4_msgs/include/px4_msgs/px4_msgs/msg/detail/sensor_gnss_status__type_support.hpp\n'}
[2.779123] (px4_msgs) StdoutLine: {'line': b'-- Up-to-date symlink: /home/maanavjugalshah/SwarmAero/ros2_ws/install/px4_msgs/include/px4_msgs/px4_msgs/msg/detail/sensor_gps__builder.hpp\n'}
[2.779160] (px4_msgs) StdoutLine: {'line': b'-- Up-to-date symlink: /home/maanavjugalshah/SwarmAero/ros2_ws/install/px4_msgs/include/px4_msgs/px4_msgs/msg/detail/sensor_gps__struct.hpp\n'}
[2.779193] (px4_msgs) StdoutLine: {'line': b'-- Up-to-date symlink: /home/maanavjugalshah/SwarmAero/ros2_ws/install/px4_msgs/include/px4_msgs/px4_msgs/msg/detail/sensor_gps__traits.hpp\n'}
[2.779224] (px4_msgs) StdoutLine: {'line': b'-- Up-to-date symlink: /home/maanavjugalshah/SwarmAero/ros2_ws/install/px4_msgs/include/px4_msgs/px4_msgs/msg/detail/sensor_gps__type_support.hpp\n'}
[2.779255] (px4_msgs) StdoutLine: {'line': b'-- Up-to-date symlink: /home/maanavjugalshah/SwarmAero/ros2_ws/install/px4_msgs/include/px4_msgs/px4_msgs/msg/detail/sensor_gyro__builder.hpp\n'}
[2.779317] (px4_msgs) StdoutLine: {'line': b'-- Up-to-date symlink: /home/maanavjugalshah/SwarmAero/ros2_ws/install/px4_msgs/include/px4_msgs/px4_msgs/msg/detail/sensor_gyro__struct.hpp\n'}
[2.779360] (px4_msgs) StdoutLine: {'line': b'-- Up-to-date symlink: /home/maanavjugalshah/SwarmAero/ros2_ws/install/px4_msgs/include/px4_msgs/px4_msgs/msg/detail/sensor_gyro__traits.hpp\n'}
[2.779396] (px4_msgs) StdoutLine: {'line': b'-- Up-to-date symlink: /home/maanavjugalshah/SwarmAero/ros2_ws/install/px4_msgs/include/px4_msgs/px4_msgs/msg/detail/sensor_gyro__type_support.hpp\n'}
[2.779434] (px4_msgs) StdoutLine: {'line': b'-- Up-to-date symlink: /home/maanavjugalshah/SwarmAero/ros2_ws/install/px4_msgs/include/px4_msgs/px4_msgs/msg/detail/sensor_gyro_fft__builder.hpp\n'}
[2.779468] (px4_msgs) StdoutLine: {'line': b'-- Up-to-date symlink: /home/maanavjugalshah/SwarmAero/ros2_ws/install/px4_msgs/include/px4_msgs/px4_msgs/msg/detail/sensor_gyro_fft__struct.hpp\n'}
[2.779585] (px4_msgs) StdoutLine: {'line': b'-- Up-to-date symlink: /home/maanavjugalshah/SwarmAero/ros2_ws/install/px4_msgs/include/px4_msgs/px4_msgs/msg/detail/sensor_gyro_fft__traits.hpp\n'}
[2.779657] (px4_msgs) StdoutLine: {'line': b'-- Up-to-date symlink: /home/maanavjugalshah/SwarmAero/ros2_ws/install/px4_msgs/include/px4_msgs/px4_msgs/msg/detail/sensor_gyro_fft__type_support.hpp\n'}
[2.779701] (px4_msgs) StdoutLine: {'line': b'-- Up-to-date symlink: /home/maanavjugalshah/SwarmAero/ros2_ws/install/px4_msgs/include/px4_msgs/px4_msgs/msg/detail/sensor_gyro_fifo__builder.hpp\n'}
[2.779738] (px4_msgs) StdoutLine: {'line': b'-- Up-to-date symlink: /home/maanavjugalshah/SwarmAero/ros2_ws/install/px4_msgs/include/px4_msgs/px4_msgs/msg/detail/sensor_gyro_fifo__struct.hpp\n'}
[2.779773] (px4_msgs) StdoutLine: {'line': b'-- Up-to-date symlink: /home/maanavjugalshah/SwarmAero/ros2_ws/install/px4_msgs/include/px4_msgs/px4_msgs/msg/detail/sensor_gyro_fifo__traits.hpp\n'}
[2.779806] (px4_msgs) StdoutLine: {'line': b'-- Up-to-date symlink: /home/maanavjugalshah/SwarmAero/ros2_ws/install/px4_msgs/include/px4_msgs/px4_msgs/msg/detail/sensor_gyro_fifo__type_support.hpp\n'}
[2.779839] (px4_msgs) StdoutLine: {'line': b'-- Up-to-date symlink: /home/maanavjugalshah/SwarmAero/ros2_ws/install/px4_msgs/include/px4_msgs/px4_msgs/msg/detail/sensor_hygrometer__builder.hpp\n'}
[2.779875] (px4_msgs) StdoutLine: {'line': b'-- Up-to-date symlink: /home/maanavjugalshah/SwarmAero/ros2_ws/install/px4_msgs/include/px4_msgs/px4_msgs/msg/detail/sensor_hygrometer__struct.hpp\n'}
[2.779908] (px4_msgs) StdoutLine: {'line': b'-- Up-to-date symlink: /home/maanavjugalshah/SwarmAero/ros2_ws/install/px4_msgs/include/px4_msgs/px4_msgs/msg/detail/sensor_hygrometer__traits.hpp\n'}
[2.779941] (px4_msgs) StdoutLine: {'line': b'-- Up-to-date symlink: /home/maanavjugalshah/SwarmAero/ros2_ws/install/px4_msgs/include/px4_msgs/px4_msgs/msg/detail/sensor_hygrometer__type_support.hpp\n'}
[2.779976] (px4_msgs) StdoutLine: {'line': b'-- Up-to-date symlink: /home/maanavjugalshah/SwarmAero/ros2_ws/install/px4_msgs/include/px4_msgs/px4_msgs/msg/detail/sensor_mag__builder.hpp\n'}
[2.780010] (px4_msgs) StdoutLine: {'line': b'-- Up-to-date symlink: /home/maanavjugalshah/SwarmAero/ros2_ws/install/px4_msgs/include/px4_msgs/px4_msgs/msg/detail/sensor_mag__struct.hpp\n'}
[2.780043] (px4_msgs) StdoutLine: {'line': b'-- Up-to-date symlink: /home/maanavjugalshah/SwarmAero/ros2_ws/install/px4_msgs/include/px4_msgs/px4_msgs/msg/detail/sensor_mag__traits.hpp\n'}
[2.780077] (px4_msgs) StdoutLine: {'line': b'-- Up-to-date symlink: /home/maanavjugalshah/SwarmAero/ros2_ws/install/px4_msgs/include/px4_msgs/px4_msgs/msg/detail/sensor_mag__type_support.hpp\n'}
[2.780110] (px4_msgs) StdoutLine: {'line': b'-- Up-to-date symlink: /home/maanavjugalshah/SwarmAero/ros2_ws/install/px4_msgs/include/px4_msgs/px4_msgs/msg/detail/sensor_optical_flow__builder.hpp\n'}
[2.780143] (px4_msgs) StdoutLine: {'line': b'-- Up-to-date symlink: /home/maanavjugalshah/SwarmAero/ros2_ws/install/px4_msgs/include/px4_msgs/px4_msgs/msg/detail/sensor_optical_flow__struct.hpp\n'}
[2.780175] (px4_msgs) StdoutLine: {'line': b'-- Up-to-date symlink: /home/maanavjugalshah/SwarmAero/ros2_ws/install/px4_msgs/include/px4_msgs/px4_msgs/msg/detail/sensor_optical_flow__traits.hpp\n'}
[2.780209] (px4_msgs) StdoutLine: {'line': b'-- Up-to-date symlink: /home/maanavjugalshah/SwarmAero/ros2_ws/install/px4_msgs/include/px4_msgs/px4_msgs/msg/detail/sensor_optical_flow__type_support.hpp\n'}
[2.780245] (px4_msgs) StdoutLine: {'line': b'-- Up-to-date symlink: /home/maanavjugalshah/SwarmAero/ros2_ws/install/px4_msgs/include/px4_msgs/px4_msgs/msg/detail/sensor_preflight_mag__builder.hpp\n'}
[2.780281] (px4_msgs) StdoutLine: {'line': b'-- Up-to-date symlink: /home/maanavjugalshah/SwarmAero/ros2_ws/install/px4_msgs/include/px4_msgs/px4_msgs/msg/detail/sensor_preflight_mag__struct.hpp\n'}
[2.780312] (px4_msgs) StdoutLine: {'line': b'-- Up-to-date symlink: /home/maanavjugalshah/SwarmAero/ros2_ws/install/px4_msgs/include/px4_msgs/px4_msgs/msg/detail/sensor_preflight_mag__traits.hpp\n'}
[2.780347] (px4_msgs) StdoutLine: {'line': b'-- Up-to-date symlink: /home/maanavjugalshah/SwarmAero/ros2_ws/install/px4_msgs/include/px4_msgs/px4_msgs/msg/detail/sensor_preflight_mag__type_support.hpp\n'}
[2.780380] (px4_msgs) StdoutLine: {'line': b'-- Up-to-date symlink: /home/maanavjugalshah/SwarmAero/ros2_ws/install/px4_msgs/include/px4_msgs/px4_msgs/msg/detail/sensor_selection__builder.hpp\n'}
[2.780416] (px4_msgs) StdoutLine: {'line': b'-- Up-to-date symlink: /home/maanavjugalshah/SwarmAero/ros2_ws/install/px4_msgs/include/px4_msgs/px4_msgs/msg/detail/sensor_selection__struct.hpp\n'}
[2.780450] (px4_msgs) StdoutLine: {'line': b'-- Up-to-date symlink: /home/maanavjugalshah/SwarmAero/ros2_ws/install/px4_msgs/include/px4_msgs/px4_msgs/msg/detail/sensor_selection__traits.hpp\n'}
[2.780489] (px4_msgs) StdoutLine: {'line': b'-- Up-to-date symlink: /home/maanavjugalshah/SwarmAero/ros2_ws/install/px4_msgs/include/px4_msgs/px4_msgs/msg/detail/sensor_selection__type_support.hpp\n'}
[2.780524] (px4_msgs) StdoutLine: {'line': b'-- Up-to-date symlink: /home/maanavjugalshah/SwarmAero/ros2_ws/install/px4_msgs/include/px4_msgs/px4_msgs/msg/detail/sensor_temp__builder.hpp\n'}
[2.780561] (px4_msgs) StdoutLine: {'line': b'-- Up-to-date symlink: /home/maanavjugalshah/SwarmAero/ros2_ws/install/px4_msgs/include/px4_msgs/px4_msgs/msg/detail/sensor_temp__struct.hpp\n'}
[2.780600] (px4_msgs) StdoutLine: {'line': b'-- Up-to-date symlink: /home/maanavjugalshah/SwarmAero/ros2_ws/install/px4_msgs/include/px4_msgs/px4_msgs/msg/detail/sensor_temp__traits.hpp\n'}
[2.780641] (px4_msgs) StdoutLine: {'line': b'-- Up-to-date symlink: /home/maanavjugalshah/SwarmAero/ros2_ws/install/px4_msgs/include/px4_msgs/px4_msgs/msg/detail/sensor_temp__type_support.hpp\n'}
[2.780678] (px4_msgs) StdoutLine: {'line': b'-- Up-to-date symlink: /home/maanavjugalshah/SwarmAero/ros2_ws/install/px4_msgs/include/px4_msgs/px4_msgs/msg/detail/sensor_uwb__builder.hpp\n'}
[2.780716] (px4_msgs) StdoutLine: {'line': b'-- Up-to-date symlink: /home/maanavjugalshah/SwarmAero/ros2_ws/install/px4_msgs/include/px4_msgs/px4_msgs/msg/detail/sensor_uwb__struct.hpp\n'}
[2.780753] (px4_msgs) StdoutLine: {'line': b'-- Up-to-date symlink: /home/maanavjugalshah/SwarmAero/ros2_ws/install/px4_msgs/include/px4_msgs/px4_msgs/msg/detail/sensor_uwb__traits.hpp\n'}
[2.780795] (px4_msgs) StdoutLine: {'line': b'-- Up-to-date symlink: /home/maanavjugalshah/SwarmAero/ros2_ws/install/px4_msgs/include/px4_msgs/px4_msgs/msg/detail/sensor_uwb__type_support.hpp\n'}
[2.780833] (px4_msgs) StdoutLine: {'line': b'-- Up-to-date symlink: /home/maanavjugalshah/SwarmAero/ros2_ws/install/px4_msgs/include/px4_msgs/px4_msgs/msg/detail/sensors_status__builder.hpp\n'}
[2.781231] (px4_msgs) StdoutLine: {'line': b'-- Up-to-date symlink: /home/maanavjugalshah/SwarmAero/ros2_ws/install/px4_msgs/include/px4_msgs/px4_msgs/msg/detail/sensors_status__struct.hpp\n'}
[2.781348] (px4_msgs) StdoutLine: {'line': b'-- Up-to-date symlink: /home/maanavjugalshah/SwarmAero/ros2_ws/install/px4_msgs/include/px4_msgs/px4_msgs/msg/detail/sensors_status__traits.hpp\n'}
[2.781429] (px4_msgs) StdoutLine: {'line': b'-- Up-to-date symlink: /home/maanavjugalshah/SwarmAero/ros2_ws/install/px4_msgs/include/px4_msgs/px4_msgs/msg/detail/sensors_status__type_support.hpp\n'}
[2.781475] (px4_msgs) StdoutLine: {'line': b'-- Up-to-date symlink: /home/maanavjugalshah/SwarmAero/ros2_ws/install/px4_msgs/include/px4_msgs/px4_msgs/msg/detail/sensors_status_imu__builder.hpp\n'}
[2.781516] (px4_msgs) StdoutLine: {'line': b'-- Up-to-date symlink: /home/maanavjugalshah/SwarmAero/ros2_ws/install/px4_msgs/include/px4_msgs/px4_msgs/msg/detail/sensors_status_imu__struct.hpp\n'}
[2.781553] (px4_msgs) StdoutLine: {'line': b'-- Up-to-date symlink: /home/maanavjugalshah/SwarmAero/ros2_ws/install/px4_msgs/include/px4_msgs/px4_msgs/msg/detail/sensors_status_imu__traits.hpp\n'}
[2.781619] (px4_msgs) StdoutLine: {'line': b'-- Up-to-date symlink: /home/maanavjugalshah/SwarmAero/ros2_ws/install/px4_msgs/include/px4_msgs/px4_msgs/msg/detail/sensors_status_imu__type_support.hpp\n'}
[2.781685] (px4_msgs) StdoutLine: {'line': b'-- Up-to-date symlink: /home/maanavjugalshah/SwarmAero/ros2_ws/install/px4_msgs/include/px4_msgs/px4_msgs/msg/detail/system_power__builder.hpp\n'}
[2.781726] (px4_msgs) StdoutLine: {'line': b'-- Up-to-date symlink: /home/maanavjugalshah/SwarmAero/ros2_ws/install/px4_msgs/include/px4_msgs/px4_msgs/msg/detail/system_power__struct.hpp\n'}
[2.781762] (px4_msgs) StdoutLine: {'line': b'-- Up-to-date symlink: /home/maanavjugalshah/SwarmAero/ros2_ws/install/px4_msgs/include/px4_msgs/px4_msgs/msg/detail/system_power__traits.hpp\n'}
[2.781799] (px4_msgs) StdoutLine: {'line': b'-- Up-to-date symlink: /home/maanavjugalshah/SwarmAero/ros2_ws/install/px4_msgs/include/px4_msgs/px4_msgs/msg/detail/system_power__type_support.hpp\n'}
[2.781835] (px4_msgs) StdoutLine: {'line': b'-- Up-to-date symlink: /home/maanavjugalshah/SwarmAero/ros2_ws/install/px4_msgs/include/px4_msgs/px4_msgs/msg/detail/takeoff_status__builder.hpp\n'}
[2.781882] (px4_msgs) StdoutLine: {'line': b'-- Up-to-date symlink: /home/maanavjugalshah/SwarmAero/ros2_ws/install/px4_msgs/include/px4_msgs/px4_msgs/msg/detail/takeoff_status__struct.hpp\n'}
[2.781917] (px4_msgs) StdoutLine: {'line': b'-- Up-to-date symlink: /home/maanavjugalshah/SwarmAero/ros2_ws/install/px4_msgs/include/px4_msgs/px4_msgs/msg/detail/takeoff_status__traits.hpp\n'}
[2.781954] (px4_msgs) StdoutLine: {'line': b'-- Up-to-date symlink: /home/maanavjugalshah/SwarmAero/ros2_ws/install/px4_msgs/include/px4_msgs/px4_msgs/msg/detail/takeoff_status__type_support.hpp\n'}
[2.781988] (px4_msgs) StdoutLine: {'line': b'-- Up-to-date symlink: /home/maanavjugalshah/SwarmAero/ros2_ws/install/px4_msgs/include/px4_msgs/px4_msgs/msg/detail/task_stack_info__builder.hpp\n'}
[2.782025] (px4_msgs) StdoutLine: {'line': b'-- Up-to-date symlink: /home/maanavjugalshah/SwarmAero/ros2_ws/install/px4_msgs/include/px4_msgs/px4_msgs/msg/detail/task_stack_info__struct.hpp\n'}
[2.782059] (px4_msgs) StdoutLine: {'line': b'-- Up-to-date symlink: /home/maanavjugalshah/SwarmAero/ros2_ws/install/px4_msgs/include/px4_msgs/px4_msgs/msg/detail/task_stack_info__traits.hpp\n'}
[2.782094] (px4_msgs) StdoutLine: {'line': b'-- Up-to-date symlink: /home/maanavjugalshah/SwarmAero/ros2_ws/install/px4_msgs/include/px4_msgs/px4_msgs/msg/detail/task_stack_info__type_support.hpp\n'}
[2.782127] (px4_msgs) StdoutLine: {'line': b'-- Up-to-date symlink: /home/maanavjugalshah/SwarmAero/ros2_ws/install/px4_msgs/include/px4_msgs/px4_msgs/msg/detail/tecs_status__builder.hpp\n'}
[2.782159] (px4_msgs) StdoutLine: {'line': b'-- Up-to-date symlink: /home/maanavjugalshah/SwarmAero/ros2_ws/install/px4_msgs/include/px4_msgs/px4_msgs/msg/detail/tecs_status__struct.hpp\n'}
[2.782192] (px4_msgs) StdoutLine: {'line': b'-- Up-to-date symlink: /home/maanavjugalshah/SwarmAero/ros2_ws/install/px4_msgs/include/px4_msgs/px4_msgs/msg/detail/tecs_status__traits.hpp\n'}
[2.782226] (px4_msgs) StdoutLine: {'line': b'-- Up-to-date symlink: /home/maanavjugalshah/SwarmAero/ros2_ws/install/px4_msgs/include/px4_msgs/px4_msgs/msg/detail/tecs_status__type_support.hpp\n'}
[2.782262] (px4_msgs) StdoutLine: {'line': b'-- Up-to-date symlink: /home/maanavjugalshah/SwarmAero/ros2_ws/install/px4_msgs/include/px4_msgs/px4_msgs/msg/detail/telemetry_status__builder.hpp\n'}
[2.782297] (px4_msgs) StdoutLine: {'line': b'-- Up-to-date symlink: /home/maanavjugalshah/SwarmAero/ros2_ws/install/px4_msgs/include/px4_msgs/px4_msgs/msg/detail/telemetry_status__struct.hpp\n'}
[2.782378] (px4_msgs) StdoutLine: {'line': b'-- Up-to-date symlink: /home/maanavjugalshah/SwarmAero/ros2_ws/install/px4_msgs/include/px4_msgs/px4_msgs/msg/detail/telemetry_status__traits.hpp\n'}
[2.782446] (px4_msgs) StdoutLine: {'line': b'-- Up-to-date symlink: /home/maanavjugalshah/SwarmAero/ros2_ws/install/px4_msgs/include/px4_msgs/px4_msgs/msg/detail/telemetry_status__type_support.hpp\n'}
[2.782487] (px4_msgs) StdoutLine: {'line': b'-- Up-to-date symlink: /home/maanavjugalshah/SwarmAero/ros2_ws/install/px4_msgs/include/px4_msgs/px4_msgs/msg/detail/tiltrotor_extra_controls__builder.hpp\n'}
[2.782522] (px4_msgs) StdoutLine: {'line': b'-- Up-to-date symlink: /home/maanavjugalshah/SwarmAero/ros2_ws/install/px4_msgs/include/px4_msgs/px4_msgs/msg/detail/tiltrotor_extra_controls__struct.hpp\n'}
[2.782558] (px4_msgs) StdoutLine: {'line': b'-- Up-to-date symlink: /home/maanavjugalshah/SwarmAero/ros2_ws/install/px4_msgs/include/px4_msgs/px4_msgs/msg/detail/tiltrotor_extra_controls__traits.hpp\n'}
[2.782593] (px4_msgs) StdoutLine: {'line': b'-- Up-to-date symlink: /home/maanavjugalshah/SwarmAero/ros2_ws/install/px4_msgs/include/px4_msgs/px4_msgs/msg/detail/tiltrotor_extra_controls__type_support.hpp\n'}
[2.782628] (px4_msgs) StdoutLine: {'line': b'-- Up-to-date symlink: /home/maanavjugalshah/SwarmAero/ros2_ws/install/px4_msgs/include/px4_msgs/px4_msgs/msg/detail/timesync_status__builder.hpp\n'}
[2.782712] (px4_msgs) StdoutLine: {'line': b'-- Up-to-date symlink: /home/maanavjugalshah/SwarmAero/ros2_ws/install/px4_msgs/include/px4_msgs/px4_msgs/msg/detail/timesync_status__struct.hpp\n'}
[2.782864] (px4_msgs) StdoutLine: {'line': b'-- Up-to-date symlink: /home/maanavjugalshah/SwarmAero/ros2_ws/install/px4_msgs/include/px4_msgs/px4_msgs/msg/detail/timesync_status__traits.hpp\n'}
[2.782941] (px4_msgs) StdoutLine: {'line': b'-- Up-to-date symlink: /home/maanavjugalshah/SwarmAero/ros2_ws/install/px4_msgs/include/px4_msgs/px4_msgs/msg/detail/timesync_status__type_support.hpp\n'}
[2.783198] (px4_msgs) StdoutLine: {'line': b'-- Up-to-date symlink: /home/maanavjugalshah/SwarmAero/ros2_ws/install/px4_msgs/include/px4_msgs/px4_msgs/msg/detail/trajectory_setpoint6dof__builder.hpp\n'}
[2.783306] (px4_msgs) StdoutLine: {'line': b'-- Up-to-date symlink: /home/maanavjugalshah/SwarmAero/ros2_ws/install/px4_msgs/include/px4_msgs/px4_msgs/msg/detail/trajectory_setpoint6dof__struct.hpp\n'}
[2.783350] (px4_msgs) StdoutLine: {'line': b'-- Up-to-date symlink: /home/maanavjugalshah/SwarmAero/ros2_ws/install/px4_msgs/include/px4_msgs/px4_msgs/msg/detail/trajectory_setpoint6dof__traits.hpp\n'}
[2.783574] (px4_msgs) StdoutLine: {'line': b'-- Up-to-date symlink: /home/maanavjugalshah/SwarmAero/ros2_ws/install/px4_msgs/include/px4_msgs/px4_msgs/msg/detail/trajectory_setpoint6dof__type_support.hpp\n'}
[2.783704] (px4_msgs) StdoutLine: {'line': b'-- Up-to-date symlink: /home/maanavjugalshah/SwarmAero/ros2_ws/install/px4_msgs/include/px4_msgs/px4_msgs/msg/detail/trajectory_setpoint__builder.hpp\n'}
[2.783820] (px4_msgs) StdoutLine: {'line': b'-- Up-to-date symlink: /home/maanavjugalshah/SwarmAero/ros2_ws/install/px4_msgs/include/px4_msgs/px4_msgs/msg/detail/trajectory_setpoint__struct.hpp\n'}
[2.783867] (px4_msgs) StdoutLine: {'line': b'-- Up-to-date symlink: /home/maanavjugalshah/SwarmAero/ros2_ws/install/px4_msgs/include/px4_msgs/px4_msgs/msg/detail/trajectory_setpoint__traits.hpp\n'}
[2.783912] (px4_msgs) StdoutLine: {'line': b'-- Up-to-date symlink: /home/maanavjugalshah/SwarmAero/ros2_ws/install/px4_msgs/include/px4_msgs/px4_msgs/msg/detail/trajectory_setpoint__type_support.hpp\n'}
[2.784166] (px4_msgs) StdoutLine: {'line': b'-- Up-to-date symlink: /home/maanavjugalshah/SwarmAero/ros2_ws/install/px4_msgs/include/px4_msgs/px4_msgs/msg/detail/transponder_report__builder.hpp\n'}
[2.784270] (px4_msgs) StdoutLine: {'line': b'-- Up-to-date symlink: /home/maanavjugalshah/SwarmAero/ros2_ws/install/px4_msgs/include/px4_msgs/px4_msgs/msg/detail/transponder_report__struct.hpp\n'}
[2.784372] (px4_msgs) StdoutLine: {'line': b'-- Up-to-date symlink: /home/maanavjugalshah/SwarmAero/ros2_ws/install/px4_msgs/include/px4_msgs/px4_msgs/msg/detail/transponder_report__traits.hpp\n'}
[2.784447] (px4_msgs) StdoutLine: {'line': b'-- Up-to-date symlink: /home/maanavjugalshah/SwarmAero/ros2_ws/install/px4_msgs/include/px4_msgs/px4_msgs/msg/detail/transponder_report__type_support.hpp\n'}
[2.784573] (px4_msgs) StdoutLine: {'line': b'-- Up-to-date symlink: /home/maanavjugalshah/SwarmAero/ros2_ws/install/px4_msgs/include/px4_msgs/px4_msgs/msg/detail/tune_control__builder.hpp\n'}
[2.784688] (px4_msgs) StdoutLine: {'line': b'-- Up-to-date symlink: /home/maanavjugalshah/SwarmAero/ros2_ws/install/px4_msgs/include/px4_msgs/px4_msgs/msg/detail/tune_control__struct.hpp\n'}
[2.784759] (px4_msgs) StdoutLine: {'line': b'-- Up-to-date symlink: /home/maanavjugalshah/SwarmAero/ros2_ws/install/px4_msgs/include/px4_msgs/px4_msgs/msg/detail/tune_control__traits.hpp\n'}
[2.784847] (px4_msgs) StdoutLine: {'line': b'-- Up-to-date symlink: /home/maanavjugalshah/SwarmAero/ros2_ws/install/px4_msgs/include/px4_msgs/px4_msgs/msg/detail/tune_control__type_support.hpp\n'}
[2.785141] (px4_msgs) StdoutLine: {'line': b'-- Up-to-date symlink: /home/maanavjugalshah/SwarmAero/ros2_ws/install/px4_msgs/include/px4_msgs/px4_msgs/msg/detail/uavcan_parameter_request__builder.hpp\n'}
[2.785460] (px4_msgs) StdoutLine: {'line': b'-- Up-to-date symlink: /home/maanavjugalshah/SwarmAero/ros2_ws/install/px4_msgs/include/px4_msgs/px4_msgs/msg/detail/uavcan_parameter_request__struct.hpp\n'}
[2.785614] (px4_msgs) StdoutLine: {'line': b'-- Up-to-date symlink: /home/maanavjugalshah/SwarmAero/ros2_ws/install/px4_msgs/include/px4_msgs/px4_msgs/msg/detail/uavcan_parameter_request__traits.hpp\n'}
[2.785781] (px4_msgs) StdoutLine: {'line': b'-- Up-to-date symlink: /home/maanavjugalshah/SwarmAero/ros2_ws/install/px4_msgs/include/px4_msgs/px4_msgs/msg/detail/uavcan_parameter_request__type_support.hpp\n'}
[2.785907] (px4_msgs) StdoutLine: {'line': b'-- Up-to-date symlink: /home/maanavjugalshah/SwarmAero/ros2_ws/install/px4_msgs/include/px4_msgs/px4_msgs/msg/detail/uavcan_parameter_value__builder.hpp\n'}
[2.786011] (px4_msgs) StdoutLine: {'line': b'-- Up-to-date symlink: /home/maanavjugalshah/SwarmAero/ros2_ws/install/px4_msgs/include/px4_msgs/px4_msgs/msg/detail/uavcan_parameter_value__struct.hpp\n'}
[2.786116] (px4_msgs) StdoutLine: {'line': b'-- Up-to-date symlink: /home/maanavjugalshah/SwarmAero/ros2_ws/install/px4_msgs/include/px4_msgs/px4_msgs/msg/detail/uavcan_parameter_value__traits.hpp\n'}
[2.786218] (px4_msgs) StdoutLine: {'line': b'-- Up-to-date symlink: /home/maanavjugalshah/SwarmAero/ros2_ws/install/px4_msgs/include/px4_msgs/px4_msgs/msg/detail/uavcan_parameter_value__type_support.hpp\n'}
[2.786482] (px4_msgs) StdoutLine: {'line': b'-- Up-to-date symlink: /home/maanavjugalshah/SwarmAero/ros2_ws/install/px4_msgs/include/px4_msgs/px4_msgs/msg/detail/ulog_stream__builder.hpp\n'}
[2.786643] (px4_msgs) StdoutLine: {'line': b'-- Up-to-date symlink: /home/maanavjugalshah/SwarmAero/ros2_ws/install/px4_msgs/include/px4_msgs/px4_msgs/msg/detail/ulog_stream__struct.hpp\n'}
[2.786796] (px4_msgs) StdoutLine: {'line': b'-- Up-to-date symlink: /home/maanavjugalshah/SwarmAero/ros2_ws/install/px4_msgs/include/px4_msgs/px4_msgs/msg/detail/ulog_stream__traits.hpp\n'}
[2.786865] (px4_msgs) StdoutLine: {'line': b'-- Up-to-date symlink: /home/maanavjugalshah/SwarmAero/ros2_ws/install/px4_msgs/include/px4_msgs/px4_msgs/msg/detail/ulog_stream__type_support.hpp\n'}
[2.787056] (px4_msgs) StdoutLine: {'line': b'-- Up-to-date symlink: /home/maanavjugalshah/SwarmAero/ros2_ws/install/px4_msgs/include/px4_msgs/px4_msgs/msg/detail/ulog_stream_ack__builder.hpp\n'}
[2.787193] (px4_msgs) StdoutLine: {'line': b'-- Up-to-date symlink: /home/maanavjugalshah/SwarmAero/ros2_ws/install/px4_msgs/include/px4_msgs/px4_msgs/msg/detail/ulog_stream_ack__struct.hpp\n'}
[2.787237] (px4_msgs) StdoutLine: {'line': b'-- Up-to-date symlink: /home/maanavjugalshah/SwarmAero/ros2_ws/install/px4_msgs/include/px4_msgs/px4_msgs/msg/detail/ulog_stream_ack__traits.hpp\n'}
[2.787377] (px4_msgs) StdoutLine: {'line': b'-- Up-to-date symlink: /home/maanavjugalshah/SwarmAero/ros2_ws/install/px4_msgs/include/px4_msgs/px4_msgs/msg/detail/ulog_stream_ack__type_support.hpp\n'}
[2.787525] (px4_msgs) StdoutLine: {'line': b'-- Up-to-date symlink: /home/maanavjugalshah/SwarmAero/ros2_ws/install/px4_msgs/include/px4_msgs/px4_msgs/msg/detail/unregister_ext_component__builder.hpp\n'}
[2.787655] (px4_msgs) StdoutLine: {'line': b'-- Up-to-date symlink: /home/maanavjugalshah/SwarmAero/ros2_ws/install/px4_msgs/include/px4_msgs/px4_msgs/msg/detail/unregister_ext_component__struct.hpp\n'}
[2.787761] (px4_msgs) StdoutLine: {'line': b'-- Up-to-date symlink: /home/maanavjugalshah/SwarmAero/ros2_ws/install/px4_msgs/include/px4_msgs/px4_msgs/msg/detail/unregister_ext_component__traits.hpp\n'}
[2.787813] (px4_msgs) StdoutLine: {'line': b'-- Up-to-date symlink: /home/maanavjugalshah/SwarmAero/ros2_ws/install/px4_msgs/include/px4_msgs/px4_msgs/msg/detail/unregister_ext_component__type_support.hpp\n'}
[2.787993] (px4_msgs) StdoutLine: {'line': b'-- Up-to-date symlink: /home/maanavjugalshah/SwarmAero/ros2_ws/install/px4_msgs/include/px4_msgs/px4_msgs/msg/detail/vehicle_acceleration__builder.hpp\n'}
[2.788040] (px4_msgs) StdoutLine: {'line': b'-- Up-to-date symlink: /home/maanavjugalshah/SwarmAero/ros2_ws/install/px4_msgs/include/px4_msgs/px4_msgs/msg/detail/vehicle_acceleration__struct.hpp\n'}
[2.788127] (px4_msgs) StdoutLine: {'line': b'-- Up-to-date symlink: /home/maanavjugalshah/SwarmAero/ros2_ws/install/px4_msgs/include/px4_msgs/px4_msgs/msg/detail/vehicle_acceleration__traits.hpp\n'}
[2.788309] (px4_msgs) StdoutLine: {'line': b'-- Up-to-date symlink: /home/maanavjugalshah/SwarmAero/ros2_ws/install/px4_msgs/include/px4_msgs/px4_msgs/msg/detail/vehicle_acceleration__type_support.hpp\n'}
[2.788457] (px4_msgs) StdoutLine: {'line': b'-- Up-to-date symlink: /home/maanavjugalshah/SwarmAero/ros2_ws/install/px4_msgs/include/px4_msgs/px4_msgs/msg/detail/vehicle_air_data__builder.hpp\n'}
[2.788695] (px4_msgs) StdoutLine: {'line': b'-- Up-to-date symlink: /home/maanavjugalshah/SwarmAero/ros2_ws/install/px4_msgs/include/px4_msgs/px4_msgs/msg/detail/vehicle_air_data__struct.hpp\n'}
[2.788813] (px4_msgs) StdoutLine: {'line': b'-- Up-to-date symlink: /home/maanavjugalshah/SwarmAero/ros2_ws/install/px4_msgs/include/px4_msgs/px4_msgs/msg/detail/vehicle_air_data__traits.hpp\n'}
[2.788855] (px4_msgs) StdoutLine: {'line': b'-- Up-to-date symlink: /home/maanavjugalshah/SwarmAero/ros2_ws/install/px4_msgs/include/px4_msgs/px4_msgs/msg/detail/vehicle_air_data__type_support.hpp\n'}
[2.788891] (px4_msgs) StdoutLine: {'line': b'-- Up-to-date symlink: /home/maanavjugalshah/SwarmAero/ros2_ws/install/px4_msgs/include/px4_msgs/px4_msgs/msg/detail/vehicle_angular_acceleration_setpoint__builder.hpp\n'}
[2.788926] (px4_msgs) StdoutLine: {'line': b'-- Up-to-date symlink: /home/maanavjugalshah/SwarmAero/ros2_ws/install/px4_msgs/include/px4_msgs/px4_msgs/msg/detail/vehicle_angular_acceleration_setpoint__struct.hpp\n'}
[2.788960] (px4_msgs) StdoutLine: {'line': b'-- Up-to-date symlink: /home/maanavjugalshah/SwarmAero/ros2_ws/install/px4_msgs/include/px4_msgs/px4_msgs/msg/detail/vehicle_angular_acceleration_setpoint__traits.hpp\n'}
[2.788995] (px4_msgs) StdoutLine: {'line': b'-- Up-to-date symlink: /home/maanavjugalshah/SwarmAero/ros2_ws/install/px4_msgs/include/px4_msgs/px4_msgs/msg/detail/vehicle_angular_acceleration_setpoint__type_support.hpp\n'}
[2.789077] (px4_msgs) StdoutLine: {'line': b'-- Up-to-date symlink: /home/maanavjugalshah/SwarmAero/ros2_ws/install/px4_msgs/include/px4_msgs/px4_msgs/msg/detail/vehicle_angular_velocity__builder.hpp\n'}
[2.789161] (px4_msgs) StdoutLine: {'line': b'-- Up-to-date symlink: /home/maanavjugalshah/SwarmAero/ros2_ws/install/px4_msgs/include/px4_msgs/px4_msgs/msg/detail/vehicle_angular_velocity__struct.hpp\n'}
[2.789258] (px4_msgs) StdoutLine: {'line': b'-- Up-to-date symlink: /home/maanavjugalshah/SwarmAero/ros2_ws/install/px4_msgs/include/px4_msgs/px4_msgs/msg/detail/vehicle_angular_velocity__traits.hpp\n'}
[2.789470] (px4_msgs) StdoutLine: {'line': b'-- Up-to-date symlink: /home/maanavjugalshah/SwarmAero/ros2_ws/install/px4_msgs/include/px4_msgs/px4_msgs/msg/detail/vehicle_angular_velocity__type_support.hpp\n'}
[2.789558] (px4_msgs) StdoutLine: {'line': b'-- Up-to-date symlink: /home/maanavjugalshah/SwarmAero/ros2_ws/install/px4_msgs/include/px4_msgs/px4_msgs/msg/detail/vehicle_attitude__builder.hpp\n'}
[2.789660] (px4_msgs) StdoutLine: {'line': b'-- Up-to-date symlink: /home/maanavjugalshah/SwarmAero/ros2_ws/install/px4_msgs/include/px4_msgs/px4_msgs/msg/detail/vehicle_attitude__struct.hpp\n'}
[2.789761] (px4_msgs) StdoutLine: {'line': b'-- Up-to-date symlink: /home/maanavjugalshah/SwarmAero/ros2_ws/install/px4_msgs/include/px4_msgs/px4_msgs/msg/detail/vehicle_attitude__traits.hpp\n'}
[2.789904] (px4_msgs) StdoutLine: {'line': b'-- Up-to-date symlink: /home/maanavjugalshah/SwarmAero/ros2_ws/install/px4_msgs/include/px4_msgs/px4_msgs/msg/detail/vehicle_attitude__type_support.hpp\n'}
[2.789948] (px4_msgs) StdoutLine: {'line': b'-- Up-to-date symlink: /home/maanavjugalshah/SwarmAero/ros2_ws/install/px4_msgs/include/px4_msgs/px4_msgs/msg/detail/vehicle_attitude_setpoint__builder.hpp\n'}
[2.790064] (px4_msgs) StdoutLine: {'line': b'-- Up-to-date symlink: /home/maanavjugalshah/SwarmAero/ros2_ws/install/px4_msgs/include/px4_msgs/px4_msgs/msg/detail/vehicle_attitude_setpoint__struct.hpp\n'}
[2.790340] (px4_msgs) StdoutLine: {'line': b'-- Up-to-date symlink: /home/maanavjugalshah/SwarmAero/ros2_ws/install/px4_msgs/include/px4_msgs/px4_msgs/msg/detail/vehicle_attitude_setpoint__traits.hpp\n'}
[2.790503] (px4_msgs) StdoutLine: {'line': b'-- Up-to-date symlink: /home/maanavjugalshah/SwarmAero/ros2_ws/install/px4_msgs/include/px4_msgs/px4_msgs/msg/detail/vehicle_attitude_setpoint__type_support.hpp\n'}
[2.790551] (px4_msgs) StdoutLine: {'line': b'-- Up-to-date symlink: /home/maanavjugalshah/SwarmAero/ros2_ws/install/px4_msgs/include/px4_msgs/px4_msgs/msg/detail/vehicle_command__builder.hpp\n'}
[2.790630] (px4_msgs) StdoutLine: {'line': b'-- Up-to-date symlink: /home/maanavjugalshah/SwarmAero/ros2_ws/install/px4_msgs/include/px4_msgs/px4_msgs/msg/detail/vehicle_command__struct.hpp\n'}
[2.790743] (px4_msgs) StdoutLine: {'line': b'-- Up-to-date symlink: /home/maanavjugalshah/SwarmAero/ros2_ws/install/px4_msgs/include/px4_msgs/px4_msgs/msg/detail/vehicle_command__traits.hpp\n'}
[2.790889] (px4_msgs) StdoutLine: {'line': b'-- Up-to-date symlink: /home/maanavjugalshah/SwarmAero/ros2_ws/install/px4_msgs/include/px4_msgs/px4_msgs/msg/detail/vehicle_command__type_support.hpp\n'}
[2.790935] (px4_msgs) StdoutLine: {'line': b'-- Up-to-date symlink: /home/maanavjugalshah/SwarmAero/ros2_ws/install/px4_msgs/include/px4_msgs/px4_msgs/msg/detail/vehicle_command_ack__builder.hpp\n'}
[2.791202] (px4_msgs) StdoutLine: {'line': b'-- Up-to-date symlink: /home/maanavjugalshah/SwarmAero/ros2_ws/install/px4_msgs/include/px4_msgs/px4_msgs/msg/detail/vehicle_command_ack__struct.hpp\n'}
[2.791258] (px4_msgs) StdoutLine: {'line': b'-- Up-to-date symlink: /home/maanavjugalshah/SwarmAero/ros2_ws/install/px4_msgs/include/px4_msgs/px4_msgs/msg/detail/vehicle_command_ack__traits.hpp\n'}
[2.791353] (px4_msgs) StdoutLine: {'line': b'-- Up-to-date symlink: /home/maanavjugalshah/SwarmAero/ros2_ws/install/px4_msgs/include/px4_msgs/px4_msgs/msg/detail/vehicle_command_ack__type_support.hpp\n'}
[2.791505] (px4_msgs) StdoutLine: {'line': b'-- Up-to-date symlink: /home/maanavjugalshah/SwarmAero/ros2_ws/install/px4_msgs/include/px4_msgs/px4_msgs/msg/detail/vehicle_constraints__builder.hpp\n'}
[2.791630] (px4_msgs) StdoutLine: {'line': b'-- Up-to-date symlink: /home/maanavjugalshah/SwarmAero/ros2_ws/install/px4_msgs/include/px4_msgs/px4_msgs/msg/detail/vehicle_constraints__struct.hpp\n'}
[2.791811] (px4_msgs) StdoutLine: {'line': b'-- Up-to-date symlink: /home/maanavjugalshah/SwarmAero/ros2_ws/install/px4_msgs/include/px4_msgs/px4_msgs/msg/detail/vehicle_constraints__traits.hpp\n'}
[2.791854] (px4_msgs) StdoutLine: {'line': b'-- Up-to-date symlink: /home/maanavjugalshah/SwarmAero/ros2_ws/install/px4_msgs/include/px4_msgs/px4_msgs/msg/detail/vehicle_constraints__type_support.hpp\n'}
[2.791890] (px4_msgs) StdoutLine: {'line': b'-- Up-to-date symlink: /home/maanavjugalshah/SwarmAero/ros2_ws/install/px4_msgs/include/px4_msgs/px4_msgs/msg/detail/vehicle_control_mode__builder.hpp\n'}
[2.791924] (px4_msgs) StdoutLine: {'line': b'-- Up-to-date symlink: /home/maanavjugalshah/SwarmAero/ros2_ws/install/px4_msgs/include/px4_msgs/px4_msgs/msg/detail/vehicle_control_mode__struct.hpp\n'}
[2.791959] (px4_msgs) StdoutLine: {'line': b'-- Up-to-date symlink: /home/maanavjugalshah/SwarmAero/ros2_ws/install/px4_msgs/include/px4_msgs/px4_msgs/msg/detail/vehicle_control_mode__traits.hpp\n'}
[2.791993] (px4_msgs) StdoutLine: {'line': b'-- Up-to-date symlink: /home/maanavjugalshah/SwarmAero/ros2_ws/install/px4_msgs/include/px4_msgs/px4_msgs/msg/detail/vehicle_control_mode__type_support.hpp\n'}
[2.792028] (px4_msgs) StdoutLine: {'line': b'-- Up-to-date symlink: /home/maanavjugalshah/SwarmAero/ros2_ws/install/px4_msgs/include/px4_msgs/px4_msgs/msg/detail/vehicle_global_position__builder.hpp\n'}
[2.792207] (px4_msgs) StdoutLine: {'line': b'-- Up-to-date symlink: /home/maanavjugalshah/SwarmAero/ros2_ws/install/px4_msgs/include/px4_msgs/px4_msgs/msg/detail/vehicle_global_position__struct.hpp\n'}
[2.792317] (px4_msgs) StdoutLine: {'line': b'-- Up-to-date symlink: /home/maanavjugalshah/SwarmAero/ros2_ws/install/px4_msgs/include/px4_msgs/px4_msgs/msg/detail/vehicle_global_position__traits.hpp\n'}
[2.792436] (px4_msgs) StdoutLine: {'line': b'-- Up-to-date symlink: /home/maanavjugalshah/SwarmAero/ros2_ws/install/px4_msgs/include/px4_msgs/px4_msgs/msg/detail/vehicle_global_position__type_support.hpp\n'}
[2.792474] (px4_msgs) StdoutLine: {'line': b'-- Up-to-date symlink: /home/maanavjugalshah/SwarmAero/ros2_ws/install/px4_msgs/include/px4_msgs/px4_msgs/msg/detail/vehicle_imu__builder.hpp\n'}
[2.792516] (px4_msgs) StdoutLine: {'line': b'-- Up-to-date symlink: /home/maanavjugalshah/SwarmAero/ros2_ws/install/px4_msgs/include/px4_msgs/px4_msgs/msg/detail/vehicle_imu__struct.hpp\n'}
[2.792675] (px4_msgs) StdoutLine: {'line': b'-- Up-to-date symlink: /home/maanavjugalshah/SwarmAero/ros2_ws/install/px4_msgs/include/px4_msgs/px4_msgs/msg/detail/vehicle_imu__traits.hpp\n'}
[2.793316] (px4_msgs) StdoutLine: {'line': b'-- Up-to-date symlink: /home/maanavjugalshah/SwarmAero/ros2_ws/install/px4_msgs/include/px4_msgs/px4_msgs/msg/detail/vehicle_imu__type_support.hpp\n'}
[2.794033] (px4_msgs) StdoutLine: {'line': b'-- Up-to-date symlink: /home/maanavjugalshah/SwarmAero/ros2_ws/install/px4_msgs/include/px4_msgs/px4_msgs/msg/detail/vehicle_imu_status__builder.hpp\n'}
[2.794179] (px4_msgs) StdoutLine: {'line': b'-- Up-to-date symlink: /home/maanavjugalshah/SwarmAero/ros2_ws/install/px4_msgs/include/px4_msgs/px4_msgs/msg/detail/vehicle_imu_status__struct.hpp\n'}
[2.794444] (px4_msgs) StdoutLine: {'line': b'-- Up-to-date symlink: /home/maanavjugalshah/SwarmAero/ros2_ws/install/px4_msgs/include/px4_msgs/px4_msgs/msg/detail/vehicle_imu_status__traits.hpp\n'}
[2.794559] (px4_msgs) StdoutLine: {'line': b'-- Up-to-date symlink: /home/maanavjugalshah/SwarmAero/ros2_ws/install/px4_msgs/include/px4_msgs/px4_msgs/msg/detail/vehicle_imu_status__type_support.hpp\n'}
[2.794679] (px4_msgs) StdoutLine: {'line': b'-- Up-to-date symlink: /home/maanavjugalshah/SwarmAero/ros2_ws/install/px4_msgs/include/px4_msgs/px4_msgs/msg/detail/vehicle_land_detected__builder.hpp\n'}
[2.794753] (px4_msgs) StdoutLine: {'line': b'-- Up-to-date symlink: /home/maanavjugalshah/SwarmAero/ros2_ws/install/px4_msgs/include/px4_msgs/px4_msgs/msg/detail/vehicle_land_detected__struct.hpp\n'}
[2.795160] (px4_msgs) StdoutLine: {'line': b'-- Up-to-date symlink: /home/maanavjugalshah/SwarmAero/ros2_ws/install/px4_msgs/include/px4_msgs/px4_msgs/msg/detail/vehicle_land_detected__traits.hpp\n'}
[2.795271] (px4_msgs) StdoutLine: {'line': b'-- Up-to-date symlink: /home/maanavjugalshah/SwarmAero/ros2_ws/install/px4_msgs/include/px4_msgs/px4_msgs/msg/detail/vehicle_land_detected__type_support.hpp\n'}
[2.795370] (px4_msgs) StdoutLine: {'line': b'-- Up-to-date symlink: /home/maanavjugalshah/SwarmAero/ros2_ws/install/px4_msgs/include/px4_msgs/px4_msgs/msg/detail/vehicle_local_position__builder.hpp\n'}
[2.795510] (px4_msgs) StdoutLine: {'line': b'-- Up-to-date symlink: /home/maanavjugalshah/SwarmAero/ros2_ws/install/px4_msgs/include/px4_msgs/px4_msgs/msg/detail/vehicle_local_position__struct.hpp\n'}
[2.795699] (px4_msgs) StdoutLine: {'line': b'-- Up-to-date symlink: /home/maanavjugalshah/SwarmAero/ros2_ws/install/px4_msgs/include/px4_msgs/px4_msgs/msg/detail/vehicle_local_position__traits.hpp\n'}
[2.795820] (px4_msgs) StdoutLine: {'line': b'-- Up-to-date symlink: /home/maanavjugalshah/SwarmAero/ros2_ws/install/px4_msgs/include/px4_msgs/px4_msgs/msg/detail/vehicle_local_position__type_support.hpp\n'}
[2.795935] (px4_msgs) StdoutLine: {'line': b'-- Up-to-date symlink: /home/maanavjugalshah/SwarmAero/ros2_ws/install/px4_msgs/include/px4_msgs/px4_msgs/msg/detail/vehicle_local_position_setpoint__builder.hpp\n'}
[2.796050] (px4_msgs) StdoutLine: {'line': b'-- Up-to-date symlink: /home/maanavjugalshah/SwarmAero/ros2_ws/install/px4_msgs/include/px4_msgs/px4_msgs/msg/detail/vehicle_local_position_setpoint__struct.hpp\n'}
[2.796189] (px4_msgs) StdoutLine: {'line': b'-- Up-to-date symlink: /home/maanavjugalshah/SwarmAero/ros2_ws/install/px4_msgs/include/px4_msgs/px4_msgs/msg/detail/vehicle_local_position_setpoint__traits.hpp\n'}
[2.796254] (px4_msgs) StdoutLine: {'line': b'-- Up-to-date symlink: /home/maanavjugalshah/SwarmAero/ros2_ws/install/px4_msgs/include/px4_msgs/px4_msgs/msg/detail/vehicle_local_position_setpoint__type_support.hpp\n'}
[2.796446] (px4_msgs) StdoutLine: {'line': b'-- Up-to-date symlink: /home/maanavjugalshah/SwarmAero/ros2_ws/install/px4_msgs/include/px4_msgs/px4_msgs/msg/detail/vehicle_magnetometer__builder.hpp\n'}
[2.796547] (px4_msgs) StdoutLine: {'line': b'-- Up-to-date symlink: /home/maanavjugalshah/SwarmAero/ros2_ws/install/px4_msgs/include/px4_msgs/px4_msgs/msg/detail/vehicle_magnetometer__struct.hpp\n'}
[2.796848] (px4_msgs) StdoutLine: {'line': b'-- Up-to-date symlink: /home/maanavjugalshah/SwarmAero/ros2_ws/install/px4_msgs/include/px4_msgs/px4_msgs/msg/detail/vehicle_magnetometer__traits.hpp\n'}
[2.797347] (px4_msgs) StdoutLine: {'line': b'-- Up-to-date symlink: /home/maanavjugalshah/SwarmAero/ros2_ws/install/px4_msgs/include/px4_msgs/px4_msgs/msg/detail/vehicle_magnetometer__type_support.hpp\n'}
[2.797685] (px4_msgs) StdoutLine: {'line': b'-- Up-to-date symlink: /home/maanavjugalshah/SwarmAero/ros2_ws/install/px4_msgs/include/px4_msgs/px4_msgs/msg/detail/vehicle_odometry__builder.hpp\n'}
[2.797939] (px4_msgs) StdoutLine: {'line': b'-- Up-to-date symlink: /home/maanavjugalshah/SwarmAero/ros2_ws/install/px4_msgs/include/px4_msgs/px4_msgs/msg/detail/vehicle_odometry__struct.hpp\n'}
[2.798141] (px4_msgs) StdoutLine: {'line': b'-- Up-to-date symlink: /home/maanavjugalshah/SwarmAero/ros2_ws/install/px4_msgs/include/px4_msgs/px4_msgs/msg/detail/vehicle_odometry__traits.hpp\n'}
[2.798390] (px4_msgs) StdoutLine: {'line': b'-- Up-to-date symlink: /home/maanavjugalshah/SwarmAero/ros2_ws/install/px4_msgs/include/px4_msgs/px4_msgs/msg/detail/vehicle_odometry__type_support.hpp\n'}
[2.798512] (px4_msgs) StdoutLine: {'line': b'-- Up-to-date symlink: /home/maanavjugalshah/SwarmAero/ros2_ws/install/px4_msgs/include/px4_msgs/px4_msgs/msg/detail/vehicle_optical_flow__builder.hpp\n'}
[2.798661] (px4_msgs) StdoutLine: {'line': b'-- Up-to-date symlink: /home/maanavjugalshah/SwarmAero/ros2_ws/install/px4_msgs/include/px4_msgs/px4_msgs/msg/detail/vehicle_optical_flow__struct.hpp\n'}
[2.798882] (px4_msgs) StdoutLine: {'line': b'-- Up-to-date symlink: /home/maanavjugalshah/SwarmAero/ros2_ws/install/px4_msgs/include/px4_msgs/px4_msgs/msg/detail/vehicle_optical_flow__traits.hpp\n'}
[2.798929] (px4_msgs) StdoutLine: {'line': b'-- Up-to-date symlink: /home/maanavjugalshah/SwarmAero/ros2_ws/install/px4_msgs/include/px4_msgs/px4_msgs/msg/detail/vehicle_optical_flow__type_support.hpp\n'}
[2.799011] (px4_msgs) StdoutLine: {'line': b'-- Up-to-date symlink: /home/maanavjugalshah/SwarmAero/ros2_ws/install/px4_msgs/include/px4_msgs/px4_msgs/msg/detail/vehicle_optical_flow_vel__builder.hpp\n'}
[2.799109] (px4_msgs) StdoutLine: {'line': b'-- Up-to-date symlink: /home/maanavjugalshah/SwarmAero/ros2_ws/install/px4_msgs/include/px4_msgs/px4_msgs/msg/detail/vehicle_optical_flow_vel__struct.hpp\n'}
[2.799268] (px4_msgs) StdoutLine: {'line': b'-- Up-to-date symlink: /home/maanavjugalshah/SwarmAero/ros2_ws/install/px4_msgs/include/px4_msgs/px4_msgs/msg/detail/vehicle_optical_flow_vel__traits.hpp\n'}
[2.799324] (px4_msgs) StdoutLine: {'line': b'-- Up-to-date symlink: /home/maanavjugalshah/SwarmAero/ros2_ws/install/px4_msgs/include/px4_msgs/px4_msgs/msg/detail/vehicle_optical_flow_vel__type_support.hpp\n'}
[2.799412] (px4_msgs) StdoutLine: {'line': b'-- Up-to-date symlink: /home/maanavjugalshah/SwarmAero/ros2_ws/install/px4_msgs/include/px4_msgs/px4_msgs/msg/detail/vehicle_rates_setpoint__builder.hpp\n'}
[2.799610] (px4_msgs) StdoutLine: {'line': b'-- Up-to-date symlink: /home/maanavjugalshah/SwarmAero/ros2_ws/install/px4_msgs/include/px4_msgs/px4_msgs/msg/detail/vehicle_rates_setpoint__struct.hpp\n'}
[2.799753] (px4_msgs) StdoutLine: {'line': b'-- Up-to-date symlink: /home/maanavjugalshah/SwarmAero/ros2_ws/install/px4_msgs/include/px4_msgs/px4_msgs/msg/detail/vehicle_rates_setpoint__traits.hpp\n'}
[2.799876] (px4_msgs) StdoutLine: {'line': b'-- Up-to-date symlink: /home/maanavjugalshah/SwarmAero/ros2_ws/install/px4_msgs/include/px4_msgs/px4_msgs/msg/detail/vehicle_rates_setpoint__type_support.hpp\n'}
[2.799914] (px4_msgs) StdoutLine: {'line': b'-- Up-to-date symlink: /home/maanavjugalshah/SwarmAero/ros2_ws/install/px4_msgs/include/px4_msgs/px4_msgs/msg/detail/vehicle_roi__builder.hpp\n'}
[2.799952] (px4_msgs) StdoutLine: {'line': b'-- Up-to-date symlink: /home/maanavjugalshah/SwarmAero/ros2_ws/install/px4_msgs/include/px4_msgs/px4_msgs/msg/detail/vehicle_roi__struct.hpp\n'}
[2.800050] (px4_msgs) StdoutLine: {'line': b'-- Up-to-date symlink: /home/maanavjugalshah/SwarmAero/ros2_ws/install/px4_msgs/include/px4_msgs/px4_msgs/msg/detail/vehicle_roi__traits.hpp\n'}
[2.800288] (px4_msgs) StdoutLine: {'line': b'-- Up-to-date symlink: /home/maanavjugalshah/SwarmAero/ros2_ws/install/px4_msgs/include/px4_msgs/px4_msgs/msg/detail/vehicle_roi__type_support.hpp\n'}
[2.800440] (px4_msgs) StdoutLine: {'line': b'-- Up-to-date symlink: /home/maanavjugalshah/SwarmAero/ros2_ws/install/px4_msgs/include/px4_msgs/px4_msgs/msg/detail/vehicle_status__builder.hpp\n'}
[2.800487] (px4_msgs) StdoutLine: {'line': b'-- Up-to-date symlink: /home/maanavjugalshah/SwarmAero/ros2_ws/install/px4_msgs/include/px4_msgs/px4_msgs/msg/detail/vehicle_status__struct.hpp\n'}
[2.800676] (px4_msgs) StdoutLine: {'line': b'-- Up-to-date symlink: /home/maanavjugalshah/SwarmAero/ros2_ws/install/px4_msgs/include/px4_msgs/px4_msgs/msg/detail/vehicle_status__traits.hpp\n'}
[2.800765] (px4_msgs) StdoutLine: {'line': b'-- Up-to-date symlink: /home/maanavjugalshah/SwarmAero/ros2_ws/install/px4_msgs/include/px4_msgs/px4_msgs/msg/detail/vehicle_status__type_support.hpp\n'}
[2.801271] (px4_msgs) StdoutLine: {'line': b'-- Up-to-date symlink: /home/maanavjugalshah/SwarmAero/ros2_ws/install/px4_msgs/include/px4_msgs/px4_msgs/msg/detail/vehicle_thrust_setpoint__builder.hpp\n'}
[2.801609] (px4_msgs) StdoutLine: {'line': b'-- Up-to-date symlink: /home/maanavjugalshah/SwarmAero/ros2_ws/install/px4_msgs/include/px4_msgs/px4_msgs/msg/detail/vehicle_thrust_setpoint__struct.hpp\n'}
[2.801826] (px4_msgs) StdoutLine: {'line': b'-- Up-to-date symlink: /home/maanavjugalshah/SwarmAero/ros2_ws/install/px4_msgs/include/px4_msgs/px4_msgs/msg/detail/vehicle_thrust_setpoint__traits.hpp\n'}
[2.801896] (px4_msgs) StdoutLine: {'line': b'-- Up-to-date symlink: /home/maanavjugalshah/SwarmAero/ros2_ws/install/px4_msgs/include/px4_msgs/px4_msgs/msg/detail/vehicle_thrust_setpoint__type_support.hpp\n'}
[2.801935] (px4_msgs) StdoutLine: {'line': b'-- Up-to-date symlink: /home/maanavjugalshah/SwarmAero/ros2_ws/install/px4_msgs/include/px4_msgs/px4_msgs/msg/detail/vehicle_torque_setpoint__builder.hpp\n'}
[2.801977] (px4_msgs) StdoutLine: {'line': b'-- Up-to-date symlink: /home/maanavjugalshah/SwarmAero/ros2_ws/install/px4_msgs/include/px4_msgs/px4_msgs/msg/detail/vehicle_torque_setpoint__struct.hpp\n'}
[2.802174] (px4_msgs) StdoutLine: {'line': b'-- Up-to-date symlink: /home/maanavjugalshah/SwarmAero/ros2_ws/install/px4_msgs/include/px4_msgs/px4_msgs/msg/detail/vehicle_torque_setpoint__traits.hpp\n'}
[2.802363] (px4_msgs) StdoutLine: {'line': b'-- Up-to-date symlink: /home/maanavjugalshah/SwarmAero/ros2_ws/install/px4_msgs/include/px4_msgs/px4_msgs/msg/detail/vehicle_torque_setpoint__type_support.hpp\n'}
[2.802573] (px4_msgs) StdoutLine: {'line': b'-- Up-to-date symlink: /home/maanavjugalshah/SwarmAero/ros2_ws/install/px4_msgs/include/px4_msgs/px4_msgs/msg/detail/velocity_limits__builder.hpp\n'}
[2.802629] (px4_msgs) StdoutLine: {'line': b'-- Up-to-date symlink: /home/maanavjugalshah/SwarmAero/ros2_ws/install/px4_msgs/include/px4_msgs/px4_msgs/msg/detail/velocity_limits__struct.hpp\n'}
[2.802820] (px4_msgs) StdoutLine: {'line': b'-- Up-to-date symlink: /home/maanavjugalshah/SwarmAero/ros2_ws/install/px4_msgs/include/px4_msgs/px4_msgs/msg/detail/velocity_limits__traits.hpp\n'}
[2.802999] (px4_msgs) StdoutLine: {'line': b'-- Up-to-date symlink: /home/maanavjugalshah/SwarmAero/ros2_ws/install/px4_msgs/include/px4_msgs/px4_msgs/msg/detail/velocity_limits__type_support.hpp\n'}
[2.803349] (px4_msgs) StdoutLine: {'line': b'-- Up-to-date symlink: /home/maanavjugalshah/SwarmAero/ros2_ws/install/px4_msgs/include/px4_msgs/px4_msgs/msg/detail/vtol_vehicle_status__builder.hpp\n'}
[2.803490] (px4_msgs) StdoutLine: {'line': b'-- Up-to-date symlink: /home/maanavjugalshah/SwarmAero/ros2_ws/install/px4_msgs/include/px4_msgs/px4_msgs/msg/detail/vtol_vehicle_status__struct.hpp\n'}
[2.803540] (px4_msgs) StdoutLine: {'line': b'-- Up-to-date symlink: /home/maanavjugalshah/SwarmAero/ros2_ws/install/px4_msgs/include/px4_msgs/px4_msgs/msg/detail/vtol_vehicle_status__traits.hpp\n'}
[2.803583] (px4_msgs) StdoutLine: {'line': b'-- Up-to-date symlink: /home/maanavjugalshah/SwarmAero/ros2_ws/install/px4_msgs/include/px4_msgs/px4_msgs/msg/detail/vtol_vehicle_status__type_support.hpp\n'}
[2.803620] (px4_msgs) StdoutLine: {'line': b'-- Up-to-date symlink: /home/maanavjugalshah/SwarmAero/ros2_ws/install/px4_msgs/include/px4_msgs/px4_msgs/msg/detail/vtx__builder.hpp\n'}
[2.803659] (px4_msgs) StdoutLine: {'line': b'-- Up-to-date symlink: /home/maanavjugalshah/SwarmAero/ros2_ws/install/px4_msgs/include/px4_msgs/px4_msgs/msg/detail/vtx__struct.hpp\n'}
[2.803810] (px4_msgs) StdoutLine: {'line': b'-- Up-to-date symlink: /home/maanavjugalshah/SwarmAero/ros2_ws/install/px4_msgs/include/px4_msgs/px4_msgs/msg/detail/vtx__traits.hpp\n'}
[2.803961] (px4_msgs) StdoutLine: {'line': b'-- Up-to-date symlink: /home/maanavjugalshah/SwarmAero/ros2_ws/install/px4_msgs/include/px4_msgs/px4_msgs/msg/detail/vtx__type_support.hpp\n'}
[2.804083] (px4_msgs) StdoutLine: {'line': b'-- Up-to-date symlink: /home/maanavjugalshah/SwarmAero/ros2_ws/install/px4_msgs/include/px4_msgs/px4_msgs/msg/detail/wheel_encoders__builder.hpp\n'}
[2.804356] (px4_msgs) StdoutLine: {'line': b'-- Up-to-date symlink: /home/maanavjugalshah/SwarmAero/ros2_ws/install/px4_msgs/include/px4_msgs/px4_msgs/msg/detail/wheel_encoders__struct.hpp\n'}
[2.804452] (px4_msgs) StdoutLine: {'line': b'-- Up-to-date symlink: /home/maanavjugalshah/SwarmAero/ros2_ws/install/px4_msgs/include/px4_msgs/px4_msgs/msg/detail/wheel_encoders__traits.hpp\n'}
[2.804496] (px4_msgs) StdoutLine: {'line': b'-- Up-to-date symlink: /home/maanavjugalshah/SwarmAero/ros2_ws/install/px4_msgs/include/px4_msgs/px4_msgs/msg/detail/wheel_encoders__type_support.hpp\n'}
[2.804577] (px4_msgs) StdoutLine: {'line': b'-- Up-to-date symlink: /home/maanavjugalshah/SwarmAero/ros2_ws/install/px4_msgs/include/px4_msgs/px4_msgs/msg/detail/wind__builder.hpp\n'}
[2.804652] (px4_msgs) StdoutLine: {'line': b'-- Up-to-date symlink: /home/maanavjugalshah/SwarmAero/ros2_ws/install/px4_msgs/include/px4_msgs/px4_msgs/msg/detail/wind__struct.hpp\n'}
[2.804738] (px4_msgs) StdoutLine: {'line': b'-- Up-to-date symlink: /home/maanavjugalshah/SwarmAero/ros2_ws/install/px4_msgs/include/px4_msgs/px4_msgs/msg/detail/wind__traits.hpp\n'}
[2.804787] (px4_msgs) StdoutLine: {'line': b'-- Up-to-date symlink: /home/maanavjugalshah/SwarmAero/ros2_ws/install/px4_msgs/include/px4_msgs/px4_msgs/msg/detail/wind__type_support.hpp\n'}
[2.804880] (px4_msgs) StdoutLine: {'line': b'-- Up-to-date symlink: /home/maanavjugalshah/SwarmAero/ros2_ws/install/px4_msgs/include/px4_msgs/px4_msgs/msg/detail/yaw_estimator_status__builder.hpp\n'}
[2.804979] (px4_msgs) StdoutLine: {'line': b'-- Up-to-date symlink: /home/maanavjugalshah/SwarmAero/ros2_ws/install/px4_msgs/include/px4_msgs/px4_msgs/msg/detail/yaw_estimator_status__struct.hpp\n'}
[2.805177] (px4_msgs) StdoutLine: {'line': b'-- Up-to-date symlink: /home/maanavjugalshah/SwarmAero/ros2_ws/install/px4_msgs/include/px4_msgs/px4_msgs/msg/detail/yaw_estimator_status__traits.hpp\n'}
[2.805246] (px4_msgs) StdoutLine: {'line': b'-- Up-to-date symlink: /home/maanavjugalshah/SwarmAero/ros2_ws/install/px4_msgs/include/px4_msgs/px4_msgs/msg/detail/yaw_estimator_status__type_support.hpp\n'}
[2.805285] (px4_msgs) StdoutLine: {'line': b'-- Up-to-date symlink: /home/maanavjugalshah/SwarmAero/ros2_ws/install/px4_msgs/include/px4_msgs/px4_msgs/msg/device_information.hpp\n'}
[2.805472] (px4_msgs) StdoutLine: {'line': b'-- Up-to-date symlink: /home/maanavjugalshah/SwarmAero/ros2_ws/install/px4_msgs/include/px4_msgs/px4_msgs/msg/differential_pressure.hpp\n'}
[2.805568] (px4_msgs) StdoutLine: {'line': b'-- Up-to-date symlink: /home/maanavjugalshah/SwarmAero/ros2_ws/install/px4_msgs/include/px4_msgs/px4_msgs/msg/distance_sensor.hpp\n'}
[2.805642] (px4_msgs) StdoutLine: {'line': b'-- Up-to-date symlink: /home/maanavjugalshah/SwarmAero/ros2_ws/install/px4_msgs/include/px4_msgs/px4_msgs/msg/distance_sensor_mode_change_request.hpp\n'}
[2.805731] (px4_msgs) StdoutLine: {'line': b'-- Up-to-date symlink: /home/maanavjugalshah/SwarmAero/ros2_ws/install/px4_msgs/include/px4_msgs/px4_msgs/msg/dronecan_node_status.hpp\n'}
[2.805982] (px4_msgs) StdoutLine: {'line': b'-- Up-to-date symlink: /home/maanavjugalshah/SwarmAero/ros2_ws/install/px4_msgs/include/px4_msgs/px4_msgs/msg/ekf2_timestamps.hpp\n'}
[2.806087] (px4_msgs) StdoutLine: {'line': b'-- Up-to-date symlink: /home/maanavjugalshah/SwarmAero/ros2_ws/install/px4_msgs/include/px4_msgs/px4_msgs/msg/esc_eeprom_read.hpp\n'}
[2.806265] (px4_msgs) StdoutLine: {'line': b'-- Up-to-date symlink: /home/maanavjugalshah/SwarmAero/ros2_ws/install/px4_msgs/include/px4_msgs/px4_msgs/msg/esc_eeprom_write.hpp\n'}
[2.806363] (px4_msgs) StdoutLine: {'line': b'-- Up-to-date symlink: /home/maanavjugalshah/SwarmAero/ros2_ws/install/px4_msgs/include/px4_msgs/px4_msgs/msg/esc_report.hpp\n'}
[2.806586] (px4_msgs) StdoutLine: {'line': b'-- Up-to-date symlink: /home/maanavjugalshah/SwarmAero/ros2_ws/install/px4_msgs/include/px4_msgs/px4_msgs/msg/esc_status.hpp\n'}
[2.806780] (px4_msgs) StdoutLine: {'line': b'-- Up-to-date symlink: /home/maanavjugalshah/SwarmAero/ros2_ws/install/px4_msgs/include/px4_msgs/px4_msgs/msg/estimator_aid_source1d.hpp\n'}
[2.807039] (px4_msgs) StdoutLine: {'line': b'-- Up-to-date symlink: /home/maanavjugalshah/SwarmAero/ros2_ws/install/px4_msgs/include/px4_msgs/px4_msgs/msg/estimator_aid_source2d.hpp\n'}
[2.807106] (px4_msgs) StdoutLine: {'line': b'-- Up-to-date symlink: /home/maanavjugalshah/SwarmAero/ros2_ws/install/px4_msgs/include/px4_msgs/px4_msgs/msg/estimator_aid_source3d.hpp\n'}
[2.807194] (px4_msgs) StdoutLine: {'line': b'-- Up-to-date symlink: /home/maanavjugalshah/SwarmAero/ros2_ws/install/px4_msgs/include/px4_msgs/px4_msgs/msg/estimator_bias.hpp\n'}
[2.807300] (px4_msgs) StdoutLine: {'line': b'-- Up-to-date symlink: /home/maanavjugalshah/SwarmAero/ros2_ws/install/px4_msgs/include/px4_msgs/px4_msgs/msg/estimator_bias3d.hpp\n'}
[2.807415] (px4_msgs) StdoutLine: {'line': b'-- Up-to-date symlink: /home/maanavjugalshah/SwarmAero/ros2_ws/install/px4_msgs/include/px4_msgs/px4_msgs/msg/estimator_event_flags.hpp\n'}
[2.807650] (px4_msgs) StdoutLine: {'line': b'-- Up-to-date symlink: /home/maanavjugalshah/SwarmAero/ros2_ws/install/px4_msgs/include/px4_msgs/px4_msgs/msg/estimator_fusion_control.hpp\n'}
[2.807944] (px4_msgs) StdoutLine: {'line': b'-- Up-to-date symlink: /home/maanavjugalshah/SwarmAero/ros2_ws/install/px4_msgs/include/px4_msgs/px4_msgs/msg/estimator_gps_status.hpp\n'}
[2.808071] (px4_msgs) StdoutLine: {'line': b'-- Up-to-date symlink: /home/maanavjugalshah/SwarmAero/ros2_ws/install/px4_msgs/include/px4_msgs/px4_msgs/msg/estimator_innovations.hpp\n'}
[2.808117] (px4_msgs) StdoutLine: {'line': b'-- Up-to-date symlink: /home/maanavjugalshah/SwarmAero/ros2_ws/install/px4_msgs/include/px4_msgs/px4_msgs/msg/estimator_selector_status.hpp\n'}
[2.808162] (px4_msgs) StdoutLine: {'line': b'-- Up-to-date symlink: /home/maanavjugalshah/SwarmAero/ros2_ws/install/px4_msgs/include/px4_msgs/px4_msgs/msg/estimator_sensor_bias.hpp\n'}
[2.808228] (px4_msgs) StdoutLine: {'line': b'-- Up-to-date symlink: /home/maanavjugalshah/SwarmAero/ros2_ws/install/px4_msgs/include/px4_msgs/px4_msgs/msg/estimator_states.hpp\n'}
[2.808404] (px4_msgs) StdoutLine: {'line': b'-- Up-to-date symlink: /home/maanavjugalshah/SwarmAero/ros2_ws/install/px4_msgs/include/px4_msgs/px4_msgs/msg/estimator_status.hpp\n'}
[2.808557] (px4_msgs) StdoutLine: {'line': b'-- Up-to-date symlink: /home/maanavjugalshah/SwarmAero/ros2_ws/install/px4_msgs/include/px4_msgs/px4_msgs/msg/estimator_status_flags.hpp\n'}
[2.808655] (px4_msgs) StdoutLine: {'line': b'-- Up-to-date symlink: /home/maanavjugalshah/SwarmAero/ros2_ws/install/px4_msgs/include/px4_msgs/px4_msgs/msg/event.hpp\n'}
[2.808755] (px4_msgs) StdoutLine: {'line': b'-- Up-to-date symlink: /home/maanavjugalshah/SwarmAero/ros2_ws/install/px4_msgs/include/px4_msgs/px4_msgs/msg/failsafe_flags.hpp\n'}
[2.808831] (px4_msgs) StdoutLine: {'line': b'-- Up-to-date symlink: /home/maanavjugalshah/SwarmAero/ros2_ws/install/px4_msgs/include/px4_msgs/px4_msgs/msg/failure_detector_status.hpp\n'}
[2.808896] (px4_msgs) StdoutLine: {'line': b'-- Up-to-date symlink: /home/maanavjugalshah/SwarmAero/ros2_ws/install/px4_msgs/include/px4_msgs/px4_msgs/msg/figure_eight_status.hpp\n'}
[2.808985] (px4_msgs) StdoutLine: {'line': b'-- Up-to-date symlink: /home/maanavjugalshah/SwarmAero/ros2_ws/install/px4_msgs/include/px4_msgs/px4_msgs/msg/fixed_wing_lateral_guidance_status.hpp\n'}
[2.809054] (px4_msgs) StdoutLine: {'line': b'-- Up-to-date symlink: /home/maanavjugalshah/SwarmAero/ros2_ws/install/px4_msgs/include/px4_msgs/px4_msgs/msg/fixed_wing_lateral_setpoint.hpp\n'}
[2.809348] (px4_msgs) StdoutLine: {'line': b'-- Up-to-date symlink: /home/maanavjugalshah/SwarmAero/ros2_ws/install/px4_msgs/include/px4_msgs/px4_msgs/msg/fixed_wing_lateral_status.hpp\n'}
[2.809424] (px4_msgs) StdoutLine: {'line': b'-- Up-to-date symlink: /home/maanavjugalshah/SwarmAero/ros2_ws/install/px4_msgs/include/px4_msgs/px4_msgs/msg/fixed_wing_longitudinal_setpoint.hpp\n'}
[2.809656] (px4_msgs) StdoutLine: {'line': b'-- Up-to-date symlink: /home/maanavjugalshah/SwarmAero/ros2_ws/install/px4_msgs/include/px4_msgs/px4_msgs/msg/fixed_wing_runway_control.hpp\n'}
[2.809912] (px4_msgs) StdoutLine: {'line': b'-- Up-to-date symlink: /home/maanavjugalshah/SwarmAero/ros2_ws/install/px4_msgs/include/px4_msgs/px4_msgs/msg/flight_phase_estimation.hpp\n'}
[2.809963] (px4_msgs) StdoutLine: {'line': b'-- Up-to-date symlink: /home/maanavjugalshah/SwarmAero/ros2_ws/install/px4_msgs/include/px4_msgs/px4_msgs/msg/follow_target.hpp\n'}
[2.810053] (px4_msgs) StdoutLine: {'line': b'-- Up-to-date symlink: /home/maanavjugalshah/SwarmAero/ros2_ws/install/px4_msgs/include/px4_msgs/px4_msgs/msg/follow_target_estimator.hpp\n'}
[2.810170] (px4_msgs) StdoutLine: {'line': b'-- Up-to-date symlink: /home/maanavjugalshah/SwarmAero/ros2_ws/install/px4_msgs/include/px4_msgs/px4_msgs/msg/follow_target_status.hpp\n'}
[2.810352] (px4_msgs) StdoutLine: {'line': b'-- Up-to-date symlink: /home/maanavjugalshah/SwarmAero/ros2_ws/install/px4_msgs/include/px4_msgs/px4_msgs/msg/fuel_tank_status.hpp\n'}
[2.810664] (px4_msgs) StdoutLine: {'line': b'-- Up-to-date symlink: /home/maanavjugalshah/SwarmAero/ros2_ws/install/px4_msgs/include/px4_msgs/px4_msgs/msg/gain_compression.hpp\n'}
[2.810991] (px4_msgs) StdoutLine: {'line': b'-- Up-to-date symlink: /home/maanavjugalshah/SwarmAero/ros2_ws/install/px4_msgs/include/px4_msgs/px4_msgs/msg/generator_status.hpp\n'}
[2.811071] (px4_msgs) StdoutLine: {'line': b'-- Up-to-date symlink: /home/maanavjugalshah/SwarmAero/ros2_ws/install/px4_msgs/include/px4_msgs/px4_msgs/msg/geofence_result.hpp\n'}
[2.811220] (px4_msgs) StdoutLine: {'line': b'-- Up-to-date symlink: /home/maanavjugalshah/SwarmAero/ros2_ws/install/px4_msgs/include/px4_msgs/px4_msgs/msg/geofence_status.hpp\n'}
[2.811269] (px4_msgs) StdoutLine: {'line': b'-- Up-to-date symlink: /home/maanavjugalshah/SwarmAero/ros2_ws/install/px4_msgs/include/px4_msgs/px4_msgs/msg/gimbal_controls.hpp\n'}
[2.811419] (px4_msgs) StdoutLine: {'line': b'-- Up-to-date symlink: /home/maanavjugalshah/SwarmAero/ros2_ws/install/px4_msgs/include/px4_msgs/px4_msgs/msg/gimbal_device_attitude_status.hpp\n'}
[2.811518] (px4_msgs) StdoutLine: {'line': b'-- Up-to-date symlink: /home/maanavjugalshah/SwarmAero/ros2_ws/install/px4_msgs/include/px4_msgs/px4_msgs/msg/gimbal_device_information.hpp\n'}
[2.811644] (px4_msgs) StdoutLine: {'line': b'-- Up-to-date symlink: /home/maanavjugalshah/SwarmAero/ros2_ws/install/px4_msgs/include/px4_msgs/px4_msgs/msg/gimbal_device_set_attitude.hpp\n'}
[2.811822] (px4_msgs) StdoutLine: {'line': b'-- Up-to-date symlink: /home/maanavjugalshah/SwarmAero/ros2_ws/install/px4_msgs/include/px4_msgs/px4_msgs/msg/gimbal_manager_information.hpp\n'}
[2.811942] (px4_msgs) StdoutLine: {'line': b'-- Up-to-date symlink: /home/maanavjugalshah/SwarmAero/ros2_ws/install/px4_msgs/include/px4_msgs/px4_msgs/msg/gimbal_manager_set_attitude.hpp\n'}
[2.811987] (px4_msgs) StdoutLine: {'line': b'-- Up-to-date symlink: /home/maanavjugalshah/SwarmAero/ros2_ws/install/px4_msgs/include/px4_msgs/px4_msgs/msg/gimbal_manager_set_manual_control.hpp\n'}
[2.812172] (px4_msgs) StdoutLine: {'line': b'-- Up-to-date symlink: /home/maanavjugalshah/SwarmAero/ros2_ws/install/px4_msgs/include/px4_msgs/px4_msgs/msg/gimbal_manager_status.hpp\n'}
[2.812281] (px4_msgs) StdoutLine: {'line': b'-- Up-to-date symlink: /home/maanavjugalshah/SwarmAero/ros2_ws/install/px4_msgs/include/px4_msgs/px4_msgs/msg/goto_setpoint.hpp\n'}
[2.812319] (px4_msgs) StdoutLine: {'line': b'-- Up-to-date symlink: /home/maanavjugalshah/SwarmAero/ros2_ws/install/px4_msgs/include/px4_msgs/px4_msgs/msg/gpio_config.hpp\n'}
[2.812356] (px4_msgs) StdoutLine: {'line': b'-- Up-to-date symlink: /home/maanavjugalshah/SwarmAero/ros2_ws/install/px4_msgs/include/px4_msgs/px4_msgs/msg/gpio_in.hpp\n'}
[2.812393] (px4_msgs) StdoutLine: {'line': b'-- Up-to-date symlink: /home/maanavjugalshah/SwarmAero/ros2_ws/install/px4_msgs/include/px4_msgs/px4_msgs/msg/gpio_out.hpp\n'}
[2.812428] (px4_msgs) StdoutLine: {'line': b'-- Up-to-date symlink: /home/maanavjugalshah/SwarmAero/ros2_ws/install/px4_msgs/include/px4_msgs/px4_msgs/msg/gpio_request.hpp\n'}
[2.812462] (-) TimerEvent: {}
[2.812553] (px4_msgs) StdoutLine: {'line': b'-- Up-to-date symlink: /home/maanavjugalshah/SwarmAero/ros2_ws/install/px4_msgs/include/px4_msgs/px4_msgs/msg/gps_dump.hpp\n'}
[2.812722] (px4_msgs) StdoutLine: {'line': b'-- Up-to-date symlink: /home/maanavjugalshah/SwarmAero/ros2_ws/install/px4_msgs/include/px4_msgs/px4_msgs/msg/gps_inject_data.hpp\n'}
[2.812770] (px4_msgs) StdoutLine: {'line': b'-- Up-to-date symlink: /home/maanavjugalshah/SwarmAero/ros2_ws/install/px4_msgs/include/px4_msgs/px4_msgs/msg/gripper.hpp\n'}
[2.812813] (px4_msgs) StdoutLine: {'line': b'-- Up-to-date symlink: /home/maanavjugalshah/SwarmAero/ros2_ws/install/px4_msgs/include/px4_msgs/px4_msgs/msg/health_report.hpp\n'}
[2.812847] (px4_msgs) StdoutLine: {'line': b'-- Up-to-date symlink: /home/maanavjugalshah/SwarmAero/ros2_ws/install/px4_msgs/include/px4_msgs/px4_msgs/msg/heater_status.hpp\n'}
[2.812930] (px4_msgs) StdoutLine: {'line': b'-- Up-to-date symlink: /home/maanavjugalshah/SwarmAero/ros2_ws/install/px4_msgs/include/px4_msgs/px4_msgs/msg/home_position.hpp\n'}
[2.812971] (px4_msgs) StdoutLine: {'line': b'-- Up-to-date symlink: /home/maanavjugalshah/SwarmAero/ros2_ws/install/px4_msgs/include/px4_msgs/px4_msgs/msg/hover_thrust_estimate.hpp\n'}
[2.813337] (px4_msgs) StdoutLine: {'line': b'-- Up-to-date symlink: /home/maanavjugalshah/SwarmAero/ros2_ws/install/px4_msgs/include/px4_msgs/px4_msgs/msg/input_rc.hpp\n'}
[2.813415] (px4_msgs) StdoutLine: {'line': b'-- Up-to-date symlink: /home/maanavjugalshah/SwarmAero/ros2_ws/install/px4_msgs/include/px4_msgs/px4_msgs/msg/internal_combustion_engine_control.hpp\n'}
[2.813489] (px4_msgs) StdoutLine: {'line': b'-- Up-to-date symlink: /home/maanavjugalshah/SwarmAero/ros2_ws/install/px4_msgs/include/px4_msgs/px4_msgs/msg/internal_combustion_engine_status.hpp\n'}
[2.813538] (px4_msgs) StdoutLine: {'line': b'-- Up-to-date symlink: /home/maanavjugalshah/SwarmAero/ros2_ws/install/px4_msgs/include/px4_msgs/px4_msgs/msg/iridiumsbd_status.hpp\n'}
[2.813575] (px4_msgs) StdoutLine: {'line': b'-- Up-to-date symlink: /home/maanavjugalshah/SwarmAero/ros2_ws/install/px4_msgs/include/px4_msgs/px4_msgs/msg/irlock_report.hpp\n'}
[2.813611] (px4_msgs) StdoutLine: {'line': b'-- Up-to-date symlink: /home/maanavjugalshah/SwarmAero/ros2_ws/install/px4_msgs/include/px4_msgs/px4_msgs/msg/landing_gear.hpp\n'}
[2.813646] (px4_msgs) StdoutLine: {'line': b'-- Up-to-date symlink: /home/maanavjugalshah/SwarmAero/ros2_ws/install/px4_msgs/include/px4_msgs/px4_msgs/msg/landing_gear_wheel.hpp\n'}
[2.813680] (px4_msgs) StdoutLine: {'line': b'-- Up-to-date symlink: /home/maanavjugalshah/SwarmAero/ros2_ws/install/px4_msgs/include/px4_msgs/px4_msgs/msg/landing_target_innovations.hpp\n'}
[2.813752] (px4_msgs) StdoutLine: {'line': b'-- Up-to-date symlink: /home/maanavjugalshah/SwarmAero/ros2_ws/install/px4_msgs/include/px4_msgs/px4_msgs/msg/landing_target_pose.hpp\n'}
[2.813825] (px4_msgs) StdoutLine: {'line': b'-- Up-to-date symlink: /home/maanavjugalshah/SwarmAero/ros2_ws/install/px4_msgs/include/px4_msgs/px4_msgs/msg/lateral_control_configuration.hpp\n'}
[2.813871] (px4_msgs) StdoutLine: {'line': b'-- Up-to-date symlink: /home/maanavjugalshah/SwarmAero/ros2_ws/install/px4_msgs/include/px4_msgs/px4_msgs/msg/launch_detection_status.hpp\n'}
[2.813909] (px4_msgs) StdoutLine: {'line': b'-- Up-to-date symlink: /home/maanavjugalshah/SwarmAero/ros2_ws/install/px4_msgs/include/px4_msgs/px4_msgs/msg/led_control.hpp\n'}
[2.813948] (px4_msgs) StdoutLine: {'line': b'-- Up-to-date symlink: /home/maanavjugalshah/SwarmAero/ros2_ws/install/px4_msgs/include/px4_msgs/px4_msgs/msg/log_message.hpp\n'}
[2.813985] (px4_msgs) StdoutLine: {'line': b'-- Up-to-date symlink: /home/maanavjugalshah/SwarmAero/ros2_ws/install/px4_msgs/include/px4_msgs/px4_msgs/msg/logger_status.hpp\n'}
[2.814022] (px4_msgs) StdoutLine: {'line': b'-- Up-to-date symlink: /home/maanavjugalshah/SwarmAero/ros2_ws/install/px4_msgs/include/px4_msgs/px4_msgs/msg/longitudinal_control_configuration.hpp\n'}
[2.814059] (px4_msgs) StdoutLine: {'line': b'-- Up-to-date symlink: /home/maanavjugalshah/SwarmAero/ros2_ws/install/px4_msgs/include/px4_msgs/px4_msgs/msg/mag_worker_data.hpp\n'}
[2.814095] (px4_msgs) StdoutLine: {'line': b'-- Up-to-date symlink: /home/maanavjugalshah/SwarmAero/ros2_ws/install/px4_msgs/include/px4_msgs/px4_msgs/msg/magnetometer_bias_estimate.hpp\n'}
[2.814131] (px4_msgs) StdoutLine: {'line': b'-- Up-to-date symlink: /home/maanavjugalshah/SwarmAero/ros2_ws/install/px4_msgs/include/px4_msgs/px4_msgs/msg/manual_control_setpoint.hpp\n'}
[2.814198] (px4_msgs) StdoutLine: {'line': b'-- Up-to-date symlink: /home/maanavjugalshah/SwarmAero/ros2_ws/install/px4_msgs/include/px4_msgs/px4_msgs/msg/manual_control_switches.hpp\n'}
[2.814240] (px4_msgs) StdoutLine: {'line': b'-- Up-to-date symlink: /home/maanavjugalshah/SwarmAero/ros2_ws/install/px4_msgs/include/px4_msgs/px4_msgs/msg/mavlink_log.hpp\n'}
[2.814278] (px4_msgs) StdoutLine: {'line': b'-- Up-to-date symlink: /home/maanavjugalshah/SwarmAero/ros2_ws/install/px4_msgs/include/px4_msgs/px4_msgs/msg/mavlink_tunnel.hpp\n'}
[2.814314] (px4_msgs) StdoutLine: {'line': b'-- Up-to-date symlink: /home/maanavjugalshah/SwarmAero/ros2_ws/install/px4_msgs/include/px4_msgs/px4_msgs/msg/message_format_request.hpp\n'}
[2.814350] (px4_msgs) StdoutLine: {'line': b'-- Up-to-date symlink: /home/maanavjugalshah/SwarmAero/ros2_ws/install/px4_msgs/include/px4_msgs/px4_msgs/msg/message_format_response.hpp\n'}
[2.814387] (px4_msgs) StdoutLine: {'line': b'-- Up-to-date symlink: /home/maanavjugalshah/SwarmAero/ros2_ws/install/px4_msgs/include/px4_msgs/px4_msgs/msg/mission.hpp\n'}
[2.814422] (px4_msgs) StdoutLine: {'line': b'-- Up-to-date symlink: /home/maanavjugalshah/SwarmAero/ros2_ws/install/px4_msgs/include/px4_msgs/px4_msgs/msg/mission_result.hpp\n'}
[2.814459] (px4_msgs) StdoutLine: {'line': b'-- Up-to-date symlink: /home/maanavjugalshah/SwarmAero/ros2_ws/install/px4_msgs/include/px4_msgs/px4_msgs/msg/mode_completed.hpp\n'}
[2.814493] (px4_msgs) StdoutLine: {'line': b'-- Up-to-date symlink: /home/maanavjugalshah/SwarmAero/ros2_ws/install/px4_msgs/include/px4_msgs/px4_msgs/msg/mount_orientation.hpp\n'}
[2.814528] (px4_msgs) StdoutLine: {'line': b'-- Up-to-date symlink: /home/maanavjugalshah/SwarmAero/ros2_ws/install/px4_msgs/include/px4_msgs/px4_msgs/msg/navigator_mission_item.hpp\n'}
[2.814564] (px4_msgs) StdoutLine: {'line': b'-- Up-to-date symlink: /home/maanavjugalshah/SwarmAero/ros2_ws/install/px4_msgs/include/px4_msgs/px4_msgs/msg/navigator_status.hpp\n'}
[2.814602] (px4_msgs) StdoutLine: {'line': b'-- Up-to-date symlink: /home/maanavjugalshah/SwarmAero/ros2_ws/install/px4_msgs/include/px4_msgs/px4_msgs/msg/neural_control.hpp\n'}
[2.814641] (px4_msgs) StdoutLine: {'line': b'-- Up-to-date symlink: /home/maanavjugalshah/SwarmAero/ros2_ws/install/px4_msgs/include/px4_msgs/px4_msgs/msg/normalized_unsigned_setpoint.hpp\n'}
[2.814678] (px4_msgs) StdoutLine: {'line': b'-- Up-to-date symlink: /home/maanavjugalshah/SwarmAero/ros2_ws/install/px4_msgs/include/px4_msgs/px4_msgs/msg/obstacle_distance.hpp\n'}
[2.814711] (px4_msgs) StdoutLine: {'line': b'-- Up-to-date symlink: /home/maanavjugalshah/SwarmAero/ros2_ws/install/px4_msgs/include/px4_msgs/px4_msgs/msg/offboard_control_mode.hpp\n'}
[2.814746] (px4_msgs) StdoutLine: {'line': b'-- Up-to-date symlink: /home/maanavjugalshah/SwarmAero/ros2_ws/install/px4_msgs/include/px4_msgs/px4_msgs/msg/onboard_computer_status.hpp\n'}
[2.814783] (px4_msgs) StdoutLine: {'line': b'-- Up-to-date symlink: /home/maanavjugalshah/SwarmAero/ros2_ws/install/px4_msgs/include/px4_msgs/px4_msgs/msg/open_drone_id_arm_status.hpp\n'}
[2.814820] (px4_msgs) StdoutLine: {'line': b'-- Up-to-date symlink: /home/maanavjugalshah/SwarmAero/ros2_ws/install/px4_msgs/include/px4_msgs/px4_msgs/msg/open_drone_id_operator_id.hpp\n'}
[2.814855] (px4_msgs) StdoutLine: {'line': b'-- Up-to-date symlink: /home/maanavjugalshah/SwarmAero/ros2_ws/install/px4_msgs/include/px4_msgs/px4_msgs/msg/open_drone_id_self_id.hpp\n'}
[2.815026] (px4_msgs) StdoutLine: {'line': b'-- Up-to-date symlink: /home/maanavjugalshah/SwarmAero/ros2_ws/install/px4_msgs/include/px4_msgs/px4_msgs/msg/open_drone_id_system.hpp\n'}
[2.815221] (px4_msgs) StdoutLine: {'line': b'-- Up-to-date symlink: /home/maanavjugalshah/SwarmAero/ros2_ws/install/px4_msgs/include/px4_msgs/px4_msgs/msg/orb_test.hpp\n'}
[2.815314] (px4_msgs) StdoutLine: {'line': b'-- Up-to-date symlink: /home/maanavjugalshah/SwarmAero/ros2_ws/install/px4_msgs/include/px4_msgs/px4_msgs/msg/orb_test_large.hpp\n'}
[2.815356] (px4_msgs) StdoutLine: {'line': b'-- Up-to-date symlink: /home/maanavjugalshah/SwarmAero/ros2_ws/install/px4_msgs/include/px4_msgs/px4_msgs/msg/orb_test_medium.hpp\n'}
[2.815790] (px4_msgs) StdoutLine: {'line': b'-- Up-to-date symlink: /home/maanavjugalshah/SwarmAero/ros2_ws/install/px4_msgs/include/px4_msgs/px4_msgs/msg/orbit_status.hpp\n'}
[2.815925] (px4_msgs) StdoutLine: {'line': b'-- Up-to-date symlink: /home/maanavjugalshah/SwarmAero/ros2_ws/install/px4_msgs/include/px4_msgs/px4_msgs/msg/parameter_reset_request.hpp\n'}
[2.815990] (px4_msgs) StdoutLine: {'line': b'-- Up-to-date symlink: /home/maanavjugalshah/SwarmAero/ros2_ws/install/px4_msgs/include/px4_msgs/px4_msgs/msg/parameter_set_used_request.hpp\n'}
[2.816135] (px4_msgs) StdoutLine: {'line': b'-- Up-to-date symlink: /home/maanavjugalshah/SwarmAero/ros2_ws/install/px4_msgs/include/px4_msgs/px4_msgs/msg/parameter_set_value_request.hpp\n'}
[2.816287] (px4_msgs) StdoutLine: {'line': b'-- Up-to-date symlink: /home/maanavjugalshah/SwarmAero/ros2_ws/install/px4_msgs/include/px4_msgs/px4_msgs/msg/parameter_set_value_response.hpp\n'}
[2.816405] (px4_msgs) StdoutLine: {'line': b'-- Up-to-date symlink: /home/maanavjugalshah/SwarmAero/ros2_ws/install/px4_msgs/include/px4_msgs/px4_msgs/msg/parameter_update.hpp\n'}
[2.816512] (px4_msgs) StdoutLine: {'line': b'-- Up-to-date symlink: /home/maanavjugalshah/SwarmAero/ros2_ws/install/px4_msgs/include/px4_msgs/px4_msgs/msg/ping.hpp\n'}
[2.816590] (px4_msgs) StdoutLine: {'line': b'-- Up-to-date symlink: /home/maanavjugalshah/SwarmAero/ros2_ws/install/px4_msgs/include/px4_msgs/px4_msgs/msg/position_controller_landing_status.hpp\n'}
[2.816659] (px4_msgs) StdoutLine: {'line': b'-- Up-to-date symlink: /home/maanavjugalshah/SwarmAero/ros2_ws/install/px4_msgs/include/px4_msgs/px4_msgs/msg/position_controller_status.hpp\n'}
[2.816772] (px4_msgs) StdoutLine: {'line': b'-- Up-to-date symlink: /home/maanavjugalshah/SwarmAero/ros2_ws/install/px4_msgs/include/px4_msgs/px4_msgs/msg/position_setpoint.hpp\n'}
[2.816840] (px4_msgs) StdoutLine: {'line': b'-- Up-to-date symlink: /home/maanavjugalshah/SwarmAero/ros2_ws/install/px4_msgs/include/px4_msgs/px4_msgs/msg/position_setpoint_triplet.hpp\n'}
[2.816883] (px4_msgs) StdoutLine: {'line': b'-- Up-to-date symlink: /home/maanavjugalshah/SwarmAero/ros2_ws/install/px4_msgs/include/px4_msgs/px4_msgs/msg/power_button_state.hpp\n'}
[2.817329] (px4_msgs) StdoutLine: {'line': b'-- Up-to-date symlink: /home/maanavjugalshah/SwarmAero/ros2_ws/install/px4_msgs/include/px4_msgs/px4_msgs/msg/power_monitor.hpp\n'}
[2.817394] (px4_msgs) StdoutLine: {'line': b'-- Up-to-date symlink: /home/maanavjugalshah/SwarmAero/ros2_ws/install/px4_msgs/include/px4_msgs/px4_msgs/msg/pps_capture.hpp\n'}
[2.817540] (px4_msgs) StdoutLine: {'line': b'-- Up-to-date symlink: /home/maanavjugalshah/SwarmAero/ros2_ws/install/px4_msgs/include/px4_msgs/px4_msgs/msg/pure_pursuit_status.hpp\n'}
[2.818142] (px4_msgs) StdoutLine: {'line': b'-- Up-to-date symlink: /home/maanavjugalshah/SwarmAero/ros2_ws/install/px4_msgs/include/px4_msgs/px4_msgs/msg/pwm_input.hpp\n'}
[2.818378] (px4_msgs) StdoutLine: {'line': b'-- Up-to-date symlink: /home/maanavjugalshah/SwarmAero/ros2_ws/install/px4_msgs/include/px4_msgs/px4_msgs/msg/px4io_status.hpp\n'}
[2.818452] (px4_msgs) StdoutLine: {'line': b'-- Up-to-date symlink: /home/maanavjugalshah/SwarmAero/ros2_ws/install/px4_msgs/include/px4_msgs/px4_msgs/msg/qshell_req.hpp\n'}
[2.818712] (px4_msgs) StdoutLine: {'line': b'-- Up-to-date symlink: /home/maanavjugalshah/SwarmAero/ros2_ws/install/px4_msgs/include/px4_msgs/px4_msgs/msg/qshell_retval.hpp\n'}
[2.818787] (px4_msgs) StdoutLine: {'line': b'-- Up-to-date symlink: /home/maanavjugalshah/SwarmAero/ros2_ws/install/px4_msgs/include/px4_msgs/px4_msgs/msg/radio_status.hpp\n'}
[2.818899] (px4_msgs) StdoutLine: {'line': b'-- Up-to-date symlink: /home/maanavjugalshah/SwarmAero/ros2_ws/install/px4_msgs/include/px4_msgs/px4_msgs/msg/ranging_beacon.hpp\n'}
[2.818937] (px4_msgs) StdoutLine: {'line': b'-- Up-to-date symlink: /home/maanavjugalshah/SwarmAero/ros2_ws/install/px4_msgs/include/px4_msgs/px4_msgs/msg/raptor_input.hpp\n'}
[2.819030] (px4_msgs) StdoutLine: {'line': b'-- Up-to-date symlink: /home/maanavjugalshah/SwarmAero/ros2_ws/install/px4_msgs/include/px4_msgs/px4_msgs/msg/raptor_status.hpp\n'}
[2.819114] (px4_msgs) StdoutLine: {'line': b'-- Up-to-date symlink: /home/maanavjugalshah/SwarmAero/ros2_ws/install/px4_msgs/include/px4_msgs/px4_msgs/msg/rate_ctrl_status.hpp\n'}
[2.819318] (px4_msgs) StdoutLine: {'line': b'-- Up-to-date symlink: /home/maanavjugalshah/SwarmAero/ros2_ws/install/px4_msgs/include/px4_msgs/px4_msgs/msg/rc_channels.hpp\n'}
[2.819442] (px4_msgs) StdoutLine: {'line': b'-- Up-to-date symlink: /home/maanavjugalshah/SwarmAero/ros2_ws/install/px4_msgs/include/px4_msgs/px4_msgs/msg/rc_parameter_map.hpp\n'}
[2.819562] (px4_msgs) StdoutLine: {'line': b'-- Up-to-date symlink: /home/maanavjugalshah/SwarmAero/ros2_ws/install/px4_msgs/include/px4_msgs/px4_msgs/msg/register_ext_component_reply.hpp\n'}
[2.819675] (px4_msgs) StdoutLine: {'line': b'-- Up-to-date symlink: /home/maanavjugalshah/SwarmAero/ros2_ws/install/px4_msgs/include/px4_msgs/px4_msgs/msg/register_ext_component_request.hpp\n'}
[2.819896] (px4_msgs) StdoutLine: {'line': b'-- Up-to-date symlink: /home/maanavjugalshah/SwarmAero/ros2_ws/install/px4_msgs/include/px4_msgs/px4_msgs/msg/rosidl_generator_cpp__visibility_control.hpp\n'}
[2.819999] (px4_msgs) StdoutLine: {'line': b'-- Up-to-date symlink: /home/maanavjugalshah/SwarmAero/ros2_ws/install/px4_msgs/include/px4_msgs/px4_msgs/msg/rover_attitude_setpoint.hpp\n'}
[2.820397] (px4_msgs) StdoutLine: {'line': b'-- Up-to-date symlink: /home/maanavjugalshah/SwarmAero/ros2_ws/install/px4_msgs/include/px4_msgs/px4_msgs/msg/rover_attitude_status.hpp\n'}
[2.820516] (px4_msgs) StdoutLine: {'line': b'-- Up-to-date symlink: /home/maanavjugalshah/SwarmAero/ros2_ws/install/px4_msgs/include/px4_msgs/px4_msgs/msg/rover_position_setpoint.hpp\n'}
[2.820869] (px4_msgs) StdoutLine: {'line': b'-- Up-to-date symlink: /home/maanavjugalshah/SwarmAero/ros2_ws/install/px4_msgs/include/px4_msgs/px4_msgs/msg/rover_rate_setpoint.hpp\n'}
[2.821084] (px4_msgs) StdoutLine: {'line': b'-- Up-to-date symlink: /home/maanavjugalshah/SwarmAero/ros2_ws/install/px4_msgs/include/px4_msgs/px4_msgs/msg/rover_rate_status.hpp\n'}
[2.821219] (px4_msgs) StdoutLine: {'line': b'-- Up-to-date symlink: /home/maanavjugalshah/SwarmAero/ros2_ws/install/px4_msgs/include/px4_msgs/px4_msgs/msg/rover_speed_setpoint.hpp\n'}
[2.821396] (px4_msgs) StdoutLine: {'line': b'-- Up-to-date symlink: /home/maanavjugalshah/SwarmAero/ros2_ws/install/px4_msgs/include/px4_msgs/px4_msgs/msg/rover_speed_status.hpp\n'}
[2.822072] (px4_msgs) StdoutLine: {'line': b'-- Up-to-date symlink: /home/maanavjugalshah/SwarmAero/ros2_ws/install/px4_msgs/include/px4_msgs/px4_msgs/msg/rover_steering_setpoint.hpp\n'}
[2.822274] (px4_msgs) StdoutLine: {'line': b'-- Up-to-date symlink: /home/maanavjugalshah/SwarmAero/ros2_ws/install/px4_msgs/include/px4_msgs/px4_msgs/msg/rover_throttle_setpoint.hpp\n'}
[2.822326] (px4_msgs) StdoutLine: {'line': b'-- Up-to-date symlink: /home/maanavjugalshah/SwarmAero/ros2_ws/install/px4_msgs/include/px4_msgs/px4_msgs/msg/rpm.hpp\n'}
[2.822367] (px4_msgs) StdoutLine: {'line': b'-- Up-to-date symlink: /home/maanavjugalshah/SwarmAero/ros2_ws/install/px4_msgs/include/px4_msgs/px4_msgs/msg/rtl_status.hpp\n'}
[2.822456] (px4_msgs) StdoutLine: {'line': b'-- Up-to-date symlink: /home/maanavjugalshah/SwarmAero/ros2_ws/install/px4_msgs/include/px4_msgs/px4_msgs/msg/rtl_time_estimate.hpp\n'}
[2.822709] (px4_msgs) StdoutLine: {'line': b'-- Up-to-date symlink: /home/maanavjugalshah/SwarmAero/ros2_ws/install/px4_msgs/include/px4_msgs/px4_msgs/msg/satellite_info.hpp\n'}
[2.822888] (px4_msgs) StdoutLine: {'line': b'-- Up-to-date symlink: /home/maanavjugalshah/SwarmAero/ros2_ws/install/px4_msgs/include/px4_msgs/px4_msgs/msg/sensor_accel.hpp\n'}
[2.822943] (px4_msgs) StdoutLine: {'line': b'-- Up-to-date symlink: /home/maanavjugalshah/SwarmAero/ros2_ws/install/px4_msgs/include/px4_msgs/px4_msgs/msg/sensor_accel_fifo.hpp\n'}
[2.823117] (px4_msgs) StdoutLine: {'line': b'-- Up-to-date symlink: /home/maanavjugalshah/SwarmAero/ros2_ws/install/px4_msgs/include/px4_msgs/px4_msgs/msg/sensor_airflow.hpp\n'}
[2.823812] (px4_msgs) StdoutLine: {'line': b'-- Up-to-date symlink: /home/maanavjugalshah/SwarmAero/ros2_ws/install/px4_msgs/include/px4_msgs/px4_msgs/msg/sensor_baro.hpp\n'}
[2.823888] (px4_msgs) StdoutLine: {'line': b'-- Up-to-date symlink: /home/maanavjugalshah/SwarmAero/ros2_ws/install/px4_msgs/include/px4_msgs/px4_msgs/msg/sensor_combined.hpp\n'}
[2.825364] (px4_msgs) StdoutLine: {'line': b'-- Up-to-date symlink: /home/maanavjugalshah/SwarmAero/ros2_ws/install/px4_msgs/include/px4_msgs/px4_msgs/msg/sensor_correction.hpp\n'}
[2.825652] (px4_msgs) StdoutLine: {'line': b'-- Up-to-date symlink: /home/maanavjugalshah/SwarmAero/ros2_ws/install/px4_msgs/include/px4_msgs/px4_msgs/msg/sensor_gnss_relative.hpp\n'}
[2.825707] (px4_msgs) StdoutLine: {'line': b'-- Up-to-date symlink: /home/maanavjugalshah/SwarmAero/ros2_ws/install/px4_msgs/include/px4_msgs/px4_msgs/msg/sensor_gnss_status.hpp\n'}
[2.825745] (px4_msgs) StdoutLine: {'line': b'-- Up-to-date symlink: /home/maanavjugalshah/SwarmAero/ros2_ws/install/px4_msgs/include/px4_msgs/px4_msgs/msg/sensor_gps.hpp\n'}
[2.825781] (px4_msgs) StdoutLine: {'line': b'-- Up-to-date symlink: /home/maanavjugalshah/SwarmAero/ros2_ws/install/px4_msgs/include/px4_msgs/px4_msgs/msg/sensor_gyro.hpp\n'}
[2.825913] (px4_msgs) StdoutLine: {'line': b'-- Up-to-date symlink: /home/maanavjugalshah/SwarmAero/ros2_ws/install/px4_msgs/include/px4_msgs/px4_msgs/msg/sensor_gyro_fft.hpp\n'}
[2.826128] (px4_msgs) StdoutLine: {'line': b'-- Up-to-date symlink: /home/maanavjugalshah/SwarmAero/ros2_ws/install/px4_msgs/include/px4_msgs/px4_msgs/msg/sensor_gyro_fifo.hpp\n'}
[2.826391] (px4_msgs) StdoutLine: {'line': b'-- Up-to-date symlink: /home/maanavjugalshah/SwarmAero/ros2_ws/install/px4_msgs/include/px4_msgs/px4_msgs/msg/sensor_hygrometer.hpp\n'}
[2.826471] (px4_msgs) StdoutLine: {'line': b'-- Up-to-date symlink: /home/maanavjugalshah/SwarmAero/ros2_ws/install/px4_msgs/include/px4_msgs/px4_msgs/msg/sensor_mag.hpp\n'}
[2.826730] (px4_msgs) StdoutLine: {'line': b'-- Up-to-date symlink: /home/maanavjugalshah/SwarmAero/ros2_ws/install/px4_msgs/include/px4_msgs/px4_msgs/msg/sensor_optical_flow.hpp\n'}
[2.826875] (px4_msgs) StdoutLine: {'line': b'-- Up-to-date symlink: /home/maanavjugalshah/SwarmAero/ros2_ws/install/px4_msgs/include/px4_msgs/px4_msgs/msg/sensor_preflight_mag.hpp\n'}
[2.827036] (px4_msgs) StdoutLine: {'line': b'-- Up-to-date symlink: /home/maanavjugalshah/SwarmAero/ros2_ws/install/px4_msgs/include/px4_msgs/px4_msgs/msg/sensor_selection.hpp\n'}
[2.827118] (px4_msgs) StdoutLine: {'line': b'-- Up-to-date symlink: /home/maanavjugalshah/SwarmAero/ros2_ws/install/px4_msgs/include/px4_msgs/px4_msgs/msg/sensor_temp.hpp\n'}
[2.827269] (px4_msgs) StdoutLine: {'line': b'-- Up-to-date symlink: /home/maanavjugalshah/SwarmAero/ros2_ws/install/px4_msgs/include/px4_msgs/px4_msgs/msg/sensor_uwb.hpp\n'}
[2.827367] (px4_msgs) StdoutLine: {'line': b'-- Up-to-date symlink: /home/maanavjugalshah/SwarmAero/ros2_ws/install/px4_msgs/include/px4_msgs/px4_msgs/msg/sensors_status.hpp\n'}
[2.827443] (px4_msgs) StdoutLine: {'line': b'-- Up-to-date symlink: /home/maanavjugalshah/SwarmAero/ros2_ws/install/px4_msgs/include/px4_msgs/px4_msgs/msg/sensors_status_imu.hpp\n'}
[2.827646] (px4_msgs) StdoutLine: {'line': b'-- Up-to-date symlink: /home/maanavjugalshah/SwarmAero/ros2_ws/install/px4_msgs/include/px4_msgs/px4_msgs/msg/system_power.hpp\n'}
[2.827949] (px4_msgs) StdoutLine: {'line': b'-- Up-to-date symlink: /home/maanavjugalshah/SwarmAero/ros2_ws/install/px4_msgs/include/px4_msgs/px4_msgs/msg/takeoff_status.hpp\n'}
[2.828164] (px4_msgs) StdoutLine: {'line': b'-- Up-to-date symlink: /home/maanavjugalshah/SwarmAero/ros2_ws/install/px4_msgs/include/px4_msgs/px4_msgs/msg/task_stack_info.hpp\n'}
[2.828377] (px4_msgs) StdoutLine: {'line': b'-- Up-to-date symlink: /home/maanavjugalshah/SwarmAero/ros2_ws/install/px4_msgs/include/px4_msgs/px4_msgs/msg/tecs_status.hpp\n'}
[2.828490] (px4_msgs) StdoutLine: {'line': b'-- Up-to-date symlink: /home/maanavjugalshah/SwarmAero/ros2_ws/install/px4_msgs/include/px4_msgs/px4_msgs/msg/telemetry_status.hpp\n'}
[2.828592] (px4_msgs) StdoutLine: {'line': b'-- Up-to-date symlink: /home/maanavjugalshah/SwarmAero/ros2_ws/install/px4_msgs/include/px4_msgs/px4_msgs/msg/tiltrotor_extra_controls.hpp\n'}
[2.828695] (px4_msgs) StdoutLine: {'line': b'-- Up-to-date symlink: /home/maanavjugalshah/SwarmAero/ros2_ws/install/px4_msgs/include/px4_msgs/px4_msgs/msg/timesync_status.hpp\n'}
[2.828898] (px4_msgs) StdoutLine: {'line': b'-- Up-to-date symlink: /home/maanavjugalshah/SwarmAero/ros2_ws/install/px4_msgs/include/px4_msgs/px4_msgs/msg/trajectory_setpoint.hpp\n'}
[2.828994] (px4_msgs) StdoutLine: {'line': b'-- Up-to-date symlink: /home/maanavjugalshah/SwarmAero/ros2_ws/install/px4_msgs/include/px4_msgs/px4_msgs/msg/trajectory_setpoint6dof.hpp\n'}
[2.829082] (px4_msgs) StdoutLine: {'line': b'-- Up-to-date symlink: /home/maanavjugalshah/SwarmAero/ros2_ws/install/px4_msgs/include/px4_msgs/px4_msgs/msg/transponder_report.hpp\n'}
[2.829549] (px4_msgs) StdoutLine: {'line': b'-- Up-to-date symlink: /home/maanavjugalshah/SwarmAero/ros2_ws/install/px4_msgs/include/px4_msgs/px4_msgs/msg/tune_control.hpp\n'}
[2.829656] (px4_msgs) StdoutLine: {'line': b'-- Up-to-date symlink: /home/maanavjugalshah/SwarmAero/ros2_ws/install/px4_msgs/include/px4_msgs/px4_msgs/msg/uavcan_parameter_request.hpp\n'}
[2.829844] (px4_msgs) StdoutLine: {'line': b'-- Up-to-date symlink: /home/maanavjugalshah/SwarmAero/ros2_ws/install/px4_msgs/include/px4_msgs/px4_msgs/msg/uavcan_parameter_value.hpp\n'}
[2.830611] (px4_msgs) StdoutLine: {'line': b'-- Up-to-date symlink: /home/maanavjugalshah/SwarmAero/ros2_ws/install/px4_msgs/include/px4_msgs/px4_msgs/msg/ulog_stream.hpp\n'}
[2.830949] (px4_msgs) StdoutLine: {'line': b'-- Up-to-date symlink: /home/maanavjugalshah/SwarmAero/ros2_ws/install/px4_msgs/include/px4_msgs/px4_msgs/msg/ulog_stream_ack.hpp\n'}
[2.831507] (px4_msgs) StdoutLine: {'line': b'-- Up-to-date symlink: /home/maanavjugalshah/SwarmAero/ros2_ws/install/px4_msgs/include/px4_msgs/px4_msgs/msg/unregister_ext_component.hpp\n'}
[2.832342] (px4_msgs) StdoutLine: {'line': b'-- Up-to-date symlink: /home/maanavjugalshah/SwarmAero/ros2_ws/install/px4_msgs/include/px4_msgs/px4_msgs/msg/vehicle_acceleration.hpp\n'}
[2.832692] (px4_msgs) StdoutLine: {'line': b'-- Up-to-date symlink: /home/maanavjugalshah/SwarmAero/ros2_ws/install/px4_msgs/include/px4_msgs/px4_msgs/msg/vehicle_air_data.hpp\n'}
[2.833192] (px4_msgs) StdoutLine: {'line': b'-- Up-to-date symlink: /home/maanavjugalshah/SwarmAero/ros2_ws/install/px4_msgs/include/px4_msgs/px4_msgs/msg/vehicle_angular_acceleration_setpoint.hpp\n'}
[2.833576] (px4_msgs) StdoutLine: {'line': b'-- Up-to-date symlink: /home/maanavjugalshah/SwarmAero/ros2_ws/install/px4_msgs/include/px4_msgs/px4_msgs/msg/vehicle_angular_velocity.hpp\n'}
[2.833906] (px4_msgs) StdoutLine: {'line': b'-- Up-to-date symlink: /home/maanavjugalshah/SwarmAero/ros2_ws/install/px4_msgs/include/px4_msgs/px4_msgs/msg/vehicle_attitude.hpp\n'}
[2.834281] (px4_msgs) StdoutLine: {'line': b'-- Up-to-date symlink: /home/maanavjugalshah/SwarmAero/ros2_ws/install/px4_msgs/include/px4_msgs/px4_msgs/msg/vehicle_attitude_setpoint.hpp\n'}
[2.834691] (px4_msgs) StdoutLine: {'line': b'-- Up-to-date symlink: /home/maanavjugalshah/SwarmAero/ros2_ws/install/px4_msgs/include/px4_msgs/px4_msgs/msg/vehicle_command.hpp\n'}
[2.834945] (px4_msgs) StdoutLine: {'line': b'-- Up-to-date symlink: /home/maanavjugalshah/SwarmAero/ros2_ws/install/px4_msgs/include/px4_msgs/px4_msgs/msg/vehicle_command_ack.hpp\n'}
[2.835062] (px4_msgs) StdoutLine: {'line': b'-- Up-to-date symlink: /home/maanavjugalshah/SwarmAero/ros2_ws/install/px4_msgs/include/px4_msgs/px4_msgs/msg/vehicle_constraints.hpp\n'}
[2.835175] (px4_msgs) StdoutLine: {'line': b'-- Up-to-date symlink: /home/maanavjugalshah/SwarmAero/ros2_ws/install/px4_msgs/include/px4_msgs/px4_msgs/msg/vehicle_control_mode.hpp\n'}
[2.835388] (px4_msgs) StdoutLine: {'line': b'-- Up-to-date symlink: /home/maanavjugalshah/SwarmAero/ros2_ws/install/px4_msgs/include/px4_msgs/px4_msgs/msg/vehicle_global_position.hpp\n'}
[2.835502] (px4_msgs) StdoutLine: {'line': b'-- Up-to-date symlink: /home/maanavjugalshah/SwarmAero/ros2_ws/install/px4_msgs/include/px4_msgs/px4_msgs/msg/vehicle_imu.hpp\n'}
[2.835568] (px4_msgs) StdoutLine: {'line': b'-- Up-to-date symlink: /home/maanavjugalshah/SwarmAero/ros2_ws/install/px4_msgs/include/px4_msgs/px4_msgs/msg/vehicle_imu_status.hpp\n'}
[2.835608] (px4_msgs) StdoutLine: {'line': b'-- Up-to-date symlink: /home/maanavjugalshah/SwarmAero/ros2_ws/install/px4_msgs/include/px4_msgs/px4_msgs/msg/vehicle_land_detected.hpp\n'}
[2.835704] (px4_msgs) StdoutLine: {'line': b'-- Up-to-date symlink: /home/maanavjugalshah/SwarmAero/ros2_ws/install/px4_msgs/include/px4_msgs/px4_msgs/msg/vehicle_local_position.hpp\n'}
[2.835819] (px4_msgs) StdoutLine: {'line': b'-- Up-to-date symlink: /home/maanavjugalshah/SwarmAero/ros2_ws/install/px4_msgs/include/px4_msgs/px4_msgs/msg/vehicle_local_position_setpoint.hpp\n'}
[2.835922] (px4_msgs) StdoutLine: {'line': b'-- Up-to-date symlink: /home/maanavjugalshah/SwarmAero/ros2_ws/install/px4_msgs/include/px4_msgs/px4_msgs/msg/vehicle_magnetometer.hpp\n'}
[2.836031] (px4_msgs) StdoutLine: {'line': b'-- Up-to-date symlink: /home/maanavjugalshah/SwarmAero/ros2_ws/install/px4_msgs/include/px4_msgs/px4_msgs/msg/vehicle_odometry.hpp\n'}
[2.836257] (px4_msgs) StdoutLine: {'line': b'-- Up-to-date symlink: /home/maanavjugalshah/SwarmAero/ros2_ws/install/px4_msgs/include/px4_msgs/px4_msgs/msg/vehicle_optical_flow.hpp\n'}
[2.836369] (px4_msgs) StdoutLine: {'line': b'-- Up-to-date symlink: /home/maanavjugalshah/SwarmAero/ros2_ws/install/px4_msgs/include/px4_msgs/px4_msgs/msg/vehicle_optical_flow_vel.hpp\n'}
[2.836663] (px4_msgs) StdoutLine: {'line': b'-- Up-to-date symlink: /home/maanavjugalshah/SwarmAero/ros2_ws/install/px4_msgs/include/px4_msgs/px4_msgs/msg/vehicle_rates_setpoint.hpp\n'}
[2.836761] (px4_msgs) StdoutLine: {'line': b'-- Up-to-date symlink: /home/maanavjugalshah/SwarmAero/ros2_ws/install/px4_msgs/include/px4_msgs/px4_msgs/msg/vehicle_roi.hpp\n'}
[2.836836] (px4_msgs) StdoutLine: {'line': b'-- Up-to-date symlink: /home/maanavjugalshah/SwarmAero/ros2_ws/install/px4_msgs/include/px4_msgs/px4_msgs/msg/vehicle_status.hpp\n'}
[2.836879] (px4_msgs) StdoutLine: {'line': b'-- Up-to-date symlink: /home/maanavjugalshah/SwarmAero/ros2_ws/install/px4_msgs/include/px4_msgs/px4_msgs/msg/vehicle_thrust_setpoint.hpp\n'}
[2.836923] (px4_msgs) StdoutLine: {'line': b'-- Up-to-date symlink: /home/maanavjugalshah/SwarmAero/ros2_ws/install/px4_msgs/include/px4_msgs/px4_msgs/msg/vehicle_torque_setpoint.hpp\n'}
[2.837109] (px4_msgs) StdoutLine: {'line': b'-- Up-to-date symlink: /home/maanavjugalshah/SwarmAero/ros2_ws/install/px4_msgs/include/px4_msgs/px4_msgs/msg/velocity_limits.hpp\n'}
[2.837196] (px4_msgs) StdoutLine: {'line': b'-- Up-to-date symlink: /home/maanavjugalshah/SwarmAero/ros2_ws/install/px4_msgs/include/px4_msgs/px4_msgs/msg/vtol_vehicle_status.hpp\n'}
[2.837267] (px4_msgs) StdoutLine: {'line': b'-- Up-to-date symlink: /home/maanavjugalshah/SwarmAero/ros2_ws/install/px4_msgs/include/px4_msgs/px4_msgs/msg/vtx.hpp\n'}
[2.837338] (px4_msgs) StdoutLine: {'line': b'-- Up-to-date symlink: /home/maanavjugalshah/SwarmAero/ros2_ws/install/px4_msgs/include/px4_msgs/px4_msgs/msg/wheel_encoders.hpp\n'}
[2.837455] (px4_msgs) StdoutLine: {'line': b'-- Up-to-date symlink: /home/maanavjugalshah/SwarmAero/ros2_ws/install/px4_msgs/include/px4_msgs/px4_msgs/msg/wind.hpp\n'}
[2.837546] (px4_msgs) StdoutLine: {'line': b'-- Up-to-date symlink: /home/maanavjugalshah/SwarmAero/ros2_ws/install/px4_msgs/include/px4_msgs/px4_msgs/msg/yaw_estimator_status.hpp\n'}
[2.837637] (px4_msgs) StdoutLine: {'line': b'-- Up-to-date symlink: /home/maanavjugalshah/SwarmAero/ros2_ws/install/px4_msgs/include/px4_msgs/px4_msgs/srv/detail/vehicle_command__builder.hpp\n'}
[2.837731] (px4_msgs) StdoutLine: {'line': b'-- Up-to-date symlink: /home/maanavjugalshah/SwarmAero/ros2_ws/install/px4_msgs/include/px4_msgs/px4_msgs/srv/detail/vehicle_command__struct.hpp\n'}
[2.837932] (px4_msgs) StdoutLine: {'line': b'-- Up-to-date symlink: /home/maanavjugalshah/SwarmAero/ros2_ws/install/px4_msgs/include/px4_msgs/px4_msgs/srv/detail/vehicle_command__traits.hpp\n'}
[2.838093] (px4_msgs) StdoutLine: {'line': b'-- Up-to-date symlink: /home/maanavjugalshah/SwarmAero/ros2_ws/install/px4_msgs/include/px4_msgs/px4_msgs/srv/detail/vehicle_command__type_support.hpp\n'}
[2.838166] (px4_msgs) StdoutLine: {'line': b'-- Up-to-date symlink: /home/maanavjugalshah/SwarmAero/ros2_ws/install/px4_msgs/include/px4_msgs/px4_msgs/srv/vehicle_command.hpp\n'}
[2.838282] (px4_msgs) StdoutLine: {'line': b'-- Up-to-date symlink: /home/maanavjugalshah/SwarmAero/ros2_ws/install/px4_msgs/include/px4_msgs/px4_msgs/msg/detail/action_request__rosidl_typesupport_fastrtps_cpp.hpp\n'}
[2.838400] (px4_msgs) StdoutLine: {'line': b'-- Up-to-date symlink: /home/maanavjugalshah/SwarmAero/ros2_ws/install/px4_msgs/include/px4_msgs/px4_msgs/msg/detail/actuator_armed__rosidl_typesupport_fastrtps_cpp.hpp\n'}
[2.838498] (px4_msgs) StdoutLine: {'line': b'-- Up-to-date symlink: /home/maanavjugalshah/SwarmAero/ros2_ws/install/px4_msgs/include/px4_msgs/px4_msgs/msg/detail/actuator_controls_status__rosidl_typesupport_fastrtps_cpp.hpp\n'}
[2.838680] (px4_msgs) StdoutLine: {'line': b'-- Up-to-date symlink: /home/maanavjugalshah/SwarmAero/ros2_ws/install/px4_msgs/include/px4_msgs/px4_msgs/msg/detail/actuator_motors__rosidl_typesupport_fastrtps_cpp.hpp\n'}
[2.838836] (px4_msgs) StdoutLine: {'line': b'-- Up-to-date symlink: /home/maanavjugalshah/SwarmAero/ros2_ws/install/px4_msgs/include/px4_msgs/px4_msgs/msg/detail/actuator_outputs__rosidl_typesupport_fastrtps_cpp.hpp\n'}
[2.839062] (px4_msgs) StdoutLine: {'line': b'-- Up-to-date symlink: /home/maanavjugalshah/SwarmAero/ros2_ws/install/px4_msgs/include/px4_msgs/px4_msgs/msg/detail/actuator_servos__rosidl_typesupport_fastrtps_cpp.hpp\n'}
[2.839300] (px4_msgs) StdoutLine: {'line': b'-- Up-to-date symlink: /home/maanavjugalshah/SwarmAero/ros2_ws/install/px4_msgs/include/px4_msgs/px4_msgs/msg/detail/actuator_servos_trim__rosidl_typesupport_fastrtps_cpp.hpp\n'}
[2.839733] (px4_msgs) StdoutLine: {'line': b'-- Up-to-date symlink: /home/maanavjugalshah/SwarmAero/ros2_ws/install/px4_msgs/include/px4_msgs/px4_msgs/msg/detail/actuator_test__rosidl_typesupport_fastrtps_cpp.hpp\n'}
[2.839880] (px4_msgs) StdoutLine: {'line': b'-- Up-to-date symlink: /home/maanavjugalshah/SwarmAero/ros2_ws/install/px4_msgs/include/px4_msgs/px4_msgs/msg/detail/adc_report__rosidl_typesupport_fastrtps_cpp.hpp\n'}
[2.840004] (px4_msgs) StdoutLine: {'line': b'-- Up-to-date symlink: /home/maanavjugalshah/SwarmAero/ros2_ws/install/px4_msgs/include/px4_msgs/px4_msgs/msg/detail/airspeed__rosidl_typesupport_fastrtps_cpp.hpp\n'}
[2.840090] (px4_msgs) StdoutLine: {'line': b'-- Up-to-date symlink: /home/maanavjugalshah/SwarmAero/ros2_ws/install/px4_msgs/include/px4_msgs/px4_msgs/msg/detail/airspeed_validated__rosidl_typesupport_fastrtps_cpp.hpp\n'}
[2.840379] (px4_msgs) StdoutLine: {'line': b'-- Up-to-date symlink: /home/maanavjugalshah/SwarmAero/ros2_ws/install/px4_msgs/include/px4_msgs/px4_msgs/msg/detail/airspeed_wind__rosidl_typesupport_fastrtps_cpp.hpp\n'}
[2.840431] (px4_msgs) StdoutLine: {'line': b'-- Up-to-date symlink: /home/maanavjugalshah/SwarmAero/ros2_ws/install/px4_msgs/include/px4_msgs/px4_msgs/msg/detail/arming_check_reply__rosidl_typesupport_fastrtps_cpp.hpp\n'}
[2.840549] (px4_msgs) StdoutLine: {'line': b'-- Up-to-date symlink: /home/maanavjugalshah/SwarmAero/ros2_ws/install/px4_msgs/include/px4_msgs/px4_msgs/msg/detail/arming_check_request__rosidl_typesupport_fastrtps_cpp.hpp\n'}
[2.840707] (px4_msgs) StdoutLine: {'line': b'-- Up-to-date symlink: /home/maanavjugalshah/SwarmAero/ros2_ws/install/px4_msgs/include/px4_msgs/px4_msgs/msg/detail/autotune_attitude_control_status__rosidl_typesupport_fastrtps_cpp.hpp\n'}
[2.841189] (px4_msgs) StdoutLine: {'line': b'-- Up-to-date symlink: /home/maanavjugalshah/SwarmAero/ros2_ws/install/px4_msgs/include/px4_msgs/px4_msgs/msg/detail/aux_global_position__rosidl_typesupport_fastrtps_cpp.hpp\n'}
[2.841291] (px4_msgs) StdoutLine: {'line': b'-- Up-to-date symlink: /home/maanavjugalshah/SwarmAero/ros2_ws/install/px4_msgs/include/px4_msgs/px4_msgs/msg/detail/battery_info__rosidl_typesupport_fastrtps_cpp.hpp\n'}
[2.841635] (px4_msgs) StdoutLine: {'line': b'-- Up-to-date symlink: /home/maanavjugalshah/SwarmAero/ros2_ws/install/px4_msgs/include/px4_msgs/px4_msgs/msg/detail/battery_status__rosidl_typesupport_fastrtps_cpp.hpp\n'}
[2.841708] (px4_msgs) StdoutLine: {'line': b'-- Up-to-date symlink: /home/maanavjugalshah/SwarmAero/ros2_ws/install/px4_msgs/include/px4_msgs/px4_msgs/msg/detail/button_event__rosidl_typesupport_fastrtps_cpp.hpp\n'}
[2.841748] (px4_msgs) StdoutLine: {'line': b'-- Up-to-date symlink: /home/maanavjugalshah/SwarmAero/ros2_ws/install/px4_msgs/include/px4_msgs/px4_msgs/msg/detail/camera_capture__rosidl_typesupport_fastrtps_cpp.hpp\n'}
[2.841784] (px4_msgs) StdoutLine: {'line': b'-- Up-to-date symlink: /home/maanavjugalshah/SwarmAero/ros2_ws/install/px4_msgs/include/px4_msgs/px4_msgs/msg/detail/camera_status__rosidl_typesupport_fastrtps_cpp.hpp\n'}
[2.841968] (px4_msgs) StdoutLine: {'line': b'-- Up-to-date symlink: /home/maanavjugalshah/SwarmAero/ros2_ws/install/px4_msgs/include/px4_msgs/px4_msgs/msg/detail/camera_trigger__rosidl_typesupport_fastrtps_cpp.hpp\n'}
[2.842034] (px4_msgs) StdoutLine: {'line': b'-- Up-to-date symlink: /home/maanavjugalshah/SwarmAero/ros2_ws/install/px4_msgs/include/px4_msgs/px4_msgs/msg/detail/can_interface_status__rosidl_typesupport_fastrtps_cpp.hpp\n'}
[2.842072] (px4_msgs) StdoutLine: {'line': b'-- Up-to-date symlink: /home/maanavjugalshah/SwarmAero/ros2_ws/install/px4_msgs/include/px4_msgs/px4_msgs/msg/detail/cellular_status__rosidl_typesupport_fastrtps_cpp.hpp\n'}
[2.842200] (px4_msgs) StdoutLine: {'line': b'-- Up-to-date symlink: /home/maanavjugalshah/SwarmAero/ros2_ws/install/px4_msgs/include/px4_msgs/px4_msgs/msg/detail/collision_constraints__rosidl_typesupport_fastrtps_cpp.hpp\n'}
[2.842245] (px4_msgs) StdoutLine: {'line': b'-- Up-to-date symlink: /home/maanavjugalshah/SwarmAero/ros2_ws/install/px4_msgs/include/px4_msgs/px4_msgs/msg/detail/config_overrides__rosidl_typesupport_fastrtps_cpp.hpp\n'}
[2.842281] (px4_msgs) StdoutLine: {'line': b'-- Up-to-date symlink: /home/maanavjugalshah/SwarmAero/ros2_ws/install/px4_msgs/include/px4_msgs/px4_msgs/msg/detail/control_allocator_status__rosidl_typesupport_fastrtps_cpp.hpp\n'}
[2.842366] (px4_msgs) StdoutLine: {'line': b'-- Up-to-date symlink: /home/maanavjugalshah/SwarmAero/ros2_ws/install/px4_msgs/include/px4_msgs/px4_msgs/msg/detail/cpuload__rosidl_typesupport_fastrtps_cpp.hpp\n'}
[2.842483] (px4_msgs) StdoutLine: {'line': b'-- Up-to-date symlink: /home/maanavjugalshah/SwarmAero/ros2_ws/install/px4_msgs/include/px4_msgs/px4_msgs/msg/detail/dataman_request__rosidl_typesupport_fastrtps_cpp.hpp\n'}
[2.842697] (px4_msgs) StdoutLine: {'line': b'-- Up-to-date symlink: /home/maanavjugalshah/SwarmAero/ros2_ws/install/px4_msgs/include/px4_msgs/px4_msgs/msg/detail/dataman_response__rosidl_typesupport_fastrtps_cpp.hpp\n'}
[2.842870] (px4_msgs) StdoutLine: {'line': b'-- Up-to-date symlink: /home/maanavjugalshah/SwarmAero/ros2_ws/install/px4_msgs/include/px4_msgs/px4_msgs/msg/detail/debug_array__rosidl_typesupport_fastrtps_cpp.hpp\n'}
[2.842932] (px4_msgs) StdoutLine: {'line': b'-- Up-to-date symlink: /home/maanavjugalshah/SwarmAero/ros2_ws/install/px4_msgs/include/px4_msgs/px4_msgs/msg/detail/debug_key_value__rosidl_typesupport_fastrtps_cpp.hpp\n'}
[2.843337] (px4_msgs) StdoutLine: {'line': b'-- Up-to-date symlink: /home/maanavjugalshah/SwarmAero/ros2_ws/install/px4_msgs/include/px4_msgs/px4_msgs/msg/detail/debug_value__rosidl_typesupport_fastrtps_cpp.hpp\n'}
[2.843478] (px4_msgs) StdoutLine: {'line': b'-- Up-to-date symlink: /home/maanavjugalshah/SwarmAero/ros2_ws/install/px4_msgs/include/px4_msgs/px4_msgs/msg/detail/debug_vect__rosidl_typesupport_fastrtps_cpp.hpp\n'}
[2.843604] (px4_msgs) StdoutLine: {'line': b'-- Up-to-date symlink: /home/maanavjugalshah/SwarmAero/ros2_ws/install/px4_msgs/include/px4_msgs/px4_msgs/msg/detail/device_information__rosidl_typesupport_fastrtps_cpp.hpp\n'}
[2.843719] (px4_msgs) StdoutLine: {'line': b'-- Up-to-date symlink: /home/maanavjugalshah/SwarmAero/ros2_ws/install/px4_msgs/include/px4_msgs/px4_msgs/msg/detail/differential_pressure__rosidl_typesupport_fastrtps_cpp.hpp\n'}
[2.843902] (px4_msgs) StdoutLine: {'line': b'-- Up-to-date symlink: /home/maanavjugalshah/SwarmAero/ros2_ws/install/px4_msgs/include/px4_msgs/px4_msgs/msg/detail/distance_sensor__rosidl_typesupport_fastrtps_cpp.hpp\n'}
[2.843949] (px4_msgs) StdoutLine: {'line': b'-- Up-to-date symlink: /home/maanavjugalshah/SwarmAero/ros2_ws/install/px4_msgs/include/px4_msgs/px4_msgs/msg/detail/distance_sensor_mode_change_request__rosidl_typesupport_fastrtps_cpp.hpp\n'}
[2.844025] (px4_msgs) StdoutLine: {'line': b'-- Up-to-date symlink: /home/maanavjugalshah/SwarmAero/ros2_ws/install/px4_msgs/include/px4_msgs/px4_msgs/msg/detail/dronecan_node_status__rosidl_typesupport_fastrtps_cpp.hpp\n'}
[2.844141] (px4_msgs) StdoutLine: {'line': b'-- Up-to-date symlink: /home/maanavjugalshah/SwarmAero/ros2_ws/install/px4_msgs/include/px4_msgs/px4_msgs/msg/detail/ekf2_timestamps__rosidl_typesupport_fastrtps_cpp.hpp\n'}
[2.844209] (px4_msgs) StdoutLine: {'line': b'-- Up-to-date symlink: /home/maanavjugalshah/SwarmAero/ros2_ws/install/px4_msgs/include/px4_msgs/px4_msgs/msg/detail/esc_eeprom_read__rosidl_typesupport_fastrtps_cpp.hpp\n'}
[2.844310] (px4_msgs) StdoutLine: {'line': b'-- Up-to-date symlink: /home/maanavjugalshah/SwarmAero/ros2_ws/install/px4_msgs/include/px4_msgs/px4_msgs/msg/detail/esc_eeprom_write__rosidl_typesupport_fastrtps_cpp.hpp\n'}
[2.844350] (px4_msgs) StdoutLine: {'line': b'-- Up-to-date symlink: /home/maanavjugalshah/SwarmAero/ros2_ws/install/px4_msgs/include/px4_msgs/px4_msgs/msg/detail/esc_report__rosidl_typesupport_fastrtps_cpp.hpp\n'}
[2.844520] (px4_msgs) StdoutLine: {'line': b'-- Up-to-date symlink: /home/maanavjugalshah/SwarmAero/ros2_ws/install/px4_msgs/include/px4_msgs/px4_msgs/msg/detail/esc_status__rosidl_typesupport_fastrtps_cpp.hpp\n'}
[2.844588] (px4_msgs) StdoutLine: {'line': b'-- Up-to-date symlink: /home/maanavjugalshah/SwarmAero/ros2_ws/install/px4_msgs/include/px4_msgs/px4_msgs/msg/detail/estimator_aid_source1d__rosidl_typesupport_fastrtps_cpp.hpp\n'}
[2.844629] (px4_msgs) StdoutLine: {'line': b'-- Up-to-date symlink: /home/maanavjugalshah/SwarmAero/ros2_ws/install/px4_msgs/include/px4_msgs/px4_msgs/msg/detail/estimator_aid_source2d__rosidl_typesupport_fastrtps_cpp.hpp\n'}
[2.844883] (px4_msgs) StdoutLine: {'line': b'-- Up-to-date symlink: /home/maanavjugalshah/SwarmAero/ros2_ws/install/px4_msgs/include/px4_msgs/px4_msgs/msg/detail/estimator_aid_source3d__rosidl_typesupport_fastrtps_cpp.hpp\n'}
[2.844929] (px4_msgs) StdoutLine: {'line': b'-- Up-to-date symlink: /home/maanavjugalshah/SwarmAero/ros2_ws/install/px4_msgs/include/px4_msgs/px4_msgs/msg/detail/estimator_bias3d__rosidl_typesupport_fastrtps_cpp.hpp\n'}
[2.845016] (px4_msgs) StdoutLine: {'line': b'-- Up-to-date symlink: /home/maanavjugalshah/SwarmAero/ros2_ws/install/px4_msgs/include/px4_msgs/px4_msgs/msg/detail/estimator_bias__rosidl_typesupport_fastrtps_cpp.hpp\n'}
[2.845091] (px4_msgs) StdoutLine: {'line': b'-- Up-to-date symlink: /home/maanavjugalshah/SwarmAero/ros2_ws/install/px4_msgs/include/px4_msgs/px4_msgs/msg/detail/estimator_event_flags__rosidl_typesupport_fastrtps_cpp.hpp\n'}
[2.845170] (px4_msgs) StdoutLine: {'line': b'-- Up-to-date symlink: /home/maanavjugalshah/SwarmAero/ros2_ws/install/px4_msgs/include/px4_msgs/px4_msgs/msg/detail/estimator_fusion_control__rosidl_typesupport_fastrtps_cpp.hpp\n'}
[2.845342] (px4_msgs) StdoutLine: {'line': b'-- Up-to-date symlink: /home/maanavjugalshah/SwarmAero/ros2_ws/install/px4_msgs/include/px4_msgs/px4_msgs/msg/detail/estimator_gps_status__rosidl_typesupport_fastrtps_cpp.hpp\n'}
[2.845570] (px4_msgs) StdoutLine: {'line': b'-- Up-to-date symlink: /home/maanavjugalshah/SwarmAero/ros2_ws/install/px4_msgs/include/px4_msgs/px4_msgs/msg/detail/estimator_innovations__rosidl_typesupport_fastrtps_cpp.hpp\n'}
[2.845736] (px4_msgs) StdoutLine: {'line': b'-- Up-to-date symlink: /home/maanavjugalshah/SwarmAero/ros2_ws/install/px4_msgs/include/px4_msgs/px4_msgs/msg/detail/estimator_selector_status__rosidl_typesupport_fastrtps_cpp.hpp\n'}
[2.845976] (px4_msgs) StdoutLine: {'line': b'-- Up-to-date symlink: /home/maanavjugalshah/SwarmAero/ros2_ws/install/px4_msgs/include/px4_msgs/px4_msgs/msg/detail/estimator_sensor_bias__rosidl_typesupport_fastrtps_cpp.hpp\n'}
[2.846043] (px4_msgs) StdoutLine: {'line': b'-- Up-to-date symlink: /home/maanavjugalshah/SwarmAero/ros2_ws/install/px4_msgs/include/px4_msgs/px4_msgs/msg/detail/estimator_states__rosidl_typesupport_fastrtps_cpp.hpp\n'}
[2.846222] (px4_msgs) StdoutLine: {'line': b'-- Up-to-date symlink: /home/maanavjugalshah/SwarmAero/ros2_ws/install/px4_msgs/include/px4_msgs/px4_msgs/msg/detail/estimator_status__rosidl_typesupport_fastrtps_cpp.hpp\n'}
[2.846277] (px4_msgs) StdoutLine: {'line': b'-- Up-to-date symlink: /home/maanavjugalshah/SwarmAero/ros2_ws/install/px4_msgs/include/px4_msgs/px4_msgs/msg/detail/estimator_status_flags__rosidl_typesupport_fastrtps_cpp.hpp\n'}
[2.846475] (px4_msgs) StdoutLine: {'line': b'-- Up-to-date symlink: /home/maanavjugalshah/SwarmAero/ros2_ws/install/px4_msgs/include/px4_msgs/px4_msgs/msg/detail/event__rosidl_typesupport_fastrtps_cpp.hpp\n'}
[2.846636] (px4_msgs) StdoutLine: {'line': b'-- Up-to-date symlink: /home/maanavjugalshah/SwarmAero/ros2_ws/install/px4_msgs/include/px4_msgs/px4_msgs/msg/detail/failsafe_flags__rosidl_typesupport_fastrtps_cpp.hpp\n'}
[2.846684] (px4_msgs) StdoutLine: {'line': b'-- Up-to-date symlink: /home/maanavjugalshah/SwarmAero/ros2_ws/install/px4_msgs/include/px4_msgs/px4_msgs/msg/detail/failure_detector_status__rosidl_typesupport_fastrtps_cpp.hpp\n'}
[2.846767] (px4_msgs) StdoutLine: {'line': b'-- Up-to-date symlink: /home/maanavjugalshah/SwarmAero/ros2_ws/install/px4_msgs/include/px4_msgs/px4_msgs/msg/detail/figure_eight_status__rosidl_typesupport_fastrtps_cpp.hpp\n'}
[2.846882] (px4_msgs) StdoutLine: {'line': b'-- Up-to-date symlink: /home/maanavjugalshah/SwarmAero/ros2_ws/install/px4_msgs/include/px4_msgs/px4_msgs/msg/detail/fixed_wing_lateral_guidance_status__rosidl_typesupport_fastrtps_cpp.hpp\n'}
[2.847002] (px4_msgs) StdoutLine: {'line': b'-- Up-to-date symlink: /home/maanavjugalshah/SwarmAero/ros2_ws/install/px4_msgs/include/px4_msgs/px4_msgs/msg/detail/fixed_wing_lateral_setpoint__rosidl_typesupport_fastrtps_cpp.hpp\n'}
[2.847101] (px4_msgs) StdoutLine: {'line': b'-- Up-to-date symlink: /home/maanavjugalshah/SwarmAero/ros2_ws/install/px4_msgs/include/px4_msgs/px4_msgs/msg/detail/fixed_wing_lateral_status__rosidl_typesupport_fastrtps_cpp.hpp\n'}
[2.847170] (px4_msgs) StdoutLine: {'line': b'-- Up-to-date symlink: /home/maanavjugalshah/SwarmAero/ros2_ws/install/px4_msgs/include/px4_msgs/px4_msgs/msg/detail/fixed_wing_longitudinal_setpoint__rosidl_typesupport_fastrtps_cpp.hpp\n'}
[2.847209] (px4_msgs) StdoutLine: {'line': b'-- Up-to-date symlink: /home/maanavjugalshah/SwarmAero/ros2_ws/install/px4_msgs/include/px4_msgs/px4_msgs/msg/detail/fixed_wing_runway_control__rosidl_typesupport_fastrtps_cpp.hpp\n'}
[2.847247] (px4_msgs) StdoutLine: {'line': b'-- Up-to-date symlink: /home/maanavjugalshah/SwarmAero/ros2_ws/install/px4_msgs/include/px4_msgs/px4_msgs/msg/detail/flight_phase_estimation__rosidl_typesupport_fastrtps_cpp.hpp\n'}
[2.847420] (px4_msgs) StdoutLine: {'line': b'-- Up-to-date symlink: /home/maanavjugalshah/SwarmAero/ros2_ws/install/px4_msgs/include/px4_msgs/px4_msgs/msg/detail/follow_target__rosidl_typesupport_fastrtps_cpp.hpp\n'}
[2.847811] (px4_msgs) StdoutLine: {'line': b'-- Up-to-date symlink: /home/maanavjugalshah/SwarmAero/ros2_ws/install/px4_msgs/include/px4_msgs/px4_msgs/msg/detail/follow_target_estimator__rosidl_typesupport_fastrtps_cpp.hpp\n'}
[2.848220] (px4_msgs) StdoutLine: {'line': b'-- Up-to-date symlink: /home/maanavjugalshah/SwarmAero/ros2_ws/install/px4_msgs/include/px4_msgs/px4_msgs/msg/detail/follow_target_status__rosidl_typesupport_fastrtps_cpp.hpp\n'}
[2.848346] (px4_msgs) StdoutLine: {'line': b'-- Up-to-date symlink: /home/maanavjugalshah/SwarmAero/ros2_ws/install/px4_msgs/include/px4_msgs/px4_msgs/msg/detail/fuel_tank_status__rosidl_typesupport_fastrtps_cpp.hpp\n'}
[2.848463] (px4_msgs) StdoutLine: {'line': b'-- Up-to-date symlink: /home/maanavjugalshah/SwarmAero/ros2_ws/install/px4_msgs/include/px4_msgs/px4_msgs/msg/detail/gain_compression__rosidl_typesupport_fastrtps_cpp.hpp\n'}
[2.848665] (px4_msgs) StdoutLine: {'line': b'-- Up-to-date symlink: /home/maanavjugalshah/SwarmAero/ros2_ws/install/px4_msgs/include/px4_msgs/px4_msgs/msg/detail/generator_status__rosidl_typesupport_fastrtps_cpp.hpp\n'}
[2.848800] (px4_msgs) StdoutLine: {'line': b'-- Up-to-date symlink: /home/maanavjugalshah/SwarmAero/ros2_ws/install/px4_msgs/include/px4_msgs/px4_msgs/msg/detail/geofence_result__rosidl_typesupport_fastrtps_cpp.hpp\n'}
[2.848922] (px4_msgs) StdoutLine: {'line': b'-- Up-to-date symlink: /home/maanavjugalshah/SwarmAero/ros2_ws/install/px4_msgs/include/px4_msgs/px4_msgs/msg/detail/geofence_status__rosidl_typesupport_fastrtps_cpp.hpp\n'}
[2.849183] (px4_msgs) StdoutLine: {'line': b'-- Up-to-date symlink: /home/maanavjugalshah/SwarmAero/ros2_ws/install/px4_msgs/include/px4_msgs/px4_msgs/msg/detail/gimbal_controls__rosidl_typesupport_fastrtps_cpp.hpp\n'}
[2.849259] (px4_msgs) StdoutLine: {'line': b'-- Up-to-date symlink: /home/maanavjugalshah/SwarmAero/ros2_ws/install/px4_msgs/include/px4_msgs/px4_msgs/msg/detail/gimbal_device_attitude_status__rosidl_typesupport_fastrtps_cpp.hpp\n'}
[2.849305] (px4_msgs) StdoutLine: {'line': b'-- Up-to-date symlink: /home/maanavjugalshah/SwarmAero/ros2_ws/install/px4_msgs/include/px4_msgs/px4_msgs/msg/detail/gimbal_device_information__rosidl_typesupport_fastrtps_cpp.hpp\n'}
[2.849341] (px4_msgs) StdoutLine: {'line': b'-- Up-to-date symlink: /home/maanavjugalshah/SwarmAero/ros2_ws/install/px4_msgs/include/px4_msgs/px4_msgs/msg/detail/gimbal_device_set_attitude__rosidl_typesupport_fastrtps_cpp.hpp\n'}
[2.849376] (px4_msgs) StdoutLine: {'line': b'-- Up-to-date symlink: /home/maanavjugalshah/SwarmAero/ros2_ws/install/px4_msgs/include/px4_msgs/px4_msgs/msg/detail/gimbal_manager_information__rosidl_typesupport_fastrtps_cpp.hpp\n'}
[2.849412] (px4_msgs) StdoutLine: {'line': b'-- Up-to-date symlink: /home/maanavjugalshah/SwarmAero/ros2_ws/install/px4_msgs/include/px4_msgs/px4_msgs/msg/detail/gimbal_manager_set_attitude__rosidl_typesupport_fastrtps_cpp.hpp\n'}
[2.849450] (px4_msgs) StdoutLine: {'line': b'-- Up-to-date symlink: /home/maanavjugalshah/SwarmAero/ros2_ws/install/px4_msgs/include/px4_msgs/px4_msgs/msg/detail/gimbal_manager_set_manual_control__rosidl_typesupport_fastrtps_cpp.hpp\n'}
[2.849485] (px4_msgs) StdoutLine: {'line': b'-- Up-to-date symlink: /home/maanavjugalshah/SwarmAero/ros2_ws/install/px4_msgs/include/px4_msgs/px4_msgs/msg/detail/gimbal_manager_status__rosidl_typesupport_fastrtps_cpp.hpp\n'}
[2.849522] (px4_msgs) StdoutLine: {'line': b'-- Up-to-date symlink: /home/maanavjugalshah/SwarmAero/ros2_ws/install/px4_msgs/include/px4_msgs/px4_msgs/msg/detail/goto_setpoint__rosidl_typesupport_fastrtps_cpp.hpp\n'}
[2.849559] (px4_msgs) StdoutLine: {'line': b'-- Up-to-date symlink: /home/maanavjugalshah/SwarmAero/ros2_ws/install/px4_msgs/include/px4_msgs/px4_msgs/msg/detail/gpio_config__rosidl_typesupport_fastrtps_cpp.hpp\n'}
[2.849595] (px4_msgs) StdoutLine: {'line': b'-- Up-to-date symlink: /home/maanavjugalshah/SwarmAero/ros2_ws/install/px4_msgs/include/px4_msgs/px4_msgs/msg/detail/gpio_in__rosidl_typesupport_fastrtps_cpp.hpp\n'}
[2.849630] (px4_msgs) StdoutLine: {'line': b'-- Up-to-date symlink: /home/maanavjugalshah/SwarmAero/ros2_ws/install/px4_msgs/include/px4_msgs/px4_msgs/msg/detail/gpio_out__rosidl_typesupport_fastrtps_cpp.hpp\n'}
[2.849666] (px4_msgs) StdoutLine: {'line': b'-- Up-to-date symlink: /home/maanavjugalshah/SwarmAero/ros2_ws/install/px4_msgs/include/px4_msgs/px4_msgs/msg/detail/gpio_request__rosidl_typesupport_fastrtps_cpp.hpp\n'}
[2.849702] (px4_msgs) StdoutLine: {'line': b'-- Up-to-date symlink: /home/maanavjugalshah/SwarmAero/ros2_ws/install/px4_msgs/include/px4_msgs/px4_msgs/msg/detail/gps_dump__rosidl_typesupport_fastrtps_cpp.hpp\n'}
[2.849737] (px4_msgs) StdoutLine: {'line': b'-- Up-to-date symlink: /home/maanavjugalshah/SwarmAero/ros2_ws/install/px4_msgs/include/px4_msgs/px4_msgs/msg/detail/gps_inject_data__rosidl_typesupport_fastrtps_cpp.hpp\n'}
[2.849771] (px4_msgs) StdoutLine: {'line': b'-- Up-to-date symlink: /home/maanavjugalshah/SwarmAero/ros2_ws/install/px4_msgs/include/px4_msgs/px4_msgs/msg/detail/gripper__rosidl_typesupport_fastrtps_cpp.hpp\n'}
[2.849805] (px4_msgs) StdoutLine: {'line': b'-- Up-to-date symlink: /home/maanavjugalshah/SwarmAero/ros2_ws/install/px4_msgs/include/px4_msgs/px4_msgs/msg/detail/health_report__rosidl_typesupport_fastrtps_cpp.hpp\n'}
[2.849839] (px4_msgs) StdoutLine: {'line': b'-- Up-to-date symlink: /home/maanavjugalshah/SwarmAero/ros2_ws/install/px4_msgs/include/px4_msgs/px4_msgs/msg/detail/heater_status__rosidl_typesupport_fastrtps_cpp.hpp\n'}
[2.849873] (px4_msgs) StdoutLine: {'line': b'-- Up-to-date symlink: /home/maanavjugalshah/SwarmAero/ros2_ws/install/px4_msgs/include/px4_msgs/px4_msgs/msg/detail/home_position__rosidl_typesupport_fastrtps_cpp.hpp\n'}
[2.849906] (px4_msgs) StdoutLine: {'line': b'-- Up-to-date symlink: /home/maanavjugalshah/SwarmAero/ros2_ws/install/px4_msgs/include/px4_msgs/px4_msgs/msg/detail/hover_thrust_estimate__rosidl_typesupport_fastrtps_cpp.hpp\n'}
[2.849939] (px4_msgs) StdoutLine: {'line': b'-- Up-to-date symlink: /home/maanavjugalshah/SwarmAero/ros2_ws/install/px4_msgs/include/px4_msgs/px4_msgs/msg/detail/input_rc__rosidl_typesupport_fastrtps_cpp.hpp\n'}
[2.850002] (px4_msgs) StdoutLine: {'line': b'-- Up-to-date symlink: /home/maanavjugalshah/SwarmAero/ros2_ws/install/px4_msgs/include/px4_msgs/px4_msgs/msg/detail/internal_combustion_engine_control__rosidl_typesupport_fastrtps_cpp.hpp\n'}
[2.850040] (px4_msgs) StdoutLine: {'line': b'-- Up-to-date symlink: /home/maanavjugalshah/SwarmAero/ros2_ws/install/px4_msgs/include/px4_msgs/px4_msgs/msg/detail/internal_combustion_engine_status__rosidl_typesupport_fastrtps_cpp.hpp\n'}
[2.850078] (px4_msgs) StdoutLine: {'line': b'-- Up-to-date symlink: /home/maanavjugalshah/SwarmAero/ros2_ws/install/px4_msgs/include/px4_msgs/px4_msgs/msg/detail/iridiumsbd_status__rosidl_typesupport_fastrtps_cpp.hpp\n'}
[2.850111] (px4_msgs) StdoutLine: {'line': b'-- Up-to-date symlink: /home/maanavjugalshah/SwarmAero/ros2_ws/install/px4_msgs/include/px4_msgs/px4_msgs/msg/detail/irlock_report__rosidl_typesupport_fastrtps_cpp.hpp\n'}
[2.850182] (px4_msgs) StdoutLine: {'line': b'-- Up-to-date symlink: /home/maanavjugalshah/SwarmAero/ros2_ws/install/px4_msgs/include/px4_msgs/px4_msgs/msg/detail/landing_gear__rosidl_typesupport_fastrtps_cpp.hpp\n'}
[2.850219] (px4_msgs) StdoutLine: {'line': b'-- Up-to-date symlink: /home/maanavjugalshah/SwarmAero/ros2_ws/install/px4_msgs/include/px4_msgs/px4_msgs/msg/detail/landing_gear_wheel__rosidl_typesupport_fastrtps_cpp.hpp\n'}
[2.850254] (px4_msgs) StdoutLine: {'line': b'-- Up-to-date symlink: /home/maanavjugalshah/SwarmAero/ros2_ws/install/px4_msgs/include/px4_msgs/px4_msgs/msg/detail/landing_target_innovations__rosidl_typesupport_fastrtps_cpp.hpp\n'}
[2.850287] (px4_msgs) StdoutLine: {'line': b'-- Up-to-date symlink: /home/maanavjugalshah/SwarmAero/ros2_ws/install/px4_msgs/include/px4_msgs/px4_msgs/msg/detail/landing_target_pose__rosidl_typesupport_fastrtps_cpp.hpp\n'}
[2.850320] (px4_msgs) StdoutLine: {'line': b'-- Up-to-date symlink: /home/maanavjugalshah/SwarmAero/ros2_ws/install/px4_msgs/include/px4_msgs/px4_msgs/msg/detail/lateral_control_configuration__rosidl_typesupport_fastrtps_cpp.hpp\n'}
[2.850382] (px4_msgs) StdoutLine: {'line': b'-- Up-to-date symlink: /home/maanavjugalshah/SwarmAero/ros2_ws/install/px4_msgs/include/px4_msgs/px4_msgs/msg/detail/launch_detection_status__rosidl_typesupport_fastrtps_cpp.hpp\n'}
[2.850422] (px4_msgs) StdoutLine: {'line': b'-- Up-to-date symlink: /home/maanavjugalshah/SwarmAero/ros2_ws/install/px4_msgs/include/px4_msgs/px4_msgs/msg/detail/led_control__rosidl_typesupport_fastrtps_cpp.hpp\n'}
[2.850460] (px4_msgs) StdoutLine: {'line': b'-- Up-to-date symlink: /home/maanavjugalshah/SwarmAero/ros2_ws/install/px4_msgs/include/px4_msgs/px4_msgs/msg/detail/log_message__rosidl_typesupport_fastrtps_cpp.hpp\n'}
[2.850526] (px4_msgs) StdoutLine: {'line': b'-- Up-to-date symlink: /home/maanavjugalshah/SwarmAero/ros2_ws/install/px4_msgs/include/px4_msgs/px4_msgs/msg/detail/logger_status__rosidl_typesupport_fastrtps_cpp.hpp\n'}
[2.850571] (px4_msgs) StdoutLine: {'line': b'-- Up-to-date symlink: /home/maanavjugalshah/SwarmAero/ros2_ws/install/px4_msgs/include/px4_msgs/px4_msgs/msg/detail/longitudinal_control_configuration__rosidl_typesupport_fastrtps_cpp.hpp\n'}
[2.850608] (px4_msgs) StdoutLine: {'line': b'-- Up-to-date symlink: /home/maanavjugalshah/SwarmAero/ros2_ws/install/px4_msgs/include/px4_msgs/px4_msgs/msg/detail/mag_worker_data__rosidl_typesupport_fastrtps_cpp.hpp\n'}
[2.850643] (px4_msgs) StdoutLine: {'line': b'-- Up-to-date symlink: /home/maanavjugalshah/SwarmAero/ros2_ws/install/px4_msgs/include/px4_msgs/px4_msgs/msg/detail/magnetometer_bias_estimate__rosidl_typesupport_fastrtps_cpp.hpp\n'}
[2.850677] (px4_msgs) StdoutLine: {'line': b'-- Up-to-date symlink: /home/maanavjugalshah/SwarmAero/ros2_ws/install/px4_msgs/include/px4_msgs/px4_msgs/msg/detail/manual_control_setpoint__rosidl_typesupport_fastrtps_cpp.hpp\n'}
[2.850712] (px4_msgs) StdoutLine: {'line': b'-- Up-to-date symlink: /home/maanavjugalshah/SwarmAero/ros2_ws/install/px4_msgs/include/px4_msgs/px4_msgs/msg/detail/manual_control_switches__rosidl_typesupport_fastrtps_cpp.hpp\n'}
[2.850747] (px4_msgs) StdoutLine: {'line': b'-- Up-to-date symlink: /home/maanavjugalshah/SwarmAero/ros2_ws/install/px4_msgs/include/px4_msgs/px4_msgs/msg/detail/mavlink_log__rosidl_typesupport_fastrtps_cpp.hpp\n'}
[2.850780] (px4_msgs) StdoutLine: {'line': b'-- Up-to-date symlink: /home/maanavjugalshah/SwarmAero/ros2_ws/install/px4_msgs/include/px4_msgs/px4_msgs/msg/detail/mavlink_tunnel__rosidl_typesupport_fastrtps_cpp.hpp\n'}
[2.850813] (px4_msgs) StdoutLine: {'line': b'-- Up-to-date symlink: /home/maanavjugalshah/SwarmAero/ros2_ws/install/px4_msgs/include/px4_msgs/px4_msgs/msg/detail/message_format_request__rosidl_typesupport_fastrtps_cpp.hpp\n'}
[2.850845] (px4_msgs) StdoutLine: {'line': b'-- Up-to-date symlink: /home/maanavjugalshah/SwarmAero/ros2_ws/install/px4_msgs/include/px4_msgs/px4_msgs/msg/detail/message_format_response__rosidl_typesupport_fastrtps_cpp.hpp\n'}
[2.850880] (px4_msgs) StdoutLine: {'line': b'-- Up-to-date symlink: /home/maanavjugalshah/SwarmAero/ros2_ws/install/px4_msgs/include/px4_msgs/px4_msgs/msg/detail/mission__rosidl_typesupport_fastrtps_cpp.hpp\n'}
[2.850914] (px4_msgs) StdoutLine: {'line': b'-- Up-to-date symlink: /home/maanavjugalshah/SwarmAero/ros2_ws/install/px4_msgs/include/px4_msgs/px4_msgs/msg/detail/mission_result__rosidl_typesupport_fastrtps_cpp.hpp\n'}
[2.850946] (px4_msgs) StdoutLine: {'line': b'-- Up-to-date symlink: /home/maanavjugalshah/SwarmAero/ros2_ws/install/px4_msgs/include/px4_msgs/px4_msgs/msg/detail/mode_completed__rosidl_typesupport_fastrtps_cpp.hpp\n'}
[2.850980] (px4_msgs) StdoutLine: {'line': b'-- Up-to-date symlink: /home/maanavjugalshah/SwarmAero/ros2_ws/install/px4_msgs/include/px4_msgs/px4_msgs/msg/detail/mount_orientation__rosidl_typesupport_fastrtps_cpp.hpp\n'}
[2.851020] (px4_msgs) StdoutLine: {'line': b'-- Up-to-date symlink: /home/maanavjugalshah/SwarmAero/ros2_ws/install/px4_msgs/include/px4_msgs/px4_msgs/msg/detail/navigator_mission_item__rosidl_typesupport_fastrtps_cpp.hpp\n'}
[2.851055] (px4_msgs) StdoutLine: {'line': b'-- Up-to-date symlink: /home/maanavjugalshah/SwarmAero/ros2_ws/install/px4_msgs/include/px4_msgs/px4_msgs/msg/detail/navigator_status__rosidl_typesupport_fastrtps_cpp.hpp\n'}
[2.851245] (px4_msgs) StdoutLine: {'line': b'-- Up-to-date symlink: /home/maanavjugalshah/SwarmAero/ros2_ws/install/px4_msgs/include/px4_msgs/px4_msgs/msg/detail/neural_control__rosidl_typesupport_fastrtps_cpp.hpp\n'}
[2.851287] (px4_msgs) StdoutLine: {'line': b'-- Up-to-date symlink: /home/maanavjugalshah/SwarmAero/ros2_ws/install/px4_msgs/include/px4_msgs/px4_msgs/msg/detail/normalized_unsigned_setpoint__rosidl_typesupport_fastrtps_cpp.hpp\n'}
[2.851323] (px4_msgs) StdoutLine: {'line': b'-- Up-to-date symlink: /home/maanavjugalshah/SwarmAero/ros2_ws/install/px4_msgs/include/px4_msgs/px4_msgs/msg/detail/obstacle_distance__rosidl_typesupport_fastrtps_cpp.hpp\n'}
[2.851364] (px4_msgs) StdoutLine: {'line': b'-- Up-to-date symlink: /home/maanavjugalshah/SwarmAero/ros2_ws/install/px4_msgs/include/px4_msgs/px4_msgs/msg/detail/offboard_control_mode__rosidl_typesupport_fastrtps_cpp.hpp\n'}
[2.851567] (px4_msgs) StdoutLine: {'line': b'-- Up-to-date symlink: /home/maanavjugalshah/SwarmAero/ros2_ws/install/px4_msgs/include/px4_msgs/px4_msgs/msg/detail/onboard_computer_status__rosidl_typesupport_fastrtps_cpp.hpp\n'}
[2.851669] (px4_msgs) StdoutLine: {'line': b'-- Up-to-date symlink: /home/maanavjugalshah/SwarmAero/ros2_ws/install/px4_msgs/include/px4_msgs/px4_msgs/msg/detail/open_drone_id_arm_status__rosidl_typesupport_fastrtps_cpp.hpp\n'}
[2.851985] (px4_msgs) StdoutLine: {'line': b'-- Up-to-date symlink: /home/maanavjugalshah/SwarmAero/ros2_ws/install/px4_msgs/include/px4_msgs/px4_msgs/msg/detail/open_drone_id_operator_id__rosidl_typesupport_fastrtps_cpp.hpp\n'}
[2.852153] (px4_msgs) StdoutLine: {'line': b'-- Up-to-date symlink: /home/maanavjugalshah/SwarmAero/ros2_ws/install/px4_msgs/include/px4_msgs/px4_msgs/msg/detail/open_drone_id_self_id__rosidl_typesupport_fastrtps_cpp.hpp\n'}
[2.852238] (px4_msgs) StdoutLine: {'line': b'-- Up-to-date symlink: /home/maanavjugalshah/SwarmAero/ros2_ws/install/px4_msgs/include/px4_msgs/px4_msgs/msg/detail/open_drone_id_system__rosidl_typesupport_fastrtps_cpp.hpp\n'}
[2.852361] (px4_msgs) StdoutLine: {'line': b'-- Up-to-date symlink: /home/maanavjugalshah/SwarmAero/ros2_ws/install/px4_msgs/include/px4_msgs/px4_msgs/msg/detail/orb_test__rosidl_typesupport_fastrtps_cpp.hpp\n'}
[2.852406] (px4_msgs) StdoutLine: {'line': b'-- Up-to-date symlink: /home/maanavjugalshah/SwarmAero/ros2_ws/install/px4_msgs/include/px4_msgs/px4_msgs/msg/detail/orb_test_large__rosidl_typesupport_fastrtps_cpp.hpp\n'}
[2.852451] (px4_msgs) StdoutLine: {'line': b'-- Up-to-date symlink: /home/maanavjugalshah/SwarmAero/ros2_ws/install/px4_msgs/include/px4_msgs/px4_msgs/msg/detail/orb_test_medium__rosidl_typesupport_fastrtps_cpp.hpp\n'}
[2.852537] (px4_msgs) StdoutLine: {'line': b'-- Up-to-date symlink: /home/maanavjugalshah/SwarmAero/ros2_ws/install/px4_msgs/include/px4_msgs/px4_msgs/msg/detail/orbit_status__rosidl_typesupport_fastrtps_cpp.hpp\n'}
[2.852613] (px4_msgs) StdoutLine: {'line': b'-- Up-to-date symlink: /home/maanavjugalshah/SwarmAero/ros2_ws/install/px4_msgs/include/px4_msgs/px4_msgs/msg/detail/parameter_reset_request__rosidl_typesupport_fastrtps_cpp.hpp\n'}
[2.852732] (px4_msgs) StdoutLine: {'line': b'-- Up-to-date symlink: /home/maanavjugalshah/SwarmAero/ros2_ws/install/px4_msgs/include/px4_msgs/px4_msgs/msg/detail/parameter_set_used_request__rosidl_typesupport_fastrtps_cpp.hpp\n'}
[2.852805] (px4_msgs) StdoutLine: {'line': b'-- Up-to-date symlink: /home/maanavjugalshah/SwarmAero/ros2_ws/install/px4_msgs/include/px4_msgs/px4_msgs/msg/detail/parameter_set_value_request__rosidl_typesupport_fastrtps_cpp.hpp\n'}
[2.852997] (px4_msgs) StdoutLine: {'line': b'-- Up-to-date symlink: /home/maanavjugalshah/SwarmAero/ros2_ws/install/px4_msgs/include/px4_msgs/px4_msgs/msg/detail/parameter_set_value_response__rosidl_typesupport_fastrtps_cpp.hpp\n'}
[2.853055] (px4_msgs) StdoutLine: {'line': b'-- Up-to-date symlink: /home/maanavjugalshah/SwarmAero/ros2_ws/install/px4_msgs/include/px4_msgs/px4_msgs/msg/detail/parameter_update__rosidl_typesupport_fastrtps_cpp.hpp\n'}
[2.853092] (px4_msgs) StdoutLine: {'line': b'-- Up-to-date symlink: /home/maanavjugalshah/SwarmAero/ros2_ws/install/px4_msgs/include/px4_msgs/px4_msgs/msg/detail/ping__rosidl_typesupport_fastrtps_cpp.hpp\n'}
[2.853675] (px4_msgs) StdoutLine: {'line': b'-- Up-to-date symlink: /home/maanavjugalshah/SwarmAero/ros2_ws/install/px4_msgs/include/px4_msgs/px4_msgs/msg/detail/position_controller_landing_status__rosidl_typesupport_fastrtps_cpp.hpp\n'}
[2.853903] (px4_msgs) StdoutLine: {'line': b'-- Up-to-date symlink: /home/maanavjugalshah/SwarmAero/ros2_ws/install/px4_msgs/include/px4_msgs/px4_msgs/msg/detail/position_controller_status__rosidl_typesupport_fastrtps_cpp.hpp\n'}
[2.853954] (px4_msgs) StdoutLine: {'line': b'-- Up-to-date symlink: /home/maanavjugalshah/SwarmAero/ros2_ws/install/px4_msgs/include/px4_msgs/px4_msgs/msg/detail/position_setpoint__rosidl_typesupport_fastrtps_cpp.hpp\n'}
[2.854218] (px4_msgs) StdoutLine: {'line': b'-- Up-to-date symlink: /home/maanavjugalshah/SwarmAero/ros2_ws/install/px4_msgs/include/px4_msgs/px4_msgs/msg/detail/position_setpoint_triplet__rosidl_typesupport_fastrtps_cpp.hpp\n'}
[2.854291] (px4_msgs) StdoutLine: {'line': b'-- Up-to-date symlink: /home/maanavjugalshah/SwarmAero/ros2_ws/install/px4_msgs/include/px4_msgs/px4_msgs/msg/detail/power_button_state__rosidl_typesupport_fastrtps_cpp.hpp\n'}
[2.854560] (px4_msgs) StdoutLine: {'line': b'-- Up-to-date symlink: /home/maanavjugalshah/SwarmAero/ros2_ws/install/px4_msgs/include/px4_msgs/px4_msgs/msg/detail/power_monitor__rosidl_typesupport_fastrtps_cpp.hpp\n'}
[2.854835] (px4_msgs) StdoutLine: {'line': b'-- Up-to-date symlink: /home/maanavjugalshah/SwarmAero/ros2_ws/install/px4_msgs/include/px4_msgs/px4_msgs/msg/detail/pps_capture__rosidl_typesupport_fastrtps_cpp.hpp\n'}
[2.854971] (px4_msgs) StdoutLine: {'line': b'-- Up-to-date symlink: /home/maanavjugalshah/SwarmAero/ros2_ws/install/px4_msgs/include/px4_msgs/px4_msgs/msg/detail/pure_pursuit_status__rosidl_typesupport_fastrtps_cpp.hpp\n'}
[2.855101] (px4_msgs) StdoutLine: {'line': b'-- Up-to-date symlink: /home/maanavjugalshah/SwarmAero/ros2_ws/install/px4_msgs/include/px4_msgs/px4_msgs/msg/detail/pwm_input__rosidl_typesupport_fastrtps_cpp.hpp\n'}
[2.855237] (px4_msgs) StdoutLine: {'line': b'-- Up-to-date symlink: /home/maanavjugalshah/SwarmAero/ros2_ws/install/px4_msgs/include/px4_msgs/px4_msgs/msg/detail/px4io_status__rosidl_typesupport_fastrtps_cpp.hpp\n'}
[2.855418] (px4_msgs) StdoutLine: {'line': b'-- Up-to-date symlink: /home/maanavjugalshah/SwarmAero/ros2_ws/install/px4_msgs/include/px4_msgs/px4_msgs/msg/detail/qshell_req__rosidl_typesupport_fastrtps_cpp.hpp\n'}
[2.855640] (px4_msgs) StdoutLine: {'line': b'-- Up-to-date symlink: /home/maanavjugalshah/SwarmAero/ros2_ws/install/px4_msgs/include/px4_msgs/px4_msgs/msg/detail/qshell_retval__rosidl_typesupport_fastrtps_cpp.hpp\n'}
[2.855776] (px4_msgs) StdoutLine: {'line': b'-- Up-to-date symlink: /home/maanavjugalshah/SwarmAero/ros2_ws/install/px4_msgs/include/px4_msgs/px4_msgs/msg/detail/radio_status__rosidl_typesupport_fastrtps_cpp.hpp\n'}
[2.855935] (px4_msgs) StdoutLine: {'line': b'-- Up-to-date symlink: /home/maanavjugalshah/SwarmAero/ros2_ws/install/px4_msgs/include/px4_msgs/px4_msgs/msg/detail/ranging_beacon__rosidl_typesupport_fastrtps_cpp.hpp\n'}
[2.856053] (px4_msgs) StdoutLine: {'line': b'-- Up-to-date symlink: /home/maanavjugalshah/SwarmAero/ros2_ws/install/px4_msgs/include/px4_msgs/px4_msgs/msg/detail/raptor_input__rosidl_typesupport_fastrtps_cpp.hpp\n'}
[2.856239] (px4_msgs) StdoutLine: {'line': b'-- Up-to-date symlink: /home/maanavjugalshah/SwarmAero/ros2_ws/install/px4_msgs/include/px4_msgs/px4_msgs/msg/detail/raptor_status__rosidl_typesupport_fastrtps_cpp.hpp\n'}
[2.856468] (px4_msgs) StdoutLine: {'line': b'-- Up-to-date symlink: /home/maanavjugalshah/SwarmAero/ros2_ws/install/px4_msgs/include/px4_msgs/px4_msgs/msg/detail/rate_ctrl_status__rosidl_typesupport_fastrtps_cpp.hpp\n'}
[2.856591] (px4_msgs) StdoutLine: {'line': b'-- Up-to-date symlink: /home/maanavjugalshah/SwarmAero/ros2_ws/install/px4_msgs/include/px4_msgs/px4_msgs/msg/detail/rc_channels__rosidl_typesupport_fastrtps_cpp.hpp\n'}
[2.856755] (px4_msgs) StdoutLine: {'line': b'-- Up-to-date symlink: /home/maanavjugalshah/SwarmAero/ros2_ws/install/px4_msgs/include/px4_msgs/px4_msgs/msg/detail/rc_parameter_map__rosidl_typesupport_fastrtps_cpp.hpp\n'}
[2.856975] (px4_msgs) StdoutLine: {'line': b'-- Up-to-date symlink: /home/maanavjugalshah/SwarmAero/ros2_ws/install/px4_msgs/include/px4_msgs/px4_msgs/msg/detail/register_ext_component_reply__rosidl_typesupport_fastrtps_cpp.hpp\n'}
[2.857118] (px4_msgs) StdoutLine: {'line': b'-- Up-to-date symlink: /home/maanavjugalshah/SwarmAero/ros2_ws/install/px4_msgs/include/px4_msgs/px4_msgs/msg/detail/register_ext_component_request__rosidl_typesupport_fastrtps_cpp.hpp\n'}
[2.857345] (px4_msgs) StdoutLine: {'line': b'-- Up-to-date symlink: /home/maanavjugalshah/SwarmAero/ros2_ws/install/px4_msgs/include/px4_msgs/px4_msgs/msg/detail/rover_attitude_setpoint__rosidl_typesupport_fastrtps_cpp.hpp\n'}
[2.857572] (px4_msgs) StdoutLine: {'line': b'-- Up-to-date symlink: /home/maanavjugalshah/SwarmAero/ros2_ws/install/px4_msgs/include/px4_msgs/px4_msgs/msg/detail/rover_attitude_status__rosidl_typesupport_fastrtps_cpp.hpp\n'}
[2.857892] (px4_msgs) StdoutLine: {'line': b'-- Up-to-date symlink: /home/maanavjugalshah/SwarmAero/ros2_ws/install/px4_msgs/include/px4_msgs/px4_msgs/msg/detail/rover_position_setpoint__rosidl_typesupport_fastrtps_cpp.hpp\n'}
[2.858360] (px4_msgs) StdoutLine: {'line': b'-- Up-to-date symlink: /home/maanavjugalshah/SwarmAero/ros2_ws/install/px4_msgs/include/px4_msgs/px4_msgs/msg/detail/rover_rate_setpoint__rosidl_typesupport_fastrtps_cpp.hpp\n'}
[2.858520] (px4_msgs) StdoutLine: {'line': b'-- Up-to-date symlink: /home/maanavjugalshah/SwarmAero/ros2_ws/install/px4_msgs/include/px4_msgs/px4_msgs/msg/detail/rover_rate_status__rosidl_typesupport_fastrtps_cpp.hpp\n'}
[2.858641] (px4_msgs) StdoutLine: {'line': b'-- Up-to-date symlink: /home/maanavjugalshah/SwarmAero/ros2_ws/install/px4_msgs/include/px4_msgs/px4_msgs/msg/detail/rover_speed_setpoint__rosidl_typesupport_fastrtps_cpp.hpp\n'}
[2.858682] (px4_msgs) StdoutLine: {'line': b'-- Up-to-date symlink: /home/maanavjugalshah/SwarmAero/ros2_ws/install/px4_msgs/include/px4_msgs/px4_msgs/msg/detail/rover_speed_status__rosidl_typesupport_fastrtps_cpp.hpp\n'}
[2.858801] (px4_msgs) StdoutLine: {'line': b'-- Up-to-date symlink: /home/maanavjugalshah/SwarmAero/ros2_ws/install/px4_msgs/include/px4_msgs/px4_msgs/msg/detail/rover_steering_setpoint__rosidl_typesupport_fastrtps_cpp.hpp\n'}
[2.858916] (px4_msgs) StdoutLine: {'line': b'-- Up-to-date symlink: /home/maanavjugalshah/SwarmAero/ros2_ws/install/px4_msgs/include/px4_msgs/px4_msgs/msg/detail/rover_throttle_setpoint__rosidl_typesupport_fastrtps_cpp.hpp\n'}
[2.859116] (px4_msgs) StdoutLine: {'line': b'-- Up-to-date symlink: /home/maanavjugalshah/SwarmAero/ros2_ws/install/px4_msgs/include/px4_msgs/px4_msgs/msg/detail/rpm__rosidl_typesupport_fastrtps_cpp.hpp\n'}
[2.859284] (px4_msgs) StdoutLine: {'line': b'-- Up-to-date symlink: /home/maanavjugalshah/SwarmAero/ros2_ws/install/px4_msgs/include/px4_msgs/px4_msgs/msg/detail/rtl_status__rosidl_typesupport_fastrtps_cpp.hpp\n'}
[2.859535] (px4_msgs) StdoutLine: {'line': b'-- Up-to-date symlink: /home/maanavjugalshah/SwarmAero/ros2_ws/install/px4_msgs/include/px4_msgs/px4_msgs/msg/detail/rtl_time_estimate__rosidl_typesupport_fastrtps_cpp.hpp\n'}
[2.859783] (px4_msgs) StdoutLine: {'line': b'-- Up-to-date symlink: /home/maanavjugalshah/SwarmAero/ros2_ws/install/px4_msgs/include/px4_msgs/px4_msgs/msg/detail/satellite_info__rosidl_typesupport_fastrtps_cpp.hpp\n'}
[2.859832] (px4_msgs) StdoutLine: {'line': b'-- Up-to-date symlink: /home/maanavjugalshah/SwarmAero/ros2_ws/install/px4_msgs/include/px4_msgs/px4_msgs/msg/detail/sensor_accel__rosidl_typesupport_fastrtps_cpp.hpp\n'}
[2.859869] (px4_msgs) StdoutLine: {'line': b'-- Up-to-date symlink: /home/maanavjugalshah/SwarmAero/ros2_ws/install/px4_msgs/include/px4_msgs/px4_msgs/msg/detail/sensor_accel_fifo__rosidl_typesupport_fastrtps_cpp.hpp\n'}
[2.859905] (px4_msgs) StdoutLine: {'line': b'-- Up-to-date symlink: /home/maanavjugalshah/SwarmAero/ros2_ws/install/px4_msgs/include/px4_msgs/px4_msgs/msg/detail/sensor_airflow__rosidl_typesupport_fastrtps_cpp.hpp\n'}
[2.860004] (px4_msgs) StdoutLine: {'line': b'-- Up-to-date symlink: /home/maanavjugalshah/SwarmAero/ros2_ws/install/px4_msgs/include/px4_msgs/px4_msgs/msg/detail/sensor_baro__rosidl_typesupport_fastrtps_cpp.hpp\n'}
[2.860289] (px4_msgs) StdoutLine: {'line': b'-- Up-to-date symlink: /home/maanavjugalshah/SwarmAero/ros2_ws/install/px4_msgs/include/px4_msgs/px4_msgs/msg/detail/sensor_combined__rosidl_typesupport_fastrtps_cpp.hpp\n'}
[2.860351] (px4_msgs) StdoutLine: {'line': b'-- Up-to-date symlink: /home/maanavjugalshah/SwarmAero/ros2_ws/install/px4_msgs/include/px4_msgs/px4_msgs/msg/detail/sensor_correction__rosidl_typesupport_fastrtps_cpp.hpp\n'}
[2.860469] (px4_msgs) StdoutLine: {'line': b'-- Up-to-date symlink: /home/maanavjugalshah/SwarmAero/ros2_ws/install/px4_msgs/include/px4_msgs/px4_msgs/msg/detail/sensor_gnss_relative__rosidl_typesupport_fastrtps_cpp.hpp\n'}
[2.860549] (px4_msgs) StdoutLine: {'line': b'-- Up-to-date symlink: /home/maanavjugalshah/SwarmAero/ros2_ws/install/px4_msgs/include/px4_msgs/px4_msgs/msg/detail/sensor_gnss_status__rosidl_typesupport_fastrtps_cpp.hpp\n'}
[2.860955] (px4_msgs) StdoutLine: {'line': b'-- Up-to-date symlink: /home/maanavjugalshah/SwarmAero/ros2_ws/install/px4_msgs/include/px4_msgs/px4_msgs/msg/detail/sensor_gps__rosidl_typesupport_fastrtps_cpp.hpp\n'}
[2.861049] (px4_msgs) StdoutLine: {'line': b'-- Up-to-date symlink: /home/maanavjugalshah/SwarmAero/ros2_ws/install/px4_msgs/include/px4_msgs/px4_msgs/msg/detail/sensor_gyro__rosidl_typesupport_fastrtps_cpp.hpp\n'}
[2.861135] (px4_msgs) StdoutLine: {'line': b'-- Up-to-date symlink: /home/maanavjugalshah/SwarmAero/ros2_ws/install/px4_msgs/include/px4_msgs/px4_msgs/msg/detail/sensor_gyro_fft__rosidl_typesupport_fastrtps_cpp.hpp\n'}
[2.861308] (px4_msgs) StdoutLine: {'line': b'-- Up-to-date symlink: /home/maanavjugalshah/SwarmAero/ros2_ws/install/px4_msgs/include/px4_msgs/px4_msgs/msg/detail/sensor_gyro_fifo__rosidl_typesupport_fastrtps_cpp.hpp\n'}
[2.861437] (px4_msgs) StdoutLine: {'line': b'-- Up-to-date symlink: /home/maanavjugalshah/SwarmAero/ros2_ws/install/px4_msgs/include/px4_msgs/px4_msgs/msg/detail/sensor_hygrometer__rosidl_typesupport_fastrtps_cpp.hpp\n'}
[2.861726] (px4_msgs) StdoutLine: {'line': b'-- Up-to-date symlink: /home/maanavjugalshah/SwarmAero/ros2_ws/install/px4_msgs/include/px4_msgs/px4_msgs/msg/detail/sensor_mag__rosidl_typesupport_fastrtps_cpp.hpp\n'}
[2.861955] (px4_msgs) StdoutLine: {'line': b'-- Up-to-date symlink: /home/maanavjugalshah/SwarmAero/ros2_ws/install/px4_msgs/include/px4_msgs/px4_msgs/msg/detail/sensor_optical_flow__rosidl_typesupport_fastrtps_cpp.hpp\n'}
[2.862091] (px4_msgs) StdoutLine: {'line': b'-- Up-to-date symlink: /home/maanavjugalshah/SwarmAero/ros2_ws/install/px4_msgs/include/px4_msgs/px4_msgs/msg/detail/sensor_preflight_mag__rosidl_typesupport_fastrtps_cpp.hpp\n'}
[2.862332] (px4_msgs) StdoutLine: {'line': b'-- Up-to-date symlink: /home/maanavjugalshah/SwarmAero/ros2_ws/install/px4_msgs/include/px4_msgs/px4_msgs/msg/detail/sensor_selection__rosidl_typesupport_fastrtps_cpp.hpp\n'}
[2.862494] (px4_msgs) StdoutLine: {'line': b'-- Up-to-date symlink: /home/maanavjugalshah/SwarmAero/ros2_ws/install/px4_msgs/include/px4_msgs/px4_msgs/msg/detail/sensor_temp__rosidl_typesupport_fastrtps_cpp.hpp\n'}
[2.862726] (px4_msgs) StdoutLine: {'line': b'-- Up-to-date symlink: /home/maanavjugalshah/SwarmAero/ros2_ws/install/px4_msgs/include/px4_msgs/px4_msgs/msg/detail/sensor_uwb__rosidl_typesupport_fastrtps_cpp.hpp\n'}
[2.862909] (px4_msgs) StdoutLine: {'line': b'-- Up-to-date symlink: /home/maanavjugalshah/SwarmAero/ros2_ws/install/px4_msgs/include/px4_msgs/px4_msgs/msg/detail/sensors_status__rosidl_typesupport_fastrtps_cpp.hpp\n'}
[2.862955] (px4_msgs) StdoutLine: {'line': b'-- Up-to-date symlink: /home/maanavjugalshah/SwarmAero/ros2_ws/install/px4_msgs/include/px4_msgs/px4_msgs/msg/detail/sensors_status_imu__rosidl_typesupport_fastrtps_cpp.hpp\n'}
[2.863076] (px4_msgs) StdoutLine: {'line': b'-- Up-to-date symlink: /home/maanavjugalshah/SwarmAero/ros2_ws/install/px4_msgs/include/px4_msgs/px4_msgs/msg/detail/system_power__rosidl_typesupport_fastrtps_cpp.hpp\n'}
[2.863155] (px4_msgs) StdoutLine: {'line': b'-- Up-to-date symlink: /home/maanavjugalshah/SwarmAero/ros2_ws/install/px4_msgs/include/px4_msgs/px4_msgs/msg/detail/takeoff_status__rosidl_typesupport_fastrtps_cpp.hpp\n'}
[2.863323] (px4_msgs) StdoutLine: {'line': b'-- Up-to-date symlink: /home/maanavjugalshah/SwarmAero/ros2_ws/install/px4_msgs/include/px4_msgs/px4_msgs/msg/detail/task_stack_info__rosidl_typesupport_fastrtps_cpp.hpp\n'}
[2.863398] (px4_msgs) StdoutLine: {'line': b'-- Up-to-date symlink: /home/maanavjugalshah/SwarmAero/ros2_ws/install/px4_msgs/include/px4_msgs/px4_msgs/msg/detail/tecs_status__rosidl_typesupport_fastrtps_cpp.hpp\n'}
[2.863587] (px4_msgs) StdoutLine: {'line': b'-- Up-to-date symlink: /home/maanavjugalshah/SwarmAero/ros2_ws/install/px4_msgs/include/px4_msgs/px4_msgs/msg/detail/telemetry_status__rosidl_typesupport_fastrtps_cpp.hpp\n'}
[2.863705] (px4_msgs) StdoutLine: {'line': b'-- Up-to-date symlink: /home/maanavjugalshah/SwarmAero/ros2_ws/install/px4_msgs/include/px4_msgs/px4_msgs/msg/detail/tiltrotor_extra_controls__rosidl_typesupport_fastrtps_cpp.hpp\n'}
[2.863898] (px4_msgs) StdoutLine: {'line': b'-- Up-to-date symlink: /home/maanavjugalshah/SwarmAero/ros2_ws/install/px4_msgs/include/px4_msgs/px4_msgs/msg/detail/timesync_status__rosidl_typesupport_fastrtps_cpp.hpp\n'}
[2.864019] (px4_msgs) StdoutLine: {'line': b'-- Up-to-date symlink: /home/maanavjugalshah/SwarmAero/ros2_ws/install/px4_msgs/include/px4_msgs/px4_msgs/msg/detail/trajectory_setpoint6dof__rosidl_typesupport_fastrtps_cpp.hpp\n'}
[2.864208] (px4_msgs) StdoutLine: {'line': b'-- Up-to-date symlink: /home/maanavjugalshah/SwarmAero/ros2_ws/install/px4_msgs/include/px4_msgs/px4_msgs/msg/detail/trajectory_setpoint__rosidl_typesupport_fastrtps_cpp.hpp\n'}
[2.864454] (px4_msgs) StdoutLine: {'line': b'-- Up-to-date symlink: /home/maanavjugalshah/SwarmAero/ros2_ws/install/px4_msgs/include/px4_msgs/px4_msgs/msg/detail/transponder_report__rosidl_typesupport_fastrtps_cpp.hpp\n'}
[2.864591] (px4_msgs) StdoutLine: {'line': b'-- Up-to-date symlink: /home/maanavjugalshah/SwarmAero/ros2_ws/install/px4_msgs/include/px4_msgs/px4_msgs/msg/detail/tune_control__rosidl_typesupport_fastrtps_cpp.hpp\n'}
[2.864907] (px4_msgs) StdoutLine: {'line': b'-- Up-to-date symlink: /home/maanavjugalshah/SwarmAero/ros2_ws/install/px4_msgs/include/px4_msgs/px4_msgs/msg/detail/uavcan_parameter_request__rosidl_typesupport_fastrtps_cpp.hpp\n'}
[2.864959] (px4_msgs) StdoutLine: {'line': b'-- Up-to-date symlink: /home/maanavjugalshah/SwarmAero/ros2_ws/install/px4_msgs/include/px4_msgs/px4_msgs/msg/detail/uavcan_parameter_value__rosidl_typesupport_fastrtps_cpp.hpp\n'}
[2.865012] (px4_msgs) StdoutLine: {'line': b'-- Up-to-date symlink: /home/maanavjugalshah/SwarmAero/ros2_ws/install/px4_msgs/include/px4_msgs/px4_msgs/msg/detail/ulog_stream__rosidl_typesupport_fastrtps_cpp.hpp\n'}
[2.865092] (px4_msgs) StdoutLine: {'line': b'-- Up-to-date symlink: /home/maanavjugalshah/SwarmAero/ros2_ws/install/px4_msgs/include/px4_msgs/px4_msgs/msg/detail/ulog_stream_ack__rosidl_typesupport_fastrtps_cpp.hpp\n'}
[2.866124] (px4_msgs) StdoutLine: {'line': b'-- Up-to-date symlink: /home/maanavjugalshah/SwarmAero/ros2_ws/install/px4_msgs/include/px4_msgs/px4_msgs/msg/detail/unregister_ext_component__rosidl_typesupport_fastrtps_cpp.hpp\n'}
[2.866229] (px4_msgs) StdoutLine: {'line': b'-- Up-to-date symlink: /home/maanavjugalshah/SwarmAero/ros2_ws/install/px4_msgs/include/px4_msgs/px4_msgs/msg/detail/vehicle_acceleration__rosidl_typesupport_fastrtps_cpp.hpp\n'}
[2.866318] (px4_msgs) StdoutLine: {'line': b'-- Up-to-date symlink: /home/maanavjugalshah/SwarmAero/ros2_ws/install/px4_msgs/include/px4_msgs/px4_msgs/msg/detail/vehicle_air_data__rosidl_typesupport_fastrtps_cpp.hpp\n'}
[2.866566] (px4_msgs) StdoutLine: {'line': b'-- Up-to-date symlink: /home/maanavjugalshah/SwarmAero/ros2_ws/install/px4_msgs/include/px4_msgs/px4_msgs/msg/detail/vehicle_angular_acceleration_setpoint__rosidl_typesupport_fastrtps_cpp.hpp\n'}
[2.866810] (px4_msgs) StdoutLine: {'line': b'-- Up-to-date symlink: /home/maanavjugalshah/SwarmAero/ros2_ws/install/px4_msgs/include/px4_msgs/px4_msgs/msg/detail/vehicle_angular_velocity__rosidl_typesupport_fastrtps_cpp.hpp\n'}
[2.866947] (px4_msgs) StdoutLine: {'line': b'-- Up-to-date symlink: /home/maanavjugalshah/SwarmAero/ros2_ws/install/px4_msgs/include/px4_msgs/px4_msgs/msg/detail/vehicle_attitude__rosidl_typesupport_fastrtps_cpp.hpp\n'}
[2.867024] (px4_msgs) StdoutLine: {'line': b'-- Up-to-date symlink: /home/maanavjugalshah/SwarmAero/ros2_ws/install/px4_msgs/include/px4_msgs/px4_msgs/msg/detail/vehicle_attitude_setpoint__rosidl_typesupport_fastrtps_cpp.hpp\n'}
[2.867070] (px4_msgs) StdoutLine: {'line': b'-- Up-to-date symlink: /home/maanavjugalshah/SwarmAero/ros2_ws/install/px4_msgs/include/px4_msgs/px4_msgs/msg/detail/vehicle_command__rosidl_typesupport_fastrtps_cpp.hpp\n'}
[2.867214] (px4_msgs) StdoutLine: {'line': b'-- Up-to-date symlink: /home/maanavjugalshah/SwarmAero/ros2_ws/install/px4_msgs/include/px4_msgs/px4_msgs/msg/detail/vehicle_command_ack__rosidl_typesupport_fastrtps_cpp.hpp\n'}
[2.867366] (px4_msgs) StdoutLine: {'line': b'-- Up-to-date symlink: /home/maanavjugalshah/SwarmAero/ros2_ws/install/px4_msgs/include/px4_msgs/px4_msgs/msg/detail/vehicle_constraints__rosidl_typesupport_fastrtps_cpp.hpp\n'}
[2.867544] (px4_msgs) StdoutLine: {'line': b'-- Up-to-date symlink: /home/maanavjugalshah/SwarmAero/ros2_ws/install/px4_msgs/include/px4_msgs/px4_msgs/msg/detail/vehicle_control_mode__rosidl_typesupport_fastrtps_cpp.hpp\n'}
[2.867652] (px4_msgs) StdoutLine: {'line': b'-- Up-to-date symlink: /home/maanavjugalshah/SwarmAero/ros2_ws/install/px4_msgs/include/px4_msgs/px4_msgs/msg/detail/vehicle_global_position__rosidl_typesupport_fastrtps_cpp.hpp\n'}
[2.867912] (px4_msgs) StdoutLine: {'line': b'-- Up-to-date symlink: /home/maanavjugalshah/SwarmAero/ros2_ws/install/px4_msgs/include/px4_msgs/px4_msgs/msg/detail/vehicle_imu__rosidl_typesupport_fastrtps_cpp.hpp\n'}
[2.867961] (px4_msgs) StdoutLine: {'line': b'-- Up-to-date symlink: /home/maanavjugalshah/SwarmAero/ros2_ws/install/px4_msgs/include/px4_msgs/px4_msgs/msg/detail/vehicle_imu_status__rosidl_typesupport_fastrtps_cpp.hpp\n'}
[2.868080] (px4_msgs) StdoutLine: {'line': b'-- Up-to-date symlink: /home/maanavjugalshah/SwarmAero/ros2_ws/install/px4_msgs/include/px4_msgs/px4_msgs/msg/detail/vehicle_land_detected__rosidl_typesupport_fastrtps_cpp.hpp\n'}
[2.868294] (px4_msgs) StdoutLine: {'line': b'-- Up-to-date symlink: /home/maanavjugalshah/SwarmAero/ros2_ws/install/px4_msgs/include/px4_msgs/px4_msgs/msg/detail/vehicle_local_position__rosidl_typesupport_fastrtps_cpp.hpp\n'}
[2.868581] (px4_msgs) StdoutLine: {'line': b'-- Up-to-date symlink: /home/maanavjugalshah/SwarmAero/ros2_ws/install/px4_msgs/include/px4_msgs/px4_msgs/msg/detail/vehicle_local_position_setpoint__rosidl_typesupport_fastrtps_cpp.hpp\n'}
[2.868660] (px4_msgs) StdoutLine: {'line': b'-- Up-to-date symlink: /home/maanavjugalshah/SwarmAero/ros2_ws/install/px4_msgs/include/px4_msgs/px4_msgs/msg/detail/vehicle_magnetometer__rosidl_typesupport_fastrtps_cpp.hpp\n'}
[2.868747] (px4_msgs) StdoutLine: {'line': b'-- Up-to-date symlink: /home/maanavjugalshah/SwarmAero/ros2_ws/install/px4_msgs/include/px4_msgs/px4_msgs/msg/detail/vehicle_odometry__rosidl_typesupport_fastrtps_cpp.hpp\n'}
[2.868837] (px4_msgs) StdoutLine: {'line': b'-- Up-to-date symlink: /home/maanavjugalshah/SwarmAero/ros2_ws/install/px4_msgs/include/px4_msgs/px4_msgs/msg/detail/vehicle_optical_flow__rosidl_typesupport_fastrtps_cpp.hpp\n'}
[2.868923] (px4_msgs) StdoutLine: {'line': b'-- Up-to-date symlink: /home/maanavjugalshah/SwarmAero/ros2_ws/install/px4_msgs/include/px4_msgs/px4_msgs/msg/detail/vehicle_optical_flow_vel__rosidl_typesupport_fastrtps_cpp.hpp\n'}
[2.869013] (px4_msgs) StdoutLine: {'line': b'-- Up-to-date symlink: /home/maanavjugalshah/SwarmAero/ros2_ws/install/px4_msgs/include/px4_msgs/px4_msgs/msg/detail/vehicle_rates_setpoint__rosidl_typesupport_fastrtps_cpp.hpp\n'}
[2.869189] (px4_msgs) StdoutLine: {'line': b'-- Up-to-date symlink: /home/maanavjugalshah/SwarmAero/ros2_ws/install/px4_msgs/include/px4_msgs/px4_msgs/msg/detail/vehicle_roi__rosidl_typesupport_fastrtps_cpp.hpp\n'}
[2.869408] (px4_msgs) StdoutLine: {'line': b'-- Up-to-date symlink: /home/maanavjugalshah/SwarmAero/ros2_ws/install/px4_msgs/include/px4_msgs/px4_msgs/msg/detail/vehicle_status__rosidl_typesupport_fastrtps_cpp.hpp\n'}
[2.869457] (px4_msgs) StdoutLine: {'line': b'-- Up-to-date symlink: /home/maanavjugalshah/SwarmAero/ros2_ws/install/px4_msgs/include/px4_msgs/px4_msgs/msg/detail/vehicle_thrust_setpoint__rosidl_typesupport_fastrtps_cpp.hpp\n'}
[2.869528] (px4_msgs) StdoutLine: {'line': b'-- Up-to-date symlink: /home/maanavjugalshah/SwarmAero/ros2_ws/install/px4_msgs/include/px4_msgs/px4_msgs/msg/detail/vehicle_torque_setpoint__rosidl_typesupport_fastrtps_cpp.hpp\n'}
[2.869725] (px4_msgs) StdoutLine: {'line': b'-- Up-to-date symlink: /home/maanavjugalshah/SwarmAero/ros2_ws/install/px4_msgs/include/px4_msgs/px4_msgs/msg/detail/velocity_limits__rosidl_typesupport_fastrtps_cpp.hpp\n'}
[2.869842] (px4_msgs) StdoutLine: {'line': b'-- Up-to-date symlink: /home/maanavjugalshah/SwarmAero/ros2_ws/install/px4_msgs/include/px4_msgs/px4_msgs/msg/detail/vtol_vehicle_status__rosidl_typesupport_fastrtps_cpp.hpp\n'}
[2.870109] (px4_msgs) StdoutLine: {'line': b'-- Up-to-date symlink: /home/maanavjugalshah/SwarmAero/ros2_ws/install/px4_msgs/include/px4_msgs/px4_msgs/msg/detail/vtx__rosidl_typesupport_fastrtps_cpp.hpp\n'}
[2.870282] (px4_msgs) StdoutLine: {'line': b'-- Up-to-date symlink: /home/maanavjugalshah/SwarmAero/ros2_ws/install/px4_msgs/include/px4_msgs/px4_msgs/msg/detail/wheel_encoders__rosidl_typesupport_fastrtps_cpp.hpp\n'}
[2.870372] (px4_msgs) StdoutLine: {'line': b'-- Up-to-date symlink: /home/maanavjugalshah/SwarmAero/ros2_ws/install/px4_msgs/include/px4_msgs/px4_msgs/msg/detail/wind__rosidl_typesupport_fastrtps_cpp.hpp\n'}
[2.870523] (px4_msgs) StdoutLine: {'line': b'-- Up-to-date symlink: /home/maanavjugalshah/SwarmAero/ros2_ws/install/px4_msgs/include/px4_msgs/px4_msgs/msg/detail/yaw_estimator_status__rosidl_typesupport_fastrtps_cpp.hpp\n'}
[2.870589] (px4_msgs) StdoutLine: {'line': b'-- Up-to-date symlink: /home/maanavjugalshah/SwarmAero/ros2_ws/install/px4_msgs/include/px4_msgs/px4_msgs/msg/rosidl_typesupport_fastrtps_cpp__visibility_control.h\n'}
[2.870743] (px4_msgs) StdoutLine: {'line': b'-- Up-to-date symlink: /home/maanavjugalshah/SwarmAero/ros2_ws/install/px4_msgs/include/px4_msgs/px4_msgs/srv/detail/vehicle_command__rosidl_typesupport_fastrtps_cpp.hpp\n'}
[2.870816] (px4_msgs) StdoutLine: {'line': b'-- Up-to-date symlink: /home/maanavjugalshah/SwarmAero/ros2_ws/install/px4_msgs/include/px4_msgs/px4_msgs/msg/detail/action_request__rosidl_typesupport_introspection_c.h\n'}
[2.870950] (px4_msgs) StdoutLine: {'line': b'-- Up-to-date symlink: /home/maanavjugalshah/SwarmAero/ros2_ws/install/px4_msgs/include/px4_msgs/px4_msgs/msg/detail/actuator_armed__rosidl_typesupport_introspection_c.h\n'}
[2.870994] (px4_msgs) StdoutLine: {'line': b'-- Up-to-date symlink: /home/maanavjugalshah/SwarmAero/ros2_ws/install/px4_msgs/include/px4_msgs/px4_msgs/msg/detail/actuator_controls_status__rosidl_typesupport_introspection_c.h\n'}
[2.871031] (px4_msgs) StdoutLine: {'line': b'-- Up-to-date symlink: /home/maanavjugalshah/SwarmAero/ros2_ws/install/px4_msgs/include/px4_msgs/px4_msgs/msg/detail/actuator_motors__rosidl_typesupport_introspection_c.h\n'}
[2.871258] (px4_msgs) StdoutLine: {'line': b'-- Up-to-date symlink: /home/maanavjugalshah/SwarmAero/ros2_ws/install/px4_msgs/include/px4_msgs/px4_msgs/msg/detail/actuator_outputs__rosidl_typesupport_introspection_c.h\n'}
[2.871417] (px4_msgs) StdoutLine: {'line': b'-- Up-to-date symlink: /home/maanavjugalshah/SwarmAero/ros2_ws/install/px4_msgs/include/px4_msgs/px4_msgs/msg/detail/actuator_servos__rosidl_typesupport_introspection_c.h\n'}
[2.871558] (px4_msgs) StdoutLine: {'line': b'-- Up-to-date symlink: /home/maanavjugalshah/SwarmAero/ros2_ws/install/px4_msgs/include/px4_msgs/px4_msgs/msg/detail/actuator_servos_trim__rosidl_typesupport_introspection_c.h\n'}
[2.871677] (px4_msgs) StdoutLine: {'line': b'-- Up-to-date symlink: /home/maanavjugalshah/SwarmAero/ros2_ws/install/px4_msgs/include/px4_msgs/px4_msgs/msg/detail/actuator_test__rosidl_typesupport_introspection_c.h\n'}
[2.871792] (px4_msgs) StdoutLine: {'line': b'-- Up-to-date symlink: /home/maanavjugalshah/SwarmAero/ros2_ws/install/px4_msgs/include/px4_msgs/px4_msgs/msg/detail/adc_report__rosidl_typesupport_introspection_c.h\n'}
[2.872019] (px4_msgs) StdoutLine: {'line': b'-- Up-to-date symlink: /home/maanavjugalshah/SwarmAero/ros2_ws/install/px4_msgs/include/px4_msgs/px4_msgs/msg/detail/airspeed__rosidl_typesupport_introspection_c.h\n'}
[2.872271] (px4_msgs) StdoutLine: {'line': b'-- Up-to-date symlink: /home/maanavjugalshah/SwarmAero/ros2_ws/install/px4_msgs/include/px4_msgs/px4_msgs/msg/detail/airspeed_validated__rosidl_typesupport_introspection_c.h\n'}
[2.872394] (px4_msgs) StdoutLine: {'line': b'-- Up-to-date symlink: /home/maanavjugalshah/SwarmAero/ros2_ws/install/px4_msgs/include/px4_msgs/px4_msgs/msg/detail/airspeed_wind__rosidl_typesupport_introspection_c.h\n'}
[2.872585] (px4_msgs) StdoutLine: {'line': b'-- Up-to-date symlink: /home/maanavjugalshah/SwarmAero/ros2_ws/install/px4_msgs/include/px4_msgs/px4_msgs/msg/detail/arming_check_reply__rosidl_typesupport_introspection_c.h\n'}
[2.872661] (px4_msgs) StdoutLine: {'line': b'-- Up-to-date symlink: /home/maanavjugalshah/SwarmAero/ros2_ws/install/px4_msgs/include/px4_msgs/px4_msgs/msg/detail/arming_check_request__rosidl_typesupport_introspection_c.h\n'}
[2.872750] (px4_msgs) StdoutLine: {'line': b'-- Up-to-date symlink: /home/maanavjugalshah/SwarmAero/ros2_ws/install/px4_msgs/include/px4_msgs/px4_msgs/msg/detail/autotune_attitude_control_status__rosidl_typesupport_introspection_c.h\n'}
[2.872944] (px4_msgs) StdoutLine: {'line': b'-- Up-to-date symlink: /home/maanavjugalshah/SwarmAero/ros2_ws/install/px4_msgs/include/px4_msgs/px4_msgs/msg/detail/aux_global_position__rosidl_typesupport_introspection_c.h\n'}
[2.873394] (px4_msgs) StdoutLine: {'line': b'-- Up-to-date symlink: /home/maanavjugalshah/SwarmAero/ros2_ws/install/px4_msgs/include/px4_msgs/px4_msgs/msg/detail/battery_info__rosidl_typesupport_introspection_c.h\n'}
[2.873515] (px4_msgs) StdoutLine: {'line': b'-- Up-to-date symlink: /home/maanavjugalshah/SwarmAero/ros2_ws/install/px4_msgs/include/px4_msgs/px4_msgs/msg/detail/battery_status__rosidl_typesupport_introspection_c.h\n'}
[2.873672] (px4_msgs) StdoutLine: {'line': b'-- Up-to-date symlink: /home/maanavjugalshah/SwarmAero/ros2_ws/install/px4_msgs/include/px4_msgs/px4_msgs/msg/detail/button_event__rosidl_typesupport_introspection_c.h\n'}
[2.873967] (px4_msgs) StdoutLine: {'line': b'-- Up-to-date symlink: /home/maanavjugalshah/SwarmAero/ros2_ws/install/px4_msgs/include/px4_msgs/px4_msgs/msg/detail/camera_capture__rosidl_typesupport_introspection_c.h\n'}
[2.874018] (px4_msgs) StdoutLine: {'line': b'-- Up-to-date symlink: /home/maanavjugalshah/SwarmAero/ros2_ws/install/px4_msgs/include/px4_msgs/px4_msgs/msg/detail/camera_status__rosidl_typesupport_introspection_c.h\n'}
[2.874136] (px4_msgs) StdoutLine: {'line': b'-- Up-to-date symlink: /home/maanavjugalshah/SwarmAero/ros2_ws/install/px4_msgs/include/px4_msgs/px4_msgs/msg/detail/camera_trigger__rosidl_typesupport_introspection_c.h\n'}
[2.874249] (px4_msgs) StdoutLine: {'line': b'-- Up-to-date symlink: /home/maanavjugalshah/SwarmAero/ros2_ws/install/px4_msgs/include/px4_msgs/px4_msgs/msg/detail/can_interface_status__rosidl_typesupport_introspection_c.h\n'}
[2.874466] (px4_msgs) StdoutLine: {'line': b'-- Up-to-date symlink: /home/maanavjugalshah/SwarmAero/ros2_ws/install/px4_msgs/include/px4_msgs/px4_msgs/msg/detail/cellular_status__rosidl_typesupport_introspection_c.h\n'}
[2.874625] (px4_msgs) StdoutLine: {'line': b'-- Up-to-date symlink: /home/maanavjugalshah/SwarmAero/ros2_ws/install/px4_msgs/include/px4_msgs/px4_msgs/msg/detail/collision_constraints__rosidl_typesupport_introspection_c.h\n'}
[2.874728] (px4_msgs) StdoutLine: {'line': b'-- Up-to-date symlink: /home/maanavjugalshah/SwarmAero/ros2_ws/install/px4_msgs/include/px4_msgs/px4_msgs/msg/detail/config_overrides__rosidl_typesupport_introspection_c.h\n'}
[2.874855] (px4_msgs) StdoutLine: {'line': b'-- Up-to-date symlink: /home/maanavjugalshah/SwarmAero/ros2_ws/install/px4_msgs/include/px4_msgs/px4_msgs/msg/detail/control_allocator_status__rosidl_typesupport_introspection_c.h\n'}
[2.874999] (px4_msgs) StdoutLine: {'line': b'-- Up-to-date symlink: /home/maanavjugalshah/SwarmAero/ros2_ws/install/px4_msgs/include/px4_msgs/px4_msgs/msg/detail/cpuload__rosidl_typesupport_introspection_c.h\n'}
[2.875114] (px4_msgs) StdoutLine: {'line': b'-- Up-to-date symlink: /home/maanavjugalshah/SwarmAero/ros2_ws/install/px4_msgs/include/px4_msgs/px4_msgs/msg/detail/dataman_request__rosidl_typesupport_introspection_c.h\n'}
[2.875227] (px4_msgs) StdoutLine: {'line': b'-- Up-to-date symlink: /home/maanavjugalshah/SwarmAero/ros2_ws/install/px4_msgs/include/px4_msgs/px4_msgs/msg/detail/dataman_response__rosidl_typesupport_introspection_c.h\n'}
[2.875341] (px4_msgs) StdoutLine: {'line': b'-- Up-to-date symlink: /home/maanavjugalshah/SwarmAero/ros2_ws/install/px4_msgs/include/px4_msgs/px4_msgs/msg/detail/debug_array__rosidl_typesupport_introspection_c.h\n'}
[2.875437] (px4_msgs) StdoutLine: {'line': b'-- Up-to-date symlink: /home/maanavjugalshah/SwarmAero/ros2_ws/install/px4_msgs/include/px4_msgs/px4_msgs/msg/detail/debug_key_value__rosidl_typesupport_introspection_c.h\n'}
[2.875674] (px4_msgs) StdoutLine: {'line': b'-- Up-to-date symlink: /home/maanavjugalshah/SwarmAero/ros2_ws/install/px4_msgs/include/px4_msgs/px4_msgs/msg/detail/debug_value__rosidl_typesupport_introspection_c.h\n'}
[2.875850] (px4_msgs) StdoutLine: {'line': b'-- Up-to-date symlink: /home/maanavjugalshah/SwarmAero/ros2_ws/install/px4_msgs/include/px4_msgs/px4_msgs/msg/detail/debug_vect__rosidl_typesupport_introspection_c.h\n'}
[2.876043] (px4_msgs) StdoutLine: {'line': b'-- Up-to-date symlink: /home/maanavjugalshah/SwarmAero/ros2_ws/install/px4_msgs/include/px4_msgs/px4_msgs/msg/detail/device_information__rosidl_typesupport_introspection_c.h\n'}
[2.876231] (px4_msgs) StdoutLine: {'line': b'-- Up-to-date symlink: /home/maanavjugalshah/SwarmAero/ros2_ws/install/px4_msgs/include/px4_msgs/px4_msgs/msg/detail/differential_pressure__rosidl_typesupport_introspection_c.h\n'}
[2.876363] (px4_msgs) StdoutLine: {'line': b'-- Up-to-date symlink: /home/maanavjugalshah/SwarmAero/ros2_ws/install/px4_msgs/include/px4_msgs/px4_msgs/msg/detail/distance_sensor__rosidl_typesupport_introspection_c.h\n'}
[2.876684] (px4_msgs) StdoutLine: {'line': b'-- Up-to-date symlink: /home/maanavjugalshah/SwarmAero/ros2_ws/install/px4_msgs/include/px4_msgs/px4_msgs/msg/detail/distance_sensor_mode_change_request__rosidl_typesupport_introspection_c.h\n'}
[2.876850] (px4_msgs) StdoutLine: {'line': b'-- Up-to-date symlink: /home/maanavjugalshah/SwarmAero/ros2_ws/install/px4_msgs/include/px4_msgs/px4_msgs/msg/detail/dronecan_node_status__rosidl_typesupport_introspection_c.h\n'}
[2.876991] (px4_msgs) StdoutLine: {'line': b'-- Up-to-date symlink: /home/maanavjugalshah/SwarmAero/ros2_ws/install/px4_msgs/include/px4_msgs/px4_msgs/msg/detail/ekf2_timestamps__rosidl_typesupport_introspection_c.h\n'}
[2.877038] (px4_msgs) StdoutLine: {'line': b'-- Up-to-date symlink: /home/maanavjugalshah/SwarmAero/ros2_ws/install/px4_msgs/include/px4_msgs/px4_msgs/msg/detail/esc_eeprom_read__rosidl_typesupport_introspection_c.h\n'}
[2.877081] (px4_msgs) StdoutLine: {'line': b'-- Up-to-date symlink: /home/maanavjugalshah/SwarmAero/ros2_ws/install/px4_msgs/include/px4_msgs/px4_msgs/msg/detail/esc_eeprom_write__rosidl_typesupport_introspection_c.h\n'}
[2.877118] (px4_msgs) StdoutLine: {'line': b'-- Up-to-date symlink: /home/maanavjugalshah/SwarmAero/ros2_ws/install/px4_msgs/include/px4_msgs/px4_msgs/msg/detail/esc_report__rosidl_typesupport_introspection_c.h\n'}
[2.877202] (px4_msgs) StdoutLine: {'line': b'-- Up-to-date symlink: /home/maanavjugalshah/SwarmAero/ros2_ws/install/px4_msgs/include/px4_msgs/px4_msgs/msg/detail/esc_status__rosidl_typesupport_introspection_c.h\n'}
[2.877292] (px4_msgs) StdoutLine: {'line': b'-- Up-to-date symlink: /home/maanavjugalshah/SwarmAero/ros2_ws/install/px4_msgs/include/px4_msgs/px4_msgs/msg/detail/estimator_aid_source1d__rosidl_typesupport_introspection_c.h\n'}
[2.877366] (px4_msgs) StdoutLine: {'line': b'-- Up-to-date symlink: /home/maanavjugalshah/SwarmAero/ros2_ws/install/px4_msgs/include/px4_msgs/px4_msgs/msg/detail/estimator_aid_source2d__rosidl_typesupport_introspection_c.h\n'}
[2.877658] (px4_msgs) StdoutLine: {'line': b'-- Up-to-date symlink: /home/maanavjugalshah/SwarmAero/ros2_ws/install/px4_msgs/include/px4_msgs/px4_msgs/msg/detail/estimator_aid_source3d__rosidl_typesupport_introspection_c.h\n'}
[2.877866] (px4_msgs) StdoutLine: {'line': b'-- Up-to-date symlink: /home/maanavjugalshah/SwarmAero/ros2_ws/install/px4_msgs/include/px4_msgs/px4_msgs/msg/detail/estimator_bias3d__rosidl_typesupport_introspection_c.h\n'}
[2.877955] (px4_msgs) StdoutLine: {'line': b'-- Up-to-date symlink: /home/maanavjugalshah/SwarmAero/ros2_ws/install/px4_msgs/include/px4_msgs/px4_msgs/msg/detail/estimator_bias__rosidl_typesupport_introspection_c.h\n'}
[2.878045] (px4_msgs) StdoutLine: {'line': b'-- Up-to-date symlink: /home/maanavjugalshah/SwarmAero/ros2_ws/install/px4_msgs/include/px4_msgs/px4_msgs/msg/detail/estimator_event_flags__rosidl_typesupport_introspection_c.h\n'}
[2.878357] (px4_msgs) StdoutLine: {'line': b'-- Up-to-date symlink: /home/maanavjugalshah/SwarmAero/ros2_ws/install/px4_msgs/include/px4_msgs/px4_msgs/msg/detail/estimator_fusion_control__rosidl_typesupport_introspection_c.h\n'}
[2.878590] (px4_msgs) StdoutLine: {'line': b'-- Up-to-date symlink: /home/maanavjugalshah/SwarmAero/ros2_ws/install/px4_msgs/include/px4_msgs/px4_msgs/msg/detail/estimator_gps_status__rosidl_typesupport_introspection_c.h\n'}
[2.878700] (px4_msgs) StdoutLine: {'line': b'-- Up-to-date symlink: /home/maanavjugalshah/SwarmAero/ros2_ws/install/px4_msgs/include/px4_msgs/px4_msgs/msg/detail/estimator_innovations__rosidl_typesupport_introspection_c.h\n'}
[2.878782] (px4_msgs) StdoutLine: {'line': b'-- Up-to-date symlink: /home/maanavjugalshah/SwarmAero/ros2_ws/install/px4_msgs/include/px4_msgs/px4_msgs/msg/detail/estimator_selector_status__rosidl_typesupport_introspection_c.h\n'}
[2.878869] (px4_msgs) StdoutLine: {'line': b'-- Up-to-date symlink: /home/maanavjugalshah/SwarmAero/ros2_ws/install/px4_msgs/include/px4_msgs/px4_msgs/msg/detail/estimator_sensor_bias__rosidl_typesupport_introspection_c.h\n'}
[2.879117] (px4_msgs) StdoutLine: {'line': b'-- Up-to-date symlink: /home/maanavjugalshah/SwarmAero/ros2_ws/install/px4_msgs/include/px4_msgs/px4_msgs/msg/detail/estimator_states__rosidl_typesupport_introspection_c.h\n'}
[2.879175] (px4_msgs) StdoutLine: {'line': b'-- Up-to-date symlink: /home/maanavjugalshah/SwarmAero/ros2_ws/install/px4_msgs/include/px4_msgs/px4_msgs/msg/detail/estimator_status__rosidl_typesupport_introspection_c.h\n'}
[2.879292] (px4_msgs) StdoutLine: {'line': b'-- Up-to-date symlink: /home/maanavjugalshah/SwarmAero/ros2_ws/install/px4_msgs/include/px4_msgs/px4_msgs/msg/detail/estimator_status_flags__rosidl_typesupport_introspection_c.h\n'}
[2.879451] (px4_msgs) StdoutLine: {'line': b'-- Up-to-date symlink: /home/maanavjugalshah/SwarmAero/ros2_ws/install/px4_msgs/include/px4_msgs/px4_msgs/msg/detail/event__rosidl_typesupport_introspection_c.h\n'}
[2.879555] (px4_msgs) StdoutLine: {'line': b'-- Up-to-date symlink: /home/maanavjugalshah/SwarmAero/ros2_ws/install/px4_msgs/include/px4_msgs/px4_msgs/msg/detail/failsafe_flags__rosidl_typesupport_introspection_c.h\n'}
[2.879659] (px4_msgs) StdoutLine: {'line': b'-- Up-to-date symlink: /home/maanavjugalshah/SwarmAero/ros2_ws/install/px4_msgs/include/px4_msgs/px4_msgs/msg/detail/failure_detector_status__rosidl_typesupport_introspection_c.h\n'}
[2.879889] (px4_msgs) StdoutLine: {'line': b'-- Up-to-date symlink: /home/maanavjugalshah/SwarmAero/ros2_ws/install/px4_msgs/include/px4_msgs/px4_msgs/msg/detail/figure_eight_status__rosidl_typesupport_introspection_c.h\n'}
[2.879978] (px4_msgs) StdoutLine: {'line': b'-- Up-to-date symlink: /home/maanavjugalshah/SwarmAero/ros2_ws/install/px4_msgs/include/px4_msgs/px4_msgs/msg/detail/fixed_wing_lateral_guidance_status__rosidl_typesupport_introspection_c.h\n'}
[2.880049] (px4_msgs) StdoutLine: {'line': b'-- Up-to-date symlink: /home/maanavjugalshah/SwarmAero/ros2_ws/install/px4_msgs/include/px4_msgs/px4_msgs/msg/detail/fixed_wing_lateral_setpoint__rosidl_typesupport_introspection_c.h\n'}
[2.880119] (px4_msgs) StdoutLine: {'line': b'-- Up-to-date symlink: /home/maanavjugalshah/SwarmAero/ros2_ws/install/px4_msgs/include/px4_msgs/px4_msgs/msg/detail/fixed_wing_lateral_status__rosidl_typesupport_introspection_c.h\n'}
[2.880172] (px4_msgs) StdoutLine: {'line': b'-- Up-to-date symlink: /home/maanavjugalshah/SwarmAero/ros2_ws/install/px4_msgs/include/px4_msgs/px4_msgs/msg/detail/fixed_wing_longitudinal_setpoint__rosidl_typesupport_introspection_c.h\n'}
[2.880221] (px4_msgs) StdoutLine: {'line': b'-- Up-to-date symlink: /home/maanavjugalshah/SwarmAero/ros2_ws/install/px4_msgs/include/px4_msgs/px4_msgs/msg/detail/fixed_wing_runway_control__rosidl_typesupport_introspection_c.h\n'}
[2.880272] (px4_msgs) StdoutLine: {'line': b'-- Up-to-date symlink: /home/maanavjugalshah/SwarmAero/ros2_ws/install/px4_msgs/include/px4_msgs/px4_msgs/msg/detail/flight_phase_estimation__rosidl_typesupport_introspection_c.h\n'}
[2.880308] (px4_msgs) StdoutLine: {'line': b'-- Up-to-date symlink: /home/maanavjugalshah/SwarmAero/ros2_ws/install/px4_msgs/include/px4_msgs/px4_msgs/msg/detail/follow_target__rosidl_typesupport_introspection_c.h\n'}
[2.880342] (px4_msgs) StdoutLine: {'line': b'-- Up-to-date symlink: /home/maanavjugalshah/SwarmAero/ros2_ws/install/px4_msgs/include/px4_msgs/px4_msgs/msg/detail/follow_target_estimator__rosidl_typesupport_introspection_c.h\n'}
[2.880376] (px4_msgs) StdoutLine: {'line': b'-- Up-to-date symlink: /home/maanavjugalshah/SwarmAero/ros2_ws/install/px4_msgs/include/px4_msgs/px4_msgs/msg/detail/follow_target_status__rosidl_typesupport_introspection_c.h\n'}
[2.880410] (px4_msgs) StdoutLine: {'line': b'-- Up-to-date symlink: /home/maanavjugalshah/SwarmAero/ros2_ws/install/px4_msgs/include/px4_msgs/px4_msgs/msg/detail/fuel_tank_status__rosidl_typesupport_introspection_c.h\n'}
[2.880443] (px4_msgs) StdoutLine: {'line': b'-- Up-to-date symlink: /home/maanavjugalshah/SwarmAero/ros2_ws/install/px4_msgs/include/px4_msgs/px4_msgs/msg/detail/gain_compression__rosidl_typesupport_introspection_c.h\n'}
[2.880475] (px4_msgs) StdoutLine: {'line': b'-- Up-to-date symlink: /home/maanavjugalshah/SwarmAero/ros2_ws/install/px4_msgs/include/px4_msgs/px4_msgs/msg/detail/generator_status__rosidl_typesupport_introspection_c.h\n'}
[2.880512] (px4_msgs) StdoutLine: {'line': b'-- Up-to-date symlink: /home/maanavjugalshah/SwarmAero/ros2_ws/install/px4_msgs/include/px4_msgs/px4_msgs/msg/detail/geofence_result__rosidl_typesupport_introspection_c.h\n'}
[2.880549] (px4_msgs) StdoutLine: {'line': b'-- Up-to-date symlink: /home/maanavjugalshah/SwarmAero/ros2_ws/install/px4_msgs/include/px4_msgs/px4_msgs/msg/detail/geofence_status__rosidl_typesupport_introspection_c.h\n'}
[2.880583] (px4_msgs) StdoutLine: {'line': b'-- Up-to-date symlink: /home/maanavjugalshah/SwarmAero/ros2_ws/install/px4_msgs/include/px4_msgs/px4_msgs/msg/detail/gimbal_controls__rosidl_typesupport_introspection_c.h\n'}
[2.880617] (px4_msgs) StdoutLine: {'line': b'-- Up-to-date symlink: /home/maanavjugalshah/SwarmAero/ros2_ws/install/px4_msgs/include/px4_msgs/px4_msgs/msg/detail/gimbal_device_attitude_status__rosidl_typesupport_introspection_c.h\n'}
[2.880653] (px4_msgs) StdoutLine: {'line': b'-- Up-to-date symlink: /home/maanavjugalshah/SwarmAero/ros2_ws/install/px4_msgs/include/px4_msgs/px4_msgs/msg/detail/gimbal_device_information__rosidl_typesupport_introspection_c.h\n'}
[2.880687] (px4_msgs) StdoutLine: {'line': b'-- Up-to-date symlink: /home/maanavjugalshah/SwarmAero/ros2_ws/install/px4_msgs/include/px4_msgs/px4_msgs/msg/detail/gimbal_device_set_attitude__rosidl_typesupport_introspection_c.h\n'}
[2.881073] (px4_msgs) StdoutLine: {'line': b'-- Up-to-date symlink: /home/maanavjugalshah/SwarmAero/ros2_ws/install/px4_msgs/include/px4_msgs/px4_msgs/msg/detail/gimbal_manager_information__rosidl_typesupport_introspection_c.h\n'}
[2.881581] (px4_msgs) StdoutLine: {'line': b'-- Up-to-date symlink: /home/maanavjugalshah/SwarmAero/ros2_ws/install/px4_msgs/include/px4_msgs/px4_msgs/msg/detail/gimbal_manager_set_attitude__rosidl_typesupport_introspection_c.h\n'}
[2.881650] (px4_msgs) StdoutLine: {'line': b'-- Up-to-date symlink: /home/maanavjugalshah/SwarmAero/ros2_ws/install/px4_msgs/include/px4_msgs/px4_msgs/msg/detail/gimbal_manager_set_manual_control__rosidl_typesupport_introspection_c.h\n'}
[2.881800] (px4_msgs) StdoutLine: {'line': b'-- Up-to-date symlink: /home/maanavjugalshah/SwarmAero/ros2_ws/install/px4_msgs/include/px4_msgs/px4_msgs/msg/detail/gimbal_manager_status__rosidl_typesupport_introspection_c.h\n'}
[2.881877] (px4_msgs) StdoutLine: {'line': b'-- Up-to-date symlink: /home/maanavjugalshah/SwarmAero/ros2_ws/install/px4_msgs/include/px4_msgs/px4_msgs/msg/detail/goto_setpoint__rosidl_typesupport_introspection_c.h\n'}
[2.881918] (px4_msgs) StdoutLine: {'line': b'-- Up-to-date symlink: /home/maanavjugalshah/SwarmAero/ros2_ws/install/px4_msgs/include/px4_msgs/px4_msgs/msg/detail/gpio_config__rosidl_typesupport_introspection_c.h\n'}
[2.881953] (px4_msgs) StdoutLine: {'line': b'-- Up-to-date symlink: /home/maanavjugalshah/SwarmAero/ros2_ws/install/px4_msgs/include/px4_msgs/px4_msgs/msg/detail/gpio_in__rosidl_typesupport_introspection_c.h\n'}
[2.881988] (px4_msgs) StdoutLine: {'line': b'-- Up-to-date symlink: /home/maanavjugalshah/SwarmAero/ros2_ws/install/px4_msgs/include/px4_msgs/px4_msgs/msg/detail/gpio_out__rosidl_typesupport_introspection_c.h\n'}
[2.882075] (px4_msgs) StdoutLine: {'line': b'-- Up-to-date symlink: /home/maanavjugalshah/SwarmAero/ros2_ws/install/px4_msgs/include/px4_msgs/px4_msgs/msg/detail/gpio_request__rosidl_typesupport_introspection_c.h\n'}
[2.882148] (px4_msgs) StdoutLine: {'line': b'-- Up-to-date symlink: /home/maanavjugalshah/SwarmAero/ros2_ws/install/px4_msgs/include/px4_msgs/px4_msgs/msg/detail/gps_dump__rosidl_typesupport_introspection_c.h\n'}
[2.882195] (px4_msgs) StdoutLine: {'line': b'-- Up-to-date symlink: /home/maanavjugalshah/SwarmAero/ros2_ws/install/px4_msgs/include/px4_msgs/px4_msgs/msg/detail/gps_inject_data__rosidl_typesupport_introspection_c.h\n'}
[2.882234] (px4_msgs) StdoutLine: {'line': b'-- Up-to-date symlink: /home/maanavjugalshah/SwarmAero/ros2_ws/install/px4_msgs/include/px4_msgs/px4_msgs/msg/detail/gripper__rosidl_typesupport_introspection_c.h\n'}
[2.882271] (px4_msgs) StdoutLine: {'line': b'-- Up-to-date symlink: /home/maanavjugalshah/SwarmAero/ros2_ws/install/px4_msgs/include/px4_msgs/px4_msgs/msg/detail/health_report__rosidl_typesupport_introspection_c.h\n'}
[2.882341] (px4_msgs) StdoutLine: {'line': b'-- Up-to-date symlink: /home/maanavjugalshah/SwarmAero/ros2_ws/install/px4_msgs/include/px4_msgs/px4_msgs/msg/detail/heater_status__rosidl_typesupport_introspection_c.h\n'}
[2.882410] (px4_msgs) StdoutLine: {'line': b'-- Up-to-date symlink: /home/maanavjugalshah/SwarmAero/ros2_ws/install/px4_msgs/include/px4_msgs/px4_msgs/msg/detail/home_position__rosidl_typesupport_introspection_c.h\n'}
[2.882481] (px4_msgs) StdoutLine: {'line': b'-- Up-to-date symlink: /home/maanavjugalshah/SwarmAero/ros2_ws/install/px4_msgs/include/px4_msgs/px4_msgs/msg/detail/hover_thrust_estimate__rosidl_typesupport_introspection_c.h\n'}
[2.882526] (px4_msgs) StdoutLine: {'line': b'-- Up-to-date symlink: /home/maanavjugalshah/SwarmAero/ros2_ws/install/px4_msgs/include/px4_msgs/px4_msgs/msg/detail/input_rc__rosidl_typesupport_introspection_c.h\n'}
[2.882567] (px4_msgs) StdoutLine: {'line': b'-- Up-to-date symlink: /home/maanavjugalshah/SwarmAero/ros2_ws/install/px4_msgs/include/px4_msgs/px4_msgs/msg/detail/internal_combustion_engine_control__rosidl_typesupport_introspection_c.h\n'}
[2.882605] (px4_msgs) StdoutLine: {'line': b'-- Up-to-date symlink: /home/maanavjugalshah/SwarmAero/ros2_ws/install/px4_msgs/include/px4_msgs/px4_msgs/msg/detail/internal_combustion_engine_status__rosidl_typesupport_introspection_c.h\n'}
[2.882645] (px4_msgs) StdoutLine: {'line': b'-- Up-to-date symlink: /home/maanavjugalshah/SwarmAero/ros2_ws/install/px4_msgs/include/px4_msgs/px4_msgs/msg/detail/iridiumsbd_status__rosidl_typesupport_introspection_c.h\n'}
[2.882686] (px4_msgs) StdoutLine: {'line': b'-- Up-to-date symlink: /home/maanavjugalshah/SwarmAero/ros2_ws/install/px4_msgs/include/px4_msgs/px4_msgs/msg/detail/irlock_report__rosidl_typesupport_introspection_c.h\n'}
[2.882722] (px4_msgs) StdoutLine: {'line': b'-- Up-to-date symlink: /home/maanavjugalshah/SwarmAero/ros2_ws/install/px4_msgs/include/px4_msgs/px4_msgs/msg/detail/landing_gear__rosidl_typesupport_introspection_c.h\n'}
[2.882756] (px4_msgs) StdoutLine: {'line': b'-- Up-to-date symlink: /home/maanavjugalshah/SwarmAero/ros2_ws/install/px4_msgs/include/px4_msgs/px4_msgs/msg/detail/landing_gear_wheel__rosidl_typesupport_introspection_c.h\n'}
[2.882790] (px4_msgs) StdoutLine: {'line': b'-- Up-to-date symlink: /home/maanavjugalshah/SwarmAero/ros2_ws/install/px4_msgs/include/px4_msgs/px4_msgs/msg/detail/landing_target_innovations__rosidl_typesupport_introspection_c.h\n'}
[2.882825] (px4_msgs) StdoutLine: {'line': b'-- Up-to-date symlink: /home/maanavjugalshah/SwarmAero/ros2_ws/install/px4_msgs/include/px4_msgs/px4_msgs/msg/detail/landing_target_pose__rosidl_typesupport_introspection_c.h\n'}
[2.882861] (px4_msgs) StdoutLine: {'line': b'-- Up-to-date symlink: /home/maanavjugalshah/SwarmAero/ros2_ws/install/px4_msgs/include/px4_msgs/px4_msgs/msg/detail/lateral_control_configuration__rosidl_typesupport_introspection_c.h\n'}
[2.882898] (px4_msgs) StdoutLine: {'line': b'-- Up-to-date symlink: /home/maanavjugalshah/SwarmAero/ros2_ws/install/px4_msgs/include/px4_msgs/px4_msgs/msg/detail/launch_detection_status__rosidl_typesupport_introspection_c.h\n'}
[2.882934] (px4_msgs) StdoutLine: {'line': b'-- Up-to-date symlink: /home/maanavjugalshah/SwarmAero/ros2_ws/install/px4_msgs/include/px4_msgs/px4_msgs/msg/detail/led_control__rosidl_typesupport_introspection_c.h\n'}
[2.882973] (px4_msgs) StdoutLine: {'line': b'-- Up-to-date symlink: /home/maanavjugalshah/SwarmAero/ros2_ws/install/px4_msgs/include/px4_msgs/px4_msgs/msg/detail/log_message__rosidl_typesupport_introspection_c.h\n'}
[2.883010] (px4_msgs) StdoutLine: {'line': b'-- Up-to-date symlink: /home/maanavjugalshah/SwarmAero/ros2_ws/install/px4_msgs/include/px4_msgs/px4_msgs/msg/detail/logger_status__rosidl_typesupport_introspection_c.h\n'}
[2.883167] (px4_msgs) StdoutLine: {'line': b'-- Up-to-date symlink: /home/maanavjugalshah/SwarmAero/ros2_ws/install/px4_msgs/include/px4_msgs/px4_msgs/msg/detail/longitudinal_control_configuration__rosidl_typesupport_introspection_c.h\n'}
[2.883233] (px4_msgs) StdoutLine: {'line': b'-- Up-to-date symlink: /home/maanavjugalshah/SwarmAero/ros2_ws/install/px4_msgs/include/px4_msgs/px4_msgs/msg/detail/mag_worker_data__rosidl_typesupport_introspection_c.h\n'}
[2.883281] (px4_msgs) StdoutLine: {'line': b'-- Up-to-date symlink: /home/maanavjugalshah/SwarmAero/ros2_ws/install/px4_msgs/include/px4_msgs/px4_msgs/msg/detail/magnetometer_bias_estimate__rosidl_typesupport_introspection_c.h\n'}
[2.883323] (px4_msgs) StdoutLine: {'line': b'-- Up-to-date symlink: /home/maanavjugalshah/SwarmAero/ros2_ws/install/px4_msgs/include/px4_msgs/px4_msgs/msg/detail/manual_control_setpoint__rosidl_typesupport_introspection_c.h\n'}
[2.883361] (px4_msgs) StdoutLine: {'line': b'-- Up-to-date symlink: /home/maanavjugalshah/SwarmAero/ros2_ws/install/px4_msgs/include/px4_msgs/px4_msgs/msg/detail/manual_control_switches__rosidl_typesupport_introspection_c.h\n'}
[2.883398] (px4_msgs) StdoutLine: {'line': b'-- Up-to-date symlink: /home/maanavjugalshah/SwarmAero/ros2_ws/install/px4_msgs/include/px4_msgs/px4_msgs/msg/detail/mavlink_log__rosidl_typesupport_introspection_c.h\n'}
[2.883432] (px4_msgs) StdoutLine: {'line': b'-- Up-to-date symlink: /home/maanavjugalshah/SwarmAero/ros2_ws/install/px4_msgs/include/px4_msgs/px4_msgs/msg/detail/mavlink_tunnel__rosidl_typesupport_introspection_c.h\n'}
[2.883468] (px4_msgs) StdoutLine: {'line': b'-- Up-to-date symlink: /home/maanavjugalshah/SwarmAero/ros2_ws/install/px4_msgs/include/px4_msgs/px4_msgs/msg/detail/message_format_request__rosidl_typesupport_introspection_c.h\n'}
[2.883613] (px4_msgs) StdoutLine: {'line': b'-- Up-to-date symlink: /home/maanavjugalshah/SwarmAero/ros2_ws/install/px4_msgs/include/px4_msgs/px4_msgs/msg/detail/message_format_response__rosidl_typesupport_introspection_c.h\n'}
[2.883666] (px4_msgs) StdoutLine: {'line': b'-- Up-to-date symlink: /home/maanavjugalshah/SwarmAero/ros2_ws/install/px4_msgs/include/px4_msgs/px4_msgs/msg/detail/mission__rosidl_typesupport_introspection_c.h\n'}
[2.883744] (px4_msgs) StdoutLine: {'line': b'-- Up-to-date symlink: /home/maanavjugalshah/SwarmAero/ros2_ws/install/px4_msgs/include/px4_msgs/px4_msgs/msg/detail/mission_result__rosidl_typesupport_introspection_c.h\n'}
[2.883814] (px4_msgs) StdoutLine: {'line': b'-- Up-to-date symlink: /home/maanavjugalshah/SwarmAero/ros2_ws/install/px4_msgs/include/px4_msgs/px4_msgs/msg/detail/mode_completed__rosidl_typesupport_introspection_c.h\n'}
[2.883889] (px4_msgs) StdoutLine: {'line': b'-- Up-to-date symlink: /home/maanavjugalshah/SwarmAero/ros2_ws/install/px4_msgs/include/px4_msgs/px4_msgs/msg/detail/mount_orientation__rosidl_typesupport_introspection_c.h\n'}
[2.883933] (px4_msgs) StdoutLine: {'line': b'-- Up-to-date symlink: /home/maanavjugalshah/SwarmAero/ros2_ws/install/px4_msgs/include/px4_msgs/px4_msgs/msg/detail/navigator_mission_item__rosidl_typesupport_introspection_c.h\n'}
[2.883970] (px4_msgs) StdoutLine: {'line': b'-- Up-to-date symlink: /home/maanavjugalshah/SwarmAero/ros2_ws/install/px4_msgs/include/px4_msgs/px4_msgs/msg/detail/navigator_status__rosidl_typesupport_introspection_c.h\n'}
[2.884006] (px4_msgs) StdoutLine: {'line': b'-- Up-to-date symlink: /home/maanavjugalshah/SwarmAero/ros2_ws/install/px4_msgs/include/px4_msgs/px4_msgs/msg/detail/neural_control__rosidl_typesupport_introspection_c.h\n'}
[2.884040] (px4_msgs) StdoutLine: {'line': b'-- Up-to-date symlink: /home/maanavjugalshah/SwarmAero/ros2_ws/install/px4_msgs/include/px4_msgs/px4_msgs/msg/detail/normalized_unsigned_setpoint__rosidl_typesupport_introspection_c.h\n'}
[2.884075] (px4_msgs) StdoutLine: {'line': b'-- Up-to-date symlink: /home/maanavjugalshah/SwarmAero/ros2_ws/install/px4_msgs/include/px4_msgs/px4_msgs/msg/detail/obstacle_distance__rosidl_typesupport_introspection_c.h\n'}
[2.884109] (px4_msgs) StdoutLine: {'line': b'-- Up-to-date symlink: /home/maanavjugalshah/SwarmAero/ros2_ws/install/px4_msgs/include/px4_msgs/px4_msgs/msg/detail/offboard_control_mode__rosidl_typesupport_introspection_c.h\n'}
[2.884146] (px4_msgs) StdoutLine: {'line': b'-- Up-to-date symlink: /home/maanavjugalshah/SwarmAero/ros2_ws/install/px4_msgs/include/px4_msgs/px4_msgs/msg/detail/onboard_computer_status__rosidl_typesupport_introspection_c.h\n'}
[2.884180] (px4_msgs) StdoutLine: {'line': b'-- Up-to-date symlink: /home/maanavjugalshah/SwarmAero/ros2_ws/install/px4_msgs/include/px4_msgs/px4_msgs/msg/detail/open_drone_id_arm_status__rosidl_typesupport_introspection_c.h\n'}
[2.884212] (px4_msgs) StdoutLine: {'line': b'-- Up-to-date symlink: /home/maanavjugalshah/SwarmAero/ros2_ws/install/px4_msgs/include/px4_msgs/px4_msgs/msg/detail/open_drone_id_operator_id__rosidl_typesupport_introspection_c.h\n'}
[2.884246] (px4_msgs) StdoutLine: {'line': b'-- Up-to-date symlink: /home/maanavjugalshah/SwarmAero/ros2_ws/install/px4_msgs/include/px4_msgs/px4_msgs/msg/detail/open_drone_id_self_id__rosidl_typesupport_introspection_c.h\n'}
[2.884279] (px4_msgs) StdoutLine: {'line': b'-- Up-to-date symlink: /home/maanavjugalshah/SwarmAero/ros2_ws/install/px4_msgs/include/px4_msgs/px4_msgs/msg/detail/open_drone_id_system__rosidl_typesupport_introspection_c.h\n'}
[2.884313] (px4_msgs) StdoutLine: {'line': b'-- Up-to-date symlink: /home/maanavjugalshah/SwarmAero/ros2_ws/install/px4_msgs/include/px4_msgs/px4_msgs/msg/detail/orb_test__rosidl_typesupport_introspection_c.h\n'}
[2.884350] (px4_msgs) StdoutLine: {'line': b'-- Up-to-date symlink: /home/maanavjugalshah/SwarmAero/ros2_ws/install/px4_msgs/include/px4_msgs/px4_msgs/msg/detail/orb_test_large__rosidl_typesupport_introspection_c.h\n'}
[2.884382] (px4_msgs) StdoutLine: {'line': b'-- Up-to-date symlink: /home/maanavjugalshah/SwarmAero/ros2_ws/install/px4_msgs/include/px4_msgs/px4_msgs/msg/detail/orb_test_medium__rosidl_typesupport_introspection_c.h\n'}
[2.884416] (px4_msgs) StdoutLine: {'line': b'-- Up-to-date symlink: /home/maanavjugalshah/SwarmAero/ros2_ws/install/px4_msgs/include/px4_msgs/px4_msgs/msg/detail/orbit_status__rosidl_typesupport_introspection_c.h\n'}
[2.884449] (px4_msgs) StdoutLine: {'line': b'-- Up-to-date symlink: /home/maanavjugalshah/SwarmAero/ros2_ws/install/px4_msgs/include/px4_msgs/px4_msgs/msg/detail/parameter_reset_request__rosidl_typesupport_introspection_c.h\n'}
[2.884513] (px4_msgs) StdoutLine: {'line': b'-- Up-to-date symlink: /home/maanavjugalshah/SwarmAero/ros2_ws/install/px4_msgs/include/px4_msgs/px4_msgs/msg/detail/parameter_set_used_request__rosidl_typesupport_introspection_c.h\n'}
[2.884627] (px4_msgs) StdoutLine: {'line': b'-- Up-to-date symlink: /home/maanavjugalshah/SwarmAero/ros2_ws/install/px4_msgs/include/px4_msgs/px4_msgs/msg/detail/parameter_set_value_request__rosidl_typesupport_introspection_c.h\n'}
[2.884704] (px4_msgs) StdoutLine: {'line': b'-- Up-to-date symlink: /home/maanavjugalshah/SwarmAero/ros2_ws/install/px4_msgs/include/px4_msgs/px4_msgs/msg/detail/parameter_set_value_response__rosidl_typesupport_introspection_c.h\n'}
[2.884779] (px4_msgs) StdoutLine: {'line': b'-- Up-to-date symlink: /home/maanavjugalshah/SwarmAero/ros2_ws/install/px4_msgs/include/px4_msgs/px4_msgs/msg/detail/parameter_update__rosidl_typesupport_introspection_c.h\n'}
[2.884824] (px4_msgs) StdoutLine: {'line': b'-- Up-to-date symlink: /home/maanavjugalshah/SwarmAero/ros2_ws/install/px4_msgs/include/px4_msgs/px4_msgs/msg/detail/ping__rosidl_typesupport_introspection_c.h\n'}
[2.884863] (px4_msgs) StdoutLine: {'line': b'-- Up-to-date symlink: /home/maanavjugalshah/SwarmAero/ros2_ws/install/px4_msgs/include/px4_msgs/px4_msgs/msg/detail/position_controller_landing_status__rosidl_typesupport_introspection_c.h\n'}
[2.884906] (px4_msgs) StdoutLine: {'line': b'-- Up-to-date symlink: /home/maanavjugalshah/SwarmAero/ros2_ws/install/px4_msgs/include/px4_msgs/px4_msgs/msg/detail/position_controller_status__rosidl_typesupport_introspection_c.h\n'}
[2.884941] (px4_msgs) StdoutLine: {'line': b'-- Up-to-date symlink: /home/maanavjugalshah/SwarmAero/ros2_ws/install/px4_msgs/include/px4_msgs/px4_msgs/msg/detail/position_setpoint__rosidl_typesupport_introspection_c.h\n'}
[2.884976] (px4_msgs) StdoutLine: {'line': b'-- Up-to-date symlink: /home/maanavjugalshah/SwarmAero/ros2_ws/install/px4_msgs/include/px4_msgs/px4_msgs/msg/detail/position_setpoint_triplet__rosidl_typesupport_introspection_c.h\n'}
[2.885014] (px4_msgs) StdoutLine: {'line': b'-- Up-to-date symlink: /home/maanavjugalshah/SwarmAero/ros2_ws/install/px4_msgs/include/px4_msgs/px4_msgs/msg/detail/power_button_state__rosidl_typesupport_introspection_c.h\n'}
[2.885048] (px4_msgs) StdoutLine: {'line': b'-- Up-to-date symlink: /home/maanavjugalshah/SwarmAero/ros2_ws/install/px4_msgs/include/px4_msgs/px4_msgs/msg/detail/power_monitor__rosidl_typesupport_introspection_c.h\n'}
[2.885081] (px4_msgs) StdoutLine: {'line': b'-- Up-to-date symlink: /home/maanavjugalshah/SwarmAero/ros2_ws/install/px4_msgs/include/px4_msgs/px4_msgs/msg/detail/pps_capture__rosidl_typesupport_introspection_c.h\n'}
[2.885114] (px4_msgs) StdoutLine: {'line': b'-- Up-to-date symlink: /home/maanavjugalshah/SwarmAero/ros2_ws/install/px4_msgs/include/px4_msgs/px4_msgs/msg/detail/pure_pursuit_status__rosidl_typesupport_introspection_c.h\n'}
[2.885149] (px4_msgs) StdoutLine: {'line': b'-- Up-to-date symlink: /home/maanavjugalshah/SwarmAero/ros2_ws/install/px4_msgs/include/px4_msgs/px4_msgs/msg/detail/pwm_input__rosidl_typesupport_introspection_c.h\n'}
[2.885183] (px4_msgs) StdoutLine: {'line': b'-- Up-to-date symlink: /home/maanavjugalshah/SwarmAero/ros2_ws/install/px4_msgs/include/px4_msgs/px4_msgs/msg/detail/px4io_status__rosidl_typesupport_introspection_c.h\n'}
[2.885218] (px4_msgs) StdoutLine: {'line': b'-- Up-to-date symlink: /home/maanavjugalshah/SwarmAero/ros2_ws/install/px4_msgs/include/px4_msgs/px4_msgs/msg/detail/qshell_req__rosidl_typesupport_introspection_c.h\n'}
[2.885250] (px4_msgs) StdoutLine: {'line': b'-- Up-to-date symlink: /home/maanavjugalshah/SwarmAero/ros2_ws/install/px4_msgs/include/px4_msgs/px4_msgs/msg/detail/qshell_retval__rosidl_typesupport_introspection_c.h\n'}
[2.885282] (px4_msgs) StdoutLine: {'line': b'-- Up-to-date symlink: /home/maanavjugalshah/SwarmAero/ros2_ws/install/px4_msgs/include/px4_msgs/px4_msgs/msg/detail/radio_status__rosidl_typesupport_introspection_c.h\n'}
[2.885315] (px4_msgs) StdoutLine: {'line': b'-- Up-to-date symlink: /home/maanavjugalshah/SwarmAero/ros2_ws/install/px4_msgs/include/px4_msgs/px4_msgs/msg/detail/ranging_beacon__rosidl_typesupport_introspection_c.h\n'}
[2.885347] (px4_msgs) StdoutLine: {'line': b'-- Up-to-date symlink: /home/maanavjugalshah/SwarmAero/ros2_ws/install/px4_msgs/include/px4_msgs/px4_msgs/msg/detail/raptor_input__rosidl_typesupport_introspection_c.h\n'}
[2.885382] (px4_msgs) StdoutLine: {'line': b'-- Up-to-date symlink: /home/maanavjugalshah/SwarmAero/ros2_ws/install/px4_msgs/include/px4_msgs/px4_msgs/msg/detail/raptor_status__rosidl_typesupport_introspection_c.h\n'}
[2.885415] (px4_msgs) StdoutLine: {'line': b'-- Up-to-date symlink: /home/maanavjugalshah/SwarmAero/ros2_ws/install/px4_msgs/include/px4_msgs/px4_msgs/msg/detail/rate_ctrl_status__rosidl_typesupport_introspection_c.h\n'}
[2.885446] (px4_msgs) StdoutLine: {'line': b'-- Up-to-date symlink: /home/maanavjugalshah/SwarmAero/ros2_ws/install/px4_msgs/include/px4_msgs/px4_msgs/msg/detail/rc_channels__rosidl_typesupport_introspection_c.h\n'}
[2.885479] (px4_msgs) StdoutLine: {'line': b'-- Up-to-date symlink: /home/maanavjugalshah/SwarmAero/ros2_ws/install/px4_msgs/include/px4_msgs/px4_msgs/msg/detail/rc_parameter_map__rosidl_typesupport_introspection_c.h\n'}
[2.885510] (px4_msgs) StdoutLine: {'line': b'-- Up-to-date symlink: /home/maanavjugalshah/SwarmAero/ros2_ws/install/px4_msgs/include/px4_msgs/px4_msgs/msg/detail/register_ext_component_reply__rosidl_typesupport_introspection_c.h\n'}
[2.885541] (px4_msgs) StdoutLine: {'line': b'-- Up-to-date symlink: /home/maanavjugalshah/SwarmAero/ros2_ws/install/px4_msgs/include/px4_msgs/px4_msgs/msg/detail/register_ext_component_request__rosidl_typesupport_introspection_c.h\n'}
[2.885603] (px4_msgs) StdoutLine: {'line': b'-- Up-to-date symlink: /home/maanavjugalshah/SwarmAero/ros2_ws/install/px4_msgs/include/px4_msgs/px4_msgs/msg/detail/rover_attitude_setpoint__rosidl_typesupport_introspection_c.h\n'}
[2.885648] (px4_msgs) StdoutLine: {'line': b'-- Up-to-date symlink: /home/maanavjugalshah/SwarmAero/ros2_ws/install/px4_msgs/include/px4_msgs/px4_msgs/msg/detail/rover_attitude_status__rosidl_typesupport_introspection_c.h\n'}
[2.885686] (px4_msgs) StdoutLine: {'line': b'-- Up-to-date symlink: /home/maanavjugalshah/SwarmAero/ros2_ws/install/px4_msgs/include/px4_msgs/px4_msgs/msg/detail/rover_position_setpoint__rosidl_typesupport_introspection_c.h\n'}
[2.885721] (px4_msgs) StdoutLine: {'line': b'-- Up-to-date symlink: /home/maanavjugalshah/SwarmAero/ros2_ws/install/px4_msgs/include/px4_msgs/px4_msgs/msg/detail/rover_rate_setpoint__rosidl_typesupport_introspection_c.h\n'}
[2.885754] (px4_msgs) StdoutLine: {'line': b'-- Up-to-date symlink: /home/maanavjugalshah/SwarmAero/ros2_ws/install/px4_msgs/include/px4_msgs/px4_msgs/msg/detail/rover_rate_status__rosidl_typesupport_introspection_c.h\n'}
[2.885789] (px4_msgs) StdoutLine: {'line': b'-- Up-to-date symlink: /home/maanavjugalshah/SwarmAero/ros2_ws/install/px4_msgs/include/px4_msgs/px4_msgs/msg/detail/rover_speed_setpoint__rosidl_typesupport_introspection_c.h\n'}
[2.885822] (px4_msgs) StdoutLine: {'line': b'-- Up-to-date symlink: /home/maanavjugalshah/SwarmAero/ros2_ws/install/px4_msgs/include/px4_msgs/px4_msgs/msg/detail/rover_speed_status__rosidl_typesupport_introspection_c.h\n'}
[2.885854] (px4_msgs) StdoutLine: {'line': b'-- Up-to-date symlink: /home/maanavjugalshah/SwarmAero/ros2_ws/install/px4_msgs/include/px4_msgs/px4_msgs/msg/detail/rover_steering_setpoint__rosidl_typesupport_introspection_c.h\n'}
[2.885886] (px4_msgs) StdoutLine: {'line': b'-- Up-to-date symlink: /home/maanavjugalshah/SwarmAero/ros2_ws/install/px4_msgs/include/px4_msgs/px4_msgs/msg/detail/rover_throttle_setpoint__rosidl_typesupport_introspection_c.h\n'}
[2.885918] (px4_msgs) StdoutLine: {'line': b'-- Up-to-date symlink: /home/maanavjugalshah/SwarmAero/ros2_ws/install/px4_msgs/include/px4_msgs/px4_msgs/msg/detail/rpm__rosidl_typesupport_introspection_c.h\n'}
[2.885950] (px4_msgs) StdoutLine: {'line': b'-- Up-to-date symlink: /home/maanavjugalshah/SwarmAero/ros2_ws/install/px4_msgs/include/px4_msgs/px4_msgs/msg/detail/rtl_status__rosidl_typesupport_introspection_c.h\n'}
[2.885982] (px4_msgs) StdoutLine: {'line': b'-- Up-to-date symlink: /home/maanavjugalshah/SwarmAero/ros2_ws/install/px4_msgs/include/px4_msgs/px4_msgs/msg/detail/rtl_time_estimate__rosidl_typesupport_introspection_c.h\n'}
[2.886014] (px4_msgs) StdoutLine: {'line': b'-- Up-to-date symlink: /home/maanavjugalshah/SwarmAero/ros2_ws/install/px4_msgs/include/px4_msgs/px4_msgs/msg/detail/satellite_info__rosidl_typesupport_introspection_c.h\n'}
[2.886045] (px4_msgs) StdoutLine: {'line': b'-- Up-to-date symlink: /home/maanavjugalshah/SwarmAero/ros2_ws/install/px4_msgs/include/px4_msgs/px4_msgs/msg/detail/sensor_accel__rosidl_typesupport_introspection_c.h\n'}
[2.886077] (px4_msgs) StdoutLine: {'line': b'-- Up-to-date symlink: /home/maanavjugalshah/SwarmAero/ros2_ws/install/px4_msgs/include/px4_msgs/px4_msgs/msg/detail/sensor_accel_fifo__rosidl_typesupport_introspection_c.h\n'}
[2.886108] (px4_msgs) StdoutLine: {'line': b'-- Up-to-date symlink: /home/maanavjugalshah/SwarmAero/ros2_ws/install/px4_msgs/include/px4_msgs/px4_msgs/msg/detail/sensor_airflow__rosidl_typesupport_introspection_c.h\n'}
[2.886139] (px4_msgs) StdoutLine: {'line': b'-- Up-to-date symlink: /home/maanavjugalshah/SwarmAero/ros2_ws/install/px4_msgs/include/px4_msgs/px4_msgs/msg/detail/sensor_baro__rosidl_typesupport_introspection_c.h\n'}
[2.886178] (px4_msgs) StdoutLine: {'line': b'-- Up-to-date symlink: /home/maanavjugalshah/SwarmAero/ros2_ws/install/px4_msgs/include/px4_msgs/px4_msgs/msg/detail/sensor_combined__rosidl_typesupport_introspection_c.h\n'}
[2.886272] (px4_msgs) StdoutLine: {'line': b'-- Up-to-date symlink: /home/maanavjugalshah/SwarmAero/ros2_ws/install/px4_msgs/include/px4_msgs/px4_msgs/msg/detail/sensor_correction__rosidl_typesupport_introspection_c.h\n'}
[2.886386] (px4_msgs) StdoutLine: {'line': b'-- Up-to-date symlink: /home/maanavjugalshah/SwarmAero/ros2_ws/install/px4_msgs/include/px4_msgs/px4_msgs/msg/detail/sensor_gnss_relative__rosidl_typesupport_introspection_c.h\n'}
[2.886502] (px4_msgs) StdoutLine: {'line': b'-- Up-to-date symlink: /home/maanavjugalshah/SwarmAero/ros2_ws/install/px4_msgs/include/px4_msgs/px4_msgs/msg/detail/sensor_gnss_status__rosidl_typesupport_introspection_c.h\n'}
[2.886740] (px4_msgs) StdoutLine: {'line': b'-- Up-to-date symlink: /home/maanavjugalshah/SwarmAero/ros2_ws/install/px4_msgs/include/px4_msgs/px4_msgs/msg/detail/sensor_gps__rosidl_typesupport_introspection_c.h\n'}
[2.886988] (px4_msgs) StdoutLine: {'line': b'-- Up-to-date symlink: /home/maanavjugalshah/SwarmAero/ros2_ws/install/px4_msgs/include/px4_msgs/px4_msgs/msg/detail/sensor_gyro__rosidl_typesupport_introspection_c.h\n'}
[2.887161] (px4_msgs) StdoutLine: {'line': b'-- Up-to-date symlink: /home/maanavjugalshah/SwarmAero/ros2_ws/install/px4_msgs/include/px4_msgs/px4_msgs/msg/detail/sensor_gyro_fft__rosidl_typesupport_introspection_c.h\n'}
[2.887206] (px4_msgs) StdoutLine: {'line': b'-- Up-to-date symlink: /home/maanavjugalshah/SwarmAero/ros2_ws/install/px4_msgs/include/px4_msgs/px4_msgs/msg/detail/sensor_gyro_fifo__rosidl_typesupport_introspection_c.h\n'}
[2.887256] (px4_msgs) StdoutLine: {'line': b'-- Up-to-date symlink: /home/maanavjugalshah/SwarmAero/ros2_ws/install/px4_msgs/include/px4_msgs/px4_msgs/msg/detail/sensor_hygrometer__rosidl_typesupport_introspection_c.h\n'}
[2.887374] (px4_msgs) StdoutLine: {'line': b'-- Up-to-date symlink: /home/maanavjugalshah/SwarmAero/ros2_ws/install/px4_msgs/include/px4_msgs/px4_msgs/msg/detail/sensor_mag__rosidl_typesupport_introspection_c.h\n'}
[2.887529] (px4_msgs) StdoutLine: {'line': b'-- Up-to-date symlink: /home/maanavjugalshah/SwarmAero/ros2_ws/install/px4_msgs/include/px4_msgs/px4_msgs/msg/detail/sensor_optical_flow__rosidl_typesupport_introspection_c.h\n'}
[2.887581] (px4_msgs) StdoutLine: {'line': b'-- Up-to-date symlink: /home/maanavjugalshah/SwarmAero/ros2_ws/install/px4_msgs/include/px4_msgs/px4_msgs/msg/detail/sensor_preflight_mag__rosidl_typesupport_introspection_c.h\n'}
[2.887669] (px4_msgs) StdoutLine: {'line': b'-- Up-to-date symlink: /home/maanavjugalshah/SwarmAero/ros2_ws/install/px4_msgs/include/px4_msgs/px4_msgs/msg/detail/sensor_selection__rosidl_typesupport_introspection_c.h\n'}
[2.887850] (px4_msgs) StdoutLine: {'line': b'-- Up-to-date symlink: /home/maanavjugalshah/SwarmAero/ros2_ws/install/px4_msgs/include/px4_msgs/px4_msgs/msg/detail/sensor_temp__rosidl_typesupport_introspection_c.h\n'}
[2.887896] (px4_msgs) StdoutLine: {'line': b'-- Up-to-date symlink: /home/maanavjugalshah/SwarmAero/ros2_ws/install/px4_msgs/include/px4_msgs/px4_msgs/msg/detail/sensor_uwb__rosidl_typesupport_introspection_c.h\n'}
[2.888163] (px4_msgs) StdoutLine: {'line': b'-- Up-to-date symlink: /home/maanavjugalshah/SwarmAero/ros2_ws/install/px4_msgs/include/px4_msgs/px4_msgs/msg/detail/sensors_status__rosidl_typesupport_introspection_c.h\n'}
[2.888224] (px4_msgs) StdoutLine: {'line': b'-- Up-to-date symlink: /home/maanavjugalshah/SwarmAero/ros2_ws/install/px4_msgs/include/px4_msgs/px4_msgs/msg/detail/sensors_status_imu__rosidl_typesupport_introspection_c.h\n'}
[2.888263] (px4_msgs) StdoutLine: {'line': b'-- Up-to-date symlink: /home/maanavjugalshah/SwarmAero/ros2_ws/install/px4_msgs/include/px4_msgs/px4_msgs/msg/detail/system_power__rosidl_typesupport_introspection_c.h\n'}
[2.888344] (px4_msgs) StdoutLine: {'line': b'-- Up-to-date symlink: /home/maanavjugalshah/SwarmAero/ros2_ws/install/px4_msgs/include/px4_msgs/px4_msgs/msg/detail/takeoff_status__rosidl_typesupport_introspection_c.h\n'}
[2.888459] (px4_msgs) StdoutLine: {'line': b'-- Up-to-date symlink: /home/maanavjugalshah/SwarmAero/ros2_ws/install/px4_msgs/include/px4_msgs/px4_msgs/msg/detail/task_stack_info__rosidl_typesupport_introspection_c.h\n'}
[2.888531] (px4_msgs) StdoutLine: {'line': b'-- Up-to-date symlink: /home/maanavjugalshah/SwarmAero/ros2_ws/install/px4_msgs/include/px4_msgs/px4_msgs/msg/detail/tecs_status__rosidl_typesupport_introspection_c.h\n'}
[2.888808] (px4_msgs) StdoutLine: {'line': b'-- Up-to-date symlink: /home/maanavjugalshah/SwarmAero/ros2_ws/install/px4_msgs/include/px4_msgs/px4_msgs/msg/detail/telemetry_status__rosidl_typesupport_introspection_c.h\n'}
[2.889052] (px4_msgs) StdoutLine: {'line': b'-- Up-to-date symlink: /home/maanavjugalshah/SwarmAero/ros2_ws/install/px4_msgs/include/px4_msgs/px4_msgs/msg/detail/tiltrotor_extra_controls__rosidl_typesupport_introspection_c.h\n'}
[2.889124] (px4_msgs) StdoutLine: {'line': b'-- Up-to-date symlink: /home/maanavjugalshah/SwarmAero/ros2_ws/install/px4_msgs/include/px4_msgs/px4_msgs/msg/detail/timesync_status__rosidl_typesupport_introspection_c.h\n'}
[2.889215] (px4_msgs) StdoutLine: {'line': b'-- Up-to-date symlink: /home/maanavjugalshah/SwarmAero/ros2_ws/install/px4_msgs/include/px4_msgs/px4_msgs/msg/detail/trajectory_setpoint6dof__rosidl_typesupport_introspection_c.h\n'}
[2.889573] (px4_msgs) StdoutLine: {'line': b'-- Up-to-date symlink: /home/maanavjugalshah/SwarmAero/ros2_ws/install/px4_msgs/include/px4_msgs/px4_msgs/msg/detail/trajectory_setpoint__rosidl_typesupport_introspection_c.h\n'}
[2.889800] (px4_msgs) StdoutLine: {'line': b'-- Up-to-date symlink: /home/maanavjugalshah/SwarmAero/ros2_ws/install/px4_msgs/include/px4_msgs/px4_msgs/msg/detail/transponder_report__rosidl_typesupport_introspection_c.h\n'}
[2.890184] (px4_msgs) StdoutLine: {'line': b'-- Up-to-date symlink: /home/maanavjugalshah/SwarmAero/ros2_ws/install/px4_msgs/include/px4_msgs/px4_msgs/msg/detail/tune_control__rosidl_typesupport_introspection_c.h\n'}
[2.890389] (px4_msgs) StdoutLine: {'line': b'-- Up-to-date symlink: /home/maanavjugalshah/SwarmAero/ros2_ws/install/px4_msgs/include/px4_msgs/px4_msgs/msg/detail/uavcan_parameter_request__rosidl_typesupport_introspection_c.h\n'}
[2.890544] (px4_msgs) StdoutLine: {'line': b'-- Up-to-date symlink: /home/maanavjugalshah/SwarmAero/ros2_ws/install/px4_msgs/include/px4_msgs/px4_msgs/msg/detail/uavcan_parameter_value__rosidl_typesupport_introspection_c.h\n'}
[2.890593] (px4_msgs) StdoutLine: {'line': b'-- Up-to-date symlink: /home/maanavjugalshah/SwarmAero/ros2_ws/install/px4_msgs/include/px4_msgs/px4_msgs/msg/detail/ulog_stream__rosidl_typesupport_introspection_c.h\n'}
[2.890677] (px4_msgs) StdoutLine: {'line': b'-- Up-to-date symlink: /home/maanavjugalshah/SwarmAero/ros2_ws/install/px4_msgs/include/px4_msgs/px4_msgs/msg/detail/ulog_stream_ack__rosidl_typesupport_introspection_c.h\n'}
[2.890807] (px4_msgs) StdoutLine: {'line': b'-- Up-to-date symlink: /home/maanavjugalshah/SwarmAero/ros2_ws/install/px4_msgs/include/px4_msgs/px4_msgs/msg/detail/unregister_ext_component__rosidl_typesupport_introspection_c.h\n'}
[2.891031] (px4_msgs) StdoutLine: {'line': b'-- Up-to-date symlink: /home/maanavjugalshah/SwarmAero/ros2_ws/install/px4_msgs/include/px4_msgs/px4_msgs/msg/detail/vehicle_acceleration__rosidl_typesupport_introspection_c.h\n'}
[2.891181] (px4_msgs) StdoutLine: {'line': b'-- Up-to-date symlink: /home/maanavjugalshah/SwarmAero/ros2_ws/install/px4_msgs/include/px4_msgs/px4_msgs/msg/detail/vehicle_air_data__rosidl_typesupport_introspection_c.h\n'}
[2.891420] (px4_msgs) StdoutLine: {'line': b'-- Up-to-date symlink: /home/maanavjugalshah/SwarmAero/ros2_ws/install/px4_msgs/include/px4_msgs/px4_msgs/msg/detail/vehicle_angular_acceleration_setpoint__rosidl_typesupport_introspection_c.h\n'}
[2.891535] (px4_msgs) StdoutLine: {'line': b'-- Up-to-date symlink: /home/maanavjugalshah/SwarmAero/ros2_ws/install/px4_msgs/include/px4_msgs/px4_msgs/msg/detail/vehicle_angular_velocity__rosidl_typesupport_introspection_c.h\n'}
[2.891654] (px4_msgs) StdoutLine: {'line': b'-- Up-to-date symlink: /home/maanavjugalshah/SwarmAero/ros2_ws/install/px4_msgs/include/px4_msgs/px4_msgs/msg/detail/vehicle_attitude__rosidl_typesupport_introspection_c.h\n'}
[2.891741] (px4_msgs) StdoutLine: {'line': b'-- Up-to-date symlink: /home/maanavjugalshah/SwarmAero/ros2_ws/install/px4_msgs/include/px4_msgs/px4_msgs/msg/detail/vehicle_attitude_setpoint__rosidl_typesupport_introspection_c.h\n'}
[2.891913] (px4_msgs) StdoutLine: {'line': b'-- Up-to-date symlink: /home/maanavjugalshah/SwarmAero/ros2_ws/install/px4_msgs/include/px4_msgs/px4_msgs/msg/detail/vehicle_command__rosidl_typesupport_introspection_c.h\n'}
[2.891977] (px4_msgs) StdoutLine: {'line': b'-- Up-to-date symlink: /home/maanavjugalshah/SwarmAero/ros2_ws/install/px4_msgs/include/px4_msgs/px4_msgs/msg/detail/vehicle_command_ack__rosidl_typesupport_introspection_c.h\n'}
[2.892174] (px4_msgs) StdoutLine: {'line': b'-- Up-to-date symlink: /home/maanavjugalshah/SwarmAero/ros2_ws/install/px4_msgs/include/px4_msgs/px4_msgs/msg/detail/vehicle_constraints__rosidl_typesupport_introspection_c.h\n'}
[2.892476] (px4_msgs) StdoutLine: {'line': b'-- Up-to-date symlink: /home/maanavjugalshah/SwarmAero/ros2_ws/install/px4_msgs/include/px4_msgs/px4_msgs/msg/detail/vehicle_control_mode__rosidl_typesupport_introspection_c.h\n'}
[2.892983] (px4_msgs) StdoutLine: {'line': b'-- Up-to-date symlink: /home/maanavjugalshah/SwarmAero/ros2_ws/install/px4_msgs/include/px4_msgs/px4_msgs/msg/detail/vehicle_global_position__rosidl_typesupport_introspection_c.h\n'}
[2.893102] (px4_msgs) StdoutLine: {'line': b'-- Up-to-date symlink: /home/maanavjugalshah/SwarmAero/ros2_ws/install/px4_msgs/include/px4_msgs/px4_msgs/msg/detail/vehicle_imu__rosidl_typesupport_introspection_c.h\n'}
[2.893611] (px4_msgs) StdoutLine: {'line': b'-- Up-to-date symlink: /home/maanavjugalshah/SwarmAero/ros2_ws/install/px4_msgs/include/px4_msgs/px4_msgs/msg/detail/vehicle_imu_status__rosidl_typesupport_introspection_c.h\n'}
[2.893824] (px4_msgs) StdoutLine: {'line': b'-- Up-to-date symlink: /home/maanavjugalshah/SwarmAero/ros2_ws/install/px4_msgs/include/px4_msgs/px4_msgs/msg/detail/vehicle_land_detected__rosidl_typesupport_introspection_c.h\n'}
[2.894124] (px4_msgs) StdoutLine: {'line': b'-- Up-to-date symlink: /home/maanavjugalshah/SwarmAero/ros2_ws/install/px4_msgs/include/px4_msgs/px4_msgs/msg/detail/vehicle_local_position__rosidl_typesupport_introspection_c.h\n'}
[2.894187] (px4_msgs) StdoutLine: {'line': b'-- Up-to-date symlink: /home/maanavjugalshah/SwarmAero/ros2_ws/install/px4_msgs/include/px4_msgs/px4_msgs/msg/detail/vehicle_local_position_setpoint__rosidl_typesupport_introspection_c.h\n'}
[2.894257] (px4_msgs) StdoutLine: {'line': b'-- Up-to-date symlink: /home/maanavjugalshah/SwarmAero/ros2_ws/install/px4_msgs/include/px4_msgs/px4_msgs/msg/detail/vehicle_magnetometer__rosidl_typesupport_introspection_c.h\n'}
[2.894296] (px4_msgs) StdoutLine: {'line': b'-- Up-to-date symlink: /home/maanavjugalshah/SwarmAero/ros2_ws/install/px4_msgs/include/px4_msgs/px4_msgs/msg/detail/vehicle_odometry__rosidl_typesupport_introspection_c.h\n'}
[2.894445] (px4_msgs) StdoutLine: {'line': b'-- Up-to-date symlink: /home/maanavjugalshah/SwarmAero/ros2_ws/install/px4_msgs/include/px4_msgs/px4_msgs/msg/detail/vehicle_optical_flow__rosidl_typesupport_introspection_c.h\n'}
[2.894493] (px4_msgs) StdoutLine: {'line': b'-- Up-to-date symlink: /home/maanavjugalshah/SwarmAero/ros2_ws/install/px4_msgs/include/px4_msgs/px4_msgs/msg/detail/vehicle_optical_flow_vel__rosidl_typesupport_introspection_c.h\n'}
[2.894531] (px4_msgs) StdoutLine: {'line': b'-- Up-to-date symlink: /home/maanavjugalshah/SwarmAero/ros2_ws/install/px4_msgs/include/px4_msgs/px4_msgs/msg/detail/vehicle_rates_setpoint__rosidl_typesupport_introspection_c.h\n'}
[2.894747] (px4_msgs) StdoutLine: {'line': b'-- Up-to-date symlink: /home/maanavjugalshah/SwarmAero/ros2_ws/install/px4_msgs/include/px4_msgs/px4_msgs/msg/detail/vehicle_roi__rosidl_typesupport_introspection_c.h\n'}
[2.894797] (px4_msgs) StdoutLine: {'line': b'-- Up-to-date symlink: /home/maanavjugalshah/SwarmAero/ros2_ws/install/px4_msgs/include/px4_msgs/px4_msgs/msg/detail/vehicle_status__rosidl_typesupport_introspection_c.h\n'}
[2.894836] (px4_msgs) StdoutLine: {'line': b'-- Up-to-date symlink: /home/maanavjugalshah/SwarmAero/ros2_ws/install/px4_msgs/include/px4_msgs/px4_msgs/msg/detail/vehicle_thrust_setpoint__rosidl_typesupport_introspection_c.h\n'}
[2.894873] (px4_msgs) StdoutLine: {'line': b'-- Up-to-date symlink: /home/maanavjugalshah/SwarmAero/ros2_ws/install/px4_msgs/include/px4_msgs/px4_msgs/msg/detail/vehicle_torque_setpoint__rosidl_typesupport_introspection_c.h\n'}
[2.895005] (px4_msgs) StdoutLine: {'line': b'-- Up-to-date symlink: /home/maanavjugalshah/SwarmAero/ros2_ws/install/px4_msgs/include/px4_msgs/px4_msgs/msg/detail/velocity_limits__rosidl_typesupport_introspection_c.h\n'}
[2.895188] (px4_msgs) StdoutLine: {'line': b'-- Up-to-date symlink: /home/maanavjugalshah/SwarmAero/ros2_ws/install/px4_msgs/include/px4_msgs/px4_msgs/msg/detail/vtol_vehicle_status__rosidl_typesupport_introspection_c.h\n'}
[2.895322] (px4_msgs) StdoutLine: {'line': b'-- Up-to-date symlink: /home/maanavjugalshah/SwarmAero/ros2_ws/install/px4_msgs/include/px4_msgs/px4_msgs/msg/detail/vtx__rosidl_typesupport_introspection_c.h\n'}
[2.895483] (px4_msgs) StdoutLine: {'line': b'-- Up-to-date symlink: /home/maanavjugalshah/SwarmAero/ros2_ws/install/px4_msgs/include/px4_msgs/px4_msgs/msg/detail/wheel_encoders__rosidl_typesupport_introspection_c.h\n'}
[2.895756] (px4_msgs) StdoutLine: {'line': b'-- Up-to-date symlink: /home/maanavjugalshah/SwarmAero/ros2_ws/install/px4_msgs/include/px4_msgs/px4_msgs/msg/detail/wind__rosidl_typesupport_introspection_c.h\n'}
[2.895854] (px4_msgs) StdoutLine: {'line': b'-- Up-to-date symlink: /home/maanavjugalshah/SwarmAero/ros2_ws/install/px4_msgs/include/px4_msgs/px4_msgs/msg/detail/yaw_estimator_status__rosidl_typesupport_introspection_c.h\n'}
[2.895947] (px4_msgs) StdoutLine: {'line': b'-- Up-to-date symlink: /home/maanavjugalshah/SwarmAero/ros2_ws/install/px4_msgs/include/px4_msgs/px4_msgs/msg/rosidl_typesupport_introspection_c__visibility_control.h\n'}
[2.896123] (px4_msgs) StdoutLine: {'line': b'-- Up-to-date symlink: /home/maanavjugalshah/SwarmAero/ros2_ws/install/px4_msgs/include/px4_msgs/px4_msgs/srv/detail/vehicle_command__rosidl_typesupport_introspection_c.h\n'}
[2.896175] (px4_msgs) StdoutLine: {'line': b'-- Up-to-date symlink: /home/maanavjugalshah/SwarmAero/ros2_ws/install/px4_msgs/include/px4_msgs/px4_msgs/msg/detail/action_request__rosidl_typesupport_introspection_cpp.hpp\n'}
[2.896380] (px4_msgs) StdoutLine: {'line': b'-- Up-to-date symlink: /home/maanavjugalshah/SwarmAero/ros2_ws/install/px4_msgs/include/px4_msgs/px4_msgs/msg/detail/actuator_armed__rosidl_typesupport_introspection_cpp.hpp\n'}
[2.896802] (px4_msgs) StdoutLine: {'line': b'-- Up-to-date symlink: /home/maanavjugalshah/SwarmAero/ros2_ws/install/px4_msgs/include/px4_msgs/px4_msgs/msg/detail/actuator_controls_status__rosidl_typesupport_introspection_cpp.hpp\n'}
[2.897232] (px4_msgs) StdoutLine: {'line': b'-- Up-to-date symlink: /home/maanavjugalshah/SwarmAero/ros2_ws/install/px4_msgs/include/px4_msgs/px4_msgs/msg/detail/actuator_motors__rosidl_typesupport_introspection_cpp.hpp\n'}
[2.897357] (px4_msgs) StdoutLine: {'line': b'-- Up-to-date symlink: /home/maanavjugalshah/SwarmAero/ros2_ws/install/px4_msgs/include/px4_msgs/px4_msgs/msg/detail/actuator_outputs__rosidl_typesupport_introspection_cpp.hpp\n'}
[2.897896] (px4_msgs) StdoutLine: {'line': b'-- Up-to-date symlink: /home/maanavjugalshah/SwarmAero/ros2_ws/install/px4_msgs/include/px4_msgs/px4_msgs/msg/detail/actuator_servos__rosidl_typesupport_introspection_cpp.hpp\n'}
[2.898374] (px4_msgs) StdoutLine: {'line': b'-- Up-to-date symlink: /home/maanavjugalshah/SwarmAero/ros2_ws/install/px4_msgs/include/px4_msgs/px4_msgs/msg/detail/actuator_servos_trim__rosidl_typesupport_introspection_cpp.hpp\n'}
[2.898436] (px4_msgs) StdoutLine: {'line': b'-- Up-to-date symlink: /home/maanavjugalshah/SwarmAero/ros2_ws/install/px4_msgs/include/px4_msgs/px4_msgs/msg/detail/actuator_test__rosidl_typesupport_introspection_cpp.hpp\n'}
[2.898641] (px4_msgs) StdoutLine: {'line': b'-- Up-to-date symlink: /home/maanavjugalshah/SwarmAero/ros2_ws/install/px4_msgs/include/px4_msgs/px4_msgs/msg/detail/adc_report__rosidl_typesupport_introspection_cpp.hpp\n'}
[2.899093] (px4_msgs) StdoutLine: {'line': b'-- Up-to-date symlink: /home/maanavjugalshah/SwarmAero/ros2_ws/install/px4_msgs/include/px4_msgs/px4_msgs/msg/detail/airspeed__rosidl_typesupport_introspection_cpp.hpp\n'}
[2.899240] (px4_msgs) StdoutLine: {'line': b'-- Up-to-date symlink: /home/maanavjugalshah/SwarmAero/ros2_ws/install/px4_msgs/include/px4_msgs/px4_msgs/msg/detail/airspeed_validated__rosidl_typesupport_introspection_cpp.hpp\n'}
[2.899403] (px4_msgs) StdoutLine: {'line': b'-- Up-to-date symlink: /home/maanavjugalshah/SwarmAero/ros2_ws/install/px4_msgs/include/px4_msgs/px4_msgs/msg/detail/airspeed_wind__rosidl_typesupport_introspection_cpp.hpp\n'}
[2.899480] (px4_msgs) StdoutLine: {'line': b'-- Up-to-date symlink: /home/maanavjugalshah/SwarmAero/ros2_ws/install/px4_msgs/include/px4_msgs/px4_msgs/msg/detail/arming_check_reply__rosidl_typesupport_introspection_cpp.hpp\n'}
[2.899559] (px4_msgs) StdoutLine: {'line': b'-- Up-to-date symlink: /home/maanavjugalshah/SwarmAero/ros2_ws/install/px4_msgs/include/px4_msgs/px4_msgs/msg/detail/arming_check_request__rosidl_typesupport_introspection_cpp.hpp\n'}
[2.899724] (px4_msgs) StdoutLine: {'line': b'-- Up-to-date symlink: /home/maanavjugalshah/SwarmAero/ros2_ws/install/px4_msgs/include/px4_msgs/px4_msgs/msg/detail/autotune_attitude_control_status__rosidl_typesupport_introspection_cpp.hpp\n'}
[2.899817] (px4_msgs) StdoutLine: {'line': b'-- Up-to-date symlink: /home/maanavjugalshah/SwarmAero/ros2_ws/install/px4_msgs/include/px4_msgs/px4_msgs/msg/detail/aux_global_position__rosidl_typesupport_introspection_cpp.hpp\n'}
[2.899985] (px4_msgs) StdoutLine: {'line': b'-- Up-to-date symlink: /home/maanavjugalshah/SwarmAero/ros2_ws/install/px4_msgs/include/px4_msgs/px4_msgs/msg/detail/battery_info__rosidl_typesupport_introspection_cpp.hpp\n'}
[2.900029] (px4_msgs) StdoutLine: {'line': b'-- Up-to-date symlink: /home/maanavjugalshah/SwarmAero/ros2_ws/install/px4_msgs/include/px4_msgs/px4_msgs/msg/detail/battery_status__rosidl_typesupport_introspection_cpp.hpp\n'}
[2.900088] (px4_msgs) StdoutLine: {'line': b'-- Up-to-date symlink: /home/maanavjugalshah/SwarmAero/ros2_ws/install/px4_msgs/include/px4_msgs/px4_msgs/msg/detail/button_event__rosidl_typesupport_introspection_cpp.hpp\n'}
[2.900163] (px4_msgs) StdoutLine: {'line': b'-- Up-to-date symlink: /home/maanavjugalshah/SwarmAero/ros2_ws/install/px4_msgs/include/px4_msgs/px4_msgs/msg/detail/camera_capture__rosidl_typesupport_introspection_cpp.hpp\n'}
[2.900339] (px4_msgs) StdoutLine: {'line': b'-- Up-to-date symlink: /home/maanavjugalshah/SwarmAero/ros2_ws/install/px4_msgs/include/px4_msgs/px4_msgs/msg/detail/camera_status__rosidl_typesupport_introspection_cpp.hpp\n'}
[2.900395] (px4_msgs) StdoutLine: {'line': b'-- Up-to-date symlink: /home/maanavjugalshah/SwarmAero/ros2_ws/install/px4_msgs/include/px4_msgs/px4_msgs/msg/detail/camera_trigger__rosidl_typesupport_introspection_cpp.hpp\n'}
[2.900594] (px4_msgs) StdoutLine: {'line': b'-- Up-to-date symlink: /home/maanavjugalshah/SwarmAero/ros2_ws/install/px4_msgs/include/px4_msgs/px4_msgs/msg/detail/can_interface_status__rosidl_typesupport_introspection_cpp.hpp\n'}
[2.900687] (px4_msgs) StdoutLine: {'line': b'-- Up-to-date symlink: /home/maanavjugalshah/SwarmAero/ros2_ws/install/px4_msgs/include/px4_msgs/px4_msgs/msg/detail/cellular_status__rosidl_typesupport_introspection_cpp.hpp\n'}
[2.901004] (px4_msgs) StdoutLine: {'line': b'-- Up-to-date symlink: /home/maanavjugalshah/SwarmAero/ros2_ws/install/px4_msgs/include/px4_msgs/px4_msgs/msg/detail/collision_constraints__rosidl_typesupport_introspection_cpp.hpp\n'}
[2.901078] (px4_msgs) StdoutLine: {'line': b'-- Up-to-date symlink: /home/maanavjugalshah/SwarmAero/ros2_ws/install/px4_msgs/include/px4_msgs/px4_msgs/msg/detail/config_overrides__rosidl_typesupport_introspection_cpp.hpp\n'}
[2.901182] (px4_msgs) StdoutLine: {'line': b'-- Up-to-date symlink: /home/maanavjugalshah/SwarmAero/ros2_ws/install/px4_msgs/include/px4_msgs/px4_msgs/msg/detail/control_allocator_status__rosidl_typesupport_introspection_cpp.hpp\n'}
[2.901285] (px4_msgs) StdoutLine: {'line': b'-- Up-to-date symlink: /home/maanavjugalshah/SwarmAero/ros2_ws/install/px4_msgs/include/px4_msgs/px4_msgs/msg/detail/cpuload__rosidl_typesupport_introspection_cpp.hpp\n'}
[2.901488] (px4_msgs) StdoutLine: {'line': b'-- Up-to-date symlink: /home/maanavjugalshah/SwarmAero/ros2_ws/install/px4_msgs/include/px4_msgs/px4_msgs/msg/detail/dataman_request__rosidl_typesupport_introspection_cpp.hpp\n'}
[2.901563] (px4_msgs) StdoutLine: {'line': b'-- Up-to-date symlink: /home/maanavjugalshah/SwarmAero/ros2_ws/install/px4_msgs/include/px4_msgs/px4_msgs/msg/detail/dataman_response__rosidl_typesupport_introspection_cpp.hpp\n'}
[2.901875] (px4_msgs) StdoutLine: {'line': b'-- Up-to-date symlink: /home/maanavjugalshah/SwarmAero/ros2_ws/install/px4_msgs/include/px4_msgs/px4_msgs/msg/detail/debug_array__rosidl_typesupport_introspection_cpp.hpp\n'}
[2.902156] (px4_msgs) StdoutLine: {'line': b'-- Up-to-date symlink: /home/maanavjugalshah/SwarmAero/ros2_ws/install/px4_msgs/include/px4_msgs/px4_msgs/msg/detail/debug_key_value__rosidl_typesupport_introspection_cpp.hpp\n'}
[2.902295] (px4_msgs) StdoutLine: {'line': b'-- Up-to-date symlink: /home/maanavjugalshah/SwarmAero/ros2_ws/install/px4_msgs/include/px4_msgs/px4_msgs/msg/detail/debug_value__rosidl_typesupport_introspection_cpp.hpp\n'}
[2.902394] (px4_msgs) StdoutLine: {'line': b'-- Up-to-date symlink: /home/maanavjugalshah/SwarmAero/ros2_ws/install/px4_msgs/include/px4_msgs/px4_msgs/msg/detail/debug_vect__rosidl_typesupport_introspection_cpp.hpp\n'}
[2.902496] (px4_msgs) StdoutLine: {'line': b'-- Up-to-date symlink: /home/maanavjugalshah/SwarmAero/ros2_ws/install/px4_msgs/include/px4_msgs/px4_msgs/msg/detail/device_information__rosidl_typesupport_introspection_cpp.hpp\n'}
[2.902731] (px4_msgs) StdoutLine: {'line': b'-- Up-to-date symlink: /home/maanavjugalshah/SwarmAero/ros2_ws/install/px4_msgs/include/px4_msgs/px4_msgs/msg/detail/differential_pressure__rosidl_typesupport_introspection_cpp.hpp\n'}
[2.902826] (px4_msgs) StdoutLine: {'line': b'-- Up-to-date symlink: /home/maanavjugalshah/SwarmAero/ros2_ws/install/px4_msgs/include/px4_msgs/px4_msgs/msg/detail/distance_sensor__rosidl_typesupport_introspection_cpp.hpp\n'}
[2.903120] (px4_msgs) StdoutLine: {'line': b'-- Up-to-date symlink: /home/maanavjugalshah/SwarmAero/ros2_ws/install/px4_msgs/include/px4_msgs/px4_msgs/msg/detail/distance_sensor_mode_change_request__rosidl_typesupport_introspection_cpp.hpp\n'}
[2.903265] (px4_msgs) StdoutLine: {'line': b'-- Up-to-date symlink: /home/maanavjugalshah/SwarmAero/ros2_ws/install/px4_msgs/include/px4_msgs/px4_msgs/msg/detail/dronecan_node_status__rosidl_typesupport_introspection_cpp.hpp\n'}
[2.903386] (px4_msgs) StdoutLine: {'line': b'-- Up-to-date symlink: /home/maanavjugalshah/SwarmAero/ros2_ws/install/px4_msgs/include/px4_msgs/px4_msgs/msg/detail/ekf2_timestamps__rosidl_typesupport_introspection_cpp.hpp\n'}
[2.903688] (px4_msgs) StdoutLine: {'line': b'-- Up-to-date symlink: /home/maanavjugalshah/SwarmAero/ros2_ws/install/px4_msgs/include/px4_msgs/px4_msgs/msg/detail/esc_eeprom_read__rosidl_typesupport_introspection_cpp.hpp\n'}
[2.903775] (px4_msgs) StdoutLine: {'line': b'-- Up-to-date symlink: /home/maanavjugalshah/SwarmAero/ros2_ws/install/px4_msgs/include/px4_msgs/px4_msgs/msg/detail/esc_eeprom_write__rosidl_typesupport_introspection_cpp.hpp\n'}
[2.903951] (px4_msgs) StdoutLine: {'line': b'-- Up-to-date symlink: /home/maanavjugalshah/SwarmAero/ros2_ws/install/px4_msgs/include/px4_msgs/px4_msgs/msg/detail/esc_report__rosidl_typesupport_introspection_cpp.hpp\n'}
[2.904202] (px4_msgs) StdoutLine: {'line': b'-- Up-to-date symlink: /home/maanavjugalshah/SwarmAero/ros2_ws/install/px4_msgs/include/px4_msgs/px4_msgs/msg/detail/esc_status__rosidl_typesupport_introspection_cpp.hpp\n'}
[2.904275] (px4_msgs) StdoutLine: {'line': b'-- Up-to-date symlink: /home/maanavjugalshah/SwarmAero/ros2_ws/install/px4_msgs/include/px4_msgs/px4_msgs/msg/detail/estimator_aid_source1d__rosidl_typesupport_introspection_cpp.hpp\n'}
[2.904436] (px4_msgs) StdoutLine: {'line': b'-- Up-to-date symlink: /home/maanavjugalshah/SwarmAero/ros2_ws/install/px4_msgs/include/px4_msgs/px4_msgs/msg/detail/estimator_aid_source2d__rosidl_typesupport_introspection_cpp.hpp\n'}
[2.904524] (px4_msgs) StdoutLine: {'line': b'-- Up-to-date symlink: /home/maanavjugalshah/SwarmAero/ros2_ws/install/px4_msgs/include/px4_msgs/px4_msgs/msg/detail/estimator_aid_source3d__rosidl_typesupport_introspection_cpp.hpp\n'}
[2.904739] (px4_msgs) StdoutLine: {'line': b'-- Up-to-date symlink: /home/maanavjugalshah/SwarmAero/ros2_ws/install/px4_msgs/include/px4_msgs/px4_msgs/msg/detail/estimator_bias3d__rosidl_typesupport_introspection_cpp.hpp\n'}
[2.904916] (px4_msgs) StdoutLine: {'line': b'-- Up-to-date symlink: /home/maanavjugalshah/SwarmAero/ros2_ws/install/px4_msgs/include/px4_msgs/px4_msgs/msg/detail/estimator_bias__rosidl_typesupport_introspection_cpp.hpp\n'}
[2.905064] (px4_msgs) StdoutLine: {'line': b'-- Up-to-date symlink: /home/maanavjugalshah/SwarmAero/ros2_ws/install/px4_msgs/include/px4_msgs/px4_msgs/msg/detail/estimator_event_flags__rosidl_typesupport_introspection_cpp.hpp\n'}
[2.905132] (px4_msgs) StdoutLine: {'line': b'-- Up-to-date symlink: /home/maanavjugalshah/SwarmAero/ros2_ws/install/px4_msgs/include/px4_msgs/px4_msgs/msg/detail/estimator_fusion_control__rosidl_typesupport_introspection_cpp.hpp\n'}
[2.905232] (px4_msgs) StdoutLine: {'line': b'-- Up-to-date symlink: /home/maanavjugalshah/SwarmAero/ros2_ws/install/px4_msgs/include/px4_msgs/px4_msgs/msg/detail/estimator_gps_status__rosidl_typesupport_introspection_cpp.hpp\n'}
[2.905464] (px4_msgs) StdoutLine: {'line': b'-- Up-to-date symlink: /home/maanavjugalshah/SwarmAero/ros2_ws/install/px4_msgs/include/px4_msgs/px4_msgs/msg/detail/estimator_innovations__rosidl_typesupport_introspection_cpp.hpp\n'}
[2.905581] (px4_msgs) StdoutLine: {'line': b'-- Up-to-date symlink: /home/maanavjugalshah/SwarmAero/ros2_ws/install/px4_msgs/include/px4_msgs/px4_msgs/msg/detail/estimator_selector_status__rosidl_typesupport_introspection_cpp.hpp\n'}
[2.905757] (px4_msgs) StdoutLine: {'line': b'-- Up-to-date symlink: /home/maanavjugalshah/SwarmAero/ros2_ws/install/px4_msgs/include/px4_msgs/px4_msgs/msg/detail/estimator_sensor_bias__rosidl_typesupport_introspection_cpp.hpp\n'}
[2.905845] (px4_msgs) StdoutLine: {'line': b'-- Up-to-date symlink: /home/maanavjugalshah/SwarmAero/ros2_ws/install/px4_msgs/include/px4_msgs/px4_msgs/msg/detail/estimator_states__rosidl_typesupport_introspection_cpp.hpp\n'}
[2.906186] (px4_msgs) StdoutLine: {'line': b'-- Up-to-date symlink: /home/maanavjugalshah/SwarmAero/ros2_ws/install/px4_msgs/include/px4_msgs/px4_msgs/msg/detail/estimator_status__rosidl_typesupport_introspection_cpp.hpp\n'}
[2.906260] (px4_msgs) StdoutLine: {'line': b'-- Up-to-date symlink: /home/maanavjugalshah/SwarmAero/ros2_ws/install/px4_msgs/include/px4_msgs/px4_msgs/msg/detail/estimator_status_flags__rosidl_typesupport_introspection_cpp.hpp\n'}
[2.906498] (px4_msgs) StdoutLine: {'line': b'-- Up-to-date symlink: /home/maanavjugalshah/SwarmAero/ros2_ws/install/px4_msgs/include/px4_msgs/px4_msgs/msg/detail/event__rosidl_typesupport_introspection_cpp.hpp\n'}
[2.906591] (px4_msgs) StdoutLine: {'line': b'-- Up-to-date symlink: /home/maanavjugalshah/SwarmAero/ros2_ws/install/px4_msgs/include/px4_msgs/px4_msgs/msg/detail/failsafe_flags__rosidl_typesupport_introspection_cpp.hpp\n'}
[2.906781] (px4_msgs) StdoutLine: {'line': b'-- Up-to-date symlink: /home/maanavjugalshah/SwarmAero/ros2_ws/install/px4_msgs/include/px4_msgs/px4_msgs/msg/detail/failure_detector_status__rosidl_typesupport_introspection_cpp.hpp\n'}
[2.906885] (px4_msgs) StdoutLine: {'line': b'-- Up-to-date symlink: /home/maanavjugalshah/SwarmAero/ros2_ws/install/px4_msgs/include/px4_msgs/px4_msgs/msg/detail/figure_eight_status__rosidl_typesupport_introspection_cpp.hpp\n'}
[2.907030] (px4_msgs) StdoutLine: {'line': b'-- Up-to-date symlink: /home/maanavjugalshah/SwarmAero/ros2_ws/install/px4_msgs/include/px4_msgs/px4_msgs/msg/detail/fixed_wing_lateral_guidance_status__rosidl_typesupport_introspection_cpp.hpp\n'}
[2.907150] (px4_msgs) StdoutLine: {'line': b'-- Up-to-date symlink: /home/maanavjugalshah/SwarmAero/ros2_ws/install/px4_msgs/include/px4_msgs/px4_msgs/msg/detail/fixed_wing_lateral_setpoint__rosidl_typesupport_introspection_cpp.hpp\n'}
[2.907303] (px4_msgs) StdoutLine: {'line': b'-- Up-to-date symlink: /home/maanavjugalshah/SwarmAero/ros2_ws/install/px4_msgs/include/px4_msgs/px4_msgs/msg/detail/fixed_wing_lateral_status__rosidl_typesupport_introspection_cpp.hpp\n'}
[2.907492] (px4_msgs) StdoutLine: {'line': b'-- Up-to-date symlink: /home/maanavjugalshah/SwarmAero/ros2_ws/install/px4_msgs/include/px4_msgs/px4_msgs/msg/detail/fixed_wing_longitudinal_setpoint__rosidl_typesupport_introspection_cpp.hpp\n'}
[2.907637] (px4_msgs) StdoutLine: {'line': b'-- Up-to-date symlink: /home/maanavjugalshah/SwarmAero/ros2_ws/install/px4_msgs/include/px4_msgs/px4_msgs/msg/detail/fixed_wing_runway_control__rosidl_typesupport_introspection_cpp.hpp\n'}
[2.907981] (px4_msgs) StdoutLine: {'line': b'-- Up-to-date symlink: /home/maanavjugalshah/SwarmAero/ros2_ws/install/px4_msgs/include/px4_msgs/px4_msgs/msg/detail/flight_phase_estimation__rosidl_typesupport_introspection_cpp.hpp\n'}
[2.908253] (px4_msgs) StdoutLine: {'line': b'-- Up-to-date symlink: /home/maanavjugalshah/SwarmAero/ros2_ws/install/px4_msgs/include/px4_msgs/px4_msgs/msg/detail/follow_target__rosidl_typesupport_introspection_cpp.hpp\n'}
[2.908349] (px4_msgs) StdoutLine: {'line': b'-- Up-to-date symlink: /home/maanavjugalshah/SwarmAero/ros2_ws/install/px4_msgs/include/px4_msgs/px4_msgs/msg/detail/follow_target_estimator__rosidl_typesupport_introspection_cpp.hpp\n'}
[2.908396] (px4_msgs) StdoutLine: {'line': b'-- Up-to-date symlink: /home/maanavjugalshah/SwarmAero/ros2_ws/install/px4_msgs/include/px4_msgs/px4_msgs/msg/detail/follow_target_status__rosidl_typesupport_introspection_cpp.hpp\n'}
[2.908483] (px4_msgs) StdoutLine: {'line': b'-- Up-to-date symlink: /home/maanavjugalshah/SwarmAero/ros2_ws/install/px4_msgs/include/px4_msgs/px4_msgs/msg/detail/fuel_tank_status__rosidl_typesupport_introspection_cpp.hpp\n'}
[2.908568] (px4_msgs) StdoutLine: {'line': b'-- Up-to-date symlink: /home/maanavjugalshah/SwarmAero/ros2_ws/install/px4_msgs/include/px4_msgs/px4_msgs/msg/detail/gain_compression__rosidl_typesupport_introspection_cpp.hpp\n'}
[2.908848] (px4_msgs) StdoutLine: {'line': b'-- Up-to-date symlink: /home/maanavjugalshah/SwarmAero/ros2_ws/install/px4_msgs/include/px4_msgs/px4_msgs/msg/detail/generator_status__rosidl_typesupport_introspection_cpp.hpp\n'}
[2.909156] (px4_msgs) StdoutLine: {'line': b'-- Up-to-date symlink: /home/maanavjugalshah/SwarmAero/ros2_ws/install/px4_msgs/include/px4_msgs/px4_msgs/msg/detail/geofence_result__rosidl_typesupport_introspection_cpp.hpp\n'}
[2.909209] (px4_msgs) StdoutLine: {'line': b'-- Up-to-date symlink: /home/maanavjugalshah/SwarmAero/ros2_ws/install/px4_msgs/include/px4_msgs/px4_msgs/msg/detail/geofence_status__rosidl_typesupport_introspection_cpp.hpp\n'}
[2.909247] (px4_msgs) StdoutLine: {'line': b'-- Up-to-date symlink: /home/maanavjugalshah/SwarmAero/ros2_ws/install/px4_msgs/include/px4_msgs/px4_msgs/msg/detail/gimbal_controls__rosidl_typesupport_introspection_cpp.hpp\n'}
[2.909282] (px4_msgs) StdoutLine: {'line': b'-- Up-to-date symlink: /home/maanavjugalshah/SwarmAero/ros2_ws/install/px4_msgs/include/px4_msgs/px4_msgs/msg/detail/gimbal_device_attitude_status__rosidl_typesupport_introspection_cpp.hpp\n'}
[2.909317] (px4_msgs) StdoutLine: {'line': b'-- Up-to-date symlink: /home/maanavjugalshah/SwarmAero/ros2_ws/install/px4_msgs/include/px4_msgs/px4_msgs/msg/detail/gimbal_device_information__rosidl_typesupport_introspection_cpp.hpp\n'}
[2.909351] (px4_msgs) StdoutLine: {'line': b'-- Up-to-date symlink: /home/maanavjugalshah/SwarmAero/ros2_ws/install/px4_msgs/include/px4_msgs/px4_msgs/msg/detail/gimbal_device_set_attitude__rosidl_typesupport_introspection_cpp.hpp\n'}
[2.909384] (px4_msgs) StdoutLine: {'line': b'-- Up-to-date symlink: /home/maanavjugalshah/SwarmAero/ros2_ws/install/px4_msgs/include/px4_msgs/px4_msgs/msg/detail/gimbal_manager_information__rosidl_typesupport_introspection_cpp.hpp\n'}
[2.909425] (px4_msgs) StdoutLine: {'line': b'-- Up-to-date symlink: /home/maanavjugalshah/SwarmAero/ros2_ws/install/px4_msgs/include/px4_msgs/px4_msgs/msg/detail/gimbal_manager_set_attitude__rosidl_typesupport_introspection_cpp.hpp\n'}
[2.909649] (px4_msgs) StdoutLine: {'line': b'-- Up-to-date symlink: /home/maanavjugalshah/SwarmAero/ros2_ws/install/px4_msgs/include/px4_msgs/px4_msgs/msg/detail/gimbal_manager_set_manual_control__rosidl_typesupport_introspection_cpp.hpp\n'}
[2.909756] (px4_msgs) StdoutLine: {'line': b'-- Up-to-date symlink: /home/maanavjugalshah/SwarmAero/ros2_ws/install/px4_msgs/include/px4_msgs/px4_msgs/msg/detail/gimbal_manager_status__rosidl_typesupport_introspection_cpp.hpp\n'}
[2.909965] (px4_msgs) StdoutLine: {'line': b'-- Up-to-date symlink: /home/maanavjugalshah/SwarmAero/ros2_ws/install/px4_msgs/include/px4_msgs/px4_msgs/msg/detail/goto_setpoint__rosidl_typesupport_introspection_cpp.hpp\n'}
[2.910053] (px4_msgs) StdoutLine: {'line': b'-- Up-to-date symlink: /home/maanavjugalshah/SwarmAero/ros2_ws/install/px4_msgs/include/px4_msgs/px4_msgs/msg/detail/gpio_config__rosidl_typesupport_introspection_cpp.hpp\n'}
[2.910195] (px4_msgs) StdoutLine: {'line': b'-- Up-to-date symlink: /home/maanavjugalshah/SwarmAero/ros2_ws/install/px4_msgs/include/px4_msgs/px4_msgs/msg/detail/gpio_in__rosidl_typesupport_introspection_cpp.hpp\n'}
[2.910243] (px4_msgs) StdoutLine: {'line': b'-- Up-to-date symlink: /home/maanavjugalshah/SwarmAero/ros2_ws/install/px4_msgs/include/px4_msgs/px4_msgs/msg/detail/gpio_out__rosidl_typesupport_introspection_cpp.hpp\n'}
[2.910428] (px4_msgs) StdoutLine: {'line': b'-- Up-to-date symlink: /home/maanavjugalshah/SwarmAero/ros2_ws/install/px4_msgs/include/px4_msgs/px4_msgs/msg/detail/gpio_request__rosidl_typesupport_introspection_cpp.hpp\n'}
[2.910554] (px4_msgs) StdoutLine: {'line': b'-- Up-to-date symlink: /home/maanavjugalshah/SwarmAero/ros2_ws/install/px4_msgs/include/px4_msgs/px4_msgs/msg/detail/gps_dump__rosidl_typesupport_introspection_cpp.hpp\n'}
[2.910670] (px4_msgs) StdoutLine: {'line': b'-- Up-to-date symlink: /home/maanavjugalshah/SwarmAero/ros2_ws/install/px4_msgs/include/px4_msgs/px4_msgs/msg/detail/gps_inject_data__rosidl_typesupport_introspection_cpp.hpp\n'}
[2.910747] (px4_msgs) StdoutLine: {'line': b'-- Up-to-date symlink: /home/maanavjugalshah/SwarmAero/ros2_ws/install/px4_msgs/include/px4_msgs/px4_msgs/msg/detail/gripper__rosidl_typesupport_introspection_cpp.hpp\n'}
[2.910975] (px4_msgs) StdoutLine: {'line': b'-- Up-to-date symlink: /home/maanavjugalshah/SwarmAero/ros2_ws/install/px4_msgs/include/px4_msgs/px4_msgs/msg/detail/health_report__rosidl_typesupport_introspection_cpp.hpp\n'}
[2.911043] (px4_msgs) StdoutLine: {'line': b'-- Up-to-date symlink: /home/maanavjugalshah/SwarmAero/ros2_ws/install/px4_msgs/include/px4_msgs/px4_msgs/msg/detail/heater_status__rosidl_typesupport_introspection_cpp.hpp\n'}
[2.911107] (px4_msgs) StdoutLine: {'line': b'-- Up-to-date symlink: /home/maanavjugalshah/SwarmAero/ros2_ws/install/px4_msgs/include/px4_msgs/px4_msgs/msg/detail/home_position__rosidl_typesupport_introspection_cpp.hpp\n'}
[2.911151] (px4_msgs) StdoutLine: {'line': b'-- Up-to-date symlink: /home/maanavjugalshah/SwarmAero/ros2_ws/install/px4_msgs/include/px4_msgs/px4_msgs/msg/detail/hover_thrust_estimate__rosidl_typesupport_introspection_cpp.hpp\n'}
[2.911398] (px4_msgs) StdoutLine: {'line': b'-- Up-to-date symlink: /home/maanavjugalshah/SwarmAero/ros2_ws/install/px4_msgs/include/px4_msgs/px4_msgs/msg/detail/input_rc__rosidl_typesupport_introspection_cpp.hpp\n'}
[2.911740] (px4_msgs) StdoutLine: {'line': b'-- Up-to-date symlink: /home/maanavjugalshah/SwarmAero/ros2_ws/install/px4_msgs/include/px4_msgs/px4_msgs/msg/detail/internal_combustion_engine_control__rosidl_typesupport_introspection_cpp.hpp\n'}
[2.911896] (px4_msgs) StdoutLine: {'line': b'-- Up-to-date symlink: /home/maanavjugalshah/SwarmAero/ros2_ws/install/px4_msgs/include/px4_msgs/px4_msgs/msg/detail/internal_combustion_engine_status__rosidl_typesupport_introspection_cpp.hpp\n'}
[2.912350] (px4_msgs) StdoutLine: {'line': b'-- Up-to-date symlink: /home/maanavjugalshah/SwarmAero/ros2_ws/install/px4_msgs/include/px4_msgs/px4_msgs/msg/detail/iridiumsbd_status__rosidl_typesupport_introspection_cpp.hpp\n'}
[2.912434] (px4_msgs) StdoutLine: {'line': b'-- Up-to-date symlink: /home/maanavjugalshah/SwarmAero/ros2_ws/install/px4_msgs/include/px4_msgs/px4_msgs/msg/detail/irlock_report__rosidl_typesupport_introspection_cpp.hpp\n'}
[2.912528] (-) TimerEvent: {}
[2.912802] (px4_msgs) StdoutLine: {'line': b'-- Up-to-date symlink: /home/maanavjugalshah/SwarmAero/ros2_ws/install/px4_msgs/include/px4_msgs/px4_msgs/msg/detail/landing_gear__rosidl_typesupport_introspection_cpp.hpp\n'}
[2.912982] (px4_msgs) StdoutLine: {'line': b'-- Up-to-date symlink: /home/maanavjugalshah/SwarmAero/ros2_ws/install/px4_msgs/include/px4_msgs/px4_msgs/msg/detail/landing_gear_wheel__rosidl_typesupport_introspection_cpp.hpp\n'}
[2.913075] (px4_msgs) StdoutLine: {'line': b'-- Up-to-date symlink: /home/maanavjugalshah/SwarmAero/ros2_ws/install/px4_msgs/include/px4_msgs/px4_msgs/msg/detail/landing_target_innovations__rosidl_typesupport_introspection_cpp.hpp\n'}
[2.913180] (px4_msgs) StdoutLine: {'line': b'-- Up-to-date symlink: /home/maanavjugalshah/SwarmAero/ros2_ws/install/px4_msgs/include/px4_msgs/px4_msgs/msg/detail/landing_target_pose__rosidl_typesupport_introspection_cpp.hpp\n'}
[2.913424] (px4_msgs) StdoutLine: {'line': b'-- Up-to-date symlink: /home/maanavjugalshah/SwarmAero/ros2_ws/install/px4_msgs/include/px4_msgs/px4_msgs/msg/detail/lateral_control_configuration__rosidl_typesupport_introspection_cpp.hpp\n'}
[2.913890] (px4_msgs) StdoutLine: {'line': b'-- Up-to-date symlink: /home/maanavjugalshah/SwarmAero/ros2_ws/install/px4_msgs/include/px4_msgs/px4_msgs/msg/detail/launch_detection_status__rosidl_typesupport_introspection_cpp.hpp\n'}
[2.914075] (px4_msgs) StdoutLine: {'line': b'-- Up-to-date symlink: /home/maanavjugalshah/SwarmAero/ros2_ws/install/px4_msgs/include/px4_msgs/px4_msgs/msg/detail/led_control__rosidl_typesupport_introspection_cpp.hpp\n'}
[2.914206] (px4_msgs) StdoutLine: {'line': b'-- Up-to-date symlink: /home/maanavjugalshah/SwarmAero/ros2_ws/install/px4_msgs/include/px4_msgs/px4_msgs/msg/detail/log_message__rosidl_typesupport_introspection_cpp.hpp\n'}
[2.914472] (px4_msgs) StdoutLine: {'line': b'-- Up-to-date symlink: /home/maanavjugalshah/SwarmAero/ros2_ws/install/px4_msgs/include/px4_msgs/px4_msgs/msg/detail/logger_status__rosidl_typesupport_introspection_cpp.hpp\n'}
[2.915165] (px4_msgs) StdoutLine: {'line': b'-- Up-to-date symlink: /home/maanavjugalshah/SwarmAero/ros2_ws/install/px4_msgs/include/px4_msgs/px4_msgs/msg/detail/longitudinal_control_configuration__rosidl_typesupport_introspection_cpp.hpp\n'}
[2.915424] (px4_msgs) StdoutLine: {'line': b'-- Up-to-date symlink: /home/maanavjugalshah/SwarmAero/ros2_ws/install/px4_msgs/include/px4_msgs/px4_msgs/msg/detail/mag_worker_data__rosidl_typesupport_introspection_cpp.hpp\n'}
[2.915664] (px4_msgs) StdoutLine: {'line': b'-- Up-to-date symlink: /home/maanavjugalshah/SwarmAero/ros2_ws/install/px4_msgs/include/px4_msgs/px4_msgs/msg/detail/magnetometer_bias_estimate__rosidl_typesupport_introspection_cpp.hpp\n'}
[2.915791] (px4_msgs) StdoutLine: {'line': b'-- Up-to-date symlink: /home/maanavjugalshah/SwarmAero/ros2_ws/install/px4_msgs/include/px4_msgs/px4_msgs/msg/detail/manual_control_setpoint__rosidl_typesupport_introspection_cpp.hpp\n'}
[2.916164] (px4_msgs) StdoutLine: {'line': b'-- Up-to-date symlink: /home/maanavjugalshah/SwarmAero/ros2_ws/install/px4_msgs/include/px4_msgs/px4_msgs/msg/detail/manual_control_switches__rosidl_typesupport_introspection_cpp.hpp\n'}
[2.916522] (px4_msgs) StdoutLine: {'line': b'-- Up-to-date symlink: /home/maanavjugalshah/SwarmAero/ros2_ws/install/px4_msgs/include/px4_msgs/px4_msgs/msg/detail/mavlink_log__rosidl_typesupport_introspection_cpp.hpp\n'}
[2.916602] (px4_msgs) StdoutLine: {'line': b'-- Up-to-date symlink: /home/maanavjugalshah/SwarmAero/ros2_ws/install/px4_msgs/include/px4_msgs/px4_msgs/msg/detail/mavlink_tunnel__rosidl_typesupport_introspection_cpp.hpp\n'}
[2.916672] (px4_msgs) StdoutLine: {'line': b'-- Up-to-date symlink: /home/maanavjugalshah/SwarmAero/ros2_ws/install/px4_msgs/include/px4_msgs/px4_msgs/msg/detail/message_format_request__rosidl_typesupport_introspection_cpp.hpp\n'}
[2.917056] (px4_msgs) StdoutLine: {'line': b'-- Up-to-date symlink: /home/maanavjugalshah/SwarmAero/ros2_ws/install/px4_msgs/include/px4_msgs/px4_msgs/msg/detail/message_format_response__rosidl_typesupport_introspection_cpp.hpp\n'}
[2.917171] (px4_msgs) StdoutLine: {'line': b'-- Up-to-date symlink: /home/maanavjugalshah/SwarmAero/ros2_ws/install/px4_msgs/include/px4_msgs/px4_msgs/msg/detail/mission__rosidl_typesupport_introspection_cpp.hpp\n'}
[2.917418] (px4_msgs) StdoutLine: {'line': b'-- Up-to-date symlink: /home/maanavjugalshah/SwarmAero/ros2_ws/install/px4_msgs/include/px4_msgs/px4_msgs/msg/detail/mission_result__rosidl_typesupport_introspection_cpp.hpp\n'}
[2.917469] (px4_msgs) StdoutLine: {'line': b'-- Up-to-date symlink: /home/maanavjugalshah/SwarmAero/ros2_ws/install/px4_msgs/include/px4_msgs/px4_msgs/msg/detail/mode_completed__rosidl_typesupport_introspection_cpp.hpp\n'}
[2.917509] (px4_msgs) StdoutLine: {'line': b'-- Up-to-date symlink: /home/maanavjugalshah/SwarmAero/ros2_ws/install/px4_msgs/include/px4_msgs/px4_msgs/msg/detail/mount_orientation__rosidl_typesupport_introspection_cpp.hpp\n'}
[2.917569] (px4_msgs) StdoutLine: {'line': b'-- Up-to-date symlink: /home/maanavjugalshah/SwarmAero/ros2_ws/install/px4_msgs/include/px4_msgs/px4_msgs/msg/detail/navigator_mission_item__rosidl_typesupport_introspection_cpp.hpp\n'}
[2.917662] (px4_msgs) StdoutLine: {'line': b'-- Up-to-date symlink: /home/maanavjugalshah/SwarmAero/ros2_ws/install/px4_msgs/include/px4_msgs/px4_msgs/msg/detail/navigator_status__rosidl_typesupport_introspection_cpp.hpp\n'}
[2.917754] (px4_msgs) StdoutLine: {'line': b'-- Up-to-date symlink: /home/maanavjugalshah/SwarmAero/ros2_ws/install/px4_msgs/include/px4_msgs/px4_msgs/msg/detail/neural_control__rosidl_typesupport_introspection_cpp.hpp\n'}
[2.917839] (px4_msgs) StdoutLine: {'line': b'-- Up-to-date symlink: /home/maanavjugalshah/SwarmAero/ros2_ws/install/px4_msgs/include/px4_msgs/px4_msgs/msg/detail/normalized_unsigned_setpoint__rosidl_typesupport_introspection_cpp.hpp\n'}
[2.918159] (px4_msgs) StdoutLine: {'line': b'-- Up-to-date symlink: /home/maanavjugalshah/SwarmAero/ros2_ws/install/px4_msgs/include/px4_msgs/px4_msgs/msg/detail/obstacle_distance__rosidl_typesupport_introspection_cpp.hpp\n'}
[2.918217] (px4_msgs) StdoutLine: {'line': b'-- Up-to-date symlink: /home/maanavjugalshah/SwarmAero/ros2_ws/install/px4_msgs/include/px4_msgs/px4_msgs/msg/detail/offboard_control_mode__rosidl_typesupport_introspection_cpp.hpp\n'}
[2.918361] (px4_msgs) StdoutLine: {'line': b'-- Up-to-date symlink: /home/maanavjugalshah/SwarmAero/ros2_ws/install/px4_msgs/include/px4_msgs/px4_msgs/msg/detail/onboard_computer_status__rosidl_typesupport_introspection_cpp.hpp\n'}
[2.918406] (px4_msgs) StdoutLine: {'line': b'-- Up-to-date symlink: /home/maanavjugalshah/SwarmAero/ros2_ws/install/px4_msgs/include/px4_msgs/px4_msgs/msg/detail/open_drone_id_arm_status__rosidl_typesupport_introspection_cpp.hpp\n'}
[2.918567] (px4_msgs) StdoutLine: {'line': b'-- Up-to-date symlink: /home/maanavjugalshah/SwarmAero/ros2_ws/install/px4_msgs/include/px4_msgs/px4_msgs/msg/detail/open_drone_id_operator_id__rosidl_typesupport_introspection_cpp.hpp\n'}
[2.918667] (px4_msgs) StdoutLine: {'line': b'-- Up-to-date symlink: /home/maanavjugalshah/SwarmAero/ros2_ws/install/px4_msgs/include/px4_msgs/px4_msgs/msg/detail/open_drone_id_self_id__rosidl_typesupport_introspection_cpp.hpp\n'}
[2.918830] (px4_msgs) StdoutLine: {'line': b'-- Up-to-date symlink: /home/maanavjugalshah/SwarmAero/ros2_ws/install/px4_msgs/include/px4_msgs/px4_msgs/msg/detail/open_drone_id_system__rosidl_typesupport_introspection_cpp.hpp\n'}
[2.918922] (px4_msgs) StdoutLine: {'line': b'-- Up-to-date symlink: /home/maanavjugalshah/SwarmAero/ros2_ws/install/px4_msgs/include/px4_msgs/px4_msgs/msg/detail/orb_test__rosidl_typesupport_introspection_cpp.hpp\n'}
[2.919211] (px4_msgs) StdoutLine: {'line': b'-- Up-to-date symlink: /home/maanavjugalshah/SwarmAero/ros2_ws/install/px4_msgs/include/px4_msgs/px4_msgs/msg/detail/orb_test_large__rosidl_typesupport_introspection_cpp.hpp\n'}
[2.919276] (px4_msgs) StdoutLine: {'line': b'-- Up-to-date symlink: /home/maanavjugalshah/SwarmAero/ros2_ws/install/px4_msgs/include/px4_msgs/px4_msgs/msg/detail/orb_test_medium__rosidl_typesupport_introspection_cpp.hpp\n'}
[2.919374] (px4_msgs) StdoutLine: {'line': b'-- Up-to-date symlink: /home/maanavjugalshah/SwarmAero/ros2_ws/install/px4_msgs/include/px4_msgs/px4_msgs/msg/detail/orbit_status__rosidl_typesupport_introspection_cpp.hpp\n'}
[2.919504] (px4_msgs) StdoutLine: {'line': b'-- Up-to-date symlink: /home/maanavjugalshah/SwarmAero/ros2_ws/install/px4_msgs/include/px4_msgs/px4_msgs/msg/detail/parameter_reset_request__rosidl_typesupport_introspection_cpp.hpp\n'}
[2.919604] (px4_msgs) StdoutLine: {'line': b'-- Up-to-date symlink: /home/maanavjugalshah/SwarmAero/ros2_ws/install/px4_msgs/include/px4_msgs/px4_msgs/msg/detail/parameter_set_used_request__rosidl_typesupport_introspection_cpp.hpp\n'}
[2.919793] (px4_msgs) StdoutLine: {'line': b'-- Up-to-date symlink: /home/maanavjugalshah/SwarmAero/ros2_ws/install/px4_msgs/include/px4_msgs/px4_msgs/msg/detail/parameter_set_value_request__rosidl_typesupport_introspection_cpp.hpp\n'}
[2.919842] (px4_msgs) StdoutLine: {'line': b'-- Up-to-date symlink: /home/maanavjugalshah/SwarmAero/ros2_ws/install/px4_msgs/include/px4_msgs/px4_msgs/msg/detail/parameter_set_value_response__rosidl_typesupport_introspection_cpp.hpp\n'}
[2.919881] (px4_msgs) StdoutLine: {'line': b'-- Up-to-date symlink: /home/maanavjugalshah/SwarmAero/ros2_ws/install/px4_msgs/include/px4_msgs/px4_msgs/msg/detail/parameter_update__rosidl_typesupport_introspection_cpp.hpp\n'}
[2.920089] (px4_msgs) StdoutLine: {'line': b'-- Up-to-date symlink: /home/maanavjugalshah/SwarmAero/ros2_ws/install/px4_msgs/include/px4_msgs/px4_msgs/msg/detail/ping__rosidl_typesupport_introspection_cpp.hpp\n'}
[2.920136] (px4_msgs) StdoutLine: {'line': b'-- Up-to-date symlink: /home/maanavjugalshah/SwarmAero/ros2_ws/install/px4_msgs/include/px4_msgs/px4_msgs/msg/detail/position_controller_landing_status__rosidl_typesupport_introspection_cpp.hpp\n'}
[2.920245] (px4_msgs) StdoutLine: {'line': b'-- Up-to-date symlink: /home/maanavjugalshah/SwarmAero/ros2_ws/install/px4_msgs/include/px4_msgs/px4_msgs/msg/detail/position_controller_status__rosidl_typesupport_introspection_cpp.hpp\n'}
[2.920472] (px4_msgs) StdoutLine: {'line': b'-- Up-to-date symlink: /home/maanavjugalshah/SwarmAero/ros2_ws/install/px4_msgs/include/px4_msgs/px4_msgs/msg/detail/position_setpoint__rosidl_typesupport_introspection_cpp.hpp\n'}
[2.920547] (px4_msgs) StdoutLine: {'line': b'-- Up-to-date symlink: /home/maanavjugalshah/SwarmAero/ros2_ws/install/px4_msgs/include/px4_msgs/px4_msgs/msg/detail/position_setpoint_triplet__rosidl_typesupport_introspection_cpp.hpp\n'}
[2.920646] (px4_msgs) StdoutLine: {'line': b'-- Up-to-date symlink: /home/maanavjugalshah/SwarmAero/ros2_ws/install/px4_msgs/include/px4_msgs/px4_msgs/msg/detail/power_button_state__rosidl_typesupport_introspection_cpp.hpp\n'}
[2.920720] (px4_msgs) StdoutLine: {'line': b'-- Up-to-date symlink: /home/maanavjugalshah/SwarmAero/ros2_ws/install/px4_msgs/include/px4_msgs/px4_msgs/msg/detail/power_monitor__rosidl_typesupport_introspection_cpp.hpp\n'}
[2.920764] (px4_msgs) StdoutLine: {'line': b'-- Up-to-date symlink: /home/maanavjugalshah/SwarmAero/ros2_ws/install/px4_msgs/include/px4_msgs/px4_msgs/msg/detail/pps_capture__rosidl_typesupport_introspection_cpp.hpp\n'}
[2.920840] (px4_msgs) StdoutLine: {'line': b'-- Up-to-date symlink: /home/maanavjugalshah/SwarmAero/ros2_ws/install/px4_msgs/include/px4_msgs/px4_msgs/msg/detail/pure_pursuit_status__rosidl_typesupport_introspection_cpp.hpp\n'}
[2.920948] (px4_msgs) StdoutLine: {'line': b'-- Up-to-date symlink: /home/maanavjugalshah/SwarmAero/ros2_ws/install/px4_msgs/include/px4_msgs/px4_msgs/msg/detail/pwm_input__rosidl_typesupport_introspection_cpp.hpp\n'}
[2.921361] (px4_msgs) StdoutLine: {'line': b'-- Up-to-date symlink: /home/maanavjugalshah/SwarmAero/ros2_ws/install/px4_msgs/include/px4_msgs/px4_msgs/msg/detail/px4io_status__rosidl_typesupport_introspection_cpp.hpp\n'}
[2.921808] (px4_msgs) StdoutLine: {'line': b'-- Up-to-date symlink: /home/maanavjugalshah/SwarmAero/ros2_ws/install/px4_msgs/include/px4_msgs/px4_msgs/msg/detail/qshell_req__rosidl_typesupport_introspection_cpp.hpp\n'}
[2.921997] (px4_msgs) StdoutLine: {'line': b'-- Up-to-date symlink: /home/maanavjugalshah/SwarmAero/ros2_ws/install/px4_msgs/include/px4_msgs/px4_msgs/msg/detail/qshell_retval__rosidl_typesupport_introspection_cpp.hpp\n'}
[2.922047] (px4_msgs) StdoutLine: {'line': b'-- Up-to-date symlink: /home/maanavjugalshah/SwarmAero/ros2_ws/install/px4_msgs/include/px4_msgs/px4_msgs/msg/detail/radio_status__rosidl_typesupport_introspection_cpp.hpp\n'}
[2.922083] (px4_msgs) StdoutLine: {'line': b'-- Up-to-date symlink: /home/maanavjugalshah/SwarmAero/ros2_ws/install/px4_msgs/include/px4_msgs/px4_msgs/msg/detail/ranging_beacon__rosidl_typesupport_introspection_cpp.hpp\n'}
[2.922183] (px4_msgs) StdoutLine: {'line': b'-- Up-to-date symlink: /home/maanavjugalshah/SwarmAero/ros2_ws/install/px4_msgs/include/px4_msgs/px4_msgs/msg/detail/raptor_input__rosidl_typesupport_introspection_cpp.hpp\n'}
[2.922281] (px4_msgs) StdoutLine: {'line': b'-- Up-to-date symlink: /home/maanavjugalshah/SwarmAero/ros2_ws/install/px4_msgs/include/px4_msgs/px4_msgs/msg/detail/raptor_status__rosidl_typesupport_introspection_cpp.hpp\n'}
[2.922428] (px4_msgs) StdoutLine: {'line': b'-- Up-to-date symlink: /home/maanavjugalshah/SwarmAero/ros2_ws/install/px4_msgs/include/px4_msgs/px4_msgs/msg/detail/rate_ctrl_status__rosidl_typesupport_introspection_cpp.hpp\n'}
[2.922767] (px4_msgs) StdoutLine: {'line': b'-- Up-to-date symlink: /home/maanavjugalshah/SwarmAero/ros2_ws/install/px4_msgs/include/px4_msgs/px4_msgs/msg/detail/rc_channels__rosidl_typesupport_introspection_cpp.hpp\n'}
[2.922897] (px4_msgs) StdoutLine: {'line': b'-- Up-to-date symlink: /home/maanavjugalshah/SwarmAero/ros2_ws/install/px4_msgs/include/px4_msgs/px4_msgs/msg/detail/rc_parameter_map__rosidl_typesupport_introspection_cpp.hpp\n'}
[2.923044] (px4_msgs) StdoutLine: {'line': b'-- Up-to-date symlink: /home/maanavjugalshah/SwarmAero/ros2_ws/install/px4_msgs/include/px4_msgs/px4_msgs/msg/detail/register_ext_component_reply__rosidl_typesupport_introspection_cpp.hpp\n'}
[2.923220] (px4_msgs) StdoutLine: {'line': b'-- Up-to-date symlink: /home/maanavjugalshah/SwarmAero/ros2_ws/install/px4_msgs/include/px4_msgs/px4_msgs/msg/detail/register_ext_component_request__rosidl_typesupport_introspection_cpp.hpp\n'}
[2.923285] (px4_msgs) StdoutLine: {'line': b'-- Up-to-date symlink: /home/maanavjugalshah/SwarmAero/ros2_ws/install/px4_msgs/include/px4_msgs/px4_msgs/msg/detail/rover_attitude_setpoint__rosidl_typesupport_introspection_cpp.hpp\n'}
[2.923410] (px4_msgs) StdoutLine: {'line': b'-- Up-to-date symlink: /home/maanavjugalshah/SwarmAero/ros2_ws/install/px4_msgs/include/px4_msgs/px4_msgs/msg/detail/rover_attitude_status__rosidl_typesupport_introspection_cpp.hpp\n'}
[2.923666] (px4_msgs) StdoutLine: {'line': b'-- Up-to-date symlink: /home/maanavjugalshah/SwarmAero/ros2_ws/install/px4_msgs/include/px4_msgs/px4_msgs/msg/detail/rover_position_setpoint__rosidl_typesupport_introspection_cpp.hpp\n'}
[2.923883] (px4_msgs) StdoutLine: {'line': b'-- Up-to-date symlink: /home/maanavjugalshah/SwarmAero/ros2_ws/install/px4_msgs/include/px4_msgs/px4_msgs/msg/detail/rover_rate_setpoint__rosidl_typesupport_introspection_cpp.hpp\n'}
[2.924243] (px4_msgs) StdoutLine: {'line': b'-- Up-to-date symlink: /home/maanavjugalshah/SwarmAero/ros2_ws/install/px4_msgs/include/px4_msgs/px4_msgs/msg/detail/rover_rate_status__rosidl_typesupport_introspection_cpp.hpp\n'}
[2.924373] (px4_msgs) StdoutLine: {'line': b'-- Up-to-date symlink: /home/maanavjugalshah/SwarmAero/ros2_ws/install/px4_msgs/include/px4_msgs/px4_msgs/msg/detail/rover_speed_setpoint__rosidl_typesupport_introspection_cpp.hpp\n'}
[2.924446] (px4_msgs) StdoutLine: {'line': b'-- Up-to-date symlink: /home/maanavjugalshah/SwarmAero/ros2_ws/install/px4_msgs/include/px4_msgs/px4_msgs/msg/detail/rover_speed_status__rosidl_typesupport_introspection_cpp.hpp\n'}
[2.924938] (px4_msgs) StdoutLine: {'line': b'-- Up-to-date symlink: /home/maanavjugalshah/SwarmAero/ros2_ws/install/px4_msgs/include/px4_msgs/px4_msgs/msg/detail/rover_steering_setpoint__rosidl_typesupport_introspection_cpp.hpp\n'}
[2.925119] (px4_msgs) StdoutLine: {'line': b'-- Up-to-date symlink: /home/maanavjugalshah/SwarmAero/ros2_ws/install/px4_msgs/include/px4_msgs/px4_msgs/msg/detail/rover_throttle_setpoint__rosidl_typesupport_introspection_cpp.hpp\n'}
[2.925771] (px4_msgs) StdoutLine: {'line': b'-- Up-to-date symlink: /home/maanavjugalshah/SwarmAero/ros2_ws/install/px4_msgs/include/px4_msgs/px4_msgs/msg/detail/rpm__rosidl_typesupport_introspection_cpp.hpp\n'}
[2.925901] (px4_msgs) StdoutLine: {'line': b'-- Up-to-date symlink: /home/maanavjugalshah/SwarmAero/ros2_ws/install/px4_msgs/include/px4_msgs/px4_msgs/msg/detail/rtl_status__rosidl_typesupport_introspection_cpp.hpp\n'}
[2.925986] (px4_msgs) StdoutLine: {'line': b'-- Up-to-date symlink: /home/maanavjugalshah/SwarmAero/ros2_ws/install/px4_msgs/include/px4_msgs/px4_msgs/msg/detail/rtl_time_estimate__rosidl_typesupport_introspection_cpp.hpp\n'}
[2.926188] (px4_msgs) StdoutLine: {'line': b'-- Up-to-date symlink: /home/maanavjugalshah/SwarmAero/ros2_ws/install/px4_msgs/include/px4_msgs/px4_msgs/msg/detail/satellite_info__rosidl_typesupport_introspection_cpp.hpp\n'}
[2.926341] (px4_msgs) StdoutLine: {'line': b'-- Up-to-date symlink: /home/maanavjugalshah/SwarmAero/ros2_ws/install/px4_msgs/include/px4_msgs/px4_msgs/msg/detail/sensor_accel__rosidl_typesupport_introspection_cpp.hpp\n'}
[2.926443] (px4_msgs) StdoutLine: {'line': b'-- Up-to-date symlink: /home/maanavjugalshah/SwarmAero/ros2_ws/install/px4_msgs/include/px4_msgs/px4_msgs/msg/detail/sensor_accel_fifo__rosidl_typesupport_introspection_cpp.hpp\n'}
[2.926556] (px4_msgs) StdoutLine: {'line': b'-- Up-to-date symlink: /home/maanavjugalshah/SwarmAero/ros2_ws/install/px4_msgs/include/px4_msgs/px4_msgs/msg/detail/sensor_airflow__rosidl_typesupport_introspection_cpp.hpp\n'}
[2.926746] (px4_msgs) StdoutLine: {'line': b'-- Up-to-date symlink: /home/maanavjugalshah/SwarmAero/ros2_ws/install/px4_msgs/include/px4_msgs/px4_msgs/msg/detail/sensor_baro__rosidl_typesupport_introspection_cpp.hpp\n'}
[2.926840] (px4_msgs) StdoutLine: {'line': b'-- Up-to-date symlink: /home/maanavjugalshah/SwarmAero/ros2_ws/install/px4_msgs/include/px4_msgs/px4_msgs/msg/detail/sensor_combined__rosidl_typesupport_introspection_cpp.hpp\n'}
[2.927014] (px4_msgs) StdoutLine: {'line': b'-- Up-to-date symlink: /home/maanavjugalshah/SwarmAero/ros2_ws/install/px4_msgs/include/px4_msgs/px4_msgs/msg/detail/sensor_correction__rosidl_typesupport_introspection_cpp.hpp\n'}
[2.927186] (px4_msgs) StdoutLine: {'line': b'-- Up-to-date symlink: /home/maanavjugalshah/SwarmAero/ros2_ws/install/px4_msgs/include/px4_msgs/px4_msgs/msg/detail/sensor_gnss_relative__rosidl_typesupport_introspection_cpp.hpp\n'}
[2.927304] (px4_msgs) StdoutLine: {'line': b'-- Up-to-date symlink: /home/maanavjugalshah/SwarmAero/ros2_ws/install/px4_msgs/include/px4_msgs/px4_msgs/msg/detail/sensor_gnss_status__rosidl_typesupport_introspection_cpp.hpp\n'}
[2.927423] (px4_msgs) StdoutLine: {'line': b'-- Up-to-date symlink: /home/maanavjugalshah/SwarmAero/ros2_ws/install/px4_msgs/include/px4_msgs/px4_msgs/msg/detail/sensor_gps__rosidl_typesupport_introspection_cpp.hpp\n'}
[2.927524] (px4_msgs) StdoutLine: {'line': b'-- Up-to-date symlink: /home/maanavjugalshah/SwarmAero/ros2_ws/install/px4_msgs/include/px4_msgs/px4_msgs/msg/detail/sensor_gyro__rosidl_typesupport_introspection_cpp.hpp\n'}
[2.927625] (px4_msgs) StdoutLine: {'line': b'-- Up-to-date symlink: /home/maanavjugalshah/SwarmAero/ros2_ws/install/px4_msgs/include/px4_msgs/px4_msgs/msg/detail/sensor_gyro_fft__rosidl_typesupport_introspection_cpp.hpp\n'}
[2.927793] (px4_msgs) StdoutLine: {'line': b'-- Up-to-date symlink: /home/maanavjugalshah/SwarmAero/ros2_ws/install/px4_msgs/include/px4_msgs/px4_msgs/msg/detail/sensor_gyro_fifo__rosidl_typesupport_introspection_cpp.hpp\n'}
[2.928033] (px4_msgs) StdoutLine: {'line': b'-- Up-to-date symlink: /home/maanavjugalshah/SwarmAero/ros2_ws/install/px4_msgs/include/px4_msgs/px4_msgs/msg/detail/sensor_hygrometer__rosidl_typesupport_introspection_cpp.hpp\n'}
[2.928172] (px4_msgs) StdoutLine: {'line': b'-- Up-to-date symlink: /home/maanavjugalshah/SwarmAero/ros2_ws/install/px4_msgs/include/px4_msgs/px4_msgs/msg/detail/sensor_mag__rosidl_typesupport_introspection_cpp.hpp\n'}
[2.928232] (px4_msgs) StdoutLine: {'line': b'-- Up-to-date symlink: /home/maanavjugalshah/SwarmAero/ros2_ws/install/px4_msgs/include/px4_msgs/px4_msgs/msg/detail/sensor_optical_flow__rosidl_typesupport_introspection_cpp.hpp\n'}
[2.928336] (px4_msgs) StdoutLine: {'line': b'-- Up-to-date symlink: /home/maanavjugalshah/SwarmAero/ros2_ws/install/px4_msgs/include/px4_msgs/px4_msgs/msg/detail/sensor_preflight_mag__rosidl_typesupport_introspection_cpp.hpp\n'}
[2.928421] (px4_msgs) StdoutLine: {'line': b'-- Up-to-date symlink: /home/maanavjugalshah/SwarmAero/ros2_ws/install/px4_msgs/include/px4_msgs/px4_msgs/msg/detail/sensor_selection__rosidl_typesupport_introspection_cpp.hpp\n'}
[2.928659] (px4_msgs) StdoutLine: {'line': b'-- Up-to-date symlink: /home/maanavjugalshah/SwarmAero/ros2_ws/install/px4_msgs/include/px4_msgs/px4_msgs/msg/detail/sensor_temp__rosidl_typesupport_introspection_cpp.hpp\n'}
[2.928901] (px4_msgs) StdoutLine: {'line': b'-- Up-to-date symlink: /home/maanavjugalshah/SwarmAero/ros2_ws/install/px4_msgs/include/px4_msgs/px4_msgs/msg/detail/sensor_uwb__rosidl_typesupport_introspection_cpp.hpp\n'}
[2.929169] (px4_msgs) StdoutLine: {'line': b'-- Up-to-date symlink: /home/maanavjugalshah/SwarmAero/ros2_ws/install/px4_msgs/include/px4_msgs/px4_msgs/msg/detail/sensors_status__rosidl_typesupport_introspection_cpp.hpp\n'}
[2.929489] (px4_msgs) StdoutLine: {'line': b'-- Up-to-date symlink: /home/maanavjugalshah/SwarmAero/ros2_ws/install/px4_msgs/include/px4_msgs/px4_msgs/msg/detail/sensors_status_imu__rosidl_typesupport_introspection_cpp.hpp\n'}
[2.929553] (px4_msgs) StdoutLine: {'line': b'-- Up-to-date symlink: /home/maanavjugalshah/SwarmAero/ros2_ws/install/px4_msgs/include/px4_msgs/px4_msgs/msg/detail/system_power__rosidl_typesupport_introspection_cpp.hpp\n'}
[2.929652] (px4_msgs) StdoutLine: {'line': b'-- Up-to-date symlink: /home/maanavjugalshah/SwarmAero/ros2_ws/install/px4_msgs/include/px4_msgs/px4_msgs/msg/detail/takeoff_status__rosidl_typesupport_introspection_cpp.hpp\n'}
[2.929875] (px4_msgs) StdoutLine: {'line': b'-- Up-to-date symlink: /home/maanavjugalshah/SwarmAero/ros2_ws/install/px4_msgs/include/px4_msgs/px4_msgs/msg/detail/task_stack_info__rosidl_typesupport_introspection_cpp.hpp\n'}
[2.929995] (px4_msgs) StdoutLine: {'line': b'-- Up-to-date symlink: /home/maanavjugalshah/SwarmAero/ros2_ws/install/px4_msgs/include/px4_msgs/px4_msgs/msg/detail/tecs_status__rosidl_typesupport_introspection_cpp.hpp\n'}
[2.930201] (px4_msgs) StdoutLine: {'line': b'-- Up-to-date symlink: /home/maanavjugalshah/SwarmAero/ros2_ws/install/px4_msgs/include/px4_msgs/px4_msgs/msg/detail/telemetry_status__rosidl_typesupport_introspection_cpp.hpp\n'}
[2.930389] (px4_msgs) StdoutLine: {'line': b'-- Up-to-date symlink: /home/maanavjugalshah/SwarmAero/ros2_ws/install/px4_msgs/include/px4_msgs/px4_msgs/msg/detail/tiltrotor_extra_controls__rosidl_typesupport_introspection_cpp.hpp\n'}
[2.930506] (px4_msgs) StdoutLine: {'line': b'-- Up-to-date symlink: /home/maanavjugalshah/SwarmAero/ros2_ws/install/px4_msgs/include/px4_msgs/px4_msgs/msg/detail/timesync_status__rosidl_typesupport_introspection_cpp.hpp\n'}
[2.930714] (px4_msgs) StdoutLine: {'line': b'-- Up-to-date symlink: /home/maanavjugalshah/SwarmAero/ros2_ws/install/px4_msgs/include/px4_msgs/px4_msgs/msg/detail/trajectory_setpoint6dof__rosidl_typesupport_introspection_cpp.hpp\n'}
[2.930827] (px4_msgs) StdoutLine: {'line': b'-- Up-to-date symlink: /home/maanavjugalshah/SwarmAero/ros2_ws/install/px4_msgs/include/px4_msgs/px4_msgs/msg/detail/trajectory_setpoint__rosidl_typesupport_introspection_cpp.hpp\n'}
[2.930877] (px4_msgs) StdoutLine: {'line': b'-- Up-to-date symlink: /home/maanavjugalshah/SwarmAero/ros2_ws/install/px4_msgs/include/px4_msgs/px4_msgs/msg/detail/transponder_report__rosidl_typesupport_introspection_cpp.hpp\n'}
[2.931031] (px4_msgs) StdoutLine: {'line': b'-- Up-to-date symlink: /home/maanavjugalshah/SwarmAero/ros2_ws/install/px4_msgs/include/px4_msgs/px4_msgs/msg/detail/tune_control__rosidl_typesupport_introspection_cpp.hpp\n'}
[2.931164] (px4_msgs) StdoutLine: {'line': b'-- Up-to-date symlink: /home/maanavjugalshah/SwarmAero/ros2_ws/install/px4_msgs/include/px4_msgs/px4_msgs/msg/detail/uavcan_parameter_request__rosidl_typesupport_introspection_cpp.hpp\n'}
[2.931251] (px4_msgs) StdoutLine: {'line': b'-- Up-to-date symlink: /home/maanavjugalshah/SwarmAero/ros2_ws/install/px4_msgs/include/px4_msgs/px4_msgs/msg/detail/uavcan_parameter_value__rosidl_typesupport_introspection_cpp.hpp\n'}
[2.931368] (px4_msgs) StdoutLine: {'line': b'-- Up-to-date symlink: /home/maanavjugalshah/SwarmAero/ros2_ws/install/px4_msgs/include/px4_msgs/px4_msgs/msg/detail/ulog_stream__rosidl_typesupport_introspection_cpp.hpp\n'}
[2.931828] (px4_msgs) StdoutLine: {'line': b'-- Up-to-date symlink: /home/maanavjugalshah/SwarmAero/ros2_ws/install/px4_msgs/include/px4_msgs/px4_msgs/msg/detail/ulog_stream_ack__rosidl_typesupport_introspection_cpp.hpp\n'}
[2.932044] (px4_msgs) StdoutLine: {'line': b'-- Up-to-date symlink: /home/maanavjugalshah/SwarmAero/ros2_ws/install/px4_msgs/include/px4_msgs/px4_msgs/msg/detail/unregister_ext_component__rosidl_typesupport_introspection_cpp.hpp\n'}
[2.932137] (px4_msgs) StdoutLine: {'line': b'-- Up-to-date symlink: /home/maanavjugalshah/SwarmAero/ros2_ws/install/px4_msgs/include/px4_msgs/px4_msgs/msg/detail/vehicle_acceleration__rosidl_typesupport_introspection_cpp.hpp\n'}
[2.932225] (px4_msgs) StdoutLine: {'line': b'-- Up-to-date symlink: /home/maanavjugalshah/SwarmAero/ros2_ws/install/px4_msgs/include/px4_msgs/px4_msgs/msg/detail/vehicle_air_data__rosidl_typesupport_introspection_cpp.hpp\n'}
[2.932314] (px4_msgs) StdoutLine: {'line': b'-- Up-to-date symlink: /home/maanavjugalshah/SwarmAero/ros2_ws/install/px4_msgs/include/px4_msgs/px4_msgs/msg/detail/vehicle_angular_acceleration_setpoint__rosidl_typesupport_introspection_cpp.hpp\n'}
[2.933005] (px4_msgs) StdoutLine: {'line': b'-- Up-to-date symlink: /home/maanavjugalshah/SwarmAero/ros2_ws/install/px4_msgs/include/px4_msgs/px4_msgs/msg/detail/vehicle_angular_velocity__rosidl_typesupport_introspection_cpp.hpp\n'}
[2.933362] (px4_msgs) StdoutLine: {'line': b'-- Up-to-date symlink: /home/maanavjugalshah/SwarmAero/ros2_ws/install/px4_msgs/include/px4_msgs/px4_msgs/msg/detail/vehicle_attitude__rosidl_typesupport_introspection_cpp.hpp\n'}
[2.933802] (px4_msgs) StdoutLine: {'line': b'-- Up-to-date symlink: /home/maanavjugalshah/SwarmAero/ros2_ws/install/px4_msgs/include/px4_msgs/px4_msgs/msg/detail/vehicle_attitude_setpoint__rosidl_typesupport_introspection_cpp.hpp\n'}
[2.933861] (px4_msgs) StdoutLine: {'line': b'-- Up-to-date symlink: /home/maanavjugalshah/SwarmAero/ros2_ws/install/px4_msgs/include/px4_msgs/px4_msgs/msg/detail/vehicle_command__rosidl_typesupport_introspection_cpp.hpp\n'}
[2.933901] (px4_msgs) StdoutLine: {'line': b'-- Up-to-date symlink: /home/maanavjugalshah/SwarmAero/ros2_ws/install/px4_msgs/include/px4_msgs/px4_msgs/msg/detail/vehicle_command_ack__rosidl_typesupport_introspection_cpp.hpp\n'}
[2.933939] (px4_msgs) StdoutLine: {'line': b'-- Up-to-date symlink: /home/maanavjugalshah/SwarmAero/ros2_ws/install/px4_msgs/include/px4_msgs/px4_msgs/msg/detail/vehicle_constraints__rosidl_typesupport_introspection_cpp.hpp\n'}
[2.934157] (px4_msgs) StdoutLine: {'line': b'-- Up-to-date symlink: /home/maanavjugalshah/SwarmAero/ros2_ws/install/px4_msgs/include/px4_msgs/px4_msgs/msg/detail/vehicle_control_mode__rosidl_typesupport_introspection_cpp.hpp\n'}
[2.934207] (px4_msgs) StdoutLine: {'line': b'-- Up-to-date symlink: /home/maanavjugalshah/SwarmAero/ros2_ws/install/px4_msgs/include/px4_msgs/px4_msgs/msg/detail/vehicle_global_position__rosidl_typesupport_introspection_cpp.hpp\n'}
[2.934245] (px4_msgs) StdoutLine: {'line': b'-- Up-to-date symlink: /home/maanavjugalshah/SwarmAero/ros2_ws/install/px4_msgs/include/px4_msgs/px4_msgs/msg/detail/vehicle_imu__rosidl_typesupport_introspection_cpp.hpp\n'}
[2.934291] (px4_msgs) StdoutLine: {'line': b'-- Up-to-date symlink: /home/maanavjugalshah/SwarmAero/ros2_ws/install/px4_msgs/include/px4_msgs/px4_msgs/msg/detail/vehicle_imu_status__rosidl_typesupport_introspection_cpp.hpp\n'}
[2.934328] (px4_msgs) StdoutLine: {'line': b'-- Up-to-date symlink: /home/maanavjugalshah/SwarmAero/ros2_ws/install/px4_msgs/include/px4_msgs/px4_msgs/msg/detail/vehicle_land_detected__rosidl_typesupport_introspection_cpp.hpp\n'}
[2.934362] (px4_msgs) StdoutLine: {'line': b'-- Up-to-date symlink: /home/maanavjugalshah/SwarmAero/ros2_ws/install/px4_msgs/include/px4_msgs/px4_msgs/msg/detail/vehicle_local_position__rosidl_typesupport_introspection_cpp.hpp\n'}
[2.934396] (px4_msgs) StdoutLine: {'line': b'-- Up-to-date symlink: /home/maanavjugalshah/SwarmAero/ros2_ws/install/px4_msgs/include/px4_msgs/px4_msgs/msg/detail/vehicle_local_position_setpoint__rosidl_typesupport_introspection_cpp.hpp\n'}
[2.934463] (px4_msgs) StdoutLine: {'line': b'-- Up-to-date symlink: /home/maanavjugalshah/SwarmAero/ros2_ws/install/px4_msgs/include/px4_msgs/px4_msgs/msg/detail/vehicle_magnetometer__rosidl_typesupport_introspection_cpp.hpp\n'}
[2.934634] (px4_msgs) StdoutLine: {'line': b'-- Up-to-date symlink: /home/maanavjugalshah/SwarmAero/ros2_ws/install/px4_msgs/include/px4_msgs/px4_msgs/msg/detail/vehicle_odometry__rosidl_typesupport_introspection_cpp.hpp\n'}
[2.934711] (px4_msgs) StdoutLine: {'line': b'-- Up-to-date symlink: /home/maanavjugalshah/SwarmAero/ros2_ws/install/px4_msgs/include/px4_msgs/px4_msgs/msg/detail/vehicle_optical_flow__rosidl_typesupport_introspection_cpp.hpp\n'}
[2.934969] (px4_msgs) StdoutLine: {'line': b'-- Up-to-date symlink: /home/maanavjugalshah/SwarmAero/ros2_ws/install/px4_msgs/include/px4_msgs/px4_msgs/msg/detail/vehicle_optical_flow_vel__rosidl_typesupport_introspection_cpp.hpp\n'}
[2.935137] (px4_msgs) StdoutLine: {'line': b'-- Up-to-date symlink: /home/maanavjugalshah/SwarmAero/ros2_ws/install/px4_msgs/include/px4_msgs/px4_msgs/msg/detail/vehicle_rates_setpoint__rosidl_typesupport_introspection_cpp.hpp\n'}
[2.935205] (px4_msgs) StdoutLine: {'line': b'-- Up-to-date symlink: /home/maanavjugalshah/SwarmAero/ros2_ws/install/px4_msgs/include/px4_msgs/px4_msgs/msg/detail/vehicle_roi__rosidl_typesupport_introspection_cpp.hpp\n'}
[2.935444] (px4_msgs) StdoutLine: {'line': b'-- Up-to-date symlink: /home/maanavjugalshah/SwarmAero/ros2_ws/install/px4_msgs/include/px4_msgs/px4_msgs/msg/detail/vehicle_status__rosidl_typesupport_introspection_cpp.hpp\n'}
[2.935620] (px4_msgs) StdoutLine: {'line': b'-- Up-to-date symlink: /home/maanavjugalshah/SwarmAero/ros2_ws/install/px4_msgs/include/px4_msgs/px4_msgs/msg/detail/vehicle_thrust_setpoint__rosidl_typesupport_introspection_cpp.hpp\n'}
[2.935670] (px4_msgs) StdoutLine: {'line': b'-- Up-to-date symlink: /home/maanavjugalshah/SwarmAero/ros2_ws/install/px4_msgs/include/px4_msgs/px4_msgs/msg/detail/vehicle_torque_setpoint__rosidl_typesupport_introspection_cpp.hpp\n'}
[2.935784] (px4_msgs) StdoutLine: {'line': b'-- Up-to-date symlink: /home/maanavjugalshah/SwarmAero/ros2_ws/install/px4_msgs/include/px4_msgs/px4_msgs/msg/detail/velocity_limits__rosidl_typesupport_introspection_cpp.hpp\n'}
[2.935973] (px4_msgs) StdoutLine: {'line': b'-- Up-to-date symlink: /home/maanavjugalshah/SwarmAero/ros2_ws/install/px4_msgs/include/px4_msgs/px4_msgs/msg/detail/vtol_vehicle_status__rosidl_typesupport_introspection_cpp.hpp\n'}
[2.936166] (px4_msgs) StdoutLine: {'line': b'-- Up-to-date symlink: /home/maanavjugalshah/SwarmAero/ros2_ws/install/px4_msgs/include/px4_msgs/px4_msgs/msg/detail/vtx__rosidl_typesupport_introspection_cpp.hpp\n'}
[2.936348] (px4_msgs) StdoutLine: {'line': b'-- Up-to-date symlink: /home/maanavjugalshah/SwarmAero/ros2_ws/install/px4_msgs/include/px4_msgs/px4_msgs/msg/detail/wheel_encoders__rosidl_typesupport_introspection_cpp.hpp\n'}
[2.936477] (px4_msgs) StdoutLine: {'line': b'-- Up-to-date symlink: /home/maanavjugalshah/SwarmAero/ros2_ws/install/px4_msgs/include/px4_msgs/px4_msgs/msg/detail/wind__rosidl_typesupport_introspection_cpp.hpp\n'}
[2.936582] (px4_msgs) StdoutLine: {'line': b'-- Up-to-date symlink: /home/maanavjugalshah/SwarmAero/ros2_ws/install/px4_msgs/include/px4_msgs/px4_msgs/msg/detail/yaw_estimator_status__rosidl_typesupport_introspection_cpp.hpp\n'}
[2.937576] (px4_msgs) StdoutLine: {'line': b'-- Up-to-date symlink: /home/maanavjugalshah/SwarmAero/ros2_ws/install/px4_msgs/include/px4_msgs/px4_msgs/srv/detail/vehicle_command__rosidl_typesupport_introspection_cpp.hpp\n'}
[2.938046] (px4_msgs) StdoutLine: {'line': b'-- Up-to-date symlink: /home/maanavjugalshah/SwarmAero/ros2_ws/install/px4_msgs/share/px4_msgs/environment/pythonpath.sh\n'}
[2.938164] (px4_msgs) StdoutLine: {'line': b'-- Up-to-date symlink: /home/maanavjugalshah/SwarmAero/ros2_ws/install/px4_msgs/share/px4_msgs/environment/pythonpath.dsv\n'}
[2.938529] (px4_msgs) StdoutLine: {'line': b'-- Up-to-date symlink: /home/maanavjugalshah/SwarmAero/ros2_ws/install/px4_msgs/local/lib/python3.10/dist-packages/px4_msgs-2.0.1-py3.10.egg-info/PKG-INFO\n'}
[2.938718] (px4_msgs) StdoutLine: {'line': b'-- Up-to-date symlink: /home/maanavjugalshah/SwarmAero/ros2_ws/install/px4_msgs/local/lib/python3.10/dist-packages/px4_msgs-2.0.1-py3.10.egg-info/SOURCES.txt\n'}
[2.938801] (px4_msgs) StdoutLine: {'line': b'-- Up-to-date symlink: /home/maanavjugalshah/SwarmAero/ros2_ws/install/px4_msgs/local/lib/python3.10/dist-packages/px4_msgs-2.0.1-py3.10.egg-info/dependency_links.txt\n'}
[2.938961] (px4_msgs) StdoutLine: {'line': b'-- Up-to-date symlink: /home/maanavjugalshah/SwarmAero/ros2_ws/install/px4_msgs/local/lib/python3.10/dist-packages/px4_msgs-2.0.1-py3.10.egg-info/top_level.txt\n'}
[2.939243] (px4_msgs) StdoutLine: {'line': b'-- Up-to-date symlink: /home/maanavjugalshah/SwarmAero/ros2_ws/install/px4_msgs/local/lib/python3.10/dist-packages/px4_msgs/__init__.py\n'}
[2.939364] (px4_msgs) StdoutLine: {'line': b'-- Up-to-date symlink: /home/maanavjugalshah/SwarmAero/ros2_ws/install/px4_msgs/local/lib/python3.10/dist-packages/px4_msgs/_px4_msgs_s.ep.rosidl_typesupport_c.c\n'}
[2.939510] (px4_msgs) StdoutLine: {'line': b'-- Up-to-date symlink: /home/maanavjugalshah/SwarmAero/ros2_ws/install/px4_msgs/local/lib/python3.10/dist-packages/px4_msgs/_px4_msgs_s.ep.rosidl_typesupport_fastrtps_c.c\n'}
[2.939571] (px4_msgs) StdoutLine: {'line': b'-- Up-to-date symlink: /home/maanavjugalshah/SwarmAero/ros2_ws/install/px4_msgs/local/lib/python3.10/dist-packages/px4_msgs/_px4_msgs_s.ep.rosidl_typesupport_introspection_c.c\n'}
[2.939924] (px4_msgs) StdoutLine: {'line': b'-- Up-to-date symlink: /home/maanavjugalshah/SwarmAero/ros2_ws/install/px4_msgs/local/lib/python3.10/dist-packages/px4_msgs/libpx4_msgs__rosidl_generator_py.so\n'}
[2.939973] (px4_msgs) StdoutLine: {'line': b'-- Up-to-date symlink: /home/maanavjugalshah/SwarmAero/ros2_ws/install/px4_msgs/local/lib/python3.10/dist-packages/px4_msgs/msg/__init__.py\n'}
[2.940067] (px4_msgs) StdoutLine: {'line': b'-- Up-to-date symlink: /home/maanavjugalshah/SwarmAero/ros2_ws/install/px4_msgs/local/lib/python3.10/dist-packages/px4_msgs/msg/_action_request.py\n'}
[2.940220] (px4_msgs) StdoutLine: {'line': b'-- Up-to-date symlink: /home/maanavjugalshah/SwarmAero/ros2_ws/install/px4_msgs/local/lib/python3.10/dist-packages/px4_msgs/msg/_action_request_s.c\n'}
[2.940313] (px4_msgs) StdoutLine: {'line': b'-- Up-to-date symlink: /home/maanavjugalshah/SwarmAero/ros2_ws/install/px4_msgs/local/lib/python3.10/dist-packages/px4_msgs/msg/_actuator_armed.py\n'}
[2.940360] (px4_msgs) StdoutLine: {'line': b'-- Up-to-date symlink: /home/maanavjugalshah/SwarmAero/ros2_ws/install/px4_msgs/local/lib/python3.10/dist-packages/px4_msgs/msg/_actuator_armed_s.c\n'}
[2.940426] (px4_msgs) StdoutLine: {'line': b'-- Up-to-date symlink: /home/maanavjugalshah/SwarmAero/ros2_ws/install/px4_msgs/local/lib/python3.10/dist-packages/px4_msgs/msg/_actuator_controls_status.py\n'}
[2.940543] (px4_msgs) StdoutLine: {'line': b'-- Up-to-date symlink: /home/maanavjugalshah/SwarmAero/ros2_ws/install/px4_msgs/local/lib/python3.10/dist-packages/px4_msgs/msg/_actuator_controls_status_s.c\n'}
[2.940919] (px4_msgs) StdoutLine: {'line': b'-- Up-to-date symlink: /home/maanavjugalshah/SwarmAero/ros2_ws/install/px4_msgs/local/lib/python3.10/dist-packages/px4_msgs/msg/_actuator_motors.py\n'}
[2.941024] (px4_msgs) StdoutLine: {'line': b'-- Up-to-date symlink: /home/maanavjugalshah/SwarmAero/ros2_ws/install/px4_msgs/local/lib/python3.10/dist-packages/px4_msgs/msg/_actuator_motors_s.c\n'}
[2.941096] (px4_msgs) StdoutLine: {'line': b'-- Up-to-date symlink: /home/maanavjugalshah/SwarmAero/ros2_ws/install/px4_msgs/local/lib/python3.10/dist-packages/px4_msgs/msg/_actuator_outputs.py\n'}
[2.941177] (px4_msgs) StdoutLine: {'line': b'-- Up-to-date symlink: /home/maanavjugalshah/SwarmAero/ros2_ws/install/px4_msgs/local/lib/python3.10/dist-packages/px4_msgs/msg/_actuator_outputs_s.c\n'}
[2.941248] (px4_msgs) StdoutLine: {'line': b'-- Up-to-date symlink: /home/maanavjugalshah/SwarmAero/ros2_ws/install/px4_msgs/local/lib/python3.10/dist-packages/px4_msgs/msg/_actuator_servos.py\n'}
[2.941525] (px4_msgs) StdoutLine: {'line': b'-- Up-to-date symlink: /home/maanavjugalshah/SwarmAero/ros2_ws/install/px4_msgs/local/lib/python3.10/dist-packages/px4_msgs/msg/_actuator_servos_s.c\n'}
[2.941575] (px4_msgs) StdoutLine: {'line': b'-- Up-to-date symlink: /home/maanavjugalshah/SwarmAero/ros2_ws/install/px4_msgs/local/lib/python3.10/dist-packages/px4_msgs/msg/_actuator_servos_trim.py\n'}
[2.941613] (px4_msgs) StdoutLine: {'line': b'-- Up-to-date symlink: /home/maanavjugalshah/SwarmAero/ros2_ws/install/px4_msgs/local/lib/python3.10/dist-packages/px4_msgs/msg/_actuator_servos_trim_s.c\n'}
[2.941769] (px4_msgs) StdoutLine: {'line': b'-- Up-to-date symlink: /home/maanavjugalshah/SwarmAero/ros2_ws/install/px4_msgs/local/lib/python3.10/dist-packages/px4_msgs/msg/_actuator_test.py\n'}
[2.941845] (px4_msgs) StdoutLine: {'line': b'-- Up-to-date symlink: /home/maanavjugalshah/SwarmAero/ros2_ws/install/px4_msgs/local/lib/python3.10/dist-packages/px4_msgs/msg/_actuator_test_s.c\n'}
[2.942009] (px4_msgs) StdoutLine: {'line': b'-- Up-to-date symlink: /home/maanavjugalshah/SwarmAero/ros2_ws/install/px4_msgs/local/lib/python3.10/dist-packages/px4_msgs/msg/_adc_report.py\n'}
[2.942060] (px4_msgs) StdoutLine: {'line': b'-- Up-to-date symlink: /home/maanavjugalshah/SwarmAero/ros2_ws/install/px4_msgs/local/lib/python3.10/dist-packages/px4_msgs/msg/_adc_report_s.c\n'}
[2.942099] (px4_msgs) StdoutLine: {'line': b'-- Up-to-date symlink: /home/maanavjugalshah/SwarmAero/ros2_ws/install/px4_msgs/local/lib/python3.10/dist-packages/px4_msgs/msg/_airspeed.py\n'}
[2.942329] (px4_msgs) StdoutLine: {'line': b'-- Up-to-date symlink: /home/maanavjugalshah/SwarmAero/ros2_ws/install/px4_msgs/local/lib/python3.10/dist-packages/px4_msgs/msg/_airspeed_s.c\n'}
[2.942491] (px4_msgs) StdoutLine: {'line': b'-- Up-to-date symlink: /home/maanavjugalshah/SwarmAero/ros2_ws/install/px4_msgs/local/lib/python3.10/dist-packages/px4_msgs/msg/_airspeed_validated.py\n'}
[2.942535] (px4_msgs) StdoutLine: {'line': b'-- Up-to-date symlink: /home/maanavjugalshah/SwarmAero/ros2_ws/install/px4_msgs/local/lib/python3.10/dist-packages/px4_msgs/msg/_airspeed_validated_s.c\n'}
[2.942571] (px4_msgs) StdoutLine: {'line': b'-- Up-to-date symlink: /home/maanavjugalshah/SwarmAero/ros2_ws/install/px4_msgs/local/lib/python3.10/dist-packages/px4_msgs/msg/_airspeed_wind.py\n'}
[2.942609] (px4_msgs) StdoutLine: {'line': b'-- Up-to-date symlink: /home/maanavjugalshah/SwarmAero/ros2_ws/install/px4_msgs/local/lib/python3.10/dist-packages/px4_msgs/msg/_airspeed_wind_s.c\n'}
[2.943089] (px4_msgs) StdoutLine: {'line': b'-- Up-to-date symlink: /home/maanavjugalshah/SwarmAero/ros2_ws/install/px4_msgs/local/lib/python3.10/dist-packages/px4_msgs/msg/_arming_check_reply.py\n'}
[2.943550] (px4_msgs) StdoutLine: {'line': b'-- Up-to-date symlink: /home/maanavjugalshah/SwarmAero/ros2_ws/install/px4_msgs/local/lib/python3.10/dist-packages/px4_msgs/msg/_arming_check_reply_s.c\n'}
[2.943794] (px4_msgs) StdoutLine: {'line': b'-- Up-to-date symlink: /home/maanavjugalshah/SwarmAero/ros2_ws/install/px4_msgs/local/lib/python3.10/dist-packages/px4_msgs/msg/_arming_check_request.py\n'}
[2.943933] (px4_msgs) StdoutLine: {'line': b'-- Up-to-date symlink: /home/maanavjugalshah/SwarmAero/ros2_ws/install/px4_msgs/local/lib/python3.10/dist-packages/px4_msgs/msg/_arming_check_request_s.c\n'}
[2.944014] (px4_msgs) StdoutLine: {'line': b'-- Up-to-date symlink: /home/maanavjugalshah/SwarmAero/ros2_ws/install/px4_msgs/local/lib/python3.10/dist-packages/px4_msgs/msg/_autotune_attitude_control_status.py\n'}
[2.944137] (px4_msgs) StdoutLine: {'line': b'-- Up-to-date symlink: /home/maanavjugalshah/SwarmAero/ros2_ws/install/px4_msgs/local/lib/python3.10/dist-packages/px4_msgs/msg/_autotune_attitude_control_status_s.c\n'}
[2.944252] (px4_msgs) StdoutLine: {'line': b'-- Up-to-date symlink: /home/maanavjugalshah/SwarmAero/ros2_ws/install/px4_msgs/local/lib/python3.10/dist-packages/px4_msgs/msg/_aux_global_position.py\n'}
[2.944372] (px4_msgs) StdoutLine: {'line': b'-- Up-to-date symlink: /home/maanavjugalshah/SwarmAero/ros2_ws/install/px4_msgs/local/lib/python3.10/dist-packages/px4_msgs/msg/_aux_global_position_s.c\n'}
[2.944466] (px4_msgs) StdoutLine: {'line': b'-- Up-to-date symlink: /home/maanavjugalshah/SwarmAero/ros2_ws/install/px4_msgs/local/lib/python3.10/dist-packages/px4_msgs/msg/_battery_info.py\n'}
[2.944650] (px4_msgs) StdoutLine: {'line': b'-- Up-to-date symlink: /home/maanavjugalshah/SwarmAero/ros2_ws/install/px4_msgs/local/lib/python3.10/dist-packages/px4_msgs/msg/_battery_info_s.c\n'}
[2.944690] (px4_msgs) StdoutLine: {'line': b'-- Up-to-date symlink: /home/maanavjugalshah/SwarmAero/ros2_ws/install/px4_msgs/local/lib/python3.10/dist-packages/px4_msgs/msg/_battery_status.py\n'}
[2.944818] (px4_msgs) StdoutLine: {'line': b'-- Up-to-date symlink: /home/maanavjugalshah/SwarmAero/ros2_ws/install/px4_msgs/local/lib/python3.10/dist-packages/px4_msgs/msg/_battery_status_s.c\n'}
[2.944866] (px4_msgs) StdoutLine: {'line': b'-- Up-to-date symlink: /home/maanavjugalshah/SwarmAero/ros2_ws/install/px4_msgs/local/lib/python3.10/dist-packages/px4_msgs/msg/_button_event.py\n'}
[2.944903] (px4_msgs) StdoutLine: {'line': b'-- Up-to-date symlink: /home/maanavjugalshah/SwarmAero/ros2_ws/install/px4_msgs/local/lib/python3.10/dist-packages/px4_msgs/msg/_button_event_s.c\n'}
[2.944938] (px4_msgs) StdoutLine: {'line': b'-- Up-to-date symlink: /home/maanavjugalshah/SwarmAero/ros2_ws/install/px4_msgs/local/lib/python3.10/dist-packages/px4_msgs/msg/_camera_capture.py\n'}
[2.945065] (px4_msgs) StdoutLine: {'line': b'-- Up-to-date symlink: /home/maanavjugalshah/SwarmAero/ros2_ws/install/px4_msgs/local/lib/python3.10/dist-packages/px4_msgs/msg/_camera_capture_s.c\n'}
[2.945158] (px4_msgs) StdoutLine: {'line': b'-- Up-to-date symlink: /home/maanavjugalshah/SwarmAero/ros2_ws/install/px4_msgs/local/lib/python3.10/dist-packages/px4_msgs/msg/_camera_status.py\n'}
[2.945202] (px4_msgs) StdoutLine: {'line': b'-- Up-to-date symlink: /home/maanavjugalshah/SwarmAero/ros2_ws/install/px4_msgs/local/lib/python3.10/dist-packages/px4_msgs/msg/_camera_status_s.c\n'}
[2.945239] (px4_msgs) StdoutLine: {'line': b'-- Up-to-date symlink: /home/maanavjugalshah/SwarmAero/ros2_ws/install/px4_msgs/local/lib/python3.10/dist-packages/px4_msgs/msg/_camera_trigger.py\n'}
[2.945287] (px4_msgs) StdoutLine: {'line': b'-- Up-to-date symlink: /home/maanavjugalshah/SwarmAero/ros2_ws/install/px4_msgs/local/lib/python3.10/dist-packages/px4_msgs/msg/_camera_trigger_s.c\n'}
[2.945357] (px4_msgs) StdoutLine: {'line': b'-- Up-to-date symlink: /home/maanavjugalshah/SwarmAero/ros2_ws/install/px4_msgs/local/lib/python3.10/dist-packages/px4_msgs/msg/_can_interface_status.py\n'}
[2.945575] (px4_msgs) StdoutLine: {'line': b'-- Up-to-date symlink: /home/maanavjugalshah/SwarmAero/ros2_ws/install/px4_msgs/local/lib/python3.10/dist-packages/px4_msgs/msg/_can_interface_status_s.c\n'}
[2.945737] (px4_msgs) StdoutLine: {'line': b'-- Up-to-date symlink: /home/maanavjugalshah/SwarmAero/ros2_ws/install/px4_msgs/local/lib/python3.10/dist-packages/px4_msgs/msg/_cellular_status.py\n'}
[2.945788] (px4_msgs) StdoutLine: {'line': b'-- Up-to-date symlink: /home/maanavjugalshah/SwarmAero/ros2_ws/install/px4_msgs/local/lib/python3.10/dist-packages/px4_msgs/msg/_cellular_status_s.c\n'}
[2.945824] (px4_msgs) StdoutLine: {'line': b'-- Up-to-date symlink: /home/maanavjugalshah/SwarmAero/ros2_ws/install/px4_msgs/local/lib/python3.10/dist-packages/px4_msgs/msg/_collision_constraints.py\n'}
[2.945860] (px4_msgs) StdoutLine: {'line': b'-- Up-to-date symlink: /home/maanavjugalshah/SwarmAero/ros2_ws/install/px4_msgs/local/lib/python3.10/dist-packages/px4_msgs/msg/_collision_constraints_s.c\n'}
[2.945894] (px4_msgs) StdoutLine: {'line': b'-- Up-to-date symlink: /home/maanavjugalshah/SwarmAero/ros2_ws/install/px4_msgs/local/lib/python3.10/dist-packages/px4_msgs/msg/_config_overrides.py\n'}
[2.945977] (px4_msgs) StdoutLine: {'line': b'-- Up-to-date symlink: /home/maanavjugalshah/SwarmAero/ros2_ws/install/px4_msgs/local/lib/python3.10/dist-packages/px4_msgs/msg/_config_overrides_s.c\n'}
[2.946050] (px4_msgs) StdoutLine: {'line': b'-- Up-to-date symlink: /home/maanavjugalshah/SwarmAero/ros2_ws/install/px4_msgs/local/lib/python3.10/dist-packages/px4_msgs/msg/_control_allocator_status.py\n'}
[2.946124] (px4_msgs) StdoutLine: {'line': b'-- Up-to-date symlink: /home/maanavjugalshah/SwarmAero/ros2_ws/install/px4_msgs/local/lib/python3.10/dist-packages/px4_msgs/msg/_control_allocator_status_s.c\n'}
[2.946169] (px4_msgs) StdoutLine: {'line': b'-- Up-to-date symlink: /home/maanavjugalshah/SwarmAero/ros2_ws/install/px4_msgs/local/lib/python3.10/dist-packages/px4_msgs/msg/_cpuload.py\n'}
[2.946358] (px4_msgs) StdoutLine: {'line': b'-- Up-to-date symlink: /home/maanavjugalshah/SwarmAero/ros2_ws/install/px4_msgs/local/lib/python3.10/dist-packages/px4_msgs/msg/_cpuload_s.c\n'}
[2.946552] (px4_msgs) StdoutLine: {'line': b'-- Up-to-date symlink: /home/maanavjugalshah/SwarmAero/ros2_ws/install/px4_msgs/local/lib/python3.10/dist-packages/px4_msgs/msg/_dataman_request.py\n'}
[2.946630] (px4_msgs) StdoutLine: {'line': b'-- Up-to-date symlink: /home/maanavjugalshah/SwarmAero/ros2_ws/install/px4_msgs/local/lib/python3.10/dist-packages/px4_msgs/msg/_dataman_request_s.c\n'}
[2.946767] (px4_msgs) StdoutLine: {'line': b'-- Up-to-date symlink: /home/maanavjugalshah/SwarmAero/ros2_ws/install/px4_msgs/local/lib/python3.10/dist-packages/px4_msgs/msg/_dataman_response.py\n'}
[2.946813] (px4_msgs) StdoutLine: {'line': b'-- Up-to-date symlink: /home/maanavjugalshah/SwarmAero/ros2_ws/install/px4_msgs/local/lib/python3.10/dist-packages/px4_msgs/msg/_dataman_response_s.c\n'}
[2.946851] (px4_msgs) StdoutLine: {'line': b'-- Up-to-date symlink: /home/maanavjugalshah/SwarmAero/ros2_ws/install/px4_msgs/local/lib/python3.10/dist-packages/px4_msgs/msg/_debug_array.py\n'}
[2.947088] (px4_msgs) StdoutLine: {'line': b'-- Up-to-date symlink: /home/maanavjugalshah/SwarmAero/ros2_ws/install/px4_msgs/local/lib/python3.10/dist-packages/px4_msgs/msg/_debug_array_s.c\n'}
[2.947270] (px4_msgs) StdoutLine: {'line': b'-- Up-to-date symlink: /home/maanavjugalshah/SwarmAero/ros2_ws/install/px4_msgs/local/lib/python3.10/dist-packages/px4_msgs/msg/_debug_key_value.py\n'}
[2.947424] (px4_msgs) StdoutLine: {'line': b'-- Up-to-date symlink: /home/maanavjugalshah/SwarmAero/ros2_ws/install/px4_msgs/local/lib/python3.10/dist-packages/px4_msgs/msg/_debug_key_value_s.c\n'}
[2.947469] (px4_msgs) StdoutLine: {'line': b'-- Up-to-date symlink: /home/maanavjugalshah/SwarmAero/ros2_ws/install/px4_msgs/local/lib/python3.10/dist-packages/px4_msgs/msg/_debug_value.py\n'}
[2.947552] (px4_msgs) StdoutLine: {'line': b'-- Up-to-date symlink: /home/maanavjugalshah/SwarmAero/ros2_ws/install/px4_msgs/local/lib/python3.10/dist-packages/px4_msgs/msg/_debug_value_s.c\n'}
[2.947672] (px4_msgs) StdoutLine: {'line': b'-- Up-to-date symlink: /home/maanavjugalshah/SwarmAero/ros2_ws/install/px4_msgs/local/lib/python3.10/dist-packages/px4_msgs/msg/_debug_vect.py\n'}
[2.947787] (px4_msgs) StdoutLine: {'line': b'-- Up-to-date symlink: /home/maanavjugalshah/SwarmAero/ros2_ws/install/px4_msgs/local/lib/python3.10/dist-packages/px4_msgs/msg/_debug_vect_s.c\n'}
[2.947867] (px4_msgs) StdoutLine: {'line': b'-- Up-to-date symlink: /home/maanavjugalshah/SwarmAero/ros2_ws/install/px4_msgs/local/lib/python3.10/dist-packages/px4_msgs/msg/_device_information.py\n'}
[2.948062] (px4_msgs) StdoutLine: {'line': b'-- Up-to-date symlink: /home/maanavjugalshah/SwarmAero/ros2_ws/install/px4_msgs/local/lib/python3.10/dist-packages/px4_msgs/msg/_device_information_s.c\n'}
[2.948265] (px4_msgs) StdoutLine: {'line': b'-- Up-to-date symlink: /home/maanavjugalshah/SwarmAero/ros2_ws/install/px4_msgs/local/lib/python3.10/dist-packages/px4_msgs/msg/_differential_pressure.py\n'}
[2.948524] (px4_msgs) StdoutLine: {'line': b'-- Up-to-date symlink: /home/maanavjugalshah/SwarmAero/ros2_ws/install/px4_msgs/local/lib/python3.10/dist-packages/px4_msgs/msg/_differential_pressure_s.c\n'}
[2.948759] (px4_msgs) StdoutLine: {'line': b'-- Up-to-date symlink: /home/maanavjugalshah/SwarmAero/ros2_ws/install/px4_msgs/local/lib/python3.10/dist-packages/px4_msgs/msg/_distance_sensor.py\n'}
[2.948839] (px4_msgs) StdoutLine: {'line': b'-- Up-to-date symlink: /home/maanavjugalshah/SwarmAero/ros2_ws/install/px4_msgs/local/lib/python3.10/dist-packages/px4_msgs/msg/_distance_sensor_mode_change_request.py\n'}
[2.948911] (px4_msgs) StdoutLine: {'line': b'-- Up-to-date symlink: /home/maanavjugalshah/SwarmAero/ros2_ws/install/px4_msgs/local/lib/python3.10/dist-packages/px4_msgs/msg/_distance_sensor_mode_change_request_s.c\n'}
[2.948979] (px4_msgs) StdoutLine: {'line': b'-- Up-to-date symlink: /home/maanavjugalshah/SwarmAero/ros2_ws/install/px4_msgs/local/lib/python3.10/dist-packages/px4_msgs/msg/_distance_sensor_s.c\n'}
[2.949653] (px4_msgs) StdoutLine: {'line': b'-- Up-to-date symlink: /home/maanavjugalshah/SwarmAero/ros2_ws/install/px4_msgs/local/lib/python3.10/dist-packages/px4_msgs/msg/_dronecan_node_status.py\n'}
[2.950001] (px4_msgs) StdoutLine: {'line': b'-- Up-to-date symlink: /home/maanavjugalshah/SwarmAero/ros2_ws/install/px4_msgs/local/lib/python3.10/dist-packages/px4_msgs/msg/_dronecan_node_status_s.c\n'}
[2.950429] (px4_msgs) StdoutLine: {'line': b'-- Up-to-date symlink: /home/maanavjugalshah/SwarmAero/ros2_ws/install/px4_msgs/local/lib/python3.10/dist-packages/px4_msgs/msg/_ekf2_timestamps.py\n'}
[2.950527] (px4_msgs) StdoutLine: {'line': b'-- Up-to-date symlink: /home/maanavjugalshah/SwarmAero/ros2_ws/install/px4_msgs/local/lib/python3.10/dist-packages/px4_msgs/msg/_ekf2_timestamps_s.c\n'}
[2.950745] (px4_msgs) StdoutLine: {'line': b'-- Up-to-date symlink: /home/maanavjugalshah/SwarmAero/ros2_ws/install/px4_msgs/local/lib/python3.10/dist-packages/px4_msgs/msg/_esc_eeprom_read.py\n'}
[2.950914] (px4_msgs) StdoutLine: {'line': b'-- Up-to-date symlink: /home/maanavjugalshah/SwarmAero/ros2_ws/install/px4_msgs/local/lib/python3.10/dist-packages/px4_msgs/msg/_esc_eeprom_read_s.c\n'}
[2.951049] (px4_msgs) StdoutLine: {'line': b'-- Up-to-date symlink: /home/maanavjugalshah/SwarmAero/ros2_ws/install/px4_msgs/local/lib/python3.10/dist-packages/px4_msgs/msg/_esc_eeprom_write.py\n'}
[2.951094] (px4_msgs) StdoutLine: {'line': b'-- Up-to-date symlink: /home/maanavjugalshah/SwarmAero/ros2_ws/install/px4_msgs/local/lib/python3.10/dist-packages/px4_msgs/msg/_esc_eeprom_write_s.c\n'}
[2.951304] (px4_msgs) StdoutLine: {'line': b'-- Up-to-date symlink: /home/maanavjugalshah/SwarmAero/ros2_ws/install/px4_msgs/local/lib/python3.10/dist-packages/px4_msgs/msg/_esc_report.py\n'}
[2.951572] (px4_msgs) StdoutLine: {'line': b'-- Up-to-date symlink: /home/maanavjugalshah/SwarmAero/ros2_ws/install/px4_msgs/local/lib/python3.10/dist-packages/px4_msgs/msg/_esc_report_s.c\n'}
[2.951633] (px4_msgs) StdoutLine: {'line': b'-- Up-to-date symlink: /home/maanavjugalshah/SwarmAero/ros2_ws/install/px4_msgs/local/lib/python3.10/dist-packages/px4_msgs/msg/_esc_status.py\n'}
[2.951671] (px4_msgs) StdoutLine: {'line': b'-- Up-to-date symlink: /home/maanavjugalshah/SwarmAero/ros2_ws/install/px4_msgs/local/lib/python3.10/dist-packages/px4_msgs/msg/_esc_status_s.c\n'}
[2.951710] (px4_msgs) StdoutLine: {'line': b'-- Up-to-date symlink: /home/maanavjugalshah/SwarmAero/ros2_ws/install/px4_msgs/local/lib/python3.10/dist-packages/px4_msgs/msg/_estimator_aid_source1d.py\n'}
[2.951910] (px4_msgs) StdoutLine: {'line': b'-- Up-to-date symlink: /home/maanavjugalshah/SwarmAero/ros2_ws/install/px4_msgs/local/lib/python3.10/dist-packages/px4_msgs/msg/_estimator_aid_source1d_s.c\n'}
[2.952067] (px4_msgs) StdoutLine: {'line': b'-- Up-to-date symlink: /home/maanavjugalshah/SwarmAero/ros2_ws/install/px4_msgs/local/lib/python3.10/dist-packages/px4_msgs/msg/_estimator_aid_source2d.py\n'}
[2.952140] (px4_msgs) StdoutLine: {'line': b'-- Up-to-date symlink: /home/maanavjugalshah/SwarmAero/ros2_ws/install/px4_msgs/local/lib/python3.10/dist-packages/px4_msgs/msg/_estimator_aid_source2d_s.c\n'}
[2.952558] (px4_msgs) StdoutLine: {'line': b'-- Up-to-date symlink: /home/maanavjugalshah/SwarmAero/ros2_ws/install/px4_msgs/local/lib/python3.10/dist-packages/px4_msgs/msg/_estimator_aid_source3d.py\n'}
[2.952665] (px4_msgs) StdoutLine: {'line': b'-- Up-to-date symlink: /home/maanavjugalshah/SwarmAero/ros2_ws/install/px4_msgs/local/lib/python3.10/dist-packages/px4_msgs/msg/_estimator_aid_source3d_s.c\n'}
[2.952737] (px4_msgs) StdoutLine: {'line': b'-- Up-to-date symlink: /home/maanavjugalshah/SwarmAero/ros2_ws/install/px4_msgs/local/lib/python3.10/dist-packages/px4_msgs/msg/_estimator_bias.py\n'}
[2.953028] (px4_msgs) StdoutLine: {'line': b'-- Up-to-date symlink: /home/maanavjugalshah/SwarmAero/ros2_ws/install/px4_msgs/local/lib/python3.10/dist-packages/px4_msgs/msg/_estimator_bias3d.py\n'}
[2.953339] (px4_msgs) StdoutLine: {'line': b'-- Up-to-date symlink: /home/maanavjugalshah/SwarmAero/ros2_ws/install/px4_msgs/local/lib/python3.10/dist-packages/px4_msgs/msg/_estimator_bias3d_s.c\n'}
[2.953411] (px4_msgs) StdoutLine: {'line': b'-- Up-to-date symlink: /home/maanavjugalshah/SwarmAero/ros2_ws/install/px4_msgs/local/lib/python3.10/dist-packages/px4_msgs/msg/_estimator_bias_s.c\n'}
[2.953451] (px4_msgs) StdoutLine: {'line': b'-- Up-to-date symlink: /home/maanavjugalshah/SwarmAero/ros2_ws/install/px4_msgs/local/lib/python3.10/dist-packages/px4_msgs/msg/_estimator_event_flags.py\n'}
[2.953488] (px4_msgs) StdoutLine: {'line': b'-- Up-to-date symlink: /home/maanavjugalshah/SwarmAero/ros2_ws/install/px4_msgs/local/lib/python3.10/dist-packages/px4_msgs/msg/_estimator_event_flags_s.c\n'}
[2.953524] (px4_msgs) StdoutLine: {'line': b'-- Up-to-date symlink: /home/maanavjugalshah/SwarmAero/ros2_ws/install/px4_msgs/local/lib/python3.10/dist-packages/px4_msgs/msg/_estimator_fusion_control.py\n'}
[2.953559] (px4_msgs) StdoutLine: {'line': b'-- Up-to-date symlink: /home/maanavjugalshah/SwarmAero/ros2_ws/install/px4_msgs/local/lib/python3.10/dist-packages/px4_msgs/msg/_estimator_fusion_control_s.c\n'}
[2.953627] (px4_msgs) StdoutLine: {'line': b'-- Up-to-date symlink: /home/maanavjugalshah/SwarmAero/ros2_ws/install/px4_msgs/local/lib/python3.10/dist-packages/px4_msgs/msg/_estimator_gps_status.py\n'}
[2.953739] (px4_msgs) StdoutLine: {'line': b'-- Up-to-date symlink: /home/maanavjugalshah/SwarmAero/ros2_ws/install/px4_msgs/local/lib/python3.10/dist-packages/px4_msgs/msg/_estimator_gps_status_s.c\n'}
[2.953820] (px4_msgs) StdoutLine: {'line': b'-- Up-to-date symlink: /home/maanavjugalshah/SwarmAero/ros2_ws/install/px4_msgs/local/lib/python3.10/dist-packages/px4_msgs/msg/_estimator_innovations.py\n'}
[2.953941] (px4_msgs) StdoutLine: {'line': b'-- Up-to-date symlink: /home/maanavjugalshah/SwarmAero/ros2_ws/install/px4_msgs/local/lib/python3.10/dist-packages/px4_msgs/msg/_estimator_innovations_s.c\n'}
[2.954013] (px4_msgs) StdoutLine: {'line': b'-- Up-to-date symlink: /home/maanavjugalshah/SwarmAero/ros2_ws/install/px4_msgs/local/lib/python3.10/dist-packages/px4_msgs/msg/_estimator_selector_status.py\n'}
[2.954056] (px4_msgs) StdoutLine: {'line': b'-- Up-to-date symlink: /home/maanavjugalshah/SwarmAero/ros2_ws/install/px4_msgs/local/lib/python3.10/dist-packages/px4_msgs/msg/_estimator_selector_status_s.c\n'}
[2.954322] (px4_msgs) StdoutLine: {'line': b'-- Up-to-date symlink: /home/maanavjugalshah/SwarmAero/ros2_ws/install/px4_msgs/local/lib/python3.10/dist-packages/px4_msgs/msg/_estimator_sensor_bias.py\n'}
[2.954383] (px4_msgs) StdoutLine: {'line': b'-- Up-to-date symlink: /home/maanavjugalshah/SwarmAero/ros2_ws/install/px4_msgs/local/lib/python3.10/dist-packages/px4_msgs/msg/_estimator_sensor_bias_s.c\n'}
[2.954583] (px4_msgs) StdoutLine: {'line': b'-- Up-to-date symlink: /home/maanavjugalshah/SwarmAero/ros2_ws/install/px4_msgs/local/lib/python3.10/dist-packages/px4_msgs/msg/_estimator_states.py\n'}
[2.954668] (px4_msgs) StdoutLine: {'line': b'-- Up-to-date symlink: /home/maanavjugalshah/SwarmAero/ros2_ws/install/px4_msgs/local/lib/python3.10/dist-packages/px4_msgs/msg/_estimator_states_s.c\n'}
[2.954910] (px4_msgs) StdoutLine: {'line': b'-- Up-to-date symlink: /home/maanavjugalshah/SwarmAero/ros2_ws/install/px4_msgs/local/lib/python3.10/dist-packages/px4_msgs/msg/_estimator_status.py\n'}
[2.955153] (px4_msgs) StdoutLine: {'line': b'-- Up-to-date symlink: /home/maanavjugalshah/SwarmAero/ros2_ws/install/px4_msgs/local/lib/python3.10/dist-packages/px4_msgs/msg/_estimator_status_flags.py\n'}
[2.955261] (px4_msgs) StdoutLine: {'line': b'-- Up-to-date symlink: /home/maanavjugalshah/SwarmAero/ros2_ws/install/px4_msgs/local/lib/python3.10/dist-packages/px4_msgs/msg/_estimator_status_flags_s.c\n'}
[2.955331] (px4_msgs) StdoutLine: {'line': b'-- Up-to-date symlink: /home/maanavjugalshah/SwarmAero/ros2_ws/install/px4_msgs/local/lib/python3.10/dist-packages/px4_msgs/msg/_estimator_status_s.c\n'}
[2.955673] (px4_msgs) StdoutLine: {'line': b'-- Up-to-date symlink: /home/maanavjugalshah/SwarmAero/ros2_ws/install/px4_msgs/local/lib/python3.10/dist-packages/px4_msgs/msg/_event.py\n'}
[2.955722] (px4_msgs) StdoutLine: {'line': b'-- Up-to-date symlink: /home/maanavjugalshah/SwarmAero/ros2_ws/install/px4_msgs/local/lib/python3.10/dist-packages/px4_msgs/msg/_event_s.c\n'}
[2.955882] (px4_msgs) StdoutLine: {'line': b'-- Up-to-date symlink: /home/maanavjugalshah/SwarmAero/ros2_ws/install/px4_msgs/local/lib/python3.10/dist-packages/px4_msgs/msg/_failsafe_flags.py\n'}
[2.956007] (px4_msgs) StdoutLine: {'line': b'-- Up-to-date symlink: /home/maanavjugalshah/SwarmAero/ros2_ws/install/px4_msgs/local/lib/python3.10/dist-packages/px4_msgs/msg/_failsafe_flags_s.c\n'}
[2.956079] (px4_msgs) StdoutLine: {'line': b'-- Up-to-date symlink: /home/maanavjugalshah/SwarmAero/ros2_ws/install/px4_msgs/local/lib/python3.10/dist-packages/px4_msgs/msg/_failure_detector_status.py\n'}
[2.956287] (px4_msgs) StdoutLine: {'line': b'-- Up-to-date symlink: /home/maanavjugalshah/SwarmAero/ros2_ws/install/px4_msgs/local/lib/python3.10/dist-packages/px4_msgs/msg/_failure_detector_status_s.c\n'}
[2.956366] (px4_msgs) StdoutLine: {'line': b'-- Up-to-date symlink: /home/maanavjugalshah/SwarmAero/ros2_ws/install/px4_msgs/local/lib/python3.10/dist-packages/px4_msgs/msg/_figure_eight_status.py\n'}
[2.956576] (px4_msgs) StdoutLine: {'line': b'-- Up-to-date symlink: /home/maanavjugalshah/SwarmAero/ros2_ws/install/px4_msgs/local/lib/python3.10/dist-packages/px4_msgs/msg/_figure_eight_status_s.c\n'}
[2.956769] (px4_msgs) StdoutLine: {'line': b'-- Up-to-date symlink: /home/maanavjugalshah/SwarmAero/ros2_ws/install/px4_msgs/local/lib/python3.10/dist-packages/px4_msgs/msg/_fixed_wing_lateral_guidance_status.py\n'}
[2.956958] (px4_msgs) StdoutLine: {'line': b'-- Up-to-date symlink: /home/maanavjugalshah/SwarmAero/ros2_ws/install/px4_msgs/local/lib/python3.10/dist-packages/px4_msgs/msg/_fixed_wing_lateral_guidance_status_s.c\n'}
[2.957020] (px4_msgs) StdoutLine: {'line': b'-- Up-to-date symlink: /home/maanavjugalshah/SwarmAero/ros2_ws/install/px4_msgs/local/lib/python3.10/dist-packages/px4_msgs/msg/_fixed_wing_lateral_setpoint.py\n'}
[2.957064] (px4_msgs) StdoutLine: {'line': b'-- Up-to-date symlink: /home/maanavjugalshah/SwarmAero/ros2_ws/install/px4_msgs/local/lib/python3.10/dist-packages/px4_msgs/msg/_fixed_wing_lateral_setpoint_s.c\n'}
[2.957157] (px4_msgs) StdoutLine: {'line': b'-- Up-to-date symlink: /home/maanavjugalshah/SwarmAero/ros2_ws/install/px4_msgs/local/lib/python3.10/dist-packages/px4_msgs/msg/_fixed_wing_lateral_status.py\n'}
[2.957394] (px4_msgs) StdoutLine: {'line': b'-- Up-to-date symlink: /home/maanavjugalshah/SwarmAero/ros2_ws/install/px4_msgs/local/lib/python3.10/dist-packages/px4_msgs/msg/_fixed_wing_lateral_status_s.c\n'}
[2.957436] (px4_msgs) StdoutLine: {'line': b'-- Up-to-date symlink: /home/maanavjugalshah/SwarmAero/ros2_ws/install/px4_msgs/local/lib/python3.10/dist-packages/px4_msgs/msg/_fixed_wing_longitudinal_setpoint.py\n'}
[2.957473] (px4_msgs) StdoutLine: {'line': b'-- Up-to-date symlink: /home/maanavjugalshah/SwarmAero/ros2_ws/install/px4_msgs/local/lib/python3.10/dist-packages/px4_msgs/msg/_fixed_wing_longitudinal_setpoint_s.c\n'}
[2.957507] (px4_msgs) StdoutLine: {'line': b'-- Up-to-date symlink: /home/maanavjugalshah/SwarmAero/ros2_ws/install/px4_msgs/local/lib/python3.10/dist-packages/px4_msgs/msg/_fixed_wing_runway_control.py\n'}
[2.957542] (px4_msgs) StdoutLine: {'line': b'-- Up-to-date symlink: /home/maanavjugalshah/SwarmAero/ros2_ws/install/px4_msgs/local/lib/python3.10/dist-packages/px4_msgs/msg/_fixed_wing_runway_control_s.c\n'}
[2.957576] (px4_msgs) StdoutLine: {'line': b'-- Up-to-date symlink: /home/maanavjugalshah/SwarmAero/ros2_ws/install/px4_msgs/local/lib/python3.10/dist-packages/px4_msgs/msg/_flight_phase_estimation.py\n'}
[2.957664] (px4_msgs) StdoutLine: {'line': b'-- Up-to-date symlink: /home/maanavjugalshah/SwarmAero/ros2_ws/install/px4_msgs/local/lib/python3.10/dist-packages/px4_msgs/msg/_flight_phase_estimation_s.c\n'}
[2.957712] (px4_msgs) StdoutLine: {'line': b'-- Up-to-date symlink: /home/maanavjugalshah/SwarmAero/ros2_ws/install/px4_msgs/local/lib/python3.10/dist-packages/px4_msgs/msg/_follow_target.py\n'}
[2.957889] (px4_msgs) StdoutLine: {'line': b'-- Up-to-date symlink: /home/maanavjugalshah/SwarmAero/ros2_ws/install/px4_msgs/local/lib/python3.10/dist-packages/px4_msgs/msg/_follow_target_estimator.py\n'}
[2.958152] (px4_msgs) StdoutLine: {'line': b'-- Up-to-date symlink: /home/maanavjugalshah/SwarmAero/ros2_ws/install/px4_msgs/local/lib/python3.10/dist-packages/px4_msgs/msg/_follow_target_estimator_s.c\n'}
[2.958243] (px4_msgs) StdoutLine: {'line': b'-- Up-to-date symlink: /home/maanavjugalshah/SwarmAero/ros2_ws/install/px4_msgs/local/lib/python3.10/dist-packages/px4_msgs/msg/_follow_target_s.c\n'}
[2.958322] (px4_msgs) StdoutLine: {'line': b'-- Up-to-date symlink: /home/maanavjugalshah/SwarmAero/ros2_ws/install/px4_msgs/local/lib/python3.10/dist-packages/px4_msgs/msg/_follow_target_status.py\n'}
[2.958372] (px4_msgs) StdoutLine: {'line': b'-- Up-to-date symlink: /home/maanavjugalshah/SwarmAero/ros2_ws/install/px4_msgs/local/lib/python3.10/dist-packages/px4_msgs/msg/_follow_target_status_s.c\n'}
[2.958451] (px4_msgs) StdoutLine: {'line': b'-- Up-to-date symlink: /home/maanavjugalshah/SwarmAero/ros2_ws/install/px4_msgs/local/lib/python3.10/dist-packages/px4_msgs/msg/_fuel_tank_status.py\n'}
[2.958653] (px4_msgs) StdoutLine: {'line': b'-- Up-to-date symlink: /home/maanavjugalshah/SwarmAero/ros2_ws/install/px4_msgs/local/lib/python3.10/dist-packages/px4_msgs/msg/_fuel_tank_status_s.c\n'}
[2.958858] (px4_msgs) StdoutLine: {'line': b'-- Up-to-date symlink: /home/maanavjugalshah/SwarmAero/ros2_ws/install/px4_msgs/local/lib/python3.10/dist-packages/px4_msgs/msg/_gain_compression.py\n'}
[2.958909] (px4_msgs) StdoutLine: {'line': b'-- Up-to-date symlink: /home/maanavjugalshah/SwarmAero/ros2_ws/install/px4_msgs/local/lib/python3.10/dist-packages/px4_msgs/msg/_gain_compression_s.c\n'}
[2.959094] (px4_msgs) StdoutLine: {'line': b'-- Up-to-date symlink: /home/maanavjugalshah/SwarmAero/ros2_ws/install/px4_msgs/local/lib/python3.10/dist-packages/px4_msgs/msg/_generator_status.py\n'}
[2.959256] (px4_msgs) StdoutLine: {'line': b'-- Up-to-date symlink: /home/maanavjugalshah/SwarmAero/ros2_ws/install/px4_msgs/local/lib/python3.10/dist-packages/px4_msgs/msg/_generator_status_s.c\n'}
[2.959305] (px4_msgs) StdoutLine: {'line': b'-- Up-to-date symlink: /home/maanavjugalshah/SwarmAero/ros2_ws/install/px4_msgs/local/lib/python3.10/dist-packages/px4_msgs/msg/_geofence_result.py\n'}
[2.959450] (px4_msgs) StdoutLine: {'line': b'-- Up-to-date symlink: /home/maanavjugalshah/SwarmAero/ros2_ws/install/px4_msgs/local/lib/python3.10/dist-packages/px4_msgs/msg/_geofence_result_s.c\n'}
[2.959759] (px4_msgs) StdoutLine: {'line': b'-- Up-to-date symlink: /home/maanavjugalshah/SwarmAero/ros2_ws/install/px4_msgs/local/lib/python3.10/dist-packages/px4_msgs/msg/_geofence_status.py\n'}
[2.959812] (px4_msgs) StdoutLine: {'line': b'-- Up-to-date symlink: /home/maanavjugalshah/SwarmAero/ros2_ws/install/px4_msgs/local/lib/python3.10/dist-packages/px4_msgs/msg/_geofence_status_s.c\n'}
[2.959919] (px4_msgs) StdoutLine: {'line': b'-- Up-to-date symlink: /home/maanavjugalshah/SwarmAero/ros2_ws/install/px4_msgs/local/lib/python3.10/dist-packages/px4_msgs/msg/_gimbal_controls.py\n'}
[2.960107] (px4_msgs) StdoutLine: {'line': b'-- Up-to-date symlink: /home/maanavjugalshah/SwarmAero/ros2_ws/install/px4_msgs/local/lib/python3.10/dist-packages/px4_msgs/msg/_gimbal_controls_s.c\n'}
[2.960190] (px4_msgs) StdoutLine: {'line': b'-- Up-to-date symlink: /home/maanavjugalshah/SwarmAero/ros2_ws/install/px4_msgs/local/lib/python3.10/dist-packages/px4_msgs/msg/_gimbal_device_attitude_status.py\n'}
[2.960268] (px4_msgs) StdoutLine: {'line': b'-- Up-to-date symlink: /home/maanavjugalshah/SwarmAero/ros2_ws/install/px4_msgs/local/lib/python3.10/dist-packages/px4_msgs/msg/_gimbal_device_attitude_status_s.c\n'}
[2.960538] (px4_msgs) StdoutLine: {'line': b'-- Up-to-date symlink: /home/maanavjugalshah/SwarmAero/ros2_ws/install/px4_msgs/local/lib/python3.10/dist-packages/px4_msgs/msg/_gimbal_device_information.py\n'}
[2.960584] (px4_msgs) StdoutLine: {'line': b'-- Up-to-date symlink: /home/maanavjugalshah/SwarmAero/ros2_ws/install/px4_msgs/local/lib/python3.10/dist-packages/px4_msgs/msg/_gimbal_device_information_s.c\n'}
[2.960674] (px4_msgs) StdoutLine: {'line': b'-- Up-to-date symlink: /home/maanavjugalshah/SwarmAero/ros2_ws/install/px4_msgs/local/lib/python3.10/dist-packages/px4_msgs/msg/_gimbal_device_set_attitude.py\n'}
[2.960746] (px4_msgs) StdoutLine: {'line': b'-- Up-to-date symlink: /home/maanavjugalshah/SwarmAero/ros2_ws/install/px4_msgs/local/lib/python3.10/dist-packages/px4_msgs/msg/_gimbal_device_set_attitude_s.c\n'}
[2.961139] (px4_msgs) StdoutLine: {'line': b'-- Up-to-date symlink: /home/maanavjugalshah/SwarmAero/ros2_ws/install/px4_msgs/local/lib/python3.10/dist-packages/px4_msgs/msg/_gimbal_manager_information.py\n'}
[2.961199] (px4_msgs) StdoutLine: {'line': b'-- Up-to-date symlink: /home/maanavjugalshah/SwarmAero/ros2_ws/install/px4_msgs/local/lib/python3.10/dist-packages/px4_msgs/msg/_gimbal_manager_information_s.c\n'}
[2.961236] (px4_msgs) StdoutLine: {'line': b'-- Up-to-date symlink: /home/maanavjugalshah/SwarmAero/ros2_ws/install/px4_msgs/local/lib/python3.10/dist-packages/px4_msgs/msg/_gimbal_manager_set_attitude.py\n'}
[2.961293] (px4_msgs) StdoutLine: {'line': b'-- Up-to-date symlink: /home/maanavjugalshah/SwarmAero/ros2_ws/install/px4_msgs/local/lib/python3.10/dist-packages/px4_msgs/msg/_gimbal_manager_set_attitude_s.c\n'}
[2.961472] (px4_msgs) StdoutLine: {'line': b'-- Up-to-date symlink: /home/maanavjugalshah/SwarmAero/ros2_ws/install/px4_msgs/local/lib/python3.10/dist-packages/px4_msgs/msg/_gimbal_manager_set_manual_control.py\n'}
[2.961635] (px4_msgs) StdoutLine: {'line': b'-- Up-to-date symlink: /home/maanavjugalshah/SwarmAero/ros2_ws/install/px4_msgs/local/lib/python3.10/dist-packages/px4_msgs/msg/_gimbal_manager_set_manual_control_s.c\n'}
[2.961850] (px4_msgs) StdoutLine: {'line': b'-- Up-to-date symlink: /home/maanavjugalshah/SwarmAero/ros2_ws/install/px4_msgs/local/lib/python3.10/dist-packages/px4_msgs/msg/_gimbal_manager_status.py\n'}
[2.961928] (px4_msgs) StdoutLine: {'line': b'-- Up-to-date symlink: /home/maanavjugalshah/SwarmAero/ros2_ws/install/px4_msgs/local/lib/python3.10/dist-packages/px4_msgs/msg/_gimbal_manager_status_s.c\n'}
[2.961971] (px4_msgs) StdoutLine: {'line': b'-- Up-to-date symlink: /home/maanavjugalshah/SwarmAero/ros2_ws/install/px4_msgs/local/lib/python3.10/dist-packages/px4_msgs/msg/_goto_setpoint.py\n'}
[2.962019] (px4_msgs) StdoutLine: {'line': b'-- Up-to-date symlink: /home/maanavjugalshah/SwarmAero/ros2_ws/install/px4_msgs/local/lib/python3.10/dist-packages/px4_msgs/msg/_goto_setpoint_s.c\n'}
[2.962248] (px4_msgs) StdoutLine: {'line': b'-- Up-to-date symlink: /home/maanavjugalshah/SwarmAero/ros2_ws/install/px4_msgs/local/lib/python3.10/dist-packages/px4_msgs/msg/_gpio_config.py\n'}
[2.962333] (px4_msgs) StdoutLine: {'line': b'-- Up-to-date symlink: /home/maanavjugalshah/SwarmAero/ros2_ws/install/px4_msgs/local/lib/python3.10/dist-packages/px4_msgs/msg/_gpio_config_s.c\n'}
[2.962374] (px4_msgs) StdoutLine: {'line': b'-- Up-to-date symlink: /home/maanavjugalshah/SwarmAero/ros2_ws/install/px4_msgs/local/lib/python3.10/dist-packages/px4_msgs/msg/_gpio_in.py\n'}
[2.962410] (px4_msgs) StdoutLine: {'line': b'-- Up-to-date symlink: /home/maanavjugalshah/SwarmAero/ros2_ws/install/px4_msgs/local/lib/python3.10/dist-packages/px4_msgs/msg/_gpio_in_s.c\n'}
[2.962722] (px4_msgs) StdoutLine: {'line': b'-- Up-to-date symlink: /home/maanavjugalshah/SwarmAero/ros2_ws/install/px4_msgs/local/lib/python3.10/dist-packages/px4_msgs/msg/_gpio_out.py\n'}
[2.962769] (px4_msgs) StdoutLine: {'line': b'-- Up-to-date symlink: /home/maanavjugalshah/SwarmAero/ros2_ws/install/px4_msgs/local/lib/python3.10/dist-packages/px4_msgs/msg/_gpio_out_s.c\n'}
[2.963057] (px4_msgs) StdoutLine: {'line': b'-- Up-to-date symlink: /home/maanavjugalshah/SwarmAero/ros2_ws/install/px4_msgs/local/lib/python3.10/dist-packages/px4_msgs/msg/_gpio_request.py\n'}
[2.963277] (px4_msgs) StdoutLine: {'line': b'-- Up-to-date symlink: /home/maanavjugalshah/SwarmAero/ros2_ws/install/px4_msgs/local/lib/python3.10/dist-packages/px4_msgs/msg/_gpio_request_s.c\n'}
[2.963391] (px4_msgs) StdoutLine: {'line': b'-- Up-to-date symlink: /home/maanavjugalshah/SwarmAero/ros2_ws/install/px4_msgs/local/lib/python3.10/dist-packages/px4_msgs/msg/_gps_dump.py\n'}
[2.963715] (px4_msgs) StdoutLine: {'line': b'-- Up-to-date symlink: /home/maanavjugalshah/SwarmAero/ros2_ws/install/px4_msgs/local/lib/python3.10/dist-packages/px4_msgs/msg/_gps_dump_s.c\n'}
[2.963889] (px4_msgs) StdoutLine: {'line': b'-- Up-to-date symlink: /home/maanavjugalshah/SwarmAero/ros2_ws/install/px4_msgs/local/lib/python3.10/dist-packages/px4_msgs/msg/_gps_inject_data.py\n'}
[2.963936] (px4_msgs) StdoutLine: {'line': b'-- Up-to-date symlink: /home/maanavjugalshah/SwarmAero/ros2_ws/install/px4_msgs/local/lib/python3.10/dist-packages/px4_msgs/msg/_gps_inject_data_s.c\n'}
[2.964033] (px4_msgs) StdoutLine: {'line': b'-- Up-to-date symlink: /home/maanavjugalshah/SwarmAero/ros2_ws/install/px4_msgs/local/lib/python3.10/dist-packages/px4_msgs/msg/_gripper.py\n'}
[2.964149] (px4_msgs) StdoutLine: {'line': b'-- Up-to-date symlink: /home/maanavjugalshah/SwarmAero/ros2_ws/install/px4_msgs/local/lib/python3.10/dist-packages/px4_msgs/msg/_gripper_s.c\n'}
[2.964473] (px4_msgs) StdoutLine: {'line': b'-- Up-to-date symlink: /home/maanavjugalshah/SwarmAero/ros2_ws/install/px4_msgs/local/lib/python3.10/dist-packages/px4_msgs/msg/_health_report.py\n'}
[2.964835] (px4_msgs) StdoutLine: {'line': b'-- Up-to-date symlink: /home/maanavjugalshah/SwarmAero/ros2_ws/install/px4_msgs/local/lib/python3.10/dist-packages/px4_msgs/msg/_health_report_s.c\n'}
[2.965083] (px4_msgs) StdoutLine: {'line': b'-- Up-to-date symlink: /home/maanavjugalshah/SwarmAero/ros2_ws/install/px4_msgs/local/lib/python3.10/dist-packages/px4_msgs/msg/_heater_status.py\n'}
[2.965170] (px4_msgs) StdoutLine: {'line': b'-- Up-to-date symlink: /home/maanavjugalshah/SwarmAero/ros2_ws/install/px4_msgs/local/lib/python3.10/dist-packages/px4_msgs/msg/_heater_status_s.c\n'}
[2.965558] (px4_msgs) StdoutLine: {'line': b'-- Up-to-date symlink: /home/maanavjugalshah/SwarmAero/ros2_ws/install/px4_msgs/local/lib/python3.10/dist-packages/px4_msgs/msg/_home_position.py\n'}
[2.965798] (px4_msgs) StdoutLine: {'line': b'-- Up-to-date symlink: /home/maanavjugalshah/SwarmAero/ros2_ws/install/px4_msgs/local/lib/python3.10/dist-packages/px4_msgs/msg/_home_position_s.c\n'}
[2.965934] (px4_msgs) StdoutLine: {'line': b'-- Up-to-date symlink: /home/maanavjugalshah/SwarmAero/ros2_ws/install/px4_msgs/local/lib/python3.10/dist-packages/px4_msgs/msg/_hover_thrust_estimate.py\n'}
[2.965989] (px4_msgs) StdoutLine: {'line': b'-- Up-to-date symlink: /home/maanavjugalshah/SwarmAero/ros2_ws/install/px4_msgs/local/lib/python3.10/dist-packages/px4_msgs/msg/_hover_thrust_estimate_s.c\n'}
[2.966026] (px4_msgs) StdoutLine: {'line': b'-- Up-to-date symlink: /home/maanavjugalshah/SwarmAero/ros2_ws/install/px4_msgs/local/lib/python3.10/dist-packages/px4_msgs/msg/_input_rc.py\n'}
[2.966087] (px4_msgs) StdoutLine: {'line': b'-- Up-to-date symlink: /home/maanavjugalshah/SwarmAero/ros2_ws/install/px4_msgs/local/lib/python3.10/dist-packages/px4_msgs/msg/_input_rc_s.c\n'}
[2.966172] (px4_msgs) StdoutLine: {'line': b'-- Up-to-date symlink: /home/maanavjugalshah/SwarmAero/ros2_ws/install/px4_msgs/local/lib/python3.10/dist-packages/px4_msgs/msg/_internal_combustion_engine_control.py\n'}
[2.966275] (px4_msgs) StdoutLine: {'line': b'-- Up-to-date symlink: /home/maanavjugalshah/SwarmAero/ros2_ws/install/px4_msgs/local/lib/python3.10/dist-packages/px4_msgs/msg/_internal_combustion_engine_control_s.c\n'}
[2.966674] (px4_msgs) StdoutLine: {'line': b'-- Up-to-date symlink: /home/maanavjugalshah/SwarmAero/ros2_ws/install/px4_msgs/local/lib/python3.10/dist-packages/px4_msgs/msg/_internal_combustion_engine_status.py\n'}
[2.966916] (px4_msgs) StdoutLine: {'line': b'-- Up-to-date symlink: /home/maanavjugalshah/SwarmAero/ros2_ws/install/px4_msgs/local/lib/python3.10/dist-packages/px4_msgs/msg/_internal_combustion_engine_status_s.c\n'}
[2.967026] (px4_msgs) StdoutLine: {'line': b'-- Up-to-date symlink: /home/maanavjugalshah/SwarmAero/ros2_ws/install/px4_msgs/local/lib/python3.10/dist-packages/px4_msgs/msg/_iridiumsbd_status.py\n'}
[2.967321] (px4_msgs) StdoutLine: {'line': b'-- Up-to-date symlink: /home/maanavjugalshah/SwarmAero/ros2_ws/install/px4_msgs/local/lib/python3.10/dist-packages/px4_msgs/msg/_iridiumsbd_status_s.c\n'}
[2.967701] (px4_msgs) StdoutLine: {'line': b'-- Up-to-date symlink: /home/maanavjugalshah/SwarmAero/ros2_ws/install/px4_msgs/local/lib/python3.10/dist-packages/px4_msgs/msg/_irlock_report.py\n'}
[2.967952] (px4_msgs) StdoutLine: {'line': b'-- Up-to-date symlink: /home/maanavjugalshah/SwarmAero/ros2_ws/install/px4_msgs/local/lib/python3.10/dist-packages/px4_msgs/msg/_irlock_report_s.c\n'}
[2.968063] (px4_msgs) StdoutLine: {'line': b'-- Up-to-date symlink: /home/maanavjugalshah/SwarmAero/ros2_ws/install/px4_msgs/local/lib/python3.10/dist-packages/px4_msgs/msg/_landing_gear.py\n'}
[2.968206] (px4_msgs) StdoutLine: {'line': b'-- Up-to-date symlink: /home/maanavjugalshah/SwarmAero/ros2_ws/install/px4_msgs/local/lib/python3.10/dist-packages/px4_msgs/msg/_landing_gear_s.c\n'}
[2.968565] (px4_msgs) StdoutLine: {'line': b'-- Up-to-date symlink: /home/maanavjugalshah/SwarmAero/ros2_ws/install/px4_msgs/local/lib/python3.10/dist-packages/px4_msgs/msg/_landing_gear_wheel.py\n'}
[2.968887] (px4_msgs) StdoutLine: {'line': b'-- Up-to-date symlink: /home/maanavjugalshah/SwarmAero/ros2_ws/install/px4_msgs/local/lib/python3.10/dist-packages/px4_msgs/msg/_landing_gear_wheel_s.c\n'}
[2.969533] (px4_msgs) StdoutLine: {'line': b'-- Up-to-date symlink: /home/maanavjugalshah/SwarmAero/ros2_ws/install/px4_msgs/local/lib/python3.10/dist-packages/px4_msgs/msg/_landing_target_innovations.py\n'}
[2.969987] (px4_msgs) StdoutLine: {'line': b'-- Up-to-date symlink: /home/maanavjugalshah/SwarmAero/ros2_ws/install/px4_msgs/local/lib/python3.10/dist-packages/px4_msgs/msg/_landing_target_innovations_s.c\n'}
[2.970167] (px4_msgs) StdoutLine: {'line': b'-- Up-to-date symlink: /home/maanavjugalshah/SwarmAero/ros2_ws/install/px4_msgs/local/lib/python3.10/dist-packages/px4_msgs/msg/_landing_target_pose.py\n'}
[2.970243] (px4_msgs) StdoutLine: {'line': b'-- Up-to-date symlink: /home/maanavjugalshah/SwarmAero/ros2_ws/install/px4_msgs/local/lib/python3.10/dist-packages/px4_msgs/msg/_landing_target_pose_s.c\n'}
[2.970413] (px4_msgs) StdoutLine: {'line': b'-- Up-to-date symlink: /home/maanavjugalshah/SwarmAero/ros2_ws/install/px4_msgs/local/lib/python3.10/dist-packages/px4_msgs/msg/_lateral_control_configuration.py\n'}
[2.970457] (px4_msgs) StdoutLine: {'line': b'-- Up-to-date symlink: /home/maanavjugalshah/SwarmAero/ros2_ws/install/px4_msgs/local/lib/python3.10/dist-packages/px4_msgs/msg/_lateral_control_configuration_s.c\n'}
[2.970551] (px4_msgs) StdoutLine: {'line': b'-- Up-to-date symlink: /home/maanavjugalshah/SwarmAero/ros2_ws/install/px4_msgs/local/lib/python3.10/dist-packages/px4_msgs/msg/_launch_detection_status.py\n'}
[2.970701] (px4_msgs) StdoutLine: {'line': b'-- Up-to-date symlink: /home/maanavjugalshah/SwarmAero/ros2_ws/install/px4_msgs/local/lib/python3.10/dist-packages/px4_msgs/msg/_launch_detection_status_s.c\n'}
[2.970918] (px4_msgs) StdoutLine: {'line': b'-- Up-to-date symlink: /home/maanavjugalshah/SwarmAero/ros2_ws/install/px4_msgs/local/lib/python3.10/dist-packages/px4_msgs/msg/_led_control.py\n'}
[2.971031] (px4_msgs) StdoutLine: {'line': b'-- Up-to-date symlink: /home/maanavjugalshah/SwarmAero/ros2_ws/install/px4_msgs/local/lib/python3.10/dist-packages/px4_msgs/msg/_led_control_s.c\n'}
[2.971103] (px4_msgs) StdoutLine: {'line': b'-- Up-to-date symlink: /home/maanavjugalshah/SwarmAero/ros2_ws/install/px4_msgs/local/lib/python3.10/dist-packages/px4_msgs/msg/_log_message.py\n'}
[2.971229] (px4_msgs) StdoutLine: {'line': b'-- Up-to-date symlink: /home/maanavjugalshah/SwarmAero/ros2_ws/install/px4_msgs/local/lib/python3.10/dist-packages/px4_msgs/msg/_log_message_s.c\n'}
[2.971280] (px4_msgs) StdoutLine: {'line': b'-- Up-to-date symlink: /home/maanavjugalshah/SwarmAero/ros2_ws/install/px4_msgs/local/lib/python3.10/dist-packages/px4_msgs/msg/_logger_status.py\n'}
[2.971415] (px4_msgs) StdoutLine: {'line': b'-- Up-to-date symlink: /home/maanavjugalshah/SwarmAero/ros2_ws/install/px4_msgs/local/lib/python3.10/dist-packages/px4_msgs/msg/_logger_status_s.c\n'}
[2.971460] (px4_msgs) StdoutLine: {'line': b'-- Up-to-date symlink: /home/maanavjugalshah/SwarmAero/ros2_ws/install/px4_msgs/local/lib/python3.10/dist-packages/px4_msgs/msg/_longitudinal_control_configuration.py\n'}
[2.971566] (px4_msgs) StdoutLine: {'line': b'-- Up-to-date symlink: /home/maanavjugalshah/SwarmAero/ros2_ws/install/px4_msgs/local/lib/python3.10/dist-packages/px4_msgs/msg/_longitudinal_control_configuration_s.c\n'}
[2.971612] (px4_msgs) StdoutLine: {'line': b'-- Up-to-date symlink: /home/maanavjugalshah/SwarmAero/ros2_ws/install/px4_msgs/local/lib/python3.10/dist-packages/px4_msgs/msg/_mag_worker_data.py\n'}
[2.971692] (px4_msgs) StdoutLine: {'line': b'-- Up-to-date symlink: /home/maanavjugalshah/SwarmAero/ros2_ws/install/px4_msgs/local/lib/python3.10/dist-packages/px4_msgs/msg/_mag_worker_data_s.c\n'}
[2.971778] (px4_msgs) StdoutLine: {'line': b'-- Up-to-date symlink: /home/maanavjugalshah/SwarmAero/ros2_ws/install/px4_msgs/local/lib/python3.10/dist-packages/px4_msgs/msg/_magnetometer_bias_estimate.py\n'}
[2.971955] (px4_msgs) StdoutLine: {'line': b'-- Up-to-date symlink: /home/maanavjugalshah/SwarmAero/ros2_ws/install/px4_msgs/local/lib/python3.10/dist-packages/px4_msgs/msg/_magnetometer_bias_estimate_s.c\n'}
[2.972000] (px4_msgs) StdoutLine: {'line': b'-- Up-to-date symlink: /home/maanavjugalshah/SwarmAero/ros2_ws/install/px4_msgs/local/lib/python3.10/dist-packages/px4_msgs/msg/_manual_control_setpoint.py\n'}
[2.972090] (px4_msgs) StdoutLine: {'line': b'-- Up-to-date symlink: /home/maanavjugalshah/SwarmAero/ros2_ws/install/px4_msgs/local/lib/python3.10/dist-packages/px4_msgs/msg/_manual_control_setpoint_s.c\n'}
[2.972183] (px4_msgs) StdoutLine: {'line': b'-- Up-to-date symlink: /home/maanavjugalshah/SwarmAero/ros2_ws/install/px4_msgs/local/lib/python3.10/dist-packages/px4_msgs/msg/_manual_control_switches.py\n'}
[2.972328] (px4_msgs) StdoutLine: {'line': b'-- Up-to-date symlink: /home/maanavjugalshah/SwarmAero/ros2_ws/install/px4_msgs/local/lib/python3.10/dist-packages/px4_msgs/msg/_manual_control_switches_s.c\n'}
[2.972372] (px4_msgs) StdoutLine: {'line': b'-- Up-to-date symlink: /home/maanavjugalshah/SwarmAero/ros2_ws/install/px4_msgs/local/lib/python3.10/dist-packages/px4_msgs/msg/_mavlink_log.py\n'}
[2.972412] (px4_msgs) StdoutLine: {'line': b'-- Up-to-date symlink: /home/maanavjugalshah/SwarmAero/ros2_ws/install/px4_msgs/local/lib/python3.10/dist-packages/px4_msgs/msg/_mavlink_log_s.c\n'}
[2.972496] (px4_msgs) StdoutLine: {'line': b'-- Up-to-date symlink: /home/maanavjugalshah/SwarmAero/ros2_ws/install/px4_msgs/local/lib/python3.10/dist-packages/px4_msgs/msg/_mavlink_tunnel.py\n'}
[2.972668] (px4_msgs) StdoutLine: {'line': b'-- Up-to-date symlink: /home/maanavjugalshah/SwarmAero/ros2_ws/install/px4_msgs/local/lib/python3.10/dist-packages/px4_msgs/msg/_mavlink_tunnel_s.c\n'}
[2.972820] (px4_msgs) StdoutLine: {'line': b'-- Up-to-date symlink: /home/maanavjugalshah/SwarmAero/ros2_ws/install/px4_msgs/local/lib/python3.10/dist-packages/px4_msgs/msg/_message_format_request.py\n'}
[2.972922] (px4_msgs) StdoutLine: {'line': b'-- Up-to-date symlink: /home/maanavjugalshah/SwarmAero/ros2_ws/install/px4_msgs/local/lib/python3.10/dist-packages/px4_msgs/msg/_message_format_request_s.c\n'}
[2.973025] (px4_msgs) StdoutLine: {'line': b'-- Up-to-date symlink: /home/maanavjugalshah/SwarmAero/ros2_ws/install/px4_msgs/local/lib/python3.10/dist-packages/px4_msgs/msg/_message_format_response.py\n'}
[2.973490] (px4_msgs) StdoutLine: {'line': b'-- Up-to-date symlink: /home/maanavjugalshah/SwarmAero/ros2_ws/install/px4_msgs/local/lib/python3.10/dist-packages/px4_msgs/msg/_message_format_response_s.c\n'}
[2.973674] (px4_msgs) StdoutLine: {'line': b'-- Up-to-date symlink: /home/maanavjugalshah/SwarmAero/ros2_ws/install/px4_msgs/local/lib/python3.10/dist-packages/px4_msgs/msg/_mission.py\n'}
[2.973792] (px4_msgs) StdoutLine: {'line': b'-- Up-to-date symlink: /home/maanavjugalshah/SwarmAero/ros2_ws/install/px4_msgs/local/lib/python3.10/dist-packages/px4_msgs/msg/_mission_result.py\n'}
[2.973877] (px4_msgs) StdoutLine: {'line': b'-- Up-to-date symlink: /home/maanavjugalshah/SwarmAero/ros2_ws/install/px4_msgs/local/lib/python3.10/dist-packages/px4_msgs/msg/_mission_result_s.c\n'}
[2.974038] (px4_msgs) StdoutLine: {'line': b'-- Up-to-date symlink: /home/maanavjugalshah/SwarmAero/ros2_ws/install/px4_msgs/local/lib/python3.10/dist-packages/px4_msgs/msg/_mission_s.c\n'}
[2.974405] (px4_msgs) StdoutLine: {'line': b'-- Up-to-date symlink: /home/maanavjugalshah/SwarmAero/ros2_ws/install/px4_msgs/local/lib/python3.10/dist-packages/px4_msgs/msg/_mode_completed.py\n'}
[2.974609] (px4_msgs) StdoutLine: {'line': b'-- Up-to-date symlink: /home/maanavjugalshah/SwarmAero/ros2_ws/install/px4_msgs/local/lib/python3.10/dist-packages/px4_msgs/msg/_mode_completed_s.c\n'}
[2.974724] (px4_msgs) StdoutLine: {'line': b'-- Up-to-date symlink: /home/maanavjugalshah/SwarmAero/ros2_ws/install/px4_msgs/local/lib/python3.10/dist-packages/px4_msgs/msg/_mount_orientation.py\n'}
[2.974779] (px4_msgs) StdoutLine: {'line': b'-- Up-to-date symlink: /home/maanavjugalshah/SwarmAero/ros2_ws/install/px4_msgs/local/lib/python3.10/dist-packages/px4_msgs/msg/_mount_orientation_s.c\n'}
[2.974895] (px4_msgs) StdoutLine: {'line': b'-- Up-to-date symlink: /home/maanavjugalshah/SwarmAero/ros2_ws/install/px4_msgs/local/lib/python3.10/dist-packages/px4_msgs/msg/_navigator_mission_item.py\n'}
[2.975026] (px4_msgs) StdoutLine: {'line': b'-- Up-to-date symlink: /home/maanavjugalshah/SwarmAero/ros2_ws/install/px4_msgs/local/lib/python3.10/dist-packages/px4_msgs/msg/_navigator_mission_item_s.c\n'}
[2.975239] (px4_msgs) StdoutLine: {'line': b'-- Up-to-date symlink: /home/maanavjugalshah/SwarmAero/ros2_ws/install/px4_msgs/local/lib/python3.10/dist-packages/px4_msgs/msg/_navigator_status.py\n'}
[2.975327] (px4_msgs) StdoutLine: {'line': b'-- Up-to-date symlink: /home/maanavjugalshah/SwarmAero/ros2_ws/install/px4_msgs/local/lib/python3.10/dist-packages/px4_msgs/msg/_navigator_status_s.c\n'}
[2.975622] (px4_msgs) StdoutLine: {'line': b'-- Up-to-date symlink: /home/maanavjugalshah/SwarmAero/ros2_ws/install/px4_msgs/local/lib/python3.10/dist-packages/px4_msgs/msg/_neural_control.py\n'}
[2.975762] (px4_msgs) StdoutLine: {'line': b'-- Up-to-date symlink: /home/maanavjugalshah/SwarmAero/ros2_ws/install/px4_msgs/local/lib/python3.10/dist-packages/px4_msgs/msg/_neural_control_s.c\n'}
[2.975890] (px4_msgs) StdoutLine: {'line': b'-- Up-to-date symlink: /home/maanavjugalshah/SwarmAero/ros2_ws/install/px4_msgs/local/lib/python3.10/dist-packages/px4_msgs/msg/_normalized_unsigned_setpoint.py\n'}
[2.975981] (px4_msgs) StdoutLine: {'line': b'-- Up-to-date symlink: /home/maanavjugalshah/SwarmAero/ros2_ws/install/px4_msgs/local/lib/python3.10/dist-packages/px4_msgs/msg/_normalized_unsigned_setpoint_s.c\n'}
[2.976130] (px4_msgs) StdoutLine: {'line': b'-- Up-to-date symlink: /home/maanavjugalshah/SwarmAero/ros2_ws/install/px4_msgs/local/lib/python3.10/dist-packages/px4_msgs/msg/_obstacle_distance.py\n'}
[2.976258] (px4_msgs) StdoutLine: {'line': b'-- Up-to-date symlink: /home/maanavjugalshah/SwarmAero/ros2_ws/install/px4_msgs/local/lib/python3.10/dist-packages/px4_msgs/msg/_obstacle_distance_s.c\n'}
[2.976368] (px4_msgs) StdoutLine: {'line': b'-- Up-to-date symlink: /home/maanavjugalshah/SwarmAero/ros2_ws/install/px4_msgs/local/lib/python3.10/dist-packages/px4_msgs/msg/_offboard_control_mode.py\n'}
[2.976418] (px4_msgs) StdoutLine: {'line': b'-- Up-to-date symlink: /home/maanavjugalshah/SwarmAero/ros2_ws/install/px4_msgs/local/lib/python3.10/dist-packages/px4_msgs/msg/_offboard_control_mode_s.c\n'}
[2.976506] (px4_msgs) StdoutLine: {'line': b'-- Up-to-date symlink: /home/maanavjugalshah/SwarmAero/ros2_ws/install/px4_msgs/local/lib/python3.10/dist-packages/px4_msgs/msg/_onboard_computer_status.py\n'}
[2.976752] (px4_msgs) StdoutLine: {'line': b'-- Up-to-date symlink: /home/maanavjugalshah/SwarmAero/ros2_ws/install/px4_msgs/local/lib/python3.10/dist-packages/px4_msgs/msg/_onboard_computer_status_s.c\n'}
[2.976820] (px4_msgs) StdoutLine: {'line': b'-- Up-to-date symlink: /home/maanavjugalshah/SwarmAero/ros2_ws/install/px4_msgs/local/lib/python3.10/dist-packages/px4_msgs/msg/_open_drone_id_arm_status.py\n'}
[2.976894] (px4_msgs) StdoutLine: {'line': b'-- Up-to-date symlink: /home/maanavjugalshah/SwarmAero/ros2_ws/install/px4_msgs/local/lib/python3.10/dist-packages/px4_msgs/msg/_open_drone_id_arm_status_s.c\n'}
[2.976979] (px4_msgs) StdoutLine: {'line': b'-- Up-to-date symlink: /home/maanavjugalshah/SwarmAero/ros2_ws/install/px4_msgs/local/lib/python3.10/dist-packages/px4_msgs/msg/_open_drone_id_operator_id.py\n'}
[2.977051] (px4_msgs) StdoutLine: {'line': b'-- Up-to-date symlink: /home/maanavjugalshah/SwarmAero/ros2_ws/install/px4_msgs/local/lib/python3.10/dist-packages/px4_msgs/msg/_open_drone_id_operator_id_s.c\n'}
[2.977234] (px4_msgs) StdoutLine: {'line': b'-- Up-to-date symlink: /home/maanavjugalshah/SwarmAero/ros2_ws/install/px4_msgs/local/lib/python3.10/dist-packages/px4_msgs/msg/_open_drone_id_self_id.py\n'}
[2.977276] (px4_msgs) StdoutLine: {'line': b'-- Up-to-date symlink: /home/maanavjugalshah/SwarmAero/ros2_ws/install/px4_msgs/local/lib/python3.10/dist-packages/px4_msgs/msg/_open_drone_id_self_id_s.c\n'}
[2.977311] (px4_msgs) StdoutLine: {'line': b'-- Up-to-date symlink: /home/maanavjugalshah/SwarmAero/ros2_ws/install/px4_msgs/local/lib/python3.10/dist-packages/px4_msgs/msg/_open_drone_id_system.py\n'}
[2.977519] (px4_msgs) StdoutLine: {'line': b'-- Up-to-date symlink: /home/maanavjugalshah/SwarmAero/ros2_ws/install/px4_msgs/local/lib/python3.10/dist-packages/px4_msgs/msg/_open_drone_id_system_s.c\n'}
[2.977884] (px4_msgs) StdoutLine: {'line': b'-- Up-to-date symlink: /home/maanavjugalshah/SwarmAero/ros2_ws/install/px4_msgs/local/lib/python3.10/dist-packages/px4_msgs/msg/_orb_test.py\n'}
[2.978007] (px4_msgs) StdoutLine: {'line': b'-- Up-to-date symlink: /home/maanavjugalshah/SwarmAero/ros2_ws/install/px4_msgs/local/lib/python3.10/dist-packages/px4_msgs/msg/_orb_test_large.py\n'}
[2.978129] (px4_msgs) StdoutLine: {'line': b'-- Up-to-date symlink: /home/maanavjugalshah/SwarmAero/ros2_ws/install/px4_msgs/local/lib/python3.10/dist-packages/px4_msgs/msg/_orb_test_large_s.c\n'}
[2.978282] (px4_msgs) StdoutLine: {'line': b'-- Up-to-date symlink: /home/maanavjugalshah/SwarmAero/ros2_ws/install/px4_msgs/local/lib/python3.10/dist-packages/px4_msgs/msg/_orb_test_medium.py\n'}
[2.978543] (px4_msgs) StdoutLine: {'line': b'-- Up-to-date symlink: /home/maanavjugalshah/SwarmAero/ros2_ws/install/px4_msgs/local/lib/python3.10/dist-packages/px4_msgs/msg/_orb_test_medium_s.c\n'}
[2.978624] (px4_msgs) StdoutLine: {'line': b'-- Up-to-date symlink: /home/maanavjugalshah/SwarmAero/ros2_ws/install/px4_msgs/local/lib/python3.10/dist-packages/px4_msgs/msg/_orb_test_s.c\n'}
[2.978742] (px4_msgs) StdoutLine: {'line': b'-- Up-to-date symlink: /home/maanavjugalshah/SwarmAero/ros2_ws/install/px4_msgs/local/lib/python3.10/dist-packages/px4_msgs/msg/_orbit_status.py\n'}
[2.978967] (px4_msgs) StdoutLine: {'line': b'-- Up-to-date symlink: /home/maanavjugalshah/SwarmAero/ros2_ws/install/px4_msgs/local/lib/python3.10/dist-packages/px4_msgs/msg/_orbit_status_s.c\n'}
[2.979176] (px4_msgs) StdoutLine: {'line': b'-- Up-to-date symlink: /home/maanavjugalshah/SwarmAero/ros2_ws/install/px4_msgs/local/lib/python3.10/dist-packages/px4_msgs/msg/_parameter_reset_request.py\n'}
[2.979311] (px4_msgs) StdoutLine: {'line': b'-- Up-to-date symlink: /home/maanavjugalshah/SwarmAero/ros2_ws/install/px4_msgs/local/lib/python3.10/dist-packages/px4_msgs/msg/_parameter_reset_request_s.c\n'}
[2.979515] (px4_msgs) StdoutLine: {'line': b'-- Up-to-date symlink: /home/maanavjugalshah/SwarmAero/ros2_ws/install/px4_msgs/local/lib/python3.10/dist-packages/px4_msgs/msg/_parameter_set_used_request.py\n'}
[2.979733] (px4_msgs) StdoutLine: {'line': b'-- Up-to-date symlink: /home/maanavjugalshah/SwarmAero/ros2_ws/install/px4_msgs/local/lib/python3.10/dist-packages/px4_msgs/msg/_parameter_set_used_request_s.c\n'}
[2.979842] (px4_msgs) StdoutLine: {'line': b'-- Up-to-date symlink: /home/maanavjugalshah/SwarmAero/ros2_ws/install/px4_msgs/local/lib/python3.10/dist-packages/px4_msgs/msg/_parameter_set_value_request.py\n'}
[2.979957] (px4_msgs) StdoutLine: {'line': b'-- Up-to-date symlink: /home/maanavjugalshah/SwarmAero/ros2_ws/install/px4_msgs/local/lib/python3.10/dist-packages/px4_msgs/msg/_parameter_set_value_request_s.c\n'}
[2.980072] (px4_msgs) StdoutLine: {'line': b'-- Up-to-date symlink: /home/maanavjugalshah/SwarmAero/ros2_ws/install/px4_msgs/local/lib/python3.10/dist-packages/px4_msgs/msg/_parameter_set_value_response.py\n'}
[2.980190] (px4_msgs) StdoutLine: {'line': b'-- Up-to-date symlink: /home/maanavjugalshah/SwarmAero/ros2_ws/install/px4_msgs/local/lib/python3.10/dist-packages/px4_msgs/msg/_parameter_set_value_response_s.c\n'}
[2.980230] (px4_msgs) StdoutLine: {'line': b'-- Up-to-date symlink: /home/maanavjugalshah/SwarmAero/ros2_ws/install/px4_msgs/local/lib/python3.10/dist-packages/px4_msgs/msg/_parameter_update.py\n'}
[2.980267] (px4_msgs) StdoutLine: {'line': b'-- Up-to-date symlink: /home/maanavjugalshah/SwarmAero/ros2_ws/install/px4_msgs/local/lib/python3.10/dist-packages/px4_msgs/msg/_parameter_update_s.c\n'}
[2.980302] (px4_msgs) StdoutLine: {'line': b'-- Up-to-date symlink: /home/maanavjugalshah/SwarmAero/ros2_ws/install/px4_msgs/local/lib/python3.10/dist-packages/px4_msgs/msg/_ping.py\n'}
[2.980338] (px4_msgs) StdoutLine: {'line': b'-- Up-to-date symlink: /home/maanavjugalshah/SwarmAero/ros2_ws/install/px4_msgs/local/lib/python3.10/dist-packages/px4_msgs/msg/_ping_s.c\n'}
[2.980443] (px4_msgs) StdoutLine: {'line': b'-- Up-to-date symlink: /home/maanavjugalshah/SwarmAero/ros2_ws/install/px4_msgs/local/lib/python3.10/dist-packages/px4_msgs/msg/_position_controller_landing_status.py\n'}
[2.980481] (px4_msgs) StdoutLine: {'line': b'-- Up-to-date symlink: /home/maanavjugalshah/SwarmAero/ros2_ws/install/px4_msgs/local/lib/python3.10/dist-packages/px4_msgs/msg/_position_controller_landing_status_s.c\n'}
[2.980518] (px4_msgs) StdoutLine: {'line': b'-- Up-to-date symlink: /home/maanavjugalshah/SwarmAero/ros2_ws/install/px4_msgs/local/lib/python3.10/dist-packages/px4_msgs/msg/_position_controller_status.py\n'}
[2.980791] (px4_msgs) StdoutLine: {'line': b'-- Up-to-date symlink: /home/maanavjugalshah/SwarmAero/ros2_ws/install/px4_msgs/local/lib/python3.10/dist-packages/px4_msgs/msg/_position_controller_status_s.c\n'}
[2.981064] (px4_msgs) StdoutLine: {'line': b'-- Up-to-date symlink: /home/maanavjugalshah/SwarmAero/ros2_ws/install/px4_msgs/local/lib/python3.10/dist-packages/px4_msgs/msg/_position_setpoint.py\n'}
[2.981165] (px4_msgs) StdoutLine: {'line': b'-- Up-to-date symlink: /home/maanavjugalshah/SwarmAero/ros2_ws/install/px4_msgs/local/lib/python3.10/dist-packages/px4_msgs/msg/_position_setpoint_s.c\n'}
[2.981210] (px4_msgs) StdoutLine: {'line': b'-- Up-to-date symlink: /home/maanavjugalshah/SwarmAero/ros2_ws/install/px4_msgs/local/lib/python3.10/dist-packages/px4_msgs/msg/_position_setpoint_triplet.py\n'}
[2.981250] (px4_msgs) StdoutLine: {'line': b'-- Up-to-date symlink: /home/maanavjugalshah/SwarmAero/ros2_ws/install/px4_msgs/local/lib/python3.10/dist-packages/px4_msgs/msg/_position_setpoint_triplet_s.c\n'}
[2.981323] (px4_msgs) StdoutLine: {'line': b'-- Up-to-date symlink: /home/maanavjugalshah/SwarmAero/ros2_ws/install/px4_msgs/local/lib/python3.10/dist-packages/px4_msgs/msg/_power_button_state.py\n'}
[2.981557] (px4_msgs) StdoutLine: {'line': b'-- Up-to-date symlink: /home/maanavjugalshah/SwarmAero/ros2_ws/install/px4_msgs/local/lib/python3.10/dist-packages/px4_msgs/msg/_power_button_state_s.c\n'}
[2.981677] (px4_msgs) StdoutLine: {'line': b'-- Up-to-date symlink: /home/maanavjugalshah/SwarmAero/ros2_ws/install/px4_msgs/local/lib/python3.10/dist-packages/px4_msgs/msg/_power_monitor.py\n'}
[2.981905] (px4_msgs) StdoutLine: {'line': b'-- Up-to-date symlink: /home/maanavjugalshah/SwarmAero/ros2_ws/install/px4_msgs/local/lib/python3.10/dist-packages/px4_msgs/msg/_power_monitor_s.c\n'}
[2.982363] (px4_msgs) StdoutLine: {'line': b'-- Up-to-date symlink: /home/maanavjugalshah/SwarmAero/ros2_ws/install/px4_msgs/local/lib/python3.10/dist-packages/px4_msgs/msg/_pps_capture.py\n'}
[2.982445] (px4_msgs) StdoutLine: {'line': b'-- Up-to-date symlink: /home/maanavjugalshah/SwarmAero/ros2_ws/install/px4_msgs/local/lib/python3.10/dist-packages/px4_msgs/msg/_pps_capture_s.c\n'}
[2.982531] (px4_msgs) StdoutLine: {'line': b'-- Up-to-date symlink: /home/maanavjugalshah/SwarmAero/ros2_ws/install/px4_msgs/local/lib/python3.10/dist-packages/px4_msgs/msg/_pure_pursuit_status.py\n'}
[2.982621] (px4_msgs) StdoutLine: {'line': b'-- Up-to-date symlink: /home/maanavjugalshah/SwarmAero/ros2_ws/install/px4_msgs/local/lib/python3.10/dist-packages/px4_msgs/msg/_pure_pursuit_status_s.c\n'}
[2.982736] (px4_msgs) StdoutLine: {'line': b'-- Up-to-date symlink: /home/maanavjugalshah/SwarmAero/ros2_ws/install/px4_msgs/local/lib/python3.10/dist-packages/px4_msgs/msg/_pwm_input.py\n'}
[2.982805] (px4_msgs) StdoutLine: {'line': b'-- Up-to-date symlink: /home/maanavjugalshah/SwarmAero/ros2_ws/install/px4_msgs/local/lib/python3.10/dist-packages/px4_msgs/msg/_pwm_input_s.c\n'}
[2.983259] (px4_msgs) StdoutLine: {'line': b'-- Up-to-date symlink: /home/maanavjugalshah/SwarmAero/ros2_ws/install/px4_msgs/local/lib/python3.10/dist-packages/px4_msgs/msg/_px4io_status.py\n'}
[2.983395] (px4_msgs) StdoutLine: {'line': b'-- Up-to-date symlink: /home/maanavjugalshah/SwarmAero/ros2_ws/install/px4_msgs/local/lib/python3.10/dist-packages/px4_msgs/msg/_px4io_status_s.c\n'}
[2.983886] (px4_msgs) StdoutLine: {'line': b'-- Up-to-date symlink: /home/maanavjugalshah/SwarmAero/ros2_ws/install/px4_msgs/local/lib/python3.10/dist-packages/px4_msgs/msg/_qshell_req.py\n'}
[2.984013] (px4_msgs) StdoutLine: {'line': b'-- Up-to-date symlink: /home/maanavjugalshah/SwarmAero/ros2_ws/install/px4_msgs/local/lib/python3.10/dist-packages/px4_msgs/msg/_qshell_req_s.c\n'}
[2.984099] (px4_msgs) StdoutLine: {'line': b'-- Up-to-date symlink: /home/maanavjugalshah/SwarmAero/ros2_ws/install/px4_msgs/local/lib/python3.10/dist-packages/px4_msgs/msg/_qshell_retval.py\n'}
[2.984166] (px4_msgs) StdoutLine: {'line': b'-- Up-to-date symlink: /home/maanavjugalshah/SwarmAero/ros2_ws/install/px4_msgs/local/lib/python3.10/dist-packages/px4_msgs/msg/_qshell_retval_s.c\n'}
[2.984418] (px4_msgs) StdoutLine: {'line': b'-- Up-to-date symlink: /home/maanavjugalshah/SwarmAero/ros2_ws/install/px4_msgs/local/lib/python3.10/dist-packages/px4_msgs/msg/_radio_status.py\n'}
[2.984539] (px4_msgs) StdoutLine: {'line': b'-- Up-to-date symlink: /home/maanavjugalshah/SwarmAero/ros2_ws/install/px4_msgs/local/lib/python3.10/dist-packages/px4_msgs/msg/_radio_status_s.c\n'}
[2.984581] (px4_msgs) StdoutLine: {'line': b'-- Up-to-date symlink: /home/maanavjugalshah/SwarmAero/ros2_ws/install/px4_msgs/local/lib/python3.10/dist-packages/px4_msgs/msg/_ranging_beacon.py\n'}
[2.984743] (px4_msgs) StdoutLine: {'line': b'-- Up-to-date symlink: /home/maanavjugalshah/SwarmAero/ros2_ws/install/px4_msgs/local/lib/python3.10/dist-packages/px4_msgs/msg/_ranging_beacon_s.c\n'}
[2.985115] (px4_msgs) StdoutLine: {'line': b'-- Up-to-date symlink: /home/maanavjugalshah/SwarmAero/ros2_ws/install/px4_msgs/local/lib/python3.10/dist-packages/px4_msgs/msg/_raptor_input.py\n'}
[2.985242] (px4_msgs) StdoutLine: {'line': b'-- Up-to-date symlink: /home/maanavjugalshah/SwarmAero/ros2_ws/install/px4_msgs/local/lib/python3.10/dist-packages/px4_msgs/msg/_raptor_input_s.c\n'}
[2.985450] (px4_msgs) StdoutLine: {'line': b'-- Up-to-date symlink: /home/maanavjugalshah/SwarmAero/ros2_ws/install/px4_msgs/local/lib/python3.10/dist-packages/px4_msgs/msg/_raptor_status.py\n'}
[2.985865] (px4_msgs) StdoutLine: {'line': b'-- Up-to-date symlink: /home/maanavjugalshah/SwarmAero/ros2_ws/install/px4_msgs/local/lib/python3.10/dist-packages/px4_msgs/msg/_raptor_status_s.c\n'}
[2.986236] (px4_msgs) StdoutLine: {'line': b'-- Up-to-date symlink: /home/maanavjugalshah/SwarmAero/ros2_ws/install/px4_msgs/local/lib/python3.10/dist-packages/px4_msgs/msg/_rate_ctrl_status.py\n'}
[2.986465] (px4_msgs) StdoutLine: {'line': b'-- Up-to-date symlink: /home/maanavjugalshah/SwarmAero/ros2_ws/install/px4_msgs/local/lib/python3.10/dist-packages/px4_msgs/msg/_rate_ctrl_status_s.c\n'}
[2.986598] (px4_msgs) StdoutLine: {'line': b'-- Up-to-date symlink: /home/maanavjugalshah/SwarmAero/ros2_ws/install/px4_msgs/local/lib/python3.10/dist-packages/px4_msgs/msg/_rc_channels.py\n'}
[2.986641] (px4_msgs) StdoutLine: {'line': b'-- Up-to-date symlink: /home/maanavjugalshah/SwarmAero/ros2_ws/install/px4_msgs/local/lib/python3.10/dist-packages/px4_msgs/msg/_rc_channels_s.c\n'}
[2.986743] (px4_msgs) StdoutLine: {'line': b'-- Up-to-date symlink: /home/maanavjugalshah/SwarmAero/ros2_ws/install/px4_msgs/local/lib/python3.10/dist-packages/px4_msgs/msg/_rc_parameter_map.py\n'}
[2.986837] (px4_msgs) StdoutLine: {'line': b'-- Up-to-date symlink: /home/maanavjugalshah/SwarmAero/ros2_ws/install/px4_msgs/local/lib/python3.10/dist-packages/px4_msgs/msg/_rc_parameter_map_s.c\n'}
[2.986951] (px4_msgs) StdoutLine: {'line': b'-- Up-to-date symlink: /home/maanavjugalshah/SwarmAero/ros2_ws/install/px4_msgs/local/lib/python3.10/dist-packages/px4_msgs/msg/_register_ext_component_reply.py\n'}
[2.986992] (px4_msgs) StdoutLine: {'line': b'-- Up-to-date symlink: /home/maanavjugalshah/SwarmAero/ros2_ws/install/px4_msgs/local/lib/python3.10/dist-packages/px4_msgs/msg/_register_ext_component_reply_s.c\n'}
[2.987313] (px4_msgs) StdoutLine: {'line': b'-- Up-to-date symlink: /home/maanavjugalshah/SwarmAero/ros2_ws/install/px4_msgs/local/lib/python3.10/dist-packages/px4_msgs/msg/_register_ext_component_request.py\n'}
[2.987379] (px4_msgs) StdoutLine: {'line': b'-- Up-to-date symlink: /home/maanavjugalshah/SwarmAero/ros2_ws/install/px4_msgs/local/lib/python3.10/dist-packages/px4_msgs/msg/_register_ext_component_request_s.c\n'}
[2.987571] (px4_msgs) StdoutLine: {'line': b'-- Up-to-date symlink: /home/maanavjugalshah/SwarmAero/ros2_ws/install/px4_msgs/local/lib/python3.10/dist-packages/px4_msgs/msg/_rover_attitude_setpoint.py\n'}
[2.987642] (px4_msgs) StdoutLine: {'line': b'-- Up-to-date symlink: /home/maanavjugalshah/SwarmAero/ros2_ws/install/px4_msgs/local/lib/python3.10/dist-packages/px4_msgs/msg/_rover_attitude_setpoint_s.c\n'}
[2.987759] (px4_msgs) StdoutLine: {'line': b'-- Up-to-date symlink: /home/maanavjugalshah/SwarmAero/ros2_ws/install/px4_msgs/local/lib/python3.10/dist-packages/px4_msgs/msg/_rover_attitude_status.py\n'}
[2.987908] (px4_msgs) StdoutLine: {'line': b'-- Up-to-date symlink: /home/maanavjugalshah/SwarmAero/ros2_ws/install/px4_msgs/local/lib/python3.10/dist-packages/px4_msgs/msg/_rover_attitude_status_s.c\n'}
[2.987977] (px4_msgs) StdoutLine: {'line': b'-- Up-to-date symlink: /home/maanavjugalshah/SwarmAero/ros2_ws/install/px4_msgs/local/lib/python3.10/dist-packages/px4_msgs/msg/_rover_position_setpoint.py\n'}
[2.988109] (px4_msgs) StdoutLine: {'line': b'-- Up-to-date symlink: /home/maanavjugalshah/SwarmAero/ros2_ws/install/px4_msgs/local/lib/python3.10/dist-packages/px4_msgs/msg/_rover_position_setpoint_s.c\n'}
[2.988176] (px4_msgs) StdoutLine: {'line': b'-- Up-to-date symlink: /home/maanavjugalshah/SwarmAero/ros2_ws/install/px4_msgs/local/lib/python3.10/dist-packages/px4_msgs/msg/_rover_rate_setpoint.py\n'}
[2.988272] (px4_msgs) StdoutLine: {'line': b'-- Up-to-date symlink: /home/maanavjugalshah/SwarmAero/ros2_ws/install/px4_msgs/local/lib/python3.10/dist-packages/px4_msgs/msg/_rover_rate_setpoint_s.c\n'}
[2.988338] (px4_msgs) StdoutLine: {'line': b'-- Up-to-date symlink: /home/maanavjugalshah/SwarmAero/ros2_ws/install/px4_msgs/local/lib/python3.10/dist-packages/px4_msgs/msg/_rover_rate_status.py\n'}
[2.988571] (px4_msgs) StdoutLine: {'line': b'-- Up-to-date symlink: /home/maanavjugalshah/SwarmAero/ros2_ws/install/px4_msgs/local/lib/python3.10/dist-packages/px4_msgs/msg/_rover_rate_status_s.c\n'}
[2.988827] (px4_msgs) StdoutLine: {'line': b'-- Up-to-date symlink: /home/maanavjugalshah/SwarmAero/ros2_ws/install/px4_msgs/local/lib/python3.10/dist-packages/px4_msgs/msg/_rover_speed_setpoint.py\n'}
[2.988895] (px4_msgs) StdoutLine: {'line': b'-- Up-to-date symlink: /home/maanavjugalshah/SwarmAero/ros2_ws/install/px4_msgs/local/lib/python3.10/dist-packages/px4_msgs/msg/_rover_speed_setpoint_s.c\n'}
[2.989063] (px4_msgs) StdoutLine: {'line': b'-- Up-to-date symlink: /home/maanavjugalshah/SwarmAero/ros2_ws/install/px4_msgs/local/lib/python3.10/dist-packages/px4_msgs/msg/_rover_speed_status.py\n'}
[2.989370] (px4_msgs) StdoutLine: {'line': b'-- Up-to-date symlink: /home/maanavjugalshah/SwarmAero/ros2_ws/install/px4_msgs/local/lib/python3.10/dist-packages/px4_msgs/msg/_rover_speed_status_s.c\n'}
[2.989844] (px4_msgs) StdoutLine: {'line': b'-- Up-to-date symlink: /home/maanavjugalshah/SwarmAero/ros2_ws/install/px4_msgs/local/lib/python3.10/dist-packages/px4_msgs/msg/_rover_steering_setpoint.py\n'}
[2.989915] (px4_msgs) StdoutLine: {'line': b'-- Up-to-date symlink: /home/maanavjugalshah/SwarmAero/ros2_ws/install/px4_msgs/local/lib/python3.10/dist-packages/px4_msgs/msg/_rover_steering_setpoint_s.c\n'}
[2.990018] (px4_msgs) StdoutLine: {'line': b'-- Up-to-date symlink: /home/maanavjugalshah/SwarmAero/ros2_ws/install/px4_msgs/local/lib/python3.10/dist-packages/px4_msgs/msg/_rover_throttle_setpoint.py\n'}
[2.990210] (px4_msgs) StdoutLine: {'line': b'-- Up-to-date symlink: /home/maanavjugalshah/SwarmAero/ros2_ws/install/px4_msgs/local/lib/python3.10/dist-packages/px4_msgs/msg/_rover_throttle_setpoint_s.c\n'}
[2.990310] (px4_msgs) StdoutLine: {'line': b'-- Up-to-date symlink: /home/maanavjugalshah/SwarmAero/ros2_ws/install/px4_msgs/local/lib/python3.10/dist-packages/px4_msgs/msg/_rpm.py\n'}
[2.990462] (px4_msgs) StdoutLine: {'line': b'-- Up-to-date symlink: /home/maanavjugalshah/SwarmAero/ros2_ws/install/px4_msgs/local/lib/python3.10/dist-packages/px4_msgs/msg/_rpm_s.c\n'}
[2.990553] (px4_msgs) StdoutLine: {'line': b'-- Up-to-date symlink: /home/maanavjugalshah/SwarmAero/ros2_ws/install/px4_msgs/local/lib/python3.10/dist-packages/px4_msgs/msg/_rtl_status.py\n'}
[2.990668] (px4_msgs) StdoutLine: {'line': b'-- Up-to-date symlink: /home/maanavjugalshah/SwarmAero/ros2_ws/install/px4_msgs/local/lib/python3.10/dist-packages/px4_msgs/msg/_rtl_status_s.c\n'}
[2.990712] (px4_msgs) StdoutLine: {'line': b'-- Up-to-date symlink: /home/maanavjugalshah/SwarmAero/ros2_ws/install/px4_msgs/local/lib/python3.10/dist-packages/px4_msgs/msg/_rtl_time_estimate.py\n'}
[2.990827] (px4_msgs) StdoutLine: {'line': b'-- Up-to-date symlink: /home/maanavjugalshah/SwarmAero/ros2_ws/install/px4_msgs/local/lib/python3.10/dist-packages/px4_msgs/msg/_rtl_time_estimate_s.c\n'}
[2.990997] (px4_msgs) StdoutLine: {'line': b'-- Up-to-date symlink: /home/maanavjugalshah/SwarmAero/ros2_ws/install/px4_msgs/local/lib/python3.10/dist-packages/px4_msgs/msg/_satellite_info.py\n'}
[2.991074] (px4_msgs) StdoutLine: {'line': b'-- Up-to-date symlink: /home/maanavjugalshah/SwarmAero/ros2_ws/install/px4_msgs/local/lib/python3.10/dist-packages/px4_msgs/msg/_satellite_info_s.c\n'}
[2.991216] (px4_msgs) StdoutLine: {'line': b'-- Up-to-date symlink: /home/maanavjugalshah/SwarmAero/ros2_ws/install/px4_msgs/local/lib/python3.10/dist-packages/px4_msgs/msg/_sensor_accel.py\n'}
[2.991284] (px4_msgs) StdoutLine: {'line': b'-- Up-to-date symlink: /home/maanavjugalshah/SwarmAero/ros2_ws/install/px4_msgs/local/lib/python3.10/dist-packages/px4_msgs/msg/_sensor_accel_fifo.py\n'}
[2.991358] (px4_msgs) StdoutLine: {'line': b'-- Up-to-date symlink: /home/maanavjugalshah/SwarmAero/ros2_ws/install/px4_msgs/local/lib/python3.10/dist-packages/px4_msgs/msg/_sensor_accel_fifo_s.c\n'}
[2.991411] (px4_msgs) StdoutLine: {'line': b'-- Up-to-date symlink: /home/maanavjugalshah/SwarmAero/ros2_ws/install/px4_msgs/local/lib/python3.10/dist-packages/px4_msgs/msg/_sensor_accel_s.c\n'}
[2.991448] (px4_msgs) StdoutLine: {'line': b'-- Up-to-date symlink: /home/maanavjugalshah/SwarmAero/ros2_ws/install/px4_msgs/local/lib/python3.10/dist-packages/px4_msgs/msg/_sensor_airflow.py\n'}
[2.991729] (px4_msgs) StdoutLine: {'line': b'-- Up-to-date symlink: /home/maanavjugalshah/SwarmAero/ros2_ws/install/px4_msgs/local/lib/python3.10/dist-packages/px4_msgs/msg/_sensor_airflow_s.c\n'}
[2.991847] (px4_msgs) StdoutLine: {'line': b'-- Up-to-date symlink: /home/maanavjugalshah/SwarmAero/ros2_ws/install/px4_msgs/local/lib/python3.10/dist-packages/px4_msgs/msg/_sensor_baro.py\n'}
[2.991891] (px4_msgs) StdoutLine: {'line': b'-- Up-to-date symlink: /home/maanavjugalshah/SwarmAero/ros2_ws/install/px4_msgs/local/lib/python3.10/dist-packages/px4_msgs/msg/_sensor_baro_s.c\n'}
[2.991981] (px4_msgs) StdoutLine: {'line': b'-- Up-to-date symlink: /home/maanavjugalshah/SwarmAero/ros2_ws/install/px4_msgs/local/lib/python3.10/dist-packages/px4_msgs/msg/_sensor_combined.py\n'}
[2.992211] (px4_msgs) StdoutLine: {'line': b'-- Up-to-date symlink: /home/maanavjugalshah/SwarmAero/ros2_ws/install/px4_msgs/local/lib/python3.10/dist-packages/px4_msgs/msg/_sensor_combined_s.c\n'}
[2.992497] (px4_msgs) StdoutLine: {'line': b'-- Up-to-date symlink: /home/maanavjugalshah/SwarmAero/ros2_ws/install/px4_msgs/local/lib/python3.10/dist-packages/px4_msgs/msg/_sensor_correction.py\n'}
[2.992717] (px4_msgs) StdoutLine: {'line': b'-- Up-to-date symlink: /home/maanavjugalshah/SwarmAero/ros2_ws/install/px4_msgs/local/lib/python3.10/dist-packages/px4_msgs/msg/_sensor_correction_s.c\n'}
[2.993003] (px4_msgs) StdoutLine: {'line': b'-- Up-to-date symlink: /home/maanavjugalshah/SwarmAero/ros2_ws/install/px4_msgs/local/lib/python3.10/dist-packages/px4_msgs/msg/_sensor_gnss_relative.py\n'}
[2.993087] (px4_msgs) StdoutLine: {'line': b'-- Up-to-date symlink: /home/maanavjugalshah/SwarmAero/ros2_ws/install/px4_msgs/local/lib/python3.10/dist-packages/px4_msgs/msg/_sensor_gnss_relative_s.c\n'}
[2.993157] (px4_msgs) StdoutLine: {'line': b'-- Up-to-date symlink: /home/maanavjugalshah/SwarmAero/ros2_ws/install/px4_msgs/local/lib/python3.10/dist-packages/px4_msgs/msg/_sensor_gnss_status.py\n'}
[2.993209] (px4_msgs) StdoutLine: {'line': b'-- Up-to-date symlink: /home/maanavjugalshah/SwarmAero/ros2_ws/install/px4_msgs/local/lib/python3.10/dist-packages/px4_msgs/msg/_sensor_gnss_status_s.c\n'}
[2.993314] (px4_msgs) StdoutLine: {'line': b'-- Up-to-date symlink: /home/maanavjugalshah/SwarmAero/ros2_ws/install/px4_msgs/local/lib/python3.10/dist-packages/px4_msgs/msg/_sensor_gps.py\n'}
[2.993625] (px4_msgs) StdoutLine: {'line': b'-- Up-to-date symlink: /home/maanavjugalshah/SwarmAero/ros2_ws/install/px4_msgs/local/lib/python3.10/dist-packages/px4_msgs/msg/_sensor_gps_s.c\n'}
[2.993753] (px4_msgs) StdoutLine: {'line': b'-- Up-to-date symlink: /home/maanavjugalshah/SwarmAero/ros2_ws/install/px4_msgs/local/lib/python3.10/dist-packages/px4_msgs/msg/_sensor_gyro.py\n'}
[2.993880] (px4_msgs) StdoutLine: {'line': b'-- Up-to-date symlink: /home/maanavjugalshah/SwarmAero/ros2_ws/install/px4_msgs/local/lib/python3.10/dist-packages/px4_msgs/msg/_sensor_gyro_fft.py\n'}
[2.993931] (px4_msgs) StdoutLine: {'line': b'-- Up-to-date symlink: /home/maanavjugalshah/SwarmAero/ros2_ws/install/px4_msgs/local/lib/python3.10/dist-packages/px4_msgs/msg/_sensor_gyro_fft_s.c\n'}
[2.993969] (px4_msgs) StdoutLine: {'line': b'-- Up-to-date symlink: /home/maanavjugalshah/SwarmAero/ros2_ws/install/px4_msgs/local/lib/python3.10/dist-packages/px4_msgs/msg/_sensor_gyro_fifo.py\n'}
[2.994007] (px4_msgs) StdoutLine: {'line': b'-- Up-to-date symlink: /home/maanavjugalshah/SwarmAero/ros2_ws/install/px4_msgs/local/lib/python3.10/dist-packages/px4_msgs/msg/_sensor_gyro_fifo_s.c\n'}
[2.994074] (px4_msgs) StdoutLine: {'line': b'-- Up-to-date symlink: /home/maanavjugalshah/SwarmAero/ros2_ws/install/px4_msgs/local/lib/python3.10/dist-packages/px4_msgs/msg/_sensor_gyro_s.c\n'}
[2.994237] (px4_msgs) StdoutLine: {'line': b'-- Up-to-date symlink: /home/maanavjugalshah/SwarmAero/ros2_ws/install/px4_msgs/local/lib/python3.10/dist-packages/px4_msgs/msg/_sensor_hygrometer.py\n'}
[2.994381] (px4_msgs) StdoutLine: {'line': b'-- Up-to-date symlink: /home/maanavjugalshah/SwarmAero/ros2_ws/install/px4_msgs/local/lib/python3.10/dist-packages/px4_msgs/msg/_sensor_hygrometer_s.c\n'}
[2.994484] (px4_msgs) StdoutLine: {'line': b'-- Up-to-date symlink: /home/maanavjugalshah/SwarmAero/ros2_ws/install/px4_msgs/local/lib/python3.10/dist-packages/px4_msgs/msg/_sensor_mag.py\n'}
[2.994600] (px4_msgs) StdoutLine: {'line': b'-- Up-to-date symlink: /home/maanavjugalshah/SwarmAero/ros2_ws/install/px4_msgs/local/lib/python3.10/dist-packages/px4_msgs/msg/_sensor_mag_s.c\n'}
[2.994740] (px4_msgs) StdoutLine: {'line': b'-- Up-to-date symlink: /home/maanavjugalshah/SwarmAero/ros2_ws/install/px4_msgs/local/lib/python3.10/dist-packages/px4_msgs/msg/_sensor_optical_flow.py\n'}
[2.994780] (px4_msgs) StdoutLine: {'line': b'-- Up-to-date symlink: /home/maanavjugalshah/SwarmAero/ros2_ws/install/px4_msgs/local/lib/python3.10/dist-packages/px4_msgs/msg/_sensor_optical_flow_s.c\n'}
[2.994932] (px4_msgs) StdoutLine: {'line': b'-- Up-to-date symlink: /home/maanavjugalshah/SwarmAero/ros2_ws/install/px4_msgs/local/lib/python3.10/dist-packages/px4_msgs/msg/_sensor_preflight_mag.py\n'}
[2.995237] (px4_msgs) StdoutLine: {'line': b'-- Up-to-date symlink: /home/maanavjugalshah/SwarmAero/ros2_ws/install/px4_msgs/local/lib/python3.10/dist-packages/px4_msgs/msg/_sensor_preflight_mag_s.c\n'}
[2.995287] (px4_msgs) StdoutLine: {'line': b'-- Up-to-date symlink: /home/maanavjugalshah/SwarmAero/ros2_ws/install/px4_msgs/local/lib/python3.10/dist-packages/px4_msgs/msg/_sensor_selection.py\n'}
[2.995325] (px4_msgs) StdoutLine: {'line': b'-- Up-to-date symlink: /home/maanavjugalshah/SwarmAero/ros2_ws/install/px4_msgs/local/lib/python3.10/dist-packages/px4_msgs/msg/_sensor_selection_s.c\n'}
[2.995526] (px4_msgs) StdoutLine: {'line': b'-- Up-to-date symlink: /home/maanavjugalshah/SwarmAero/ros2_ws/install/px4_msgs/local/lib/python3.10/dist-packages/px4_msgs/msg/_sensor_temp.py\n'}
[2.995605] (px4_msgs) StdoutLine: {'line': b'-- Up-to-date symlink: /home/maanavjugalshah/SwarmAero/ros2_ws/install/px4_msgs/local/lib/python3.10/dist-packages/px4_msgs/msg/_sensor_temp_s.c\n'}
[2.995655] (px4_msgs) StdoutLine: {'line': b'-- Up-to-date symlink: /home/maanavjugalshah/SwarmAero/ros2_ws/install/px4_msgs/local/lib/python3.10/dist-packages/px4_msgs/msg/_sensor_uwb.py\n'}
[2.995836] (px4_msgs) StdoutLine: {'line': b'-- Up-to-date symlink: /home/maanavjugalshah/SwarmAero/ros2_ws/install/px4_msgs/local/lib/python3.10/dist-packages/px4_msgs/msg/_sensor_uwb_s.c\n'}
[2.995972] (px4_msgs) StdoutLine: {'line': b'-- Up-to-date symlink: /home/maanavjugalshah/SwarmAero/ros2_ws/install/px4_msgs/local/lib/python3.10/dist-packages/px4_msgs/msg/_sensors_status.py\n'}
[2.996112] (px4_msgs) StdoutLine: {'line': b'-- Up-to-date symlink: /home/maanavjugalshah/SwarmAero/ros2_ws/install/px4_msgs/local/lib/python3.10/dist-packages/px4_msgs/msg/_sensors_status_imu.py\n'}
[2.996212] (px4_msgs) StdoutLine: {'line': b'-- Up-to-date symlink: /home/maanavjugalshah/SwarmAero/ros2_ws/install/px4_msgs/local/lib/python3.10/dist-packages/px4_msgs/msg/_sensors_status_imu_s.c\n'}
[2.996299] (px4_msgs) StdoutLine: {'line': b'-- Up-to-date symlink: /home/maanavjugalshah/SwarmAero/ros2_ws/install/px4_msgs/local/lib/python3.10/dist-packages/px4_msgs/msg/_sensors_status_s.c\n'}
[2.996399] (px4_msgs) StdoutLine: {'line': b'-- Up-to-date symlink: /home/maanavjugalshah/SwarmAero/ros2_ws/install/px4_msgs/local/lib/python3.10/dist-packages/px4_msgs/msg/_system_power.py\n'}
[2.996485] (px4_msgs) StdoutLine: {'line': b'-- Up-to-date symlink: /home/maanavjugalshah/SwarmAero/ros2_ws/install/px4_msgs/local/lib/python3.10/dist-packages/px4_msgs/msg/_system_power_s.c\n'}
[2.996553] (px4_msgs) StdoutLine: {'line': b'-- Up-to-date symlink: /home/maanavjugalshah/SwarmAero/ros2_ws/install/px4_msgs/local/lib/python3.10/dist-packages/px4_msgs/msg/_takeoff_status.py\n'}
[2.996650] (px4_msgs) StdoutLine: {'line': b'-- Up-to-date symlink: /home/maanavjugalshah/SwarmAero/ros2_ws/install/px4_msgs/local/lib/python3.10/dist-packages/px4_msgs/msg/_takeoff_status_s.c\n'}
[2.996746] (px4_msgs) StdoutLine: {'line': b'-- Up-to-date symlink: /home/maanavjugalshah/SwarmAero/ros2_ws/install/px4_msgs/local/lib/python3.10/dist-packages/px4_msgs/msg/_task_stack_info.py\n'}
[2.996832] (px4_msgs) StdoutLine: {'line': b'-- Up-to-date symlink: /home/maanavjugalshah/SwarmAero/ros2_ws/install/px4_msgs/local/lib/python3.10/dist-packages/px4_msgs/msg/_task_stack_info_s.c\n'}
[2.996936] (px4_msgs) StdoutLine: {'line': b'-- Up-to-date symlink: /home/maanavjugalshah/SwarmAero/ros2_ws/install/px4_msgs/local/lib/python3.10/dist-packages/px4_msgs/msg/_tecs_status.py\n'}
[2.997023] (px4_msgs) StdoutLine: {'line': b'-- Up-to-date symlink: /home/maanavjugalshah/SwarmAero/ros2_ws/install/px4_msgs/local/lib/python3.10/dist-packages/px4_msgs/msg/_tecs_status_s.c\n'}
[2.997111] (px4_msgs) StdoutLine: {'line': b'-- Up-to-date symlink: /home/maanavjugalshah/SwarmAero/ros2_ws/install/px4_msgs/local/lib/python3.10/dist-packages/px4_msgs/msg/_telemetry_status.py\n'}
[2.997339] (px4_msgs) StdoutLine: {'line': b'-- Up-to-date symlink: /home/maanavjugalshah/SwarmAero/ros2_ws/install/px4_msgs/local/lib/python3.10/dist-packages/px4_msgs/msg/_telemetry_status_s.c\n'}
[2.997588] (px4_msgs) StdoutLine: {'line': b'-- Up-to-date symlink: /home/maanavjugalshah/SwarmAero/ros2_ws/install/px4_msgs/local/lib/python3.10/dist-packages/px4_msgs/msg/_tiltrotor_extra_controls.py\n'}
[2.997694] (px4_msgs) StdoutLine: {'line': b'-- Up-to-date symlink: /home/maanavjugalshah/SwarmAero/ros2_ws/install/px4_msgs/local/lib/python3.10/dist-packages/px4_msgs/msg/_tiltrotor_extra_controls_s.c\n'}
[2.997768] (px4_msgs) StdoutLine: {'line': b'-- Up-to-date symlink: /home/maanavjugalshah/SwarmAero/ros2_ws/install/px4_msgs/local/lib/python3.10/dist-packages/px4_msgs/msg/_timesync_status.py\n'}
[2.998083] (px4_msgs) StdoutLine: {'line': b'-- Up-to-date symlink: /home/maanavjugalshah/SwarmAero/ros2_ws/install/px4_msgs/local/lib/python3.10/dist-packages/px4_msgs/msg/_timesync_status_s.c\n'}
[2.998154] (px4_msgs) StdoutLine: {'line': b'-- Up-to-date symlink: /home/maanavjugalshah/SwarmAero/ros2_ws/install/px4_msgs/local/lib/python3.10/dist-packages/px4_msgs/msg/_trajectory_setpoint.py\n'}
[2.998235] (px4_msgs) StdoutLine: {'line': b'-- Up-to-date symlink: /home/maanavjugalshah/SwarmAero/ros2_ws/install/px4_msgs/local/lib/python3.10/dist-packages/px4_msgs/msg/_trajectory_setpoint6dof.py\n'}
[2.998625] (px4_msgs) StdoutLine: {'line': b'-- Up-to-date symlink: /home/maanavjugalshah/SwarmAero/ros2_ws/install/px4_msgs/local/lib/python3.10/dist-packages/px4_msgs/msg/_trajectory_setpoint6dof_s.c\n'}
[2.998690] (px4_msgs) StdoutLine: {'line': b'-- Up-to-date symlink: /home/maanavjugalshah/SwarmAero/ros2_ws/install/px4_msgs/local/lib/python3.10/dist-packages/px4_msgs/msg/_trajectory_setpoint_s.c\n'}
[2.998938] (px4_msgs) StdoutLine: {'line': b'-- Up-to-date symlink: /home/maanavjugalshah/SwarmAero/ros2_ws/install/px4_msgs/local/lib/python3.10/dist-packages/px4_msgs/msg/_transponder_report.py\n'}
[2.999000] (px4_msgs) StdoutLine: {'line': b'-- Up-to-date symlink: /home/maanavjugalshah/SwarmAero/ros2_ws/install/px4_msgs/local/lib/python3.10/dist-packages/px4_msgs/msg/_transponder_report_s.c\n'}
[2.999040] (px4_msgs) StdoutLine: {'line': b'-- Up-to-date symlink: /home/maanavjugalshah/SwarmAero/ros2_ws/install/px4_msgs/local/lib/python3.10/dist-packages/px4_msgs/msg/_tune_control.py\n'}
[2.999076] (px4_msgs) StdoutLine: {'line': b'-- Up-to-date symlink: /home/maanavjugalshah/SwarmAero/ros2_ws/install/px4_msgs/local/lib/python3.10/dist-packages/px4_msgs/msg/_tune_control_s.c\n'}
[2.999166] (px4_msgs) StdoutLine: {'line': b'-- Up-to-date symlink: /home/maanavjugalshah/SwarmAero/ros2_ws/install/px4_msgs/local/lib/python3.10/dist-packages/px4_msgs/msg/_uavcan_parameter_request.py\n'}
[2.999404] (px4_msgs) StdoutLine: {'line': b'-- Up-to-date symlink: /home/maanavjugalshah/SwarmAero/ros2_ws/install/px4_msgs/local/lib/python3.10/dist-packages/px4_msgs/msg/_uavcan_parameter_request_s.c\n'}
[2.999554] (px4_msgs) StdoutLine: {'line': b'-- Up-to-date symlink: /home/maanavjugalshah/SwarmAero/ros2_ws/install/px4_msgs/local/lib/python3.10/dist-packages/px4_msgs/msg/_uavcan_parameter_value.py\n'}
[2.999629] (px4_msgs) StdoutLine: {'line': b'-- Up-to-date symlink: /home/maanavjugalshah/SwarmAero/ros2_ws/install/px4_msgs/local/lib/python3.10/dist-packages/px4_msgs/msg/_uavcan_parameter_value_s.c\n'}
[2.999886] (px4_msgs) StdoutLine: {'line': b'-- Up-to-date symlink: /home/maanavjugalshah/SwarmAero/ros2_ws/install/px4_msgs/local/lib/python3.10/dist-packages/px4_msgs/msg/_ulog_stream.py\n'}
[3.000327] (px4_msgs) StdoutLine: {'line': b'-- Up-to-date symlink: /home/maanavjugalshah/SwarmAero/ros2_ws/install/px4_msgs/local/lib/python3.10/dist-packages/px4_msgs/msg/_ulog_stream_ack.py\n'}
[3.000622] (px4_msgs) StdoutLine: {'line': b'-- Up-to-date symlink: /home/maanavjugalshah/SwarmAero/ros2_ws/install/px4_msgs/local/lib/python3.10/dist-packages/px4_msgs/msg/_ulog_stream_ack_s.c\n'}
[3.001333] (px4_msgs) StdoutLine: {'line': b'-- Up-to-date symlink: /home/maanavjugalshah/SwarmAero/ros2_ws/install/px4_msgs/local/lib/python3.10/dist-packages/px4_msgs/msg/_ulog_stream_s.c\n'}
[3.001473] (px4_msgs) StdoutLine: {'line': b'-- Up-to-date symlink: /home/maanavjugalshah/SwarmAero/ros2_ws/install/px4_msgs/local/lib/python3.10/dist-packages/px4_msgs/msg/_unregister_ext_component.py\n'}
[3.001560] (px4_msgs) StdoutLine: {'line': b'-- Up-to-date symlink: /home/maanavjugalshah/SwarmAero/ros2_ws/install/px4_msgs/local/lib/python3.10/dist-packages/px4_msgs/msg/_unregister_ext_component_s.c\n'}
[3.001659] (px4_msgs) StdoutLine: {'line': b'-- Up-to-date symlink: /home/maanavjugalshah/SwarmAero/ros2_ws/install/px4_msgs/local/lib/python3.10/dist-packages/px4_msgs/msg/_vehicle_acceleration.py\n'}
[3.002168] (px4_msgs) StdoutLine: {'line': b'-- Up-to-date symlink: /home/maanavjugalshah/SwarmAero/ros2_ws/install/px4_msgs/local/lib/python3.10/dist-packages/px4_msgs/msg/_vehicle_acceleration_s.c\n'}
[3.002618] (px4_msgs) StdoutLine: {'line': b'-- Up-to-date symlink: /home/maanavjugalshah/SwarmAero/ros2_ws/install/px4_msgs/local/lib/python3.10/dist-packages/px4_msgs/msg/_vehicle_air_data.py\n'}
[3.002721] (px4_msgs) StdoutLine: {'line': b'-- Up-to-date symlink: /home/maanavjugalshah/SwarmAero/ros2_ws/install/px4_msgs/local/lib/python3.10/dist-packages/px4_msgs/msg/_vehicle_air_data_s.c\n'}
[3.002807] (px4_msgs) StdoutLine: {'line': b'-- Up-to-date symlink: /home/maanavjugalshah/SwarmAero/ros2_ws/install/px4_msgs/local/lib/python3.10/dist-packages/px4_msgs/msg/_vehicle_angular_acceleration_setpoint.py\n'}
[3.003074] (px4_msgs) StdoutLine: {'line': b'-- Up-to-date symlink: /home/maanavjugalshah/SwarmAero/ros2_ws/install/px4_msgs/local/lib/python3.10/dist-packages/px4_msgs/msg/_vehicle_angular_acceleration_setpoint_s.c\n'}
[3.003138] (px4_msgs) StdoutLine: {'line': b'-- Up-to-date symlink: /home/maanavjugalshah/SwarmAero/ros2_ws/install/px4_msgs/local/lib/python3.10/dist-packages/px4_msgs/msg/_vehicle_angular_velocity.py\n'}
[3.003249] (px4_msgs) StdoutLine: {'line': b'-- Up-to-date symlink: /home/maanavjugalshah/SwarmAero/ros2_ws/install/px4_msgs/local/lib/python3.10/dist-packages/px4_msgs/msg/_vehicle_angular_velocity_s.c\n'}
[3.003338] (px4_msgs) StdoutLine: {'line': b'-- Up-to-date symlink: /home/maanavjugalshah/SwarmAero/ros2_ws/install/px4_msgs/local/lib/python3.10/dist-packages/px4_msgs/msg/_vehicle_attitude.py\n'}
[3.003566] (px4_msgs) StdoutLine: {'line': b'-- Up-to-date symlink: /home/maanavjugalshah/SwarmAero/ros2_ws/install/px4_msgs/local/lib/python3.10/dist-packages/px4_msgs/msg/_vehicle_attitude_s.c\n'}
[3.003698] (px4_msgs) StdoutLine: {'line': b'-- Up-to-date symlink: /home/maanavjugalshah/SwarmAero/ros2_ws/install/px4_msgs/local/lib/python3.10/dist-packages/px4_msgs/msg/_vehicle_attitude_setpoint.py\n'}
[3.003913] (px4_msgs) StdoutLine: {'line': b'-- Up-to-date symlink: /home/maanavjugalshah/SwarmAero/ros2_ws/install/px4_msgs/local/lib/python3.10/dist-packages/px4_msgs/msg/_vehicle_attitude_setpoint_s.c\n'}
[3.003984] (px4_msgs) StdoutLine: {'line': b'-- Up-to-date symlink: /home/maanavjugalshah/SwarmAero/ros2_ws/install/px4_msgs/local/lib/python3.10/dist-packages/px4_msgs/msg/_vehicle_command.py\n'}
[3.004081] (px4_msgs) StdoutLine: {'line': b'-- Up-to-date symlink: /home/maanavjugalshah/SwarmAero/ros2_ws/install/px4_msgs/local/lib/python3.10/dist-packages/px4_msgs/msg/_vehicle_command_ack.py\n'}
[3.004170] (px4_msgs) StdoutLine: {'line': b'-- Up-to-date symlink: /home/maanavjugalshah/SwarmAero/ros2_ws/install/px4_msgs/local/lib/python3.10/dist-packages/px4_msgs/msg/_vehicle_command_ack_s.c\n'}
[3.004271] (px4_msgs) StdoutLine: {'line': b'-- Up-to-date symlink: /home/maanavjugalshah/SwarmAero/ros2_ws/install/px4_msgs/local/lib/python3.10/dist-packages/px4_msgs/msg/_vehicle_command_s.c\n'}
[3.004406] (px4_msgs) StdoutLine: {'line': b'-- Up-to-date symlink: /home/maanavjugalshah/SwarmAero/ros2_ws/install/px4_msgs/local/lib/python3.10/dist-packages/px4_msgs/msg/_vehicle_constraints.py\n'}
[3.004452] (px4_msgs) StdoutLine: {'line': b'-- Up-to-date symlink: /home/maanavjugalshah/SwarmAero/ros2_ws/install/px4_msgs/local/lib/python3.10/dist-packages/px4_msgs/msg/_vehicle_constraints_s.c\n'}
[3.004668] (px4_msgs) StdoutLine: {'line': b'-- Up-to-date symlink: /home/maanavjugalshah/SwarmAero/ros2_ws/install/px4_msgs/local/lib/python3.10/dist-packages/px4_msgs/msg/_vehicle_control_mode.py\n'}
[3.004757] (px4_msgs) StdoutLine: {'line': b'-- Up-to-date symlink: /home/maanavjugalshah/SwarmAero/ros2_ws/install/px4_msgs/local/lib/python3.10/dist-packages/px4_msgs/msg/_vehicle_control_mode_s.c\n'}
[3.004808] (px4_msgs) StdoutLine: {'line': b'-- Up-to-date symlink: /home/maanavjugalshah/SwarmAero/ros2_ws/install/px4_msgs/local/lib/python3.10/dist-packages/px4_msgs/msg/_vehicle_global_position.py\n'}
[3.004879] (px4_msgs) StdoutLine: {'line': b'-- Up-to-date symlink: /home/maanavjugalshah/SwarmAero/ros2_ws/install/px4_msgs/local/lib/python3.10/dist-packages/px4_msgs/msg/_vehicle_global_position_s.c\n'}
[3.004984] (px4_msgs) StdoutLine: {'line': b'-- Up-to-date symlink: /home/maanavjugalshah/SwarmAero/ros2_ws/install/px4_msgs/local/lib/python3.10/dist-packages/px4_msgs/msg/_vehicle_imu.py\n'}
[3.005077] (px4_msgs) StdoutLine: {'line': b'-- Up-to-date symlink: /home/maanavjugalshah/SwarmAero/ros2_ws/install/px4_msgs/local/lib/python3.10/dist-packages/px4_msgs/msg/_vehicle_imu_s.c\n'}
[3.005534] (px4_msgs) StdoutLine: {'line': b'-- Up-to-date symlink: /home/maanavjugalshah/SwarmAero/ros2_ws/install/px4_msgs/local/lib/python3.10/dist-packages/px4_msgs/msg/_vehicle_imu_status.py\n'}
[3.005773] (px4_msgs) StdoutLine: {'line': b'-- Up-to-date symlink: /home/maanavjugalshah/SwarmAero/ros2_ws/install/px4_msgs/local/lib/python3.10/dist-packages/px4_msgs/msg/_vehicle_imu_status_s.c\n'}
[3.005945] (px4_msgs) StdoutLine: {'line': b'-- Up-to-date symlink: /home/maanavjugalshah/SwarmAero/ros2_ws/install/px4_msgs/local/lib/python3.10/dist-packages/px4_msgs/msg/_vehicle_land_detected.py\n'}
[3.006084] (px4_msgs) StdoutLine: {'line': b'-- Up-to-date symlink: /home/maanavjugalshah/SwarmAero/ros2_ws/install/px4_msgs/local/lib/python3.10/dist-packages/px4_msgs/msg/_vehicle_land_detected_s.c\n'}
[3.006258] (px4_msgs) StdoutLine: {'line': b'-- Up-to-date symlink: /home/maanavjugalshah/SwarmAero/ros2_ws/install/px4_msgs/local/lib/python3.10/dist-packages/px4_msgs/msg/_vehicle_local_position.py\n'}
[3.006305] (px4_msgs) StdoutLine: {'line': b'-- Up-to-date symlink: /home/maanavjugalshah/SwarmAero/ros2_ws/install/px4_msgs/local/lib/python3.10/dist-packages/px4_msgs/msg/_vehicle_local_position_s.c\n'}
[3.006343] (px4_msgs) StdoutLine: {'line': b'-- Up-to-date symlink: /home/maanavjugalshah/SwarmAero/ros2_ws/install/px4_msgs/local/lib/python3.10/dist-packages/px4_msgs/msg/_vehicle_local_position_setpoint.py\n'}
[3.006379] (px4_msgs) StdoutLine: {'line': b'-- Up-to-date symlink: /home/maanavjugalshah/SwarmAero/ros2_ws/install/px4_msgs/local/lib/python3.10/dist-packages/px4_msgs/msg/_vehicle_local_position_setpoint_s.c\n'}
[3.006626] (px4_msgs) StdoutLine: {'line': b'-- Up-to-date symlink: /home/maanavjugalshah/SwarmAero/ros2_ws/install/px4_msgs/local/lib/python3.10/dist-packages/px4_msgs/msg/_vehicle_magnetometer.py\n'}
[3.006682] (px4_msgs) StdoutLine: {'line': b'-- Up-to-date symlink: /home/maanavjugalshah/SwarmAero/ros2_ws/install/px4_msgs/local/lib/python3.10/dist-packages/px4_msgs/msg/_vehicle_magnetometer_s.c\n'}
[3.006833] (px4_msgs) StdoutLine: {'line': b'-- Up-to-date symlink: /home/maanavjugalshah/SwarmAero/ros2_ws/install/px4_msgs/local/lib/python3.10/dist-packages/px4_msgs/msg/_vehicle_odometry.py\n'}
[3.006903] (px4_msgs) StdoutLine: {'line': b'-- Up-to-date symlink: /home/maanavjugalshah/SwarmAero/ros2_ws/install/px4_msgs/local/lib/python3.10/dist-packages/px4_msgs/msg/_vehicle_odometry_s.c\n'}
[3.006947] (px4_msgs) StdoutLine: {'line': b'-- Up-to-date symlink: /home/maanavjugalshah/SwarmAero/ros2_ws/install/px4_msgs/local/lib/python3.10/dist-packages/px4_msgs/msg/_vehicle_optical_flow.py\n'}
[3.007077] (px4_msgs) StdoutLine: {'line': b'-- Up-to-date symlink: /home/maanavjugalshah/SwarmAero/ros2_ws/install/px4_msgs/local/lib/python3.10/dist-packages/px4_msgs/msg/_vehicle_optical_flow_s.c\n'}
[3.007122] (px4_msgs) StdoutLine: {'line': b'-- Up-to-date symlink: /home/maanavjugalshah/SwarmAero/ros2_ws/install/px4_msgs/local/lib/python3.10/dist-packages/px4_msgs/msg/_vehicle_optical_flow_vel.py\n'}
[3.007240] (px4_msgs) StdoutLine: {'line': b'-- Up-to-date symlink: /home/maanavjugalshah/SwarmAero/ros2_ws/install/px4_msgs/local/lib/python3.10/dist-packages/px4_msgs/msg/_vehicle_optical_flow_vel_s.c\n'}
[3.007365] (px4_msgs) StdoutLine: {'line': b'-- Up-to-date symlink: /home/maanavjugalshah/SwarmAero/ros2_ws/install/px4_msgs/local/lib/python3.10/dist-packages/px4_msgs/msg/_vehicle_rates_setpoint.py\n'}
[3.007509] (px4_msgs) StdoutLine: {'line': b'-- Up-to-date symlink: /home/maanavjugalshah/SwarmAero/ros2_ws/install/px4_msgs/local/lib/python3.10/dist-packages/px4_msgs/msg/_vehicle_rates_setpoint_s.c\n'}
[3.007587] (px4_msgs) StdoutLine: {'line': b'-- Up-to-date symlink: /home/maanavjugalshah/SwarmAero/ros2_ws/install/px4_msgs/local/lib/python3.10/dist-packages/px4_msgs/msg/_vehicle_roi.py\n'}
[3.007733] (px4_msgs) StdoutLine: {'line': b'-- Up-to-date symlink: /home/maanavjugalshah/SwarmAero/ros2_ws/install/px4_msgs/local/lib/python3.10/dist-packages/px4_msgs/msg/_vehicle_roi_s.c\n'}
[3.007778] (px4_msgs) StdoutLine: {'line': b'-- Up-to-date symlink: /home/maanavjugalshah/SwarmAero/ros2_ws/install/px4_msgs/local/lib/python3.10/dist-packages/px4_msgs/msg/_vehicle_status.py\n'}
[3.007816] (px4_msgs) StdoutLine: {'line': b'-- Up-to-date symlink: /home/maanavjugalshah/SwarmAero/ros2_ws/install/px4_msgs/local/lib/python3.10/dist-packages/px4_msgs/msg/_vehicle_status_s.c\n'}
[3.007928] (px4_msgs) StdoutLine: {'line': b'-- Up-to-date symlink: /home/maanavjugalshah/SwarmAero/ros2_ws/install/px4_msgs/local/lib/python3.10/dist-packages/px4_msgs/msg/_vehicle_thrust_setpoint.py\n'}
[3.007983] (px4_msgs) StdoutLine: {'line': b'-- Up-to-date symlink: /home/maanavjugalshah/SwarmAero/ros2_ws/install/px4_msgs/local/lib/python3.10/dist-packages/px4_msgs/msg/_vehicle_thrust_setpoint_s.c\n'}
[3.008236] (px4_msgs) StdoutLine: {'line': b'-- Up-to-date symlink: /home/maanavjugalshah/SwarmAero/ros2_ws/install/px4_msgs/local/lib/python3.10/dist-packages/px4_msgs/msg/_vehicle_torque_setpoint.py\n'}
[3.008285] (px4_msgs) StdoutLine: {'line': b'-- Up-to-date symlink: /home/maanavjugalshah/SwarmAero/ros2_ws/install/px4_msgs/local/lib/python3.10/dist-packages/px4_msgs/msg/_vehicle_torque_setpoint_s.c\n'}
[3.008321] (px4_msgs) StdoutLine: {'line': b'-- Up-to-date symlink: /home/maanavjugalshah/SwarmAero/ros2_ws/install/px4_msgs/local/lib/python3.10/dist-packages/px4_msgs/msg/_velocity_limits.py\n'}
[3.008356] (px4_msgs) StdoutLine: {'line': b'-- Up-to-date symlink: /home/maanavjugalshah/SwarmAero/ros2_ws/install/px4_msgs/local/lib/python3.10/dist-packages/px4_msgs/msg/_velocity_limits_s.c\n'}
[3.008735] (px4_msgs) StdoutLine: {'line': b'-- Up-to-date symlink: /home/maanavjugalshah/SwarmAero/ros2_ws/install/px4_msgs/local/lib/python3.10/dist-packages/px4_msgs/msg/_vtol_vehicle_status.py\n'}
[3.009173] (px4_msgs) StdoutLine: {'line': b'-- Up-to-date symlink: /home/maanavjugalshah/SwarmAero/ros2_ws/install/px4_msgs/local/lib/python3.10/dist-packages/px4_msgs/msg/_vtol_vehicle_status_s.c\n'}
[3.009279] (px4_msgs) StdoutLine: {'line': b'-- Up-to-date symlink: /home/maanavjugalshah/SwarmAero/ros2_ws/install/px4_msgs/local/lib/python3.10/dist-packages/px4_msgs/msg/_vtx.py\n'}
[3.009382] (px4_msgs) StdoutLine: {'line': b'-- Up-to-date symlink: /home/maanavjugalshah/SwarmAero/ros2_ws/install/px4_msgs/local/lib/python3.10/dist-packages/px4_msgs/msg/_vtx_s.c\n'}
[3.009504] (px4_msgs) StdoutLine: {'line': b'-- Up-to-date symlink: /home/maanavjugalshah/SwarmAero/ros2_ws/install/px4_msgs/local/lib/python3.10/dist-packages/px4_msgs/msg/_wheel_encoders.py\n'}
[3.009707] (px4_msgs) StdoutLine: {'line': b'-- Up-to-date symlink: /home/maanavjugalshah/SwarmAero/ros2_ws/install/px4_msgs/local/lib/python3.10/dist-packages/px4_msgs/msg/_wheel_encoders_s.c\n'}
[3.009821] (px4_msgs) StdoutLine: {'line': b'-- Up-to-date symlink: /home/maanavjugalshah/SwarmAero/ros2_ws/install/px4_msgs/local/lib/python3.10/dist-packages/px4_msgs/msg/_wind.py\n'}
[3.009903] (px4_msgs) StdoutLine: {'line': b'-- Up-to-date symlink: /home/maanavjugalshah/SwarmAero/ros2_ws/install/px4_msgs/local/lib/python3.10/dist-packages/px4_msgs/msg/_wind_s.c\n'}
[3.010090] (px4_msgs) StdoutLine: {'line': b'-- Up-to-date symlink: /home/maanavjugalshah/SwarmAero/ros2_ws/install/px4_msgs/local/lib/python3.10/dist-packages/px4_msgs/msg/_yaw_estimator_status.py\n'}
[3.010225] (px4_msgs) StdoutLine: {'line': b'-- Up-to-date symlink: /home/maanavjugalshah/SwarmAero/ros2_ws/install/px4_msgs/local/lib/python3.10/dist-packages/px4_msgs/msg/_yaw_estimator_status_s.c\n'}
[3.010270] (px4_msgs) StdoutLine: {'line': b'-- Up-to-date symlink: /home/maanavjugalshah/SwarmAero/ros2_ws/install/px4_msgs/local/lib/python3.10/dist-packages/px4_msgs/px4_msgs_s__rosidl_typesupport_c.cpython-310-x86_64-linux-gnu.so\n'}
[3.010310] (px4_msgs) StdoutLine: {'line': b'-- Up-to-date symlink: /home/maanavjugalshah/SwarmAero/ros2_ws/install/px4_msgs/local/lib/python3.10/dist-packages/px4_msgs/px4_msgs_s__rosidl_typesupport_fastrtps_c.cpython-310-x86_64-linux-gnu.so\n'}
[3.010346] (px4_msgs) StdoutLine: {'line': b'-- Up-to-date symlink: /home/maanavjugalshah/SwarmAero/ros2_ws/install/px4_msgs/local/lib/python3.10/dist-packages/px4_msgs/px4_msgs_s__rosidl_typesupport_introspection_c.cpython-310-x86_64-linux-gnu.so\n'}
[3.010537] (px4_msgs) StdoutLine: {'line': b'-- Up-to-date symlink: /home/maanavjugalshah/SwarmAero/ros2_ws/install/px4_msgs/local/lib/python3.10/dist-packages/px4_msgs/srv/__init__.py\n'}
[3.010734] (px4_msgs) StdoutLine: {'line': b'-- Up-to-date symlink: /home/maanavjugalshah/SwarmAero/ros2_ws/install/px4_msgs/local/lib/python3.10/dist-packages/px4_msgs/srv/_vehicle_command.py\n'}
[3.010780] (px4_msgs) StdoutLine: {'line': b'-- Up-to-date symlink: /home/maanavjugalshah/SwarmAero/ros2_ws/install/px4_msgs/local/lib/python3.10/dist-packages/px4_msgs/srv/_vehicle_command_s.c\n'}
[3.011031] (px4_msgs) StdoutLine: {'line': b'-- Up-to-date symlink: /home/maanavjugalshah/SwarmAero/ros2_ws/install/px4_msgs/local/lib/python3.10/dist-packages/px4_msgs/px4_msgs_s__rosidl_typesupport_fastrtps_c.cpython-310-x86_64-linux-gnu.so\n'}
[3.011337] (px4_msgs) StdoutLine: {'line': b'-- Up-to-date symlink: /home/maanavjugalshah/SwarmAero/ros2_ws/install/px4_msgs/local/lib/python3.10/dist-packages/px4_msgs/px4_msgs_s__rosidl_typesupport_introspection_c.cpython-310-x86_64-linux-gnu.so\n'}
[3.011384] (px4_msgs) StdoutLine: {'line': b'-- Up-to-date symlink: /home/maanavjugalshah/SwarmAero/ros2_ws/install/px4_msgs/local/lib/python3.10/dist-packages/px4_msgs/px4_msgs_s__rosidl_typesupport_c.cpython-310-x86_64-linux-gnu.so\n'}
[3.011425] (px4_msgs) StdoutLine: {'line': b'-- Up-to-date symlink: /home/maanavjugalshah/SwarmAero/ros2_ws/install/px4_msgs/share/ament_index/resource_index/rust_packages/px4_msgs\n'}
[3.011573] (px4_msgs) StdoutLine: {'line': b'-- Up-to-date symlink: /home/maanavjugalshah/SwarmAero/ros2_ws/install/px4_msgs/share/px4_msgs/rust/Cargo.toml\n'}
[3.011788] (px4_msgs) StdoutLine: {'line': b'-- Up-to-date symlink: /home/maanavjugalshah/SwarmAero/ros2_ws/install/px4_msgs/share/px4_msgs/rust/build.rs\n'}
[3.011901] (px4_msgs) StdoutLine: {'line': b'-- Up-to-date symlink: /home/maanavjugalshah/SwarmAero/ros2_ws/install/px4_msgs/share/px4_msgs/rust/src/lib.rs\n'}
[3.011969] (px4_msgs) StdoutLine: {'line': b'-- Up-to-date symlink: /home/maanavjugalshah/SwarmAero/ros2_ws/install/px4_msgs/share/px4_msgs/rust/src/msg.rs\n'}
[3.012037] (px4_msgs) StdoutLine: {'line': b'-- Up-to-date symlink: /home/maanavjugalshah/SwarmAero/ros2_ws/install/px4_msgs/share/px4_msgs/rust/src/msg/rmw.rs\n'}
[3.012119] (px4_msgs) StdoutLine: {'line': b'-- Up-to-date symlink: /home/maanavjugalshah/SwarmAero/ros2_ws/install/px4_msgs/share/px4_msgs/rust/src/srv.rs\n'}
[3.012353] (px4_msgs) StdoutLine: {'line': b'-- Up-to-date symlink: /home/maanavjugalshah/SwarmAero/ros2_ws/install/px4_msgs/share/px4_msgs/rust/src/srv/rmw.rs\n'}
[3.012456] (px4_msgs) StdoutLine: {'line': b'-- Up-to-date symlink: /home/maanavjugalshah/SwarmAero/ros2_ws/install/px4_msgs/share/px4_msgs/msg/ActionRequest.idl\n'}
[3.012800] (-) TimerEvent: {}
[3.012930] (px4_msgs) StdoutLine: {'line': b'-- Up-to-date symlink: /home/maanavjugalshah/SwarmAero/ros2_ws/install/px4_msgs/share/px4_msgs/msg/ActuatorArmed.idl\n'}
[3.013012] (px4_msgs) StdoutLine: {'line': b'-- Up-to-date symlink: /home/maanavjugalshah/SwarmAero/ros2_ws/install/px4_msgs/share/px4_msgs/msg/ActuatorControlsStatus.idl\n'}
[3.013083] (px4_msgs) StdoutLine: {'line': b'-- Up-to-date symlink: /home/maanavjugalshah/SwarmAero/ros2_ws/install/px4_msgs/share/px4_msgs/msg/ActuatorMotors.idl\n'}
[3.013150] (px4_msgs) StdoutLine: {'line': b'-- Up-to-date symlink: /home/maanavjugalshah/SwarmAero/ros2_ws/install/px4_msgs/share/px4_msgs/msg/ActuatorOutputs.idl\n'}
[3.013391] (px4_msgs) StdoutLine: {'line': b'-- Up-to-date symlink: /home/maanavjugalshah/SwarmAero/ros2_ws/install/px4_msgs/share/px4_msgs/msg/ActuatorServos.idl\n'}
[3.013605] (px4_msgs) StdoutLine: {'line': b'-- Up-to-date symlink: /home/maanavjugalshah/SwarmAero/ros2_ws/install/px4_msgs/share/px4_msgs/msg/ActuatorServosTrim.idl\n'}
[3.013673] (px4_msgs) StdoutLine: {'line': b'-- Up-to-date symlink: /home/maanavjugalshah/SwarmAero/ros2_ws/install/px4_msgs/share/px4_msgs/msg/ActuatorTest.idl\n'}
[3.013741] (px4_msgs) StdoutLine: {'line': b'-- Up-to-date symlink: /home/maanavjugalshah/SwarmAero/ros2_ws/install/px4_msgs/share/px4_msgs/msg/AdcReport.idl\n'}
[3.013888] (px4_msgs) StdoutLine: {'line': b'-- Up-to-date symlink: /home/maanavjugalshah/SwarmAero/ros2_ws/install/px4_msgs/share/px4_msgs/msg/Airspeed.idl\n'}
[3.014008] (px4_msgs) StdoutLine: {'line': b'-- Up-to-date symlink: /home/maanavjugalshah/SwarmAero/ros2_ws/install/px4_msgs/share/px4_msgs/msg/AirspeedValidated.idl\n'}
[3.014110] (px4_msgs) StdoutLine: {'line': b'-- Up-to-date symlink: /home/maanavjugalshah/SwarmAero/ros2_ws/install/px4_msgs/share/px4_msgs/msg/AirspeedWind.idl\n'}
[3.014236] (px4_msgs) StdoutLine: {'line': b'-- Up-to-date symlink: /home/maanavjugalshah/SwarmAero/ros2_ws/install/px4_msgs/share/px4_msgs/msg/ArmingCheckReply.idl\n'}
[3.014279] (px4_msgs) StdoutLine: {'line': b'-- Up-to-date symlink: /home/maanavjugalshah/SwarmAero/ros2_ws/install/px4_msgs/share/px4_msgs/msg/ArmingCheckRequest.idl\n'}
[3.014359] (px4_msgs) StdoutLine: {'line': b'-- Up-to-date symlink: /home/maanavjugalshah/SwarmAero/ros2_ws/install/px4_msgs/share/px4_msgs/msg/AutotuneAttitudeControlStatus.idl\n'}
[3.014528] (px4_msgs) StdoutLine: {'line': b'-- Up-to-date symlink: /home/maanavjugalshah/SwarmAero/ros2_ws/install/px4_msgs/share/px4_msgs/msg/AuxGlobalPosition.idl\n'}
[3.014646] (px4_msgs) StdoutLine: {'line': b'-- Up-to-date symlink: /home/maanavjugalshah/SwarmAero/ros2_ws/install/px4_msgs/share/px4_msgs/msg/BatteryInfo.idl\n'}
[3.014780] (px4_msgs) StdoutLine: {'line': b'-- Up-to-date symlink: /home/maanavjugalshah/SwarmAero/ros2_ws/install/px4_msgs/share/px4_msgs/msg/BatteryStatus.idl\n'}
[3.014893] (px4_msgs) StdoutLine: {'line': b'-- Up-to-date symlink: /home/maanavjugalshah/SwarmAero/ros2_ws/install/px4_msgs/share/px4_msgs/msg/ButtonEvent.idl\n'}
[3.015004] (px4_msgs) StdoutLine: {'line': b'-- Up-to-date symlink: /home/maanavjugalshah/SwarmAero/ros2_ws/install/px4_msgs/share/px4_msgs/msg/CameraCapture.idl\n'}
[3.015046] (px4_msgs) StdoutLine: {'line': b'-- Up-to-date symlink: /home/maanavjugalshah/SwarmAero/ros2_ws/install/px4_msgs/share/px4_msgs/msg/CameraStatus.idl\n'}
[3.015086] (px4_msgs) StdoutLine: {'line': b'-- Up-to-date symlink: /home/maanavjugalshah/SwarmAero/ros2_ws/install/px4_msgs/share/px4_msgs/msg/CameraTrigger.idl\n'}
[3.015221] (px4_msgs) StdoutLine: {'line': b'-- Up-to-date symlink: /home/maanavjugalshah/SwarmAero/ros2_ws/install/px4_msgs/share/px4_msgs/msg/CanInterfaceStatus.idl\n'}
[3.015264] (px4_msgs) StdoutLine: {'line': b'-- Up-to-date symlink: /home/maanavjugalshah/SwarmAero/ros2_ws/install/px4_msgs/share/px4_msgs/msg/CellularStatus.idl\n'}
[3.015433] (px4_msgs) StdoutLine: {'line': b'-- Up-to-date symlink: /home/maanavjugalshah/SwarmAero/ros2_ws/install/px4_msgs/share/px4_msgs/msg/CollisionConstraints.idl\n'}
[3.015753] (px4_msgs) StdoutLine: {'line': b'-- Up-to-date symlink: /home/maanavjugalshah/SwarmAero/ros2_ws/install/px4_msgs/share/px4_msgs/msg/ConfigOverrides.idl\n'}
[3.016089] (px4_msgs) StdoutLine: {'line': b'-- Up-to-date symlink: /home/maanavjugalshah/SwarmAero/ros2_ws/install/px4_msgs/share/px4_msgs/msg/ControlAllocatorStatus.idl\n'}
[3.016318] (px4_msgs) StdoutLine: {'line': b'-- Up-to-date symlink: /home/maanavjugalshah/SwarmAero/ros2_ws/install/px4_msgs/share/px4_msgs/msg/Cpuload.idl\n'}
[3.016408] (px4_msgs) StdoutLine: {'line': b'-- Up-to-date symlink: /home/maanavjugalshah/SwarmAero/ros2_ws/install/px4_msgs/share/px4_msgs/msg/DatamanRequest.idl\n'}
[3.016499] (px4_msgs) StdoutLine: {'line': b'-- Up-to-date symlink: /home/maanavjugalshah/SwarmAero/ros2_ws/install/px4_msgs/share/px4_msgs/msg/DatamanResponse.idl\n'}
[3.016594] (px4_msgs) StdoutLine: {'line': b'-- Up-to-date symlink: /home/maanavjugalshah/SwarmAero/ros2_ws/install/px4_msgs/share/px4_msgs/msg/DebugArray.idl\n'}
[3.017176] (px4_msgs) StdoutLine: {'line': b'-- Up-to-date symlink: /home/maanavjugalshah/SwarmAero/ros2_ws/install/px4_msgs/share/px4_msgs/msg/DebugKeyValue.idl\n'}
[3.017686] (px4_msgs) StdoutLine: {'line': b'-- Up-to-date symlink: /home/maanavjugalshah/SwarmAero/ros2_ws/install/px4_msgs/share/px4_msgs/msg/DebugValue.idl\n'}
[3.017932] (px4_msgs) StdoutLine: {'line': b'-- Up-to-date symlink: /home/maanavjugalshah/SwarmAero/ros2_ws/install/px4_msgs/share/px4_msgs/msg/DebugVect.idl\n'}
[3.018205] (px4_msgs) StdoutLine: {'line': b'-- Up-to-date symlink: /home/maanavjugalshah/SwarmAero/ros2_ws/install/px4_msgs/share/px4_msgs/msg/DeviceInformation.idl\n'}
[3.018399] (px4_msgs) StdoutLine: {'line': b'-- Up-to-date symlink: /home/maanavjugalshah/SwarmAero/ros2_ws/install/px4_msgs/share/px4_msgs/msg/DifferentialPressure.idl\n'}
[3.018565] (px4_msgs) StdoutLine: {'line': b'-- Up-to-date symlink: /home/maanavjugalshah/SwarmAero/ros2_ws/install/px4_msgs/share/px4_msgs/msg/DistanceSensor.idl\n'}
[3.018664] (px4_msgs) StdoutLine: {'line': b'-- Up-to-date symlink: /home/maanavjugalshah/SwarmAero/ros2_ws/install/px4_msgs/share/px4_msgs/msg/DistanceSensorModeChangeRequest.idl\n'}
[3.018782] (px4_msgs) StdoutLine: {'line': b'-- Up-to-date symlink: /home/maanavjugalshah/SwarmAero/ros2_ws/install/px4_msgs/share/px4_msgs/msg/DronecanNodeStatus.idl\n'}
[3.018941] (px4_msgs) StdoutLine: {'line': b'-- Up-to-date symlink: /home/maanavjugalshah/SwarmAero/ros2_ws/install/px4_msgs/share/px4_msgs/msg/Ekf2Timestamps.idl\n'}
[3.018987] (px4_msgs) StdoutLine: {'line': b'-- Up-to-date symlink: /home/maanavjugalshah/SwarmAero/ros2_ws/install/px4_msgs/share/px4_msgs/msg/EscEepromRead.idl\n'}
[3.019080] (px4_msgs) StdoutLine: {'line': b'-- Up-to-date symlink: /home/maanavjugalshah/SwarmAero/ros2_ws/install/px4_msgs/share/px4_msgs/msg/EscEepromWrite.idl\n'}
[3.019131] (px4_msgs) StdoutLine: {'line': b'-- Up-to-date symlink: /home/maanavjugalshah/SwarmAero/ros2_ws/install/px4_msgs/share/px4_msgs/msg/EscReport.idl\n'}
[3.019169] (px4_msgs) StdoutLine: {'line': b'-- Up-to-date symlink: /home/maanavjugalshah/SwarmAero/ros2_ws/install/px4_msgs/share/px4_msgs/msg/EscStatus.idl\n'}
[3.019298] (px4_msgs) StdoutLine: {'line': b'-- Up-to-date symlink: /home/maanavjugalshah/SwarmAero/ros2_ws/install/px4_msgs/share/px4_msgs/msg/EstimatorAidSource1d.idl\n'}
[3.019387] (px4_msgs) StdoutLine: {'line': b'-- Up-to-date symlink: /home/maanavjugalshah/SwarmAero/ros2_ws/install/px4_msgs/share/px4_msgs/msg/EstimatorAidSource2d.idl\n'}
[3.019544] (px4_msgs) StdoutLine: {'line': b'-- Up-to-date symlink: /home/maanavjugalshah/SwarmAero/ros2_ws/install/px4_msgs/share/px4_msgs/msg/EstimatorAidSource3d.idl\n'}
[3.019592] (px4_msgs) StdoutLine: {'line': b'-- Up-to-date symlink: /home/maanavjugalshah/SwarmAero/ros2_ws/install/px4_msgs/share/px4_msgs/msg/EstimatorBias.idl\n'}
[3.019889] (px4_msgs) StdoutLine: {'line': b'-- Up-to-date symlink: /home/maanavjugalshah/SwarmAero/ros2_ws/install/px4_msgs/share/px4_msgs/msg/EstimatorBias3d.idl\n'}
[3.020077] (px4_msgs) StdoutLine: {'line': b'-- Up-to-date symlink: /home/maanavjugalshah/SwarmAero/ros2_ws/install/px4_msgs/share/px4_msgs/msg/EstimatorEventFlags.idl\n'}
[3.020262] (px4_msgs) StdoutLine: {'line': b'-- Up-to-date symlink: /home/maanavjugalshah/SwarmAero/ros2_ws/install/px4_msgs/share/px4_msgs/msg/EstimatorFusionControl.idl\n'}
[3.020335] (px4_msgs) StdoutLine: {'line': b'-- Up-to-date symlink: /home/maanavjugalshah/SwarmAero/ros2_ws/install/px4_msgs/share/px4_msgs/msg/EstimatorGpsStatus.idl\n'}
[3.020576] (px4_msgs) StdoutLine: {'line': b'-- Up-to-date symlink: /home/maanavjugalshah/SwarmAero/ros2_ws/install/px4_msgs/share/px4_msgs/msg/EstimatorInnovations.idl\n'}
[3.020631] (px4_msgs) StdoutLine: {'line': b'-- Up-to-date symlink: /home/maanavjugalshah/SwarmAero/ros2_ws/install/px4_msgs/share/px4_msgs/msg/EstimatorSelectorStatus.idl\n'}
[3.020668] (px4_msgs) StdoutLine: {'line': b'-- Up-to-date symlink: /home/maanavjugalshah/SwarmAero/ros2_ws/install/px4_msgs/share/px4_msgs/msg/EstimatorSensorBias.idl\n'}
[3.020703] (px4_msgs) StdoutLine: {'line': b'-- Up-to-date symlink: /home/maanavjugalshah/SwarmAero/ros2_ws/install/px4_msgs/share/px4_msgs/msg/EstimatorStates.idl\n'}
[3.020745] (px4_msgs) StdoutLine: {'line': b'-- Up-to-date symlink: /home/maanavjugalshah/SwarmAero/ros2_ws/install/px4_msgs/share/px4_msgs/msg/EstimatorStatus.idl\n'}
[3.020778] (px4_msgs) StdoutLine: {'line': b'-- Up-to-date symlink: /home/maanavjugalshah/SwarmAero/ros2_ws/install/px4_msgs/share/px4_msgs/msg/EstimatorStatusFlags.idl\n'}
[3.020814] (px4_msgs) StdoutLine: {'line': b'-- Up-to-date symlink: /home/maanavjugalshah/SwarmAero/ros2_ws/install/px4_msgs/share/px4_msgs/msg/Event.idl\n'}
[3.020848] (px4_msgs) StdoutLine: {'line': b'-- Up-to-date symlink: /home/maanavjugalshah/SwarmAero/ros2_ws/install/px4_msgs/share/px4_msgs/msg/FailsafeFlags.idl\n'}
[3.020882] (px4_msgs) StdoutLine: {'line': b'-- Up-to-date symlink: /home/maanavjugalshah/SwarmAero/ros2_ws/install/px4_msgs/share/px4_msgs/msg/FailureDetectorStatus.idl\n'}
[3.020916] (px4_msgs) StdoutLine: {'line': b'-- Up-to-date symlink: /home/maanavjugalshah/SwarmAero/ros2_ws/install/px4_msgs/share/px4_msgs/msg/FigureEightStatus.idl\n'}
[3.020949] (px4_msgs) StdoutLine: {'line': b'-- Up-to-date symlink: /home/maanavjugalshah/SwarmAero/ros2_ws/install/px4_msgs/share/px4_msgs/msg/FixedWingLateralGuidanceStatus.idl\n'}
[3.020983] (px4_msgs) StdoutLine: {'line': b'-- Up-to-date symlink: /home/maanavjugalshah/SwarmAero/ros2_ws/install/px4_msgs/share/px4_msgs/msg/FixedWingLateralSetpoint.idl\n'}
[3.021018] (px4_msgs) StdoutLine: {'line': b'-- Up-to-date symlink: /home/maanavjugalshah/SwarmAero/ros2_ws/install/px4_msgs/share/px4_msgs/msg/FixedWingLateralStatus.idl\n'}
[3.021051] (px4_msgs) StdoutLine: {'line': b'-- Up-to-date symlink: /home/maanavjugalshah/SwarmAero/ros2_ws/install/px4_msgs/share/px4_msgs/msg/FixedWingLongitudinalSetpoint.idl\n'}
[3.021086] (px4_msgs) StdoutLine: {'line': b'-- Up-to-date symlink: /home/maanavjugalshah/SwarmAero/ros2_ws/install/px4_msgs/share/px4_msgs/msg/FixedWingRunwayControl.idl\n'}
[3.021119] (px4_msgs) StdoutLine: {'line': b'-- Up-to-date symlink: /home/maanavjugalshah/SwarmAero/ros2_ws/install/px4_msgs/share/px4_msgs/msg/FlightPhaseEstimation.idl\n'}
[3.021152] (px4_msgs) StdoutLine: {'line': b'-- Up-to-date symlink: /home/maanavjugalshah/SwarmAero/ros2_ws/install/px4_msgs/share/px4_msgs/msg/FollowTarget.idl\n'}
[3.021216] (px4_msgs) StdoutLine: {'line': b'-- Up-to-date symlink: /home/maanavjugalshah/SwarmAero/ros2_ws/install/px4_msgs/share/px4_msgs/msg/FollowTargetEstimator.idl\n'}
[3.021256] (px4_msgs) StdoutLine: {'line': b'-- Up-to-date symlink: /home/maanavjugalshah/SwarmAero/ros2_ws/install/px4_msgs/share/px4_msgs/msg/FollowTargetStatus.idl\n'}
[3.021292] (px4_msgs) StdoutLine: {'line': b'-- Up-to-date symlink: /home/maanavjugalshah/SwarmAero/ros2_ws/install/px4_msgs/share/px4_msgs/msg/FuelTankStatus.idl\n'}
[3.021327] (px4_msgs) StdoutLine: {'line': b'-- Up-to-date symlink: /home/maanavjugalshah/SwarmAero/ros2_ws/install/px4_msgs/share/px4_msgs/msg/GainCompression.idl\n'}
[3.021361] (px4_msgs) StdoutLine: {'line': b'-- Up-to-date symlink: /home/maanavjugalshah/SwarmAero/ros2_ws/install/px4_msgs/share/px4_msgs/msg/GeneratorStatus.idl\n'}
[3.021397] (px4_msgs) StdoutLine: {'line': b'-- Up-to-date symlink: /home/maanavjugalshah/SwarmAero/ros2_ws/install/px4_msgs/share/px4_msgs/msg/GeofenceResult.idl\n'}
[3.021432] (px4_msgs) StdoutLine: {'line': b'-- Up-to-date symlink: /home/maanavjugalshah/SwarmAero/ros2_ws/install/px4_msgs/share/px4_msgs/msg/GeofenceStatus.idl\n'}
[3.021466] (px4_msgs) StdoutLine: {'line': b'-- Up-to-date symlink: /home/maanavjugalshah/SwarmAero/ros2_ws/install/px4_msgs/share/px4_msgs/msg/GimbalControls.idl\n'}
[3.021505] (px4_msgs) StdoutLine: {'line': b'-- Up-to-date symlink: /home/maanavjugalshah/SwarmAero/ros2_ws/install/px4_msgs/share/px4_msgs/msg/GimbalDeviceAttitudeStatus.idl\n'}
[3.021545] (px4_msgs) StdoutLine: {'line': b'-- Up-to-date symlink: /home/maanavjugalshah/SwarmAero/ros2_ws/install/px4_msgs/share/px4_msgs/msg/GimbalDeviceInformation.idl\n'}
[3.021582] (px4_msgs) StdoutLine: {'line': b'-- Up-to-date symlink: /home/maanavjugalshah/SwarmAero/ros2_ws/install/px4_msgs/share/px4_msgs/msg/GimbalDeviceSetAttitude.idl\n'}
[3.021618] (px4_msgs) StdoutLine: {'line': b'-- Up-to-date symlink: /home/maanavjugalshah/SwarmAero/ros2_ws/install/px4_msgs/share/px4_msgs/msg/GimbalManagerInformation.idl\n'}
[3.021653] (px4_msgs) StdoutLine: {'line': b'-- Up-to-date symlink: /home/maanavjugalshah/SwarmAero/ros2_ws/install/px4_msgs/share/px4_msgs/msg/GimbalManagerSetAttitude.idl\n'}
[3.021689] (px4_msgs) StdoutLine: {'line': b'-- Up-to-date symlink: /home/maanavjugalshah/SwarmAero/ros2_ws/install/px4_msgs/share/px4_msgs/msg/GimbalManagerSetManualControl.idl\n'}
[3.021723] (px4_msgs) StdoutLine: {'line': b'-- Up-to-date symlink: /home/maanavjugalshah/SwarmAero/ros2_ws/install/px4_msgs/share/px4_msgs/msg/GimbalManagerStatus.idl\n'}
[3.021759] (px4_msgs) StdoutLine: {'line': b'-- Up-to-date symlink: /home/maanavjugalshah/SwarmAero/ros2_ws/install/px4_msgs/share/px4_msgs/msg/GotoSetpoint.idl\n'}
[3.021793] (px4_msgs) StdoutLine: {'line': b'-- Up-to-date symlink: /home/maanavjugalshah/SwarmAero/ros2_ws/install/px4_msgs/share/px4_msgs/msg/GpioConfig.idl\n'}
[3.021827] (px4_msgs) StdoutLine: {'line': b'-- Up-to-date symlink: /home/maanavjugalshah/SwarmAero/ros2_ws/install/px4_msgs/share/px4_msgs/msg/GpioIn.idl\n'}
[3.021861] (px4_msgs) StdoutLine: {'line': b'-- Up-to-date symlink: /home/maanavjugalshah/SwarmAero/ros2_ws/install/px4_msgs/share/px4_msgs/msg/GpioOut.idl\n'}
[3.021893] (px4_msgs) StdoutLine: {'line': b'-- Up-to-date symlink: /home/maanavjugalshah/SwarmAero/ros2_ws/install/px4_msgs/share/px4_msgs/msg/GpioRequest.idl\n'}
[3.021925] (px4_msgs) StdoutLine: {'line': b'-- Up-to-date symlink: /home/maanavjugalshah/SwarmAero/ros2_ws/install/px4_msgs/share/px4_msgs/msg/GpsDump.idl\n'}
[3.021955] (px4_msgs) StdoutLine: {'line': b'-- Up-to-date symlink: /home/maanavjugalshah/SwarmAero/ros2_ws/install/px4_msgs/share/px4_msgs/msg/GpsInjectData.idl\n'}
[3.021986] (px4_msgs) StdoutLine: {'line': b'-- Up-to-date symlink: /home/maanavjugalshah/SwarmAero/ros2_ws/install/px4_msgs/share/px4_msgs/msg/Gripper.idl\n'}
[3.022017] (px4_msgs) StdoutLine: {'line': b'-- Up-to-date symlink: /home/maanavjugalshah/SwarmAero/ros2_ws/install/px4_msgs/share/px4_msgs/msg/HealthReport.idl\n'}
[3.022048] (px4_msgs) StdoutLine: {'line': b'-- Up-to-date symlink: /home/maanavjugalshah/SwarmAero/ros2_ws/install/px4_msgs/share/px4_msgs/msg/HeaterStatus.idl\n'}
[3.022079] (px4_msgs) StdoutLine: {'line': b'-- Up-to-date symlink: /home/maanavjugalshah/SwarmAero/ros2_ws/install/px4_msgs/share/px4_msgs/msg/HomePosition.idl\n'}
[3.022110] (px4_msgs) StdoutLine: {'line': b'-- Up-to-date symlink: /home/maanavjugalshah/SwarmAero/ros2_ws/install/px4_msgs/share/px4_msgs/msg/HoverThrustEstimate.idl\n'}
[3.022141] (px4_msgs) StdoutLine: {'line': b'-- Up-to-date symlink: /home/maanavjugalshah/SwarmAero/ros2_ws/install/px4_msgs/share/px4_msgs/msg/InputRc.idl\n'}
[3.022192] (px4_msgs) StdoutLine: {'line': b'-- Up-to-date symlink: /home/maanavjugalshah/SwarmAero/ros2_ws/install/px4_msgs/share/px4_msgs/msg/InternalCombustionEngineControl.idl\n'}
[3.022270] (px4_msgs) StdoutLine: {'line': b'-- Up-to-date symlink: /home/maanavjugalshah/SwarmAero/ros2_ws/install/px4_msgs/share/px4_msgs/msg/InternalCombustionEngineStatus.idl\n'}
[3.022312] (px4_msgs) StdoutLine: {'line': b'-- Up-to-date symlink: /home/maanavjugalshah/SwarmAero/ros2_ws/install/px4_msgs/share/px4_msgs/msg/IridiumsbdStatus.idl\n'}
[3.022348] (px4_msgs) StdoutLine: {'line': b'-- Up-to-date symlink: /home/maanavjugalshah/SwarmAero/ros2_ws/install/px4_msgs/share/px4_msgs/msg/IrlockReport.idl\n'}
[3.022384] (px4_msgs) StdoutLine: {'line': b'-- Up-to-date symlink: /home/maanavjugalshah/SwarmAero/ros2_ws/install/px4_msgs/share/px4_msgs/msg/LandingGear.idl\n'}
[3.022419] (px4_msgs) StdoutLine: {'line': b'-- Up-to-date symlink: /home/maanavjugalshah/SwarmAero/ros2_ws/install/px4_msgs/share/px4_msgs/msg/LandingGearWheel.idl\n'}
[3.022453] (px4_msgs) StdoutLine: {'line': b'-- Up-to-date symlink: /home/maanavjugalshah/SwarmAero/ros2_ws/install/px4_msgs/share/px4_msgs/msg/LandingTargetInnovations.idl\n'}
[3.022487] (px4_msgs) StdoutLine: {'line': b'-- Up-to-date symlink: /home/maanavjugalshah/SwarmAero/ros2_ws/install/px4_msgs/share/px4_msgs/msg/LandingTargetPose.idl\n'}
[3.022521] (px4_msgs) StdoutLine: {'line': b'-- Up-to-date symlink: /home/maanavjugalshah/SwarmAero/ros2_ws/install/px4_msgs/share/px4_msgs/msg/LateralControlConfiguration.idl\n'}
[3.022558] (px4_msgs) StdoutLine: {'line': b'-- Up-to-date symlink: /home/maanavjugalshah/SwarmAero/ros2_ws/install/px4_msgs/share/px4_msgs/msg/LaunchDetectionStatus.idl\n'}
[3.022591] (px4_msgs) StdoutLine: {'line': b'-- Up-to-date symlink: /home/maanavjugalshah/SwarmAero/ros2_ws/install/px4_msgs/share/px4_msgs/msg/LedControl.idl\n'}
[3.022624] (px4_msgs) StdoutLine: {'line': b'-- Up-to-date symlink: /home/maanavjugalshah/SwarmAero/ros2_ws/install/px4_msgs/share/px4_msgs/msg/LogMessage.idl\n'}
[3.022661] (px4_msgs) StdoutLine: {'line': b'-- Up-to-date symlink: /home/maanavjugalshah/SwarmAero/ros2_ws/install/px4_msgs/share/px4_msgs/msg/LoggerStatus.idl\n'}
[3.022696] (px4_msgs) StdoutLine: {'line': b'-- Up-to-date symlink: /home/maanavjugalshah/SwarmAero/ros2_ws/install/px4_msgs/share/px4_msgs/msg/LongitudinalControlConfiguration.idl\n'}
[3.022734] (px4_msgs) StdoutLine: {'line': b'-- Up-to-date symlink: /home/maanavjugalshah/SwarmAero/ros2_ws/install/px4_msgs/share/px4_msgs/msg/MagWorkerData.idl\n'}
[3.022767] (px4_msgs) StdoutLine: {'line': b'-- Up-to-date symlink: /home/maanavjugalshah/SwarmAero/ros2_ws/install/px4_msgs/share/px4_msgs/msg/MagnetometerBiasEstimate.idl\n'}
[3.022800] (px4_msgs) StdoutLine: {'line': b'-- Up-to-date symlink: /home/maanavjugalshah/SwarmAero/ros2_ws/install/px4_msgs/share/px4_msgs/msg/ManualControlSetpoint.idl\n'}
[3.022833] (px4_msgs) StdoutLine: {'line': b'-- Up-to-date symlink: /home/maanavjugalshah/SwarmAero/ros2_ws/install/px4_msgs/share/px4_msgs/msg/ManualControlSwitches.idl\n'}
[3.022865] (px4_msgs) StdoutLine: {'line': b'-- Up-to-date symlink: /home/maanavjugalshah/SwarmAero/ros2_ws/install/px4_msgs/share/px4_msgs/msg/MavlinkLog.idl\n'}
[3.022898] (px4_msgs) StdoutLine: {'line': b'-- Up-to-date symlink: /home/maanavjugalshah/SwarmAero/ros2_ws/install/px4_msgs/share/px4_msgs/msg/MavlinkTunnel.idl\n'}
[3.022930] (px4_msgs) StdoutLine: {'line': b'-- Up-to-date symlink: /home/maanavjugalshah/SwarmAero/ros2_ws/install/px4_msgs/share/px4_msgs/msg/MessageFormatRequest.idl\n'}
[3.022963] (px4_msgs) StdoutLine: {'line': b'-- Up-to-date symlink: /home/maanavjugalshah/SwarmAero/ros2_ws/install/px4_msgs/share/px4_msgs/msg/MessageFormatResponse.idl\n'}
[3.022998] (px4_msgs) StdoutLine: {'line': b'-- Up-to-date symlink: /home/maanavjugalshah/SwarmAero/ros2_ws/install/px4_msgs/share/px4_msgs/msg/Mission.idl\n'}
[3.023031] (px4_msgs) StdoutLine: {'line': b'-- Up-to-date symlink: /home/maanavjugalshah/SwarmAero/ros2_ws/install/px4_msgs/share/px4_msgs/msg/MissionResult.idl\n'}
[3.023063] (px4_msgs) StdoutLine: {'line': b'-- Up-to-date symlink: /home/maanavjugalshah/SwarmAero/ros2_ws/install/px4_msgs/share/px4_msgs/msg/ModeCompleted.idl\n'}
[3.023095] (px4_msgs) StdoutLine: {'line': b'-- Up-to-date symlink: /home/maanavjugalshah/SwarmAero/ros2_ws/install/px4_msgs/share/px4_msgs/msg/MountOrientation.idl\n'}
[3.023127] (px4_msgs) StdoutLine: {'line': b'-- Up-to-date symlink: /home/maanavjugalshah/SwarmAero/ros2_ws/install/px4_msgs/share/px4_msgs/msg/NavigatorMissionItem.idl\n'}
[3.023159] (px4_msgs) StdoutLine: {'line': b'-- Up-to-date symlink: /home/maanavjugalshah/SwarmAero/ros2_ws/install/px4_msgs/share/px4_msgs/msg/NavigatorStatus.idl\n'}
[3.023241] (px4_msgs) StdoutLine: {'line': b'-- Up-to-date symlink: /home/maanavjugalshah/SwarmAero/ros2_ws/install/px4_msgs/share/px4_msgs/msg/NeuralControl.idl\n'}
[3.023283] (px4_msgs) StdoutLine: {'line': b'-- Up-to-date symlink: /home/maanavjugalshah/SwarmAero/ros2_ws/install/px4_msgs/share/px4_msgs/msg/NormalizedUnsignedSetpoint.idl\n'}
[3.023319] (px4_msgs) StdoutLine: {'line': b'-- Up-to-date symlink: /home/maanavjugalshah/SwarmAero/ros2_ws/install/px4_msgs/share/px4_msgs/msg/ObstacleDistance.idl\n'}
[3.023353] (px4_msgs) StdoutLine: {'line': b'-- Up-to-date symlink: /home/maanavjugalshah/SwarmAero/ros2_ws/install/px4_msgs/share/px4_msgs/msg/OffboardControlMode.idl\n'}
[3.023387] (px4_msgs) StdoutLine: {'line': b'-- Up-to-date symlink: /home/maanavjugalshah/SwarmAero/ros2_ws/install/px4_msgs/share/px4_msgs/msg/OnboardComputerStatus.idl\n'}
[3.023444] (px4_msgs) StdoutLine: {'line': b'-- Up-to-date symlink: /home/maanavjugalshah/SwarmAero/ros2_ws/install/px4_msgs/share/px4_msgs/msg/OpenDroneIdArmStatus.idl\n'}
[3.023569] (px4_msgs) StdoutLine: {'line': b'-- Up-to-date symlink: /home/maanavjugalshah/SwarmAero/ros2_ws/install/px4_msgs/share/px4_msgs/msg/OpenDroneIdOperatorId.idl\n'}
[3.023641] (px4_msgs) StdoutLine: {'line': b'-- Up-to-date symlink: /home/maanavjugalshah/SwarmAero/ros2_ws/install/px4_msgs/share/px4_msgs/msg/OpenDroneIdSelfId.idl\n'}
[3.023681] (px4_msgs) StdoutLine: {'line': b'-- Up-to-date symlink: /home/maanavjugalshah/SwarmAero/ros2_ws/install/px4_msgs/share/px4_msgs/msg/OpenDroneIdSystem.idl\n'}
[3.023747] (px4_msgs) StdoutLine: {'line': b'-- Up-to-date symlink: /home/maanavjugalshah/SwarmAero/ros2_ws/install/px4_msgs/share/px4_msgs/msg/OrbTest.idl\n'}
[3.023785] (px4_msgs) StdoutLine: {'line': b'-- Up-to-date symlink: /home/maanavjugalshah/SwarmAero/ros2_ws/install/px4_msgs/share/px4_msgs/msg/OrbTestLarge.idl\n'}
[3.023820] (px4_msgs) StdoutLine: {'line': b'-- Up-to-date symlink: /home/maanavjugalshah/SwarmAero/ros2_ws/install/px4_msgs/share/px4_msgs/msg/OrbTestMedium.idl\n'}
[3.023855] (px4_msgs) StdoutLine: {'line': b'-- Up-to-date symlink: /home/maanavjugalshah/SwarmAero/ros2_ws/install/px4_msgs/share/px4_msgs/msg/OrbitStatus.idl\n'}
[3.023889] (px4_msgs) StdoutLine: {'line': b'-- Up-to-date symlink: /home/maanavjugalshah/SwarmAero/ros2_ws/install/px4_msgs/share/px4_msgs/msg/ParameterResetRequest.idl\n'}
[3.023924] (px4_msgs) StdoutLine: {'line': b'-- Up-to-date symlink: /home/maanavjugalshah/SwarmAero/ros2_ws/install/px4_msgs/share/px4_msgs/msg/ParameterSetUsedRequest.idl\n'}
[3.023958] (px4_msgs) StdoutLine: {'line': b'-- Up-to-date symlink: /home/maanavjugalshah/SwarmAero/ros2_ws/install/px4_msgs/share/px4_msgs/msg/ParameterSetValueRequest.idl\n'}
[3.023993] (px4_msgs) StdoutLine: {'line': b'-- Up-to-date symlink: /home/maanavjugalshah/SwarmAero/ros2_ws/install/px4_msgs/share/px4_msgs/msg/ParameterSetValueResponse.idl\n'}
[3.024027] (px4_msgs) StdoutLine: {'line': b'-- Up-to-date symlink: /home/maanavjugalshah/SwarmAero/ros2_ws/install/px4_msgs/share/px4_msgs/msg/ParameterUpdate.idl\n'}
[3.024062] (px4_msgs) StdoutLine: {'line': b'-- Up-to-date symlink: /home/maanavjugalshah/SwarmAero/ros2_ws/install/px4_msgs/share/px4_msgs/msg/Ping.idl\n'}
[3.024096] (px4_msgs) StdoutLine: {'line': b'-- Up-to-date symlink: /home/maanavjugalshah/SwarmAero/ros2_ws/install/px4_msgs/share/px4_msgs/msg/PositionControllerLandingStatus.idl\n'}
[3.024136] (px4_msgs) StdoutLine: {'line': b'-- Up-to-date symlink: /home/maanavjugalshah/SwarmAero/ros2_ws/install/px4_msgs/share/px4_msgs/msg/PositionControllerStatus.idl\n'}
[3.024170] (px4_msgs) StdoutLine: {'line': b'-- Up-to-date symlink: /home/maanavjugalshah/SwarmAero/ros2_ws/install/px4_msgs/share/px4_msgs/msg/PositionSetpoint.idl\n'}
[3.024204] (px4_msgs) StdoutLine: {'line': b'-- Up-to-date symlink: /home/maanavjugalshah/SwarmAero/ros2_ws/install/px4_msgs/share/px4_msgs/msg/PositionSetpointTriplet.idl\n'}
[3.024236] (px4_msgs) StdoutLine: {'line': b'-- Up-to-date symlink: /home/maanavjugalshah/SwarmAero/ros2_ws/install/px4_msgs/share/px4_msgs/msg/PowerButtonState.idl\n'}
[3.024268] (px4_msgs) StdoutLine: {'line': b'-- Up-to-date symlink: /home/maanavjugalshah/SwarmAero/ros2_ws/install/px4_msgs/share/px4_msgs/msg/PowerMonitor.idl\n'}
[3.024303] (px4_msgs) StdoutLine: {'line': b'-- Up-to-date symlink: /home/maanavjugalshah/SwarmAero/ros2_ws/install/px4_msgs/share/px4_msgs/msg/PpsCapture.idl\n'}
[3.024368] (px4_msgs) StdoutLine: {'line': b'-- Up-to-date symlink: /home/maanavjugalshah/SwarmAero/ros2_ws/install/px4_msgs/share/px4_msgs/msg/PurePursuitStatus.idl\n'}
[3.024434] (px4_msgs) StdoutLine: {'line': b'-- Up-to-date symlink: /home/maanavjugalshah/SwarmAero/ros2_ws/install/px4_msgs/share/px4_msgs/msg/PwmInput.idl\n'}
[3.024476] (px4_msgs) StdoutLine: {'line': b'-- Up-to-date symlink: /home/maanavjugalshah/SwarmAero/ros2_ws/install/px4_msgs/share/px4_msgs/msg/Px4ioStatus.idl\n'}
[3.024515] (px4_msgs) StdoutLine: {'line': b'-- Up-to-date symlink: /home/maanavjugalshah/SwarmAero/ros2_ws/install/px4_msgs/share/px4_msgs/msg/QshellReq.idl\n'}
[3.024564] (px4_msgs) StdoutLine: {'line': b'-- Up-to-date symlink: /home/maanavjugalshah/SwarmAero/ros2_ws/install/px4_msgs/share/px4_msgs/msg/QshellRetval.idl\n'}
[3.024605] (px4_msgs) StdoutLine: {'line': b'-- Up-to-date symlink: /home/maanavjugalshah/SwarmAero/ros2_ws/install/px4_msgs/share/px4_msgs/msg/RadioStatus.idl\n'}
[3.024680] (px4_msgs) StdoutLine: {'line': b'-- Up-to-date symlink: /home/maanavjugalshah/SwarmAero/ros2_ws/install/px4_msgs/share/px4_msgs/msg/RangingBeacon.idl\n'}
[3.024746] (px4_msgs) StdoutLine: {'line': b'-- Up-to-date symlink: /home/maanavjugalshah/SwarmAero/ros2_ws/install/px4_msgs/share/px4_msgs/msg/RaptorInput.idl\n'}
[3.024793] (px4_msgs) StdoutLine: {'line': b'-- Up-to-date symlink: /home/maanavjugalshah/SwarmAero/ros2_ws/install/px4_msgs/share/px4_msgs/msg/RaptorStatus.idl\n'}
[3.024834] (px4_msgs) StdoutLine: {'line': b'-- Up-to-date symlink: /home/maanavjugalshah/SwarmAero/ros2_ws/install/px4_msgs/share/px4_msgs/msg/RateCtrlStatus.idl\n'}
[3.024871] (px4_msgs) StdoutLine: {'line': b'-- Up-to-date symlink: /home/maanavjugalshah/SwarmAero/ros2_ws/install/px4_msgs/share/px4_msgs/msg/RcChannels.idl\n'}
[3.024907] (px4_msgs) StdoutLine: {'line': b'-- Up-to-date symlink: /home/maanavjugalshah/SwarmAero/ros2_ws/install/px4_msgs/share/px4_msgs/msg/RcParameterMap.idl\n'}
[3.024942] (px4_msgs) StdoutLine: {'line': b'-- Up-to-date symlink: /home/maanavjugalshah/SwarmAero/ros2_ws/install/px4_msgs/share/px4_msgs/msg/RegisterExtComponentReply.idl\n'}
[3.024977] (px4_msgs) StdoutLine: {'line': b'-- Up-to-date symlink: /home/maanavjugalshah/SwarmAero/ros2_ws/install/px4_msgs/share/px4_msgs/msg/RegisterExtComponentRequest.idl\n'}
[3.025012] (px4_msgs) StdoutLine: {'line': b'-- Up-to-date symlink: /home/maanavjugalshah/SwarmAero/ros2_ws/install/px4_msgs/share/px4_msgs/msg/RoverAttitudeSetpoint.idl\n'}
[3.025047] (px4_msgs) StdoutLine: {'line': b'-- Up-to-date symlink: /home/maanavjugalshah/SwarmAero/ros2_ws/install/px4_msgs/share/px4_msgs/msg/RoverAttitudeStatus.idl\n'}
[3.025081] (px4_msgs) StdoutLine: {'line': b'-- Up-to-date symlink: /home/maanavjugalshah/SwarmAero/ros2_ws/install/px4_msgs/share/px4_msgs/msg/RoverPositionSetpoint.idl\n'}
[3.025115] (px4_msgs) StdoutLine: {'line': b'-- Up-to-date symlink: /home/maanavjugalshah/SwarmAero/ros2_ws/install/px4_msgs/share/px4_msgs/msg/RoverRateSetpoint.idl\n'}
[3.025147] (px4_msgs) StdoutLine: {'line': b'-- Up-to-date symlink: /home/maanavjugalshah/SwarmAero/ros2_ws/install/px4_msgs/share/px4_msgs/msg/RoverRateStatus.idl\n'}
[3.025180] (px4_msgs) StdoutLine: {'line': b'-- Up-to-date symlink: /home/maanavjugalshah/SwarmAero/ros2_ws/install/px4_msgs/share/px4_msgs/msg/RoverSpeedSetpoint.idl\n'}
[3.025212] (px4_msgs) StdoutLine: {'line': b'-- Up-to-date symlink: /home/maanavjugalshah/SwarmAero/ros2_ws/install/px4_msgs/share/px4_msgs/msg/RoverSpeedStatus.idl\n'}
[3.025243] (px4_msgs) StdoutLine: {'line': b'-- Up-to-date symlink: /home/maanavjugalshah/SwarmAero/ros2_ws/install/px4_msgs/share/px4_msgs/msg/RoverSteeringSetpoint.idl\n'}
[3.025275] (px4_msgs) StdoutLine: {'line': b'-- Up-to-date symlink: /home/maanavjugalshah/SwarmAero/ros2_ws/install/px4_msgs/share/px4_msgs/msg/RoverThrottleSetpoint.idl\n'}
[3.025306] (px4_msgs) StdoutLine: {'line': b'-- Up-to-date symlink: /home/maanavjugalshah/SwarmAero/ros2_ws/install/px4_msgs/share/px4_msgs/msg/Rpm.idl\n'}
[3.025338] (px4_msgs) StdoutLine: {'line': b'-- Up-to-date symlink: /home/maanavjugalshah/SwarmAero/ros2_ws/install/px4_msgs/share/px4_msgs/msg/RtlStatus.idl\n'}
[3.025369] (px4_msgs) StdoutLine: {'line': b'-- Up-to-date symlink: /home/maanavjugalshah/SwarmAero/ros2_ws/install/px4_msgs/share/px4_msgs/msg/RtlTimeEstimate.idl\n'}
[3.025401] (px4_msgs) StdoutLine: {'line': b'-- Up-to-date symlink: /home/maanavjugalshah/SwarmAero/ros2_ws/install/px4_msgs/share/px4_msgs/msg/SatelliteInfo.idl\n'}
[3.025433] (px4_msgs) StdoutLine: {'line': b'-- Up-to-date symlink: /home/maanavjugalshah/SwarmAero/ros2_ws/install/px4_msgs/share/px4_msgs/msg/SensorAccel.idl\n'}
[3.025471] (px4_msgs) StdoutLine: {'line': b'-- Up-to-date symlink: /home/maanavjugalshah/SwarmAero/ros2_ws/install/px4_msgs/share/px4_msgs/msg/SensorAccelFifo.idl\n'}
[3.025503] (px4_msgs) StdoutLine: {'line': b'-- Up-to-date symlink: /home/maanavjugalshah/SwarmAero/ros2_ws/install/px4_msgs/share/px4_msgs/msg/SensorAirflow.idl\n'}
[3.025534] (px4_msgs) StdoutLine: {'line': b'-- Up-to-date symlink: /home/maanavjugalshah/SwarmAero/ros2_ws/install/px4_msgs/share/px4_msgs/msg/SensorBaro.idl\n'}
[3.025568] (px4_msgs) StdoutLine: {'line': b'-- Up-to-date symlink: /home/maanavjugalshah/SwarmAero/ros2_ws/install/px4_msgs/share/px4_msgs/msg/SensorCombined.idl\n'}
[3.025601] (px4_msgs) StdoutLine: {'line': b'-- Up-to-date symlink: /home/maanavjugalshah/SwarmAero/ros2_ws/install/px4_msgs/share/px4_msgs/msg/SensorCorrection.idl\n'}
[3.025633] (px4_msgs) StdoutLine: {'line': b'-- Up-to-date symlink: /home/maanavjugalshah/SwarmAero/ros2_ws/install/px4_msgs/share/px4_msgs/msg/SensorGnssRelative.idl\n'}
[3.025666] (px4_msgs) StdoutLine: {'line': b'-- Up-to-date symlink: /home/maanavjugalshah/SwarmAero/ros2_ws/install/px4_msgs/share/px4_msgs/msg/SensorGnssStatus.idl\n'}
[3.025697] (px4_msgs) StdoutLine: {'line': b'-- Up-to-date symlink: /home/maanavjugalshah/SwarmAero/ros2_ws/install/px4_msgs/share/px4_msgs/msg/SensorGps.idl\n'}
[3.026084] (px4_msgs) StdoutLine: {'line': b'-- Up-to-date symlink: /home/maanavjugalshah/SwarmAero/ros2_ws/install/px4_msgs/share/px4_msgs/msg/SensorGyro.idl\n'}
[3.026250] (px4_msgs) StdoutLine: {'line': b'-- Up-to-date symlink: /home/maanavjugalshah/SwarmAero/ros2_ws/install/px4_msgs/share/px4_msgs/msg/SensorGyroFft.idl\n'}
[3.026324] (px4_msgs) StdoutLine: {'line': b'-- Up-to-date symlink: /home/maanavjugalshah/SwarmAero/ros2_ws/install/px4_msgs/share/px4_msgs/msg/SensorGyroFifo.idl\n'}
[3.026369] (px4_msgs) StdoutLine: {'line': b'-- Up-to-date symlink: /home/maanavjugalshah/SwarmAero/ros2_ws/install/px4_msgs/share/px4_msgs/msg/SensorHygrometer.idl\n'}
[3.026433] (px4_msgs) StdoutLine: {'line': b'-- Up-to-date symlink: /home/maanavjugalshah/SwarmAero/ros2_ws/install/px4_msgs/share/px4_msgs/msg/SensorMag.idl\n'}
[3.026497] (px4_msgs) StdoutLine: {'line': b'-- Up-to-date symlink: /home/maanavjugalshah/SwarmAero/ros2_ws/install/px4_msgs/share/px4_msgs/msg/SensorOpticalFlow.idl\n'}
[3.026567] (px4_msgs) StdoutLine: {'line': b'-- Up-to-date symlink: /home/maanavjugalshah/SwarmAero/ros2_ws/install/px4_msgs/share/px4_msgs/msg/SensorPreflightMag.idl\n'}
[3.026616] (px4_msgs) StdoutLine: {'line': b'-- Up-to-date symlink: /home/maanavjugalshah/SwarmAero/ros2_ws/install/px4_msgs/share/px4_msgs/msg/SensorSelection.idl\n'}
[3.026654] (px4_msgs) StdoutLine: {'line': b'-- Up-to-date symlink: /home/maanavjugalshah/SwarmAero/ros2_ws/install/px4_msgs/share/px4_msgs/msg/SensorTemp.idl\n'}
[3.026690] (px4_msgs) StdoutLine: {'line': b'-- Up-to-date symlink: /home/maanavjugalshah/SwarmAero/ros2_ws/install/px4_msgs/share/px4_msgs/msg/SensorUwb.idl\n'}
[3.026742] (px4_msgs) StdoutLine: {'line': b'-- Up-to-date symlink: /home/maanavjugalshah/SwarmAero/ros2_ws/install/px4_msgs/share/px4_msgs/msg/SensorsStatus.idl\n'}
[3.026787] (px4_msgs) StdoutLine: {'line': b'-- Up-to-date symlink: /home/maanavjugalshah/SwarmAero/ros2_ws/install/px4_msgs/share/px4_msgs/msg/SensorsStatusImu.idl\n'}
[3.026823] (px4_msgs) StdoutLine: {'line': b'-- Up-to-date symlink: /home/maanavjugalshah/SwarmAero/ros2_ws/install/px4_msgs/share/px4_msgs/msg/SystemPower.idl\n'}
[3.026858] (px4_msgs) StdoutLine: {'line': b'-- Up-to-date symlink: /home/maanavjugalshah/SwarmAero/ros2_ws/install/px4_msgs/share/px4_msgs/msg/TakeoffStatus.idl\n'}
[3.026893] (px4_msgs) StdoutLine: {'line': b'-- Up-to-date symlink: /home/maanavjugalshah/SwarmAero/ros2_ws/install/px4_msgs/share/px4_msgs/msg/TaskStackInfo.idl\n'}
[3.026927] (px4_msgs) StdoutLine: {'line': b'-- Up-to-date symlink: /home/maanavjugalshah/SwarmAero/ros2_ws/install/px4_msgs/share/px4_msgs/msg/TecsStatus.idl\n'}
[3.026960] (px4_msgs) StdoutLine: {'line': b'-- Up-to-date symlink: /home/maanavjugalshah/SwarmAero/ros2_ws/install/px4_msgs/share/px4_msgs/msg/TelemetryStatus.idl\n'}
[3.026999] (px4_msgs) StdoutLine: {'line': b'-- Up-to-date symlink: /home/maanavjugalshah/SwarmAero/ros2_ws/install/px4_msgs/share/px4_msgs/msg/TiltrotorExtraControls.idl\n'}
[3.027032] (px4_msgs) StdoutLine: {'line': b'-- Up-to-date symlink: /home/maanavjugalshah/SwarmAero/ros2_ws/install/px4_msgs/share/px4_msgs/msg/TimesyncStatus.idl\n'}
[3.027064] (px4_msgs) StdoutLine: {'line': b'-- Up-to-date symlink: /home/maanavjugalshah/SwarmAero/ros2_ws/install/px4_msgs/share/px4_msgs/msg/TrajectorySetpoint.idl\n'}
[3.027097] (px4_msgs) StdoutLine: {'line': b'-- Up-to-date symlink: /home/maanavjugalshah/SwarmAero/ros2_ws/install/px4_msgs/share/px4_msgs/msg/TrajectorySetpoint6dof.idl\n'}
[3.027130] (px4_msgs) StdoutLine: {'line': b'-- Up-to-date symlink: /home/maanavjugalshah/SwarmAero/ros2_ws/install/px4_msgs/share/px4_msgs/msg/TransponderReport.idl\n'}
[3.027162] (px4_msgs) StdoutLine: {'line': b'-- Up-to-date symlink: /home/maanavjugalshah/SwarmAero/ros2_ws/install/px4_msgs/share/px4_msgs/msg/TuneControl.idl\n'}
[3.027194] (px4_msgs) StdoutLine: {'line': b'-- Up-to-date symlink: /home/maanavjugalshah/SwarmAero/ros2_ws/install/px4_msgs/share/px4_msgs/msg/UavcanParameterRequest.idl\n'}
[3.027225] (px4_msgs) StdoutLine: {'line': b'-- Up-to-date symlink: /home/maanavjugalshah/SwarmAero/ros2_ws/install/px4_msgs/share/px4_msgs/msg/UavcanParameterValue.idl\n'}
[3.027257] (px4_msgs) StdoutLine: {'line': b'-- Up-to-date symlink: /home/maanavjugalshah/SwarmAero/ros2_ws/install/px4_msgs/share/px4_msgs/msg/UlogStream.idl\n'}
[3.027317] (px4_msgs) StdoutLine: {'line': b'-- Up-to-date symlink: /home/maanavjugalshah/SwarmAero/ros2_ws/install/px4_msgs/share/px4_msgs/msg/UlogStreamAck.idl\n'}
[3.027361] (px4_msgs) StdoutLine: {'line': b'-- Up-to-date symlink: /home/maanavjugalshah/SwarmAero/ros2_ws/install/px4_msgs/share/px4_msgs/msg/UnregisterExtComponent.idl\n'}
[3.027428] (px4_msgs) StdoutLine: {'line': b'-- Up-to-date symlink: /home/maanavjugalshah/SwarmAero/ros2_ws/install/px4_msgs/share/px4_msgs/msg/VehicleAcceleration.idl\n'}
[3.027466] (px4_msgs) StdoutLine: {'line': b'-- Up-to-date symlink: /home/maanavjugalshah/SwarmAero/ros2_ws/install/px4_msgs/share/px4_msgs/msg/VehicleAirData.idl\n'}
[3.027543] (px4_msgs) StdoutLine: {'line': b'-- Up-to-date symlink: /home/maanavjugalshah/SwarmAero/ros2_ws/install/px4_msgs/share/px4_msgs/msg/VehicleAngularAccelerationSetpoint.idl\n'}
[3.027619] (px4_msgs) StdoutLine: {'line': b'-- Up-to-date symlink: /home/maanavjugalshah/SwarmAero/ros2_ws/install/px4_msgs/share/px4_msgs/msg/VehicleAngularVelocity.idl\n'}
[3.027663] (px4_msgs) StdoutLine: {'line': b'-- Up-to-date symlink: /home/maanavjugalshah/SwarmAero/ros2_ws/install/px4_msgs/share/px4_msgs/msg/VehicleAttitude.idl\n'}
[3.027709] (px4_msgs) StdoutLine: {'line': b'-- Up-to-date symlink: /home/maanavjugalshah/SwarmAero/ros2_ws/install/px4_msgs/share/px4_msgs/msg/VehicleAttitudeSetpoint.idl\n'}
[3.027795] (px4_msgs) StdoutLine: {'line': b'-- Up-to-date symlink: /home/maanavjugalshah/SwarmAero/ros2_ws/install/px4_msgs/share/px4_msgs/msg/VehicleCommand.idl\n'}
[3.027864] (px4_msgs) StdoutLine: {'line': b'-- Up-to-date symlink: /home/maanavjugalshah/SwarmAero/ros2_ws/install/px4_msgs/share/px4_msgs/msg/VehicleCommandAck.idl\n'}
[3.027907] (px4_msgs) StdoutLine: {'line': b'-- Up-to-date symlink: /home/maanavjugalshah/SwarmAero/ros2_ws/install/px4_msgs/share/px4_msgs/msg/VehicleConstraints.idl\n'}
[3.027944] (px4_msgs) StdoutLine: {'line': b'-- Up-to-date symlink: /home/maanavjugalshah/SwarmAero/ros2_ws/install/px4_msgs/share/px4_msgs/msg/VehicleControlMode.idl\n'}
[3.028008] (px4_msgs) StdoutLine: {'line': b'-- Up-to-date symlink: /home/maanavjugalshah/SwarmAero/ros2_ws/install/px4_msgs/share/px4_msgs/msg/VehicleGlobalPosition.idl\n'}
[3.028226] (px4_msgs) StdoutLine: {'line': b'-- Up-to-date symlink: /home/maanavjugalshah/SwarmAero/ros2_ws/install/px4_msgs/share/px4_msgs/msg/VehicleImu.idl\n'}
[3.028328] (px4_msgs) StdoutLine: {'line': b'-- Up-to-date symlink: /home/maanavjugalshah/SwarmAero/ros2_ws/install/px4_msgs/share/px4_msgs/msg/VehicleImuStatus.idl\n'}
[3.028786] (px4_msgs) StdoutLine: {'line': b'-- Up-to-date symlink: /home/maanavjugalshah/SwarmAero/ros2_ws/install/px4_msgs/share/px4_msgs/msg/VehicleLandDetected.idl\n'}
[3.028863] (px4_msgs) StdoutLine: {'line': b'-- Up-to-date symlink: /home/maanavjugalshah/SwarmAero/ros2_ws/install/px4_msgs/share/px4_msgs/msg/VehicleLocalPosition.idl\n'}
[3.028931] (px4_msgs) StdoutLine: {'line': b'-- Up-to-date symlink: /home/maanavjugalshah/SwarmAero/ros2_ws/install/px4_msgs/share/px4_msgs/msg/VehicleLocalPositionSetpoint.idl\n'}
[3.029003] (px4_msgs) StdoutLine: {'line': b'-- Up-to-date symlink: /home/maanavjugalshah/SwarmAero/ros2_ws/install/px4_msgs/share/px4_msgs/msg/VehicleMagnetometer.idl\n'}
[3.029082] (px4_msgs) StdoutLine: {'line': b'-- Up-to-date symlink: /home/maanavjugalshah/SwarmAero/ros2_ws/install/px4_msgs/share/px4_msgs/msg/VehicleOdometry.idl\n'}
[3.029466] (px4_msgs) StdoutLine: {'line': b'-- Up-to-date symlink: /home/maanavjugalshah/SwarmAero/ros2_ws/install/px4_msgs/share/px4_msgs/msg/VehicleOpticalFlow.idl\n'}
[3.029752] (px4_msgs) StdoutLine: {'line': b'-- Up-to-date symlink: /home/maanavjugalshah/SwarmAero/ros2_ws/install/px4_msgs/share/px4_msgs/msg/VehicleOpticalFlowVel.idl\n'}
[3.029829] (px4_msgs) StdoutLine: {'line': b'-- Up-to-date symlink: /home/maanavjugalshah/SwarmAero/ros2_ws/install/px4_msgs/share/px4_msgs/msg/VehicleRatesSetpoint.idl\n'}
[3.030027] (px4_msgs) StdoutLine: {'line': b'-- Up-to-date symlink: /home/maanavjugalshah/SwarmAero/ros2_ws/install/px4_msgs/share/px4_msgs/msg/VehicleRoi.idl\n'}
[3.030167] (px4_msgs) StdoutLine: {'line': b'-- Up-to-date symlink: /home/maanavjugalshah/SwarmAero/ros2_ws/install/px4_msgs/share/px4_msgs/msg/VehicleStatus.idl\n'}
[3.030211] (px4_msgs) StdoutLine: {'line': b'-- Up-to-date symlink: /home/maanavjugalshah/SwarmAero/ros2_ws/install/px4_msgs/share/px4_msgs/msg/VehicleThrustSetpoint.idl\n'}
[3.030297] (px4_msgs) StdoutLine: {'line': b'-- Up-to-date symlink: /home/maanavjugalshah/SwarmAero/ros2_ws/install/px4_msgs/share/px4_msgs/msg/VehicleTorqueSetpoint.idl\n'}
[3.030369] (px4_msgs) StdoutLine: {'line': b'-- Up-to-date symlink: /home/maanavjugalshah/SwarmAero/ros2_ws/install/px4_msgs/share/px4_msgs/msg/VelocityLimits.idl\n'}
[3.030409] (px4_msgs) StdoutLine: {'line': b'-- Up-to-date symlink: /home/maanavjugalshah/SwarmAero/ros2_ws/install/px4_msgs/share/px4_msgs/msg/VtolVehicleStatus.idl\n'}
[3.030549] (px4_msgs) StdoutLine: {'line': b'-- Up-to-date symlink: /home/maanavjugalshah/SwarmAero/ros2_ws/install/px4_msgs/share/px4_msgs/msg/Vtx.idl\n'}
[3.030599] (px4_msgs) StdoutLine: {'line': b'-- Up-to-date symlink: /home/maanavjugalshah/SwarmAero/ros2_ws/install/px4_msgs/share/px4_msgs/msg/WheelEncoders.idl\n'}
[3.030829] (px4_msgs) StdoutLine: {'line': b'-- Up-to-date symlink: /home/maanavjugalshah/SwarmAero/ros2_ws/install/px4_msgs/share/px4_msgs/msg/Wind.idl\n'}
[3.030898] (px4_msgs) StdoutLine: {'line': b'-- Up-to-date symlink: /home/maanavjugalshah/SwarmAero/ros2_ws/install/px4_msgs/share/px4_msgs/msg/YawEstimatorStatus.idl\n'}
[3.030942] (px4_msgs) StdoutLine: {'line': b'-- Up-to-date symlink: /home/maanavjugalshah/SwarmAero/ros2_ws/install/px4_msgs/share/px4_msgs/srv/VehicleCommand.idl\n'}
[3.031145] (px4_msgs) StdoutLine: {'line': b'-- Up-to-date symlink: /home/maanavjugalshah/SwarmAero/ros2_ws/install/px4_msgs/share/px4_msgs/msg/ActionRequest.msg\n'}
[3.031198] (px4_msgs) StdoutLine: {'line': b'-- Up-to-date symlink: /home/maanavjugalshah/SwarmAero/ros2_ws/install/px4_msgs/share/px4_msgs/msg/ActuatorArmed.msg\n'}
[3.031235] (px4_msgs) StdoutLine: {'line': b'-- Up-to-date symlink: /home/maanavjugalshah/SwarmAero/ros2_ws/install/px4_msgs/share/px4_msgs/msg/ActuatorControlsStatus.msg\n'}
[3.031270] (px4_msgs) StdoutLine: {'line': b'-- Up-to-date symlink: /home/maanavjugalshah/SwarmAero/ros2_ws/install/px4_msgs/share/px4_msgs/msg/ActuatorMotors.msg\n'}
[3.031303] (px4_msgs) StdoutLine: {'line': b'-- Up-to-date symlink: /home/maanavjugalshah/SwarmAero/ros2_ws/install/px4_msgs/share/px4_msgs/msg/ActuatorOutputs.msg\n'}
[3.031338] (px4_msgs) StdoutLine: {'line': b'-- Up-to-date symlink: /home/maanavjugalshah/SwarmAero/ros2_ws/install/px4_msgs/share/px4_msgs/msg/ActuatorServos.msg\n'}
[3.031371] (px4_msgs) StdoutLine: {'line': b'-- Up-to-date symlink: /home/maanavjugalshah/SwarmAero/ros2_ws/install/px4_msgs/share/px4_msgs/msg/ActuatorServosTrim.msg\n'}
[3.031403] (px4_msgs) StdoutLine: {'line': b'-- Up-to-date symlink: /home/maanavjugalshah/SwarmAero/ros2_ws/install/px4_msgs/share/px4_msgs/msg/ActuatorTest.msg\n'}
[3.031435] (px4_msgs) StdoutLine: {'line': b'-- Up-to-date symlink: /home/maanavjugalshah/SwarmAero/ros2_ws/install/px4_msgs/share/px4_msgs/msg/AdcReport.msg\n'}
[3.031467] (px4_msgs) StdoutLine: {'line': b'-- Up-to-date symlink: /home/maanavjugalshah/SwarmAero/ros2_ws/install/px4_msgs/share/px4_msgs/msg/Airspeed.msg\n'}
[3.031549] (px4_msgs) StdoutLine: {'line': b'-- Up-to-date symlink: /home/maanavjugalshah/SwarmAero/ros2_ws/install/px4_msgs/share/px4_msgs/msg/AirspeedValidated.msg\n'}
[3.031592] (px4_msgs) StdoutLine: {'line': b'-- Up-to-date symlink: /home/maanavjugalshah/SwarmAero/ros2_ws/install/px4_msgs/share/px4_msgs/msg/AirspeedWind.msg\n'}
[3.031629] (px4_msgs) StdoutLine: {'line': b'-- Up-to-date symlink: /home/maanavjugalshah/SwarmAero/ros2_ws/install/px4_msgs/share/px4_msgs/msg/ArmingCheckReply.msg\n'}
[3.031664] (px4_msgs) StdoutLine: {'line': b'-- Up-to-date symlink: /home/maanavjugalshah/SwarmAero/ros2_ws/install/px4_msgs/share/px4_msgs/msg/ArmingCheckRequest.msg\n'}
[3.031699] (px4_msgs) StdoutLine: {'line': b'-- Up-to-date symlink: /home/maanavjugalshah/SwarmAero/ros2_ws/install/px4_msgs/share/px4_msgs/msg/AutotuneAttitudeControlStatus.msg\n'}
[3.031734] (px4_msgs) StdoutLine: {'line': b'-- Up-to-date symlink: /home/maanavjugalshah/SwarmAero/ros2_ws/install/px4_msgs/share/px4_msgs/msg/AuxGlobalPosition.msg\n'}
[3.031768] (px4_msgs) StdoutLine: {'line': b'-- Up-to-date symlink: /home/maanavjugalshah/SwarmAero/ros2_ws/install/px4_msgs/share/px4_msgs/msg/BatteryInfo.msg\n'}
[3.031800] (px4_msgs) StdoutLine: {'line': b'-- Up-to-date symlink: /home/maanavjugalshah/SwarmAero/ros2_ws/install/px4_msgs/share/px4_msgs/msg/BatteryStatus.msg\n'}
[3.031832] (px4_msgs) StdoutLine: {'line': b'-- Up-to-date symlink: /home/maanavjugalshah/SwarmAero/ros2_ws/install/px4_msgs/share/px4_msgs/msg/ButtonEvent.msg\n'}
[3.031863] (px4_msgs) StdoutLine: {'line': b'-- Up-to-date symlink: /home/maanavjugalshah/SwarmAero/ros2_ws/install/px4_msgs/share/px4_msgs/msg/CameraCapture.msg\n'}
[3.031895] (px4_msgs) StdoutLine: {'line': b'-- Up-to-date symlink: /home/maanavjugalshah/SwarmAero/ros2_ws/install/px4_msgs/share/px4_msgs/msg/CameraStatus.msg\n'}
[3.031925] (px4_msgs) StdoutLine: {'line': b'-- Up-to-date symlink: /home/maanavjugalshah/SwarmAero/ros2_ws/install/px4_msgs/share/px4_msgs/msg/CameraTrigger.msg\n'}
[3.031957] (px4_msgs) StdoutLine: {'line': b'-- Up-to-date symlink: /home/maanavjugalshah/SwarmAero/ros2_ws/install/px4_msgs/share/px4_msgs/msg/CanInterfaceStatus.msg\n'}
[3.031991] (px4_msgs) StdoutLine: {'line': b'-- Up-to-date symlink: /home/maanavjugalshah/SwarmAero/ros2_ws/install/px4_msgs/share/px4_msgs/msg/CellularStatus.msg\n'}
[3.032023] (px4_msgs) StdoutLine: {'line': b'-- Up-to-date symlink: /home/maanavjugalshah/SwarmAero/ros2_ws/install/px4_msgs/share/px4_msgs/msg/CollisionConstraints.msg\n'}
[3.032055] (px4_msgs) StdoutLine: {'line': b'-- Up-to-date symlink: /home/maanavjugalshah/SwarmAero/ros2_ws/install/px4_msgs/share/px4_msgs/msg/ConfigOverrides.msg\n'}
[3.032087] (px4_msgs) StdoutLine: {'line': b'-- Up-to-date symlink: /home/maanavjugalshah/SwarmAero/ros2_ws/install/px4_msgs/share/px4_msgs/msg/ControlAllocatorStatus.msg\n'}
[3.032119] (px4_msgs) StdoutLine: {'line': b'-- Up-to-date symlink: /home/maanavjugalshah/SwarmAero/ros2_ws/install/px4_msgs/share/px4_msgs/msg/Cpuload.msg\n'}
[3.032151] (px4_msgs) StdoutLine: {'line': b'-- Up-to-date symlink: /home/maanavjugalshah/SwarmAero/ros2_ws/install/px4_msgs/share/px4_msgs/msg/DatamanRequest.msg\n'}
[3.032188] (px4_msgs) StdoutLine: {'line': b'-- Up-to-date symlink: /home/maanavjugalshah/SwarmAero/ros2_ws/install/px4_msgs/share/px4_msgs/msg/DatamanResponse.msg\n'}
[3.032221] (px4_msgs) StdoutLine: {'line': b'-- Up-to-date symlink: /home/maanavjugalshah/SwarmAero/ros2_ws/install/px4_msgs/share/px4_msgs/msg/DebugArray.msg\n'}
[3.032257] (px4_msgs) StdoutLine: {'line': b'-- Up-to-date symlink: /home/maanavjugalshah/SwarmAero/ros2_ws/install/px4_msgs/share/px4_msgs/msg/DebugKeyValue.msg\n'}
[3.032322] (px4_msgs) StdoutLine: {'line': b'-- Up-to-date symlink: /home/maanavjugalshah/SwarmAero/ros2_ws/install/px4_msgs/share/px4_msgs/msg/DebugValue.msg\n'}
[3.032390] (px4_msgs) StdoutLine: {'line': b'-- Up-to-date symlink: /home/maanavjugalshah/SwarmAero/ros2_ws/install/px4_msgs/share/px4_msgs/msg/DebugVect.msg\n'}
[3.032435] (px4_msgs) StdoutLine: {'line': b'-- Up-to-date symlink: /home/maanavjugalshah/SwarmAero/ros2_ws/install/px4_msgs/share/px4_msgs/msg/DeviceInformation.msg\n'}
[3.032480] (px4_msgs) StdoutLine: {'line': b'-- Up-to-date symlink: /home/maanavjugalshah/SwarmAero/ros2_ws/install/px4_msgs/share/px4_msgs/msg/DifferentialPressure.msg\n'}
[3.032519] (px4_msgs) StdoutLine: {'line': b'-- Up-to-date symlink: /home/maanavjugalshah/SwarmAero/ros2_ws/install/px4_msgs/share/px4_msgs/msg/DistanceSensor.msg\n'}
[3.032558] (px4_msgs) StdoutLine: {'line': b'-- Up-to-date symlink: /home/maanavjugalshah/SwarmAero/ros2_ws/install/px4_msgs/share/px4_msgs/msg/DistanceSensorModeChangeRequest.msg\n'}
[3.032595] (px4_msgs) StdoutLine: {'line': b'-- Up-to-date symlink: /home/maanavjugalshah/SwarmAero/ros2_ws/install/px4_msgs/share/px4_msgs/msg/DronecanNodeStatus.msg\n'}
[3.032632] (px4_msgs) StdoutLine: {'line': b'-- Up-to-date symlink: /home/maanavjugalshah/SwarmAero/ros2_ws/install/px4_msgs/share/px4_msgs/msg/Ekf2Timestamps.msg\n'}
[3.032670] (px4_msgs) StdoutLine: {'line': b'-- Up-to-date symlink: /home/maanavjugalshah/SwarmAero/ros2_ws/install/px4_msgs/share/px4_msgs/msg/EscEepromRead.msg\n'}
[3.032708] (px4_msgs) StdoutLine: {'line': b'-- Up-to-date symlink: /home/maanavjugalshah/SwarmAero/ros2_ws/install/px4_msgs/share/px4_msgs/msg/EscEepromWrite.msg\n'}
[3.032747] (px4_msgs) StdoutLine: {'line': b'-- Up-to-date symlink: /home/maanavjugalshah/SwarmAero/ros2_ws/install/px4_msgs/share/px4_msgs/msg/EscReport.msg\n'}
[3.032788] (px4_msgs) StdoutLine: {'line': b'-- Up-to-date symlink: /home/maanavjugalshah/SwarmAero/ros2_ws/install/px4_msgs/share/px4_msgs/msg/EscStatus.msg\n'}
[3.032861] (px4_msgs) StdoutLine: {'line': b'-- Up-to-date symlink: /home/maanavjugalshah/SwarmAero/ros2_ws/install/px4_msgs/share/px4_msgs/msg/EstimatorAidSource1d.msg\n'}
[3.032909] (px4_msgs) StdoutLine: {'line': b'-- Up-to-date symlink: /home/maanavjugalshah/SwarmAero/ros2_ws/install/px4_msgs/share/px4_msgs/msg/EstimatorAidSource2d.msg\n'}
[3.032951] (px4_msgs) StdoutLine: {'line': b'-- Up-to-date symlink: /home/maanavjugalshah/SwarmAero/ros2_ws/install/px4_msgs/share/px4_msgs/msg/EstimatorAidSource3d.msg\n'}
[3.032989] (px4_msgs) StdoutLine: {'line': b'-- Up-to-date symlink: /home/maanavjugalshah/SwarmAero/ros2_ws/install/px4_msgs/share/px4_msgs/msg/EstimatorBias.msg\n'}
[3.033025] (px4_msgs) StdoutLine: {'line': b'-- Up-to-date symlink: /home/maanavjugalshah/SwarmAero/ros2_ws/install/px4_msgs/share/px4_msgs/msg/EstimatorBias3d.msg\n'}
[3.033061] (px4_msgs) StdoutLine: {'line': b'-- Up-to-date symlink: /home/maanavjugalshah/SwarmAero/ros2_ws/install/px4_msgs/share/px4_msgs/msg/EstimatorEventFlags.msg\n'}
[3.033102] (px4_msgs) StdoutLine: {'line': b'-- Up-to-date symlink: /home/maanavjugalshah/SwarmAero/ros2_ws/install/px4_msgs/share/px4_msgs/msg/EstimatorFusionControl.msg\n'}
[3.033146] (px4_msgs) StdoutLine: {'line': b'-- Up-to-date symlink: /home/maanavjugalshah/SwarmAero/ros2_ws/install/px4_msgs/share/px4_msgs/msg/EstimatorGpsStatus.msg\n'}
[3.033189] (px4_msgs) StdoutLine: {'line': b'-- Up-to-date symlink: /home/maanavjugalshah/SwarmAero/ros2_ws/install/px4_msgs/share/px4_msgs/msg/EstimatorInnovations.msg\n'}
[3.033230] (px4_msgs) StdoutLine: {'line': b'-- Up-to-date symlink: /home/maanavjugalshah/SwarmAero/ros2_ws/install/px4_msgs/share/px4_msgs/msg/EstimatorSelectorStatus.msg\n'}
[3.033315] (px4_msgs) StdoutLine: {'line': b'-- Up-to-date symlink: /home/maanavjugalshah/SwarmAero/ros2_ws/install/px4_msgs/share/px4_msgs/msg/EstimatorSensorBias.msg\n'}
[3.033361] (px4_msgs) StdoutLine: {'line': b'-- Up-to-date symlink: /home/maanavjugalshah/SwarmAero/ros2_ws/install/px4_msgs/share/px4_msgs/msg/EstimatorStates.msg\n'}
[3.033403] (px4_msgs) StdoutLine: {'line': b'-- Up-to-date symlink: /home/maanavjugalshah/SwarmAero/ros2_ws/install/px4_msgs/share/px4_msgs/msg/EstimatorStatus.msg\n'}
[3.033472] (px4_msgs) StdoutLine: {'line': b'-- Up-to-date symlink: /home/maanavjugalshah/SwarmAero/ros2_ws/install/px4_msgs/share/px4_msgs/msg/EstimatorStatusFlags.msg\n'}
[3.033517] (px4_msgs) StdoutLine: {'line': b'-- Up-to-date symlink: /home/maanavjugalshah/SwarmAero/ros2_ws/install/px4_msgs/share/px4_msgs/msg/Event.msg\n'}
[3.033558] (px4_msgs) StdoutLine: {'line': b'-- Up-to-date symlink: /home/maanavjugalshah/SwarmAero/ros2_ws/install/px4_msgs/share/px4_msgs/msg/FailsafeFlags.msg\n'}
[3.033598] (px4_msgs) StdoutLine: {'line': b'-- Up-to-date symlink: /home/maanavjugalshah/SwarmAero/ros2_ws/install/px4_msgs/share/px4_msgs/msg/FailureDetectorStatus.msg\n'}
[3.033637] (px4_msgs) StdoutLine: {'line': b'-- Up-to-date symlink: /home/maanavjugalshah/SwarmAero/ros2_ws/install/px4_msgs/share/px4_msgs/msg/FigureEightStatus.msg\n'}
[3.033674] (px4_msgs) StdoutLine: {'line': b'-- Up-to-date symlink: /home/maanavjugalshah/SwarmAero/ros2_ws/install/px4_msgs/share/px4_msgs/msg/FixedWingLateralGuidanceStatus.msg\n'}
[3.033714] (px4_msgs) StdoutLine: {'line': b'-- Up-to-date symlink: /home/maanavjugalshah/SwarmAero/ros2_ws/install/px4_msgs/share/px4_msgs/msg/FixedWingLateralSetpoint.msg\n'}
[3.033877] (px4_msgs) StdoutLine: {'line': b'-- Up-to-date symlink: /home/maanavjugalshah/SwarmAero/ros2_ws/install/px4_msgs/share/px4_msgs/msg/FixedWingLateralStatus.msg\n'}
[3.033985] (px4_msgs) StdoutLine: {'line': b'-- Up-to-date symlink: /home/maanavjugalshah/SwarmAero/ros2_ws/install/px4_msgs/share/px4_msgs/msg/FixedWingLongitudinalSetpoint.msg\n'}
[3.034060] (px4_msgs) StdoutLine: {'line': b'-- Up-to-date symlink: /home/maanavjugalshah/SwarmAero/ros2_ws/install/px4_msgs/share/px4_msgs/msg/FixedWingRunwayControl.msg\n'}
[3.034103] (px4_msgs) StdoutLine: {'line': b'-- Up-to-date symlink: /home/maanavjugalshah/SwarmAero/ros2_ws/install/px4_msgs/share/px4_msgs/msg/FlightPhaseEstimation.msg\n'}
[3.034168] (px4_msgs) StdoutLine: {'line': b'-- Up-to-date symlink: /home/maanavjugalshah/SwarmAero/ros2_ws/install/px4_msgs/share/px4_msgs/msg/FollowTarget.msg\n'}
[3.034223] (px4_msgs) StdoutLine: {'line': b'-- Up-to-date symlink: /home/maanavjugalshah/SwarmAero/ros2_ws/install/px4_msgs/share/px4_msgs/msg/FollowTargetEstimator.msg\n'}
[3.034260] (px4_msgs) StdoutLine: {'line': b'-- Up-to-date symlink: /home/maanavjugalshah/SwarmAero/ros2_ws/install/px4_msgs/share/px4_msgs/msg/FollowTargetStatus.msg\n'}
[3.034296] (px4_msgs) StdoutLine: {'line': b'-- Up-to-date symlink: /home/maanavjugalshah/SwarmAero/ros2_ws/install/px4_msgs/share/px4_msgs/msg/FuelTankStatus.msg\n'}
[3.034331] (px4_msgs) StdoutLine: {'line': b'-- Up-to-date symlink: /home/maanavjugalshah/SwarmAero/ros2_ws/install/px4_msgs/share/px4_msgs/msg/GainCompression.msg\n'}
[3.034396] (px4_msgs) StdoutLine: {'line': b'-- Up-to-date symlink: /home/maanavjugalshah/SwarmAero/ros2_ws/install/px4_msgs/share/px4_msgs/msg/GeneratorStatus.msg\n'}
[3.034443] (px4_msgs) StdoutLine: {'line': b'-- Up-to-date symlink: /home/maanavjugalshah/SwarmAero/ros2_ws/install/px4_msgs/share/px4_msgs/msg/GeofenceResult.msg\n'}
[3.034481] (px4_msgs) StdoutLine: {'line': b'-- Up-to-date symlink: /home/maanavjugalshah/SwarmAero/ros2_ws/install/px4_msgs/share/px4_msgs/msg/GeofenceStatus.msg\n'}
[3.034517] (px4_msgs) StdoutLine: {'line': b'-- Up-to-date symlink: /home/maanavjugalshah/SwarmAero/ros2_ws/install/px4_msgs/share/px4_msgs/msg/GimbalControls.msg\n'}
[3.034586] (px4_msgs) StdoutLine: {'line': b'-- Up-to-date symlink: /home/maanavjugalshah/SwarmAero/ros2_ws/install/px4_msgs/share/px4_msgs/msg/GimbalDeviceAttitudeStatus.msg\n'}
[3.034667] (px4_msgs) StdoutLine: {'line': b'-- Up-to-date symlink: /home/maanavjugalshah/SwarmAero/ros2_ws/install/px4_msgs/share/px4_msgs/msg/GimbalDeviceInformation.msg\n'}
[3.034769] (px4_msgs) StdoutLine: {'line': b'-- Up-to-date symlink: /home/maanavjugalshah/SwarmAero/ros2_ws/install/px4_msgs/share/px4_msgs/msg/GimbalDeviceSetAttitude.msg\n'}
[3.034822] (px4_msgs) StdoutLine: {'line': b'-- Up-to-date symlink: /home/maanavjugalshah/SwarmAero/ros2_ws/install/px4_msgs/share/px4_msgs/msg/GimbalManagerInformation.msg\n'}
[3.034867] (px4_msgs) StdoutLine: {'line': b'-- Up-to-date symlink: /home/maanavjugalshah/SwarmAero/ros2_ws/install/px4_msgs/share/px4_msgs/msg/GimbalManagerSetAttitude.msg\n'}
[3.034909] (px4_msgs) StdoutLine: {'line': b'-- Up-to-date symlink: /home/maanavjugalshah/SwarmAero/ros2_ws/install/px4_msgs/share/px4_msgs/msg/GimbalManagerSetManualControl.msg\n'}
[3.034949] (px4_msgs) StdoutLine: {'line': b'-- Up-to-date symlink: /home/maanavjugalshah/SwarmAero/ros2_ws/install/px4_msgs/share/px4_msgs/msg/GimbalManagerStatus.msg\n'}
[3.034989] (px4_msgs) StdoutLine: {'line': b'-- Up-to-date symlink: /home/maanavjugalshah/SwarmAero/ros2_ws/install/px4_msgs/share/px4_msgs/msg/GotoSetpoint.msg\n'}
[3.035026] (px4_msgs) StdoutLine: {'line': b'-- Up-to-date symlink: /home/maanavjugalshah/SwarmAero/ros2_ws/install/px4_msgs/share/px4_msgs/msg/GpioConfig.msg\n'}
[3.035103] (px4_msgs) StdoutLine: {'line': b'-- Up-to-date symlink: /home/maanavjugalshah/SwarmAero/ros2_ws/install/px4_msgs/share/px4_msgs/msg/GpioIn.msg\n'}
[3.035149] (px4_msgs) StdoutLine: {'line': b'-- Up-to-date symlink: /home/maanavjugalshah/SwarmAero/ros2_ws/install/px4_msgs/share/px4_msgs/msg/GpioOut.msg\n'}
[3.035188] (px4_msgs) StdoutLine: {'line': b'-- Up-to-date symlink: /home/maanavjugalshah/SwarmAero/ros2_ws/install/px4_msgs/share/px4_msgs/msg/GpioRequest.msg\n'}
[3.035226] (px4_msgs) StdoutLine: {'line': b'-- Up-to-date symlink: /home/maanavjugalshah/SwarmAero/ros2_ws/install/px4_msgs/share/px4_msgs/msg/GpsDump.msg\n'}
[3.035261] (px4_msgs) StdoutLine: {'line': b'-- Up-to-date symlink: /home/maanavjugalshah/SwarmAero/ros2_ws/install/px4_msgs/share/px4_msgs/msg/GpsInjectData.msg\n'}
[3.035365] (px4_msgs) StdoutLine: {'line': b'-- Up-to-date symlink: /home/maanavjugalshah/SwarmAero/ros2_ws/install/px4_msgs/share/px4_msgs/msg/Gripper.msg\n'}
[3.035446] (px4_msgs) StdoutLine: {'line': b'-- Up-to-date symlink: /home/maanavjugalshah/SwarmAero/ros2_ws/install/px4_msgs/share/px4_msgs/msg/HealthReport.msg\n'}
[3.035616] (px4_msgs) StdoutLine: {'line': b'-- Up-to-date symlink: /home/maanavjugalshah/SwarmAero/ros2_ws/install/px4_msgs/share/px4_msgs/msg/HeaterStatus.msg\n'}
[3.035690] (px4_msgs) StdoutLine: {'line': b'-- Up-to-date symlink: /home/maanavjugalshah/SwarmAero/ros2_ws/install/px4_msgs/share/px4_msgs/msg/HomePosition.msg\n'}
[3.035739] (px4_msgs) StdoutLine: {'line': b'-- Up-to-date symlink: /home/maanavjugalshah/SwarmAero/ros2_ws/install/px4_msgs/share/px4_msgs/msg/HoverThrustEstimate.msg\n'}
[3.035779] (px4_msgs) StdoutLine: {'line': b'-- Up-to-date symlink: /home/maanavjugalshah/SwarmAero/ros2_ws/install/px4_msgs/share/px4_msgs/msg/InputRc.msg\n'}
[3.035814] (px4_msgs) StdoutLine: {'line': b'-- Up-to-date symlink: /home/maanavjugalshah/SwarmAero/ros2_ws/install/px4_msgs/share/px4_msgs/msg/InternalCombustionEngineControl.msg\n'}
[3.035850] (px4_msgs) StdoutLine: {'line': b'-- Up-to-date symlink: /home/maanavjugalshah/SwarmAero/ros2_ws/install/px4_msgs/share/px4_msgs/msg/InternalCombustionEngineStatus.msg\n'}
[3.035886] (px4_msgs) StdoutLine: {'line': b'-- Up-to-date symlink: /home/maanavjugalshah/SwarmAero/ros2_ws/install/px4_msgs/share/px4_msgs/msg/IridiumsbdStatus.msg\n'}
[3.035920] (px4_msgs) StdoutLine: {'line': b'-- Up-to-date symlink: /home/maanavjugalshah/SwarmAero/ros2_ws/install/px4_msgs/share/px4_msgs/msg/IrlockReport.msg\n'}
[3.035954] (px4_msgs) StdoutLine: {'line': b'-- Up-to-date symlink: /home/maanavjugalshah/SwarmAero/ros2_ws/install/px4_msgs/share/px4_msgs/msg/LandingGear.msg\n'}
[3.035991] (px4_msgs) StdoutLine: {'line': b'-- Up-to-date symlink: /home/maanavjugalshah/SwarmAero/ros2_ws/install/px4_msgs/share/px4_msgs/msg/LandingGearWheel.msg\n'}
[3.036030] (px4_msgs) StdoutLine: {'line': b'-- Up-to-date symlink: /home/maanavjugalshah/SwarmAero/ros2_ws/install/px4_msgs/share/px4_msgs/msg/LandingTargetInnovations.msg\n'}
[3.036064] (px4_msgs) StdoutLine: {'line': b'-- Up-to-date symlink: /home/maanavjugalshah/SwarmAero/ros2_ws/install/px4_msgs/share/px4_msgs/msg/LandingTargetPose.msg\n'}
[3.036098] (px4_msgs) StdoutLine: {'line': b'-- Up-to-date symlink: /home/maanavjugalshah/SwarmAero/ros2_ws/install/px4_msgs/share/px4_msgs/msg/LateralControlConfiguration.msg\n'}
[3.036130] (px4_msgs) StdoutLine: {'line': b'-- Up-to-date symlink: /home/maanavjugalshah/SwarmAero/ros2_ws/install/px4_msgs/share/px4_msgs/msg/LaunchDetectionStatus.msg\n'}
[3.036163] (px4_msgs) StdoutLine: {'line': b'-- Up-to-date symlink: /home/maanavjugalshah/SwarmAero/ros2_ws/install/px4_msgs/share/px4_msgs/msg/LedControl.msg\n'}
[3.036195] (px4_msgs) StdoutLine: {'line': b'-- Up-to-date symlink: /home/maanavjugalshah/SwarmAero/ros2_ws/install/px4_msgs/share/px4_msgs/msg/LogMessage.msg\n'}
[3.036227] (px4_msgs) StdoutLine: {'line': b'-- Up-to-date symlink: /home/maanavjugalshah/SwarmAero/ros2_ws/install/px4_msgs/share/px4_msgs/msg/LoggerStatus.msg\n'}
[3.036259] (px4_msgs) StdoutLine: {'line': b'-- Up-to-date symlink: /home/maanavjugalshah/SwarmAero/ros2_ws/install/px4_msgs/share/px4_msgs/msg/LongitudinalControlConfiguration.msg\n'}
[3.036291] (px4_msgs) StdoutLine: {'line': b'-- Up-to-date symlink: /home/maanavjugalshah/SwarmAero/ros2_ws/install/px4_msgs/share/px4_msgs/msg/MagWorkerData.msg\n'}
[3.036350] (px4_msgs) StdoutLine: {'line': b'-- Up-to-date symlink: /home/maanavjugalshah/SwarmAero/ros2_ws/install/px4_msgs/share/px4_msgs/msg/MagnetometerBiasEstimate.msg\n'}
[3.036393] (px4_msgs) StdoutLine: {'line': b'-- Up-to-date symlink: /home/maanavjugalshah/SwarmAero/ros2_ws/install/px4_msgs/share/px4_msgs/msg/ManualControlSetpoint.msg\n'}
[3.036429] (px4_msgs) StdoutLine: {'line': b'-- Up-to-date symlink: /home/maanavjugalshah/SwarmAero/ros2_ws/install/px4_msgs/share/px4_msgs/msg/ManualControlSwitches.msg\n'}
[3.036465] (px4_msgs) StdoutLine: {'line': b'-- Up-to-date symlink: /home/maanavjugalshah/SwarmAero/ros2_ws/install/px4_msgs/share/px4_msgs/msg/MavlinkLog.msg\n'}
[3.036499] (px4_msgs) StdoutLine: {'line': b'-- Up-to-date symlink: /home/maanavjugalshah/SwarmAero/ros2_ws/install/px4_msgs/share/px4_msgs/msg/MavlinkTunnel.msg\n'}
[3.036534] (px4_msgs) StdoutLine: {'line': b'-- Up-to-date symlink: /home/maanavjugalshah/SwarmAero/ros2_ws/install/px4_msgs/share/px4_msgs/msg/MessageFormatRequest.msg\n'}
[3.036568] (px4_msgs) StdoutLine: {'line': b'-- Up-to-date symlink: /home/maanavjugalshah/SwarmAero/ros2_ws/install/px4_msgs/share/px4_msgs/msg/MessageFormatResponse.msg\n'}
[3.036602] (px4_msgs) StdoutLine: {'line': b'-- Up-to-date symlink: /home/maanavjugalshah/SwarmAero/ros2_ws/install/px4_msgs/share/px4_msgs/msg/Mission.msg\n'}
[3.036635] (px4_msgs) StdoutLine: {'line': b'-- Up-to-date symlink: /home/maanavjugalshah/SwarmAero/ros2_ws/install/px4_msgs/share/px4_msgs/msg/MissionResult.msg\n'}
[3.036667] (px4_msgs) StdoutLine: {'line': b'-- Up-to-date symlink: /home/maanavjugalshah/SwarmAero/ros2_ws/install/px4_msgs/share/px4_msgs/msg/ModeCompleted.msg\n'}
[3.036700] (px4_msgs) StdoutLine: {'line': b'-- Up-to-date symlink: /home/maanavjugalshah/SwarmAero/ros2_ws/install/px4_msgs/share/px4_msgs/msg/MountOrientation.msg\n'}
[3.036734] (px4_msgs) StdoutLine: {'line': b'-- Up-to-date symlink: /home/maanavjugalshah/SwarmAero/ros2_ws/install/px4_msgs/share/px4_msgs/msg/NavigatorMissionItem.msg\n'}
[3.036767] (px4_msgs) StdoutLine: {'line': b'-- Up-to-date symlink: /home/maanavjugalshah/SwarmAero/ros2_ws/install/px4_msgs/share/px4_msgs/msg/NavigatorStatus.msg\n'}
[3.036800] (px4_msgs) StdoutLine: {'line': b'-- Up-to-date symlink: /home/maanavjugalshah/SwarmAero/ros2_ws/install/px4_msgs/share/px4_msgs/msg/NeuralControl.msg\n'}
[3.036843] (px4_msgs) StdoutLine: {'line': b'-- Up-to-date symlink: /home/maanavjugalshah/SwarmAero/ros2_ws/install/px4_msgs/share/px4_msgs/msg/NormalizedUnsignedSetpoint.msg\n'}
[3.036878] (px4_msgs) StdoutLine: {'line': b'-- Up-to-date symlink: /home/maanavjugalshah/SwarmAero/ros2_ws/install/px4_msgs/share/px4_msgs/msg/ObstacleDistance.msg\n'}
[3.036916] (px4_msgs) StdoutLine: {'line': b'-- Up-to-date symlink: /home/maanavjugalshah/SwarmAero/ros2_ws/install/px4_msgs/share/px4_msgs/msg/OffboardControlMode.msg\n'}
[3.036950] (px4_msgs) StdoutLine: {'line': b'-- Up-to-date symlink: /home/maanavjugalshah/SwarmAero/ros2_ws/install/px4_msgs/share/px4_msgs/msg/OnboardComputerStatus.msg\n'}
[3.036985] (px4_msgs) StdoutLine: {'line': b'-- Up-to-date symlink: /home/maanavjugalshah/SwarmAero/ros2_ws/install/px4_msgs/share/px4_msgs/msg/OpenDroneIdArmStatus.msg\n'}
[3.037022] (px4_msgs) StdoutLine: {'line': b'-- Up-to-date symlink: /home/maanavjugalshah/SwarmAero/ros2_ws/install/px4_msgs/share/px4_msgs/msg/OpenDroneIdOperatorId.msg\n'}
[3.037058] (px4_msgs) StdoutLine: {'line': b'-- Up-to-date symlink: /home/maanavjugalshah/SwarmAero/ros2_ws/install/px4_msgs/share/px4_msgs/msg/OpenDroneIdSelfId.msg\n'}
[3.037094] (px4_msgs) StdoutLine: {'line': b'-- Up-to-date symlink: /home/maanavjugalshah/SwarmAero/ros2_ws/install/px4_msgs/share/px4_msgs/msg/OpenDroneIdSystem.msg\n'}
[3.037131] (px4_msgs) StdoutLine: {'line': b'-- Up-to-date symlink: /home/maanavjugalshah/SwarmAero/ros2_ws/install/px4_msgs/share/px4_msgs/msg/OrbTest.msg\n'}
[3.037172] (px4_msgs) StdoutLine: {'line': b'-- Up-to-date symlink: /home/maanavjugalshah/SwarmAero/ros2_ws/install/px4_msgs/share/px4_msgs/msg/OrbTestLarge.msg\n'}
[3.037204] (px4_msgs) StdoutLine: {'line': b'-- Up-to-date symlink: /home/maanavjugalshah/SwarmAero/ros2_ws/install/px4_msgs/share/px4_msgs/msg/OrbTestMedium.msg\n'}
[3.037245] (px4_msgs) StdoutLine: {'line': b'-- Up-to-date symlink: /home/maanavjugalshah/SwarmAero/ros2_ws/install/px4_msgs/share/px4_msgs/msg/OrbitStatus.msg\n'}
[3.037280] (px4_msgs) StdoutLine: {'line': b'-- Up-to-date symlink: /home/maanavjugalshah/SwarmAero/ros2_ws/install/px4_msgs/share/px4_msgs/msg/ParameterResetRequest.msg\n'}
[3.037313] (px4_msgs) StdoutLine: {'line': b'-- Up-to-date symlink: /home/maanavjugalshah/SwarmAero/ros2_ws/install/px4_msgs/share/px4_msgs/msg/ParameterSetUsedRequest.msg\n'}
[3.037375] (px4_msgs) StdoutLine: {'line': b'-- Up-to-date symlink: /home/maanavjugalshah/SwarmAero/ros2_ws/install/px4_msgs/share/px4_msgs/msg/ParameterSetValueRequest.msg\n'}
[3.037416] (px4_msgs) StdoutLine: {'line': b'-- Up-to-date symlink: /home/maanavjugalshah/SwarmAero/ros2_ws/install/px4_msgs/share/px4_msgs/msg/ParameterSetValueResponse.msg\n'}
[3.037646] (px4_msgs) StdoutLine: {'line': b'-- Up-to-date symlink: /home/maanavjugalshah/SwarmAero/ros2_ws/install/px4_msgs/share/px4_msgs/msg/ParameterUpdate.msg\n'}
[3.037770] (px4_msgs) StdoutLine: {'line': b'-- Up-to-date symlink: /home/maanavjugalshah/SwarmAero/ros2_ws/install/px4_msgs/share/px4_msgs/msg/Ping.msg\n'}
[3.037842] (px4_msgs) StdoutLine: {'line': b'-- Up-to-date symlink: /home/maanavjugalshah/SwarmAero/ros2_ws/install/px4_msgs/share/px4_msgs/msg/PositionControllerLandingStatus.msg\n'}
[3.037917] (px4_msgs) StdoutLine: {'line': b'-- Up-to-date symlink: /home/maanavjugalshah/SwarmAero/ros2_ws/install/px4_msgs/share/px4_msgs/msg/PositionControllerStatus.msg\n'}
[3.037961] (px4_msgs) StdoutLine: {'line': b'-- Up-to-date symlink: /home/maanavjugalshah/SwarmAero/ros2_ws/install/px4_msgs/share/px4_msgs/msg/PositionSetpoint.msg\n'}
[3.037999] (px4_msgs) StdoutLine: {'line': b'-- Up-to-date symlink: /home/maanavjugalshah/SwarmAero/ros2_ws/install/px4_msgs/share/px4_msgs/msg/PositionSetpointTriplet.msg\n'}
[3.038065] (px4_msgs) StdoutLine: {'line': b'-- Up-to-date symlink: /home/maanavjugalshah/SwarmAero/ros2_ws/install/px4_msgs/share/px4_msgs/msg/PowerButtonState.msg\n'}
[3.038135] (px4_msgs) StdoutLine: {'line': b'-- Up-to-date symlink: /home/maanavjugalshah/SwarmAero/ros2_ws/install/px4_msgs/share/px4_msgs/msg/PowerMonitor.msg\n'}
[3.038192] (px4_msgs) StdoutLine: {'line': b'-- Up-to-date symlink: /home/maanavjugalshah/SwarmAero/ros2_ws/install/px4_msgs/share/px4_msgs/msg/PpsCapture.msg\n'}
[3.038261] (px4_msgs) StdoutLine: {'line': b'-- Up-to-date symlink: /home/maanavjugalshah/SwarmAero/ros2_ws/install/px4_msgs/share/px4_msgs/msg/PurePursuitStatus.msg\n'}
[3.038333] (px4_msgs) StdoutLine: {'line': b'-- Up-to-date symlink: /home/maanavjugalshah/SwarmAero/ros2_ws/install/px4_msgs/share/px4_msgs/msg/PwmInput.msg\n'}
[3.038406] (px4_msgs) StdoutLine: {'line': b'-- Up-to-date symlink: /home/maanavjugalshah/SwarmAero/ros2_ws/install/px4_msgs/share/px4_msgs/msg/Px4ioStatus.msg\n'}
[3.038452] (px4_msgs) StdoutLine: {'line': b'-- Up-to-date symlink: /home/maanavjugalshah/SwarmAero/ros2_ws/install/px4_msgs/share/px4_msgs/msg/QshellReq.msg\n'}
[3.038491] (px4_msgs) StdoutLine: {'line': b'-- Up-to-date symlink: /home/maanavjugalshah/SwarmAero/ros2_ws/install/px4_msgs/share/px4_msgs/msg/QshellRetval.msg\n'}
[3.038530] (px4_msgs) StdoutLine: {'line': b'-- Up-to-date symlink: /home/maanavjugalshah/SwarmAero/ros2_ws/install/px4_msgs/share/px4_msgs/msg/RadioStatus.msg\n'}
[3.038600] (px4_msgs) StdoutLine: {'line': b'-- Up-to-date symlink: /home/maanavjugalshah/SwarmAero/ros2_ws/install/px4_msgs/share/px4_msgs/msg/RangingBeacon.msg\n'}
[3.038639] (px4_msgs) StdoutLine: {'line': b'-- Up-to-date symlink: /home/maanavjugalshah/SwarmAero/ros2_ws/install/px4_msgs/share/px4_msgs/msg/RaptorInput.msg\n'}
[3.038675] (px4_msgs) StdoutLine: {'line': b'-- Up-to-date symlink: /home/maanavjugalshah/SwarmAero/ros2_ws/install/px4_msgs/share/px4_msgs/msg/RaptorStatus.msg\n'}
[3.038711] (px4_msgs) StdoutLine: {'line': b'-- Up-to-date symlink: /home/maanavjugalshah/SwarmAero/ros2_ws/install/px4_msgs/share/px4_msgs/msg/RateCtrlStatus.msg\n'}
[3.038748] (px4_msgs) StdoutLine: {'line': b'-- Up-to-date symlink: /home/maanavjugalshah/SwarmAero/ros2_ws/install/px4_msgs/share/px4_msgs/msg/RcChannels.msg\n'}
[3.038783] (px4_msgs) StdoutLine: {'line': b'-- Up-to-date symlink: /home/maanavjugalshah/SwarmAero/ros2_ws/install/px4_msgs/share/px4_msgs/msg/RcParameterMap.msg\n'}
[3.038816] (px4_msgs) StdoutLine: {'line': b'-- Up-to-date symlink: /home/maanavjugalshah/SwarmAero/ros2_ws/install/px4_msgs/share/px4_msgs/msg/RegisterExtComponentReply.msg\n'}
[3.038850] (px4_msgs) StdoutLine: {'line': b'-- Up-to-date symlink: /home/maanavjugalshah/SwarmAero/ros2_ws/install/px4_msgs/share/px4_msgs/msg/RegisterExtComponentRequest.msg\n'}
[3.038883] (px4_msgs) StdoutLine: {'line': b'-- Up-to-date symlink: /home/maanavjugalshah/SwarmAero/ros2_ws/install/px4_msgs/share/px4_msgs/msg/RoverAttitudeSetpoint.msg\n'}
[3.038916] (px4_msgs) StdoutLine: {'line': b'-- Up-to-date symlink: /home/maanavjugalshah/SwarmAero/ros2_ws/install/px4_msgs/share/px4_msgs/msg/RoverAttitudeStatus.msg\n'}
[3.038947] (px4_msgs) StdoutLine: {'line': b'-- Up-to-date symlink: /home/maanavjugalshah/SwarmAero/ros2_ws/install/px4_msgs/share/px4_msgs/msg/RoverPositionSetpoint.msg\n'}
[3.038979] (px4_msgs) StdoutLine: {'line': b'-- Up-to-date symlink: /home/maanavjugalshah/SwarmAero/ros2_ws/install/px4_msgs/share/px4_msgs/msg/RoverRateSetpoint.msg\n'}
[3.039011] (px4_msgs) StdoutLine: {'line': b'-- Up-to-date symlink: /home/maanavjugalshah/SwarmAero/ros2_ws/install/px4_msgs/share/px4_msgs/msg/RoverRateStatus.msg\n'}
[3.039044] (px4_msgs) StdoutLine: {'line': b'-- Up-to-date symlink: /home/maanavjugalshah/SwarmAero/ros2_ws/install/px4_msgs/share/px4_msgs/msg/RoverSpeedSetpoint.msg\n'}
[3.039111] (px4_msgs) StdoutLine: {'line': b'-- Up-to-date symlink: /home/maanavjugalshah/SwarmAero/ros2_ws/install/px4_msgs/share/px4_msgs/msg/RoverSpeedStatus.msg\n'}
[3.039154] (px4_msgs) StdoutLine: {'line': b'-- Up-to-date symlink: /home/maanavjugalshah/SwarmAero/ros2_ws/install/px4_msgs/share/px4_msgs/msg/RoverSteeringSetpoint.msg\n'}
[3.039191] (px4_msgs) StdoutLine: {'line': b'-- Up-to-date symlink: /home/maanavjugalshah/SwarmAero/ros2_ws/install/px4_msgs/share/px4_msgs/msg/RoverThrottleSetpoint.msg\n'}
[3.039227] (px4_msgs) StdoutLine: {'line': b'-- Up-to-date symlink: /home/maanavjugalshah/SwarmAero/ros2_ws/install/px4_msgs/share/px4_msgs/msg/Rpm.msg\n'}
[3.039260] (px4_msgs) StdoutLine: {'line': b'-- Up-to-date symlink: /home/maanavjugalshah/SwarmAero/ros2_ws/install/px4_msgs/share/px4_msgs/msg/RtlStatus.msg\n'}
[3.039293] (px4_msgs) StdoutLine: {'line': b'-- Up-to-date symlink: /home/maanavjugalshah/SwarmAero/ros2_ws/install/px4_msgs/share/px4_msgs/msg/RtlTimeEstimate.msg\n'}
[3.039325] (px4_msgs) StdoutLine: {'line': b'-- Up-to-date symlink: /home/maanavjugalshah/SwarmAero/ros2_ws/install/px4_msgs/share/px4_msgs/msg/SatelliteInfo.msg\n'}
[3.039406] (px4_msgs) StdoutLine: {'line': b'-- Up-to-date symlink: /home/maanavjugalshah/SwarmAero/ros2_ws/install/px4_msgs/share/px4_msgs/msg/SensorAccel.msg\n'}
[3.039448] (px4_msgs) StdoutLine: {'line': b'-- Up-to-date symlink: /home/maanavjugalshah/SwarmAero/ros2_ws/install/px4_msgs/share/px4_msgs/msg/SensorAccelFifo.msg\n'}
[3.039536] (px4_msgs) StdoutLine: {'line': b'-- Up-to-date symlink: /home/maanavjugalshah/SwarmAero/ros2_ws/install/px4_msgs/share/px4_msgs/msg/SensorAirflow.msg\n'}
[3.039622] (px4_msgs) StdoutLine: {'line': b'-- Up-to-date symlink: /home/maanavjugalshah/SwarmAero/ros2_ws/install/px4_msgs/share/px4_msgs/msg/SensorBaro.msg\n'}
[3.039691] (px4_msgs) StdoutLine: {'line': b'-- Up-to-date symlink: /home/maanavjugalshah/SwarmAero/ros2_ws/install/px4_msgs/share/px4_msgs/msg/SensorCombined.msg\n'}
[3.039732] (px4_msgs) StdoutLine: {'line': b'-- Up-to-date symlink: /home/maanavjugalshah/SwarmAero/ros2_ws/install/px4_msgs/share/px4_msgs/msg/SensorCorrection.msg\n'}
[3.039770] (px4_msgs) StdoutLine: {'line': b'-- Up-to-date symlink: /home/maanavjugalshah/SwarmAero/ros2_ws/install/px4_msgs/share/px4_msgs/msg/SensorGnssRelative.msg\n'}
[3.039805] (px4_msgs) StdoutLine: {'line': b'-- Up-to-date symlink: /home/maanavjugalshah/SwarmAero/ros2_ws/install/px4_msgs/share/px4_msgs/msg/SensorGnssStatus.msg\n'}
[3.039841] (px4_msgs) StdoutLine: {'line': b'-- Up-to-date symlink: /home/maanavjugalshah/SwarmAero/ros2_ws/install/px4_msgs/share/px4_msgs/msg/SensorGps.msg\n'}
[3.039874] (px4_msgs) StdoutLine: {'line': b'-- Up-to-date symlink: /home/maanavjugalshah/SwarmAero/ros2_ws/install/px4_msgs/share/px4_msgs/msg/SensorGyro.msg\n'}
[3.039908] (px4_msgs) StdoutLine: {'line': b'-- Up-to-date symlink: /home/maanavjugalshah/SwarmAero/ros2_ws/install/px4_msgs/share/px4_msgs/msg/SensorGyroFft.msg\n'}
[3.039944] (px4_msgs) StdoutLine: {'line': b'-- Up-to-date symlink: /home/maanavjugalshah/SwarmAero/ros2_ws/install/px4_msgs/share/px4_msgs/msg/SensorGyroFifo.msg\n'}
[3.039979] (px4_msgs) StdoutLine: {'line': b'-- Up-to-date symlink: /home/maanavjugalshah/SwarmAero/ros2_ws/install/px4_msgs/share/px4_msgs/msg/SensorHygrometer.msg\n'}
[3.040013] (px4_msgs) StdoutLine: {'line': b'-- Up-to-date symlink: /home/maanavjugalshah/SwarmAero/ros2_ws/install/px4_msgs/share/px4_msgs/msg/SensorMag.msg\n'}
[3.040046] (px4_msgs) StdoutLine: {'line': b'-- Up-to-date symlink: /home/maanavjugalshah/SwarmAero/ros2_ws/install/px4_msgs/share/px4_msgs/msg/SensorOpticalFlow.msg\n'}
[3.040078] (px4_msgs) StdoutLine: {'line': b'-- Up-to-date symlink: /home/maanavjugalshah/SwarmAero/ros2_ws/install/px4_msgs/share/px4_msgs/msg/SensorPreflightMag.msg\n'}
[3.040111] (px4_msgs) StdoutLine: {'line': b'-- Up-to-date symlink: /home/maanavjugalshah/SwarmAero/ros2_ws/install/px4_msgs/share/px4_msgs/msg/SensorSelection.msg\n'}
[3.040142] (px4_msgs) StdoutLine: {'line': b'-- Up-to-date symlink: /home/maanavjugalshah/SwarmAero/ros2_ws/install/px4_msgs/share/px4_msgs/msg/SensorTemp.msg\n'}
[3.040174] (px4_msgs) StdoutLine: {'line': b'-- Up-to-date symlink: /home/maanavjugalshah/SwarmAero/ros2_ws/install/px4_msgs/share/px4_msgs/msg/SensorUwb.msg\n'}
[3.040205] (px4_msgs) StdoutLine: {'line': b'-- Up-to-date symlink: /home/maanavjugalshah/SwarmAero/ros2_ws/install/px4_msgs/share/px4_msgs/msg/SensorsStatus.msg\n'}
[3.040238] (px4_msgs) StdoutLine: {'line': b'-- Up-to-date symlink: /home/maanavjugalshah/SwarmAero/ros2_ws/install/px4_msgs/share/px4_msgs/msg/SensorsStatusImu.msg\n'}
[3.040272] (px4_msgs) StdoutLine: {'line': b'-- Up-to-date symlink: /home/maanavjugalshah/SwarmAero/ros2_ws/install/px4_msgs/share/px4_msgs/msg/SystemPower.msg\n'}
[3.040305] (px4_msgs) StdoutLine: {'line': b'-- Up-to-date symlink: /home/maanavjugalshah/SwarmAero/ros2_ws/install/px4_msgs/share/px4_msgs/msg/TakeoffStatus.msg\n'}
[3.040391] (px4_msgs) StdoutLine: {'line': b'-- Up-to-date symlink: /home/maanavjugalshah/SwarmAero/ros2_ws/install/px4_msgs/share/px4_msgs/msg/TaskStackInfo.msg\n'}
[3.040461] (px4_msgs) StdoutLine: {'line': b'-- Up-to-date symlink: /home/maanavjugalshah/SwarmAero/ros2_ws/install/px4_msgs/share/px4_msgs/msg/TecsStatus.msg\n'}
[3.040507] (px4_msgs) StdoutLine: {'line': b'-- Up-to-date symlink: /home/maanavjugalshah/SwarmAero/ros2_ws/install/px4_msgs/share/px4_msgs/msg/TelemetryStatus.msg\n'}
[3.040572] (px4_msgs) StdoutLine: {'line': b'-- Up-to-date symlink: /home/maanavjugalshah/SwarmAero/ros2_ws/install/px4_msgs/share/px4_msgs/msg/TiltrotorExtraControls.msg\n'}
[3.040642] (px4_msgs) StdoutLine: {'line': b'-- Up-to-date symlink: /home/maanavjugalshah/SwarmAero/ros2_ws/install/px4_msgs/share/px4_msgs/msg/TimesyncStatus.msg\n'}
[3.040688] (px4_msgs) StdoutLine: {'line': b'-- Up-to-date symlink: /home/maanavjugalshah/SwarmAero/ros2_ws/install/px4_msgs/share/px4_msgs/msg/TrajectorySetpoint.msg\n'}
[3.040729] (px4_msgs) StdoutLine: {'line': b'-- Up-to-date symlink: /home/maanavjugalshah/SwarmAero/ros2_ws/install/px4_msgs/share/px4_msgs/msg/TrajectorySetpoint6dof.msg\n'}
[3.040767] (px4_msgs) StdoutLine: {'line': b'-- Up-to-date symlink: /home/maanavjugalshah/SwarmAero/ros2_ws/install/px4_msgs/share/px4_msgs/msg/TransponderReport.msg\n'}
[3.040802] (px4_msgs) StdoutLine: {'line': b'-- Up-to-date symlink: /home/maanavjugalshah/SwarmAero/ros2_ws/install/px4_msgs/share/px4_msgs/msg/TuneControl.msg\n'}
[3.040838] (px4_msgs) StdoutLine: {'line': b'-- Up-to-date symlink: /home/maanavjugalshah/SwarmAero/ros2_ws/install/px4_msgs/share/px4_msgs/msg/UavcanParameterRequest.msg\n'}
[3.040874] (px4_msgs) StdoutLine: {'line': b'-- Up-to-date symlink: /home/maanavjugalshah/SwarmAero/ros2_ws/install/px4_msgs/share/px4_msgs/msg/UavcanParameterValue.msg\n'}
[3.040909] (px4_msgs) StdoutLine: {'line': b'-- Up-to-date symlink: /home/maanavjugalshah/SwarmAero/ros2_ws/install/px4_msgs/share/px4_msgs/msg/UlogStream.msg\n'}
[3.040945] (px4_msgs) StdoutLine: {'line': b'-- Up-to-date symlink: /home/maanavjugalshah/SwarmAero/ros2_ws/install/px4_msgs/share/px4_msgs/msg/UlogStreamAck.msg\n'}
[3.040980] (px4_msgs) StdoutLine: {'line': b'-- Up-to-date symlink: /home/maanavjugalshah/SwarmAero/ros2_ws/install/px4_msgs/share/px4_msgs/msg/UnregisterExtComponent.msg\n'}
[3.041014] (px4_msgs) StdoutLine: {'line': b'-- Up-to-date symlink: /home/maanavjugalshah/SwarmAero/ros2_ws/install/px4_msgs/share/px4_msgs/msg/VehicleAcceleration.msg\n'}
[3.041048] (px4_msgs) StdoutLine: {'line': b'-- Up-to-date symlink: /home/maanavjugalshah/SwarmAero/ros2_ws/install/px4_msgs/share/px4_msgs/msg/VehicleAirData.msg\n'}
[3.041083] (px4_msgs) StdoutLine: {'line': b'-- Up-to-date symlink: /home/maanavjugalshah/SwarmAero/ros2_ws/install/px4_msgs/share/px4_msgs/msg/VehicleAngularAccelerationSetpoint.msg\n'}
[3.041119] (px4_msgs) StdoutLine: {'line': b'-- Up-to-date symlink: /home/maanavjugalshah/SwarmAero/ros2_ws/install/px4_msgs/share/px4_msgs/msg/VehicleAngularVelocity.msg\n'}
[3.041153] (px4_msgs) StdoutLine: {'line': b'-- Up-to-date symlink: /home/maanavjugalshah/SwarmAero/ros2_ws/install/px4_msgs/share/px4_msgs/msg/VehicleAttitude.msg\n'}
[3.041185] (px4_msgs) StdoutLine: {'line': b'-- Up-to-date symlink: /home/maanavjugalshah/SwarmAero/ros2_ws/install/px4_msgs/share/px4_msgs/msg/VehicleAttitudeSetpoint.msg\n'}
[3.041222] (px4_msgs) StdoutLine: {'line': b'-- Up-to-date symlink: /home/maanavjugalshah/SwarmAero/ros2_ws/install/px4_msgs/share/px4_msgs/msg/VehicleCommand.msg\n'}
[3.041255] (px4_msgs) StdoutLine: {'line': b'-- Up-to-date symlink: /home/maanavjugalshah/SwarmAero/ros2_ws/install/px4_msgs/share/px4_msgs/msg/VehicleCommandAck.msg\n'}
[3.041291] (px4_msgs) StdoutLine: {'line': b'-- Up-to-date symlink: /home/maanavjugalshah/SwarmAero/ros2_ws/install/px4_msgs/share/px4_msgs/msg/VehicleConstraints.msg\n'}
[3.041323] (px4_msgs) StdoutLine: {'line': b'-- Up-to-date symlink: /home/maanavjugalshah/SwarmAero/ros2_ws/install/px4_msgs/share/px4_msgs/msg/VehicleControlMode.msg\n'}
[3.041356] (px4_msgs) StdoutLine: {'line': b'-- Up-to-date symlink: /home/maanavjugalshah/SwarmAero/ros2_ws/install/px4_msgs/share/px4_msgs/msg/VehicleGlobalPosition.msg\n'}
[3.041421] (px4_msgs) StdoutLine: {'line': b'-- Up-to-date symlink: /home/maanavjugalshah/SwarmAero/ros2_ws/install/px4_msgs/share/px4_msgs/msg/VehicleImu.msg\n'}
[3.041460] (px4_msgs) StdoutLine: {'line': b'-- Up-to-date symlink: /home/maanavjugalshah/SwarmAero/ros2_ws/install/px4_msgs/share/px4_msgs/msg/VehicleImuStatus.msg\n'}
[3.041587] (px4_msgs) StdoutLine: {'line': b'-- Up-to-date symlink: /home/maanavjugalshah/SwarmAero/ros2_ws/install/px4_msgs/share/px4_msgs/msg/VehicleLandDetected.msg\n'}
[3.041679] (px4_msgs) StdoutLine: {'line': b'-- Up-to-date symlink: /home/maanavjugalshah/SwarmAero/ros2_ws/install/px4_msgs/share/px4_msgs/msg/VehicleLocalPosition.msg\n'}
[3.041751] (px4_msgs) StdoutLine: {'line': b'-- Up-to-date symlink: /home/maanavjugalshah/SwarmAero/ros2_ws/install/px4_msgs/share/px4_msgs/msg/VehicleLocalPositionSetpoint.msg\n'}
[3.041823] (px4_msgs) StdoutLine: {'line': b'-- Up-to-date symlink: /home/maanavjugalshah/SwarmAero/ros2_ws/install/px4_msgs/share/px4_msgs/msg/VehicleMagnetometer.msg\n'}
[3.041868] (px4_msgs) StdoutLine: {'line': b'-- Up-to-date symlink: /home/maanavjugalshah/SwarmAero/ros2_ws/install/px4_msgs/share/px4_msgs/msg/VehicleOdometry.msg\n'}
[3.041907] (px4_msgs) StdoutLine: {'line': b'-- Up-to-date symlink: /home/maanavjugalshah/SwarmAero/ros2_ws/install/px4_msgs/share/px4_msgs/msg/VehicleOpticalFlow.msg\n'}
[3.041942] (px4_msgs) StdoutLine: {'line': b'-- Up-to-date symlink: /home/maanavjugalshah/SwarmAero/ros2_ws/install/px4_msgs/share/px4_msgs/msg/VehicleOpticalFlowVel.msg\n'}
[3.041978] (px4_msgs) StdoutLine: {'line': b'-- Up-to-date symlink: /home/maanavjugalshah/SwarmAero/ros2_ws/install/px4_msgs/share/px4_msgs/msg/VehicleRatesSetpoint.msg\n'}
[3.042012] (px4_msgs) StdoutLine: {'line': b'-- Up-to-date symlink: /home/maanavjugalshah/SwarmAero/ros2_ws/install/px4_msgs/share/px4_msgs/msg/VehicleRoi.msg\n'}
[3.042075] (px4_msgs) StdoutLine: {'line': b'-- Up-to-date symlink: /home/maanavjugalshah/SwarmAero/ros2_ws/install/px4_msgs/share/px4_msgs/msg/VehicleStatus.msg\n'}
[3.042116] (px4_msgs) StdoutLine: {'line': b'-- Up-to-date symlink: /home/maanavjugalshah/SwarmAero/ros2_ws/install/px4_msgs/share/px4_msgs/msg/VehicleThrustSetpoint.msg\n'}
[3.042159] (px4_msgs) StdoutLine: {'line': b'-- Up-to-date symlink: /home/maanavjugalshah/SwarmAero/ros2_ws/install/px4_msgs/share/px4_msgs/msg/VehicleTorqueSetpoint.msg\n'}
[3.042192] (px4_msgs) StdoutLine: {'line': b'-- Up-to-date symlink: /home/maanavjugalshah/SwarmAero/ros2_ws/install/px4_msgs/share/px4_msgs/msg/VelocityLimits.msg\n'}
[3.042226] (px4_msgs) StdoutLine: {'line': b'-- Up-to-date symlink: /home/maanavjugalshah/SwarmAero/ros2_ws/install/px4_msgs/share/px4_msgs/msg/VtolVehicleStatus.msg\n'}
[3.042259] (px4_msgs) StdoutLine: {'line': b'-- Up-to-date symlink: /home/maanavjugalshah/SwarmAero/ros2_ws/install/px4_msgs/share/px4_msgs/msg/Vtx.msg\n'}
[3.042294] (px4_msgs) StdoutLine: {'line': b'-- Up-to-date symlink: /home/maanavjugalshah/SwarmAero/ros2_ws/install/px4_msgs/share/px4_msgs/msg/WheelEncoders.msg\n'}
[3.042326] (px4_msgs) StdoutLine: {'line': b'-- Up-to-date symlink: /home/maanavjugalshah/SwarmAero/ros2_ws/install/px4_msgs/share/px4_msgs/msg/Wind.msg\n'}
[3.042358] (px4_msgs) StdoutLine: {'line': b'-- Up-to-date symlink: /home/maanavjugalshah/SwarmAero/ros2_ws/install/px4_msgs/share/px4_msgs/msg/YawEstimatorStatus.msg\n'}
[3.042390] (px4_msgs) StdoutLine: {'line': b'-- Up-to-date symlink: /home/maanavjugalshah/SwarmAero/ros2_ws/install/px4_msgs/share/px4_msgs/srv/VehicleCommand.srv\n'}
[3.042428] (px4_msgs) StdoutLine: {'line': b'-- Up-to-date symlink: /home/maanavjugalshah/SwarmAero/ros2_ws/install/px4_msgs/share/px4_msgs/srv/VehicleCommand_Request.msg\n'}
[3.042460] (px4_msgs) StdoutLine: {'line': b'-- Up-to-date symlink: /home/maanavjugalshah/SwarmAero/ros2_ws/install/px4_msgs/share/px4_msgs/srv/VehicleCommand_Response.msg\n'}
[3.042491] (px4_msgs) StdoutLine: {'line': b'-- Up-to-date symlink: /home/maanavjugalshah/SwarmAero/ros2_ws/install/px4_msgs/share/ament_index/resource_index/package_run_dependencies/px4_msgs\n'}
[3.042524] (px4_msgs) StdoutLine: {'line': b'-- Up-to-date symlink: /home/maanavjugalshah/SwarmAero/ros2_ws/install/px4_msgs/share/ament_index/resource_index/parent_prefix_path/px4_msgs\n'}
[3.042555] (px4_msgs) StdoutLine: {'line': b'-- Up-to-date symlink: /home/maanavjugalshah/SwarmAero/ros2_ws/install/px4_msgs/share/px4_msgs/environment/ament_prefix_path.sh\n'}
[3.042588] (px4_msgs) StdoutLine: {'line': b'-- Up-to-date symlink: /home/maanavjugalshah/SwarmAero/ros2_ws/install/px4_msgs/share/px4_msgs/environment/ament_prefix_path.dsv\n'}
[3.042620] (px4_msgs) StdoutLine: {'line': b'-- Up-to-date symlink: /home/maanavjugalshah/SwarmAero/ros2_ws/install/px4_msgs/share/px4_msgs/environment/path.sh\n'}
[3.042650] (px4_msgs) StdoutLine: {'line': b'-- Up-to-date symlink: /home/maanavjugalshah/SwarmAero/ros2_ws/install/px4_msgs/share/px4_msgs/environment/path.dsv\n'}
[3.042681] (px4_msgs) StdoutLine: {'line': b'-- Up-to-date symlink: /home/maanavjugalshah/SwarmAero/ros2_ws/install/px4_msgs/share/px4_msgs/local_setup.bash\n'}
[3.042712] (px4_msgs) StdoutLine: {'line': b'-- Up-to-date symlink: /home/maanavjugalshah/SwarmAero/ros2_ws/install/px4_msgs/share/px4_msgs/local_setup.sh\n'}
[3.042742] (px4_msgs) StdoutLine: {'line': b'-- Up-to-date symlink: /home/maanavjugalshah/SwarmAero/ros2_ws/install/px4_msgs/share/px4_msgs/local_setup.zsh\n'}
[3.042773] (px4_msgs) StdoutLine: {'line': b'-- Up-to-date symlink: /home/maanavjugalshah/SwarmAero/ros2_ws/install/px4_msgs/share/px4_msgs/local_setup.dsv\n'}
[3.042804] (px4_msgs) StdoutLine: {'line': b'-- Symlinking: /home/maanavjugalshah/SwarmAero/ros2_ws/install/px4_msgs/share/px4_msgs/package.dsv\n'}
[3.042835] (px4_msgs) StdoutLine: {'line': b'-- Up-to-date symlink: /home/maanavjugalshah/SwarmAero/ros2_ws/install/px4_msgs/share/ament_index/resource_index/packages/px4_msgs\n'}
[3.042866] (px4_msgs) StdoutLine: {'line': b'-- Up-to-date symlink: /home/maanavjugalshah/SwarmAero/ros2_ws/install/px4_msgs/share/px4_msgs/cmake/rosidl_cmake-extras.cmake\n'}
[3.042896] (px4_msgs) StdoutLine: {'line': b'-- Up-to-date symlink: /home/maanavjugalshah/SwarmAero/ros2_ws/install/px4_msgs/share/px4_msgs/cmake/ament_cmake_export_dependencies-extras.cmake\n'}
[3.042926] (px4_msgs) StdoutLine: {'line': b'-- Up-to-date symlink: /home/maanavjugalshah/SwarmAero/ros2_ws/install/px4_msgs/share/px4_msgs/cmake/ament_cmake_export_include_directories-extras.cmake\n'}
[3.042956] (px4_msgs) StdoutLine: {'line': b'-- Up-to-date symlink: /home/maanavjugalshah/SwarmAero/ros2_ws/install/px4_msgs/share/px4_msgs/cmake/ament_cmake_export_libraries-extras.cmake\n'}
[3.042987] (px4_msgs) StdoutLine: {'line': b'-- Up-to-date symlink: /home/maanavjugalshah/SwarmAero/ros2_ws/install/px4_msgs/share/px4_msgs/cmake/ament_cmake_export_targets-extras.cmake\n'}
[3.043018] (px4_msgs) StdoutLine: {'line': b'-- Up-to-date symlink: /home/maanavjugalshah/SwarmAero/ros2_ws/install/px4_msgs/share/px4_msgs/cmake/rosidl_cmake_export_typesupport_targets-extras.cmake\n'}
[3.043048] (px4_msgs) StdoutLine: {'line': b'-- Up-to-date symlink: /home/maanavjugalshah/SwarmAero/ros2_ws/install/px4_msgs/share/px4_msgs/cmake/rosidl_cmake_export_typesupport_libraries-extras.cmake\n'}
[3.043078] (px4_msgs) StdoutLine: {'line': b'-- Up-to-date symlink: /home/maanavjugalshah/SwarmAero/ros2_ws/install/px4_msgs/share/px4_msgs/cmake/px4_msgsConfig.cmake\n'}
[3.043110] (px4_msgs) StdoutLine: {'line': b'-- Up-to-date symlink: /home/maanavjugalshah/SwarmAero/ros2_ws/install/px4_msgs/share/px4_msgs/cmake/px4_msgsConfig-version.cmake\n'}
[3.043146] (px4_msgs) StdoutLine: {'line': b'-- Up-to-date symlink: /home/maanavjugalshah/SwarmAero/ros2_ws/install/px4_msgs/share/px4_msgs/package.xml\n'}
[3.043180] (px4_msgs) StdoutLine: {'line': b'-- Up-to-date: /home/maanavjugalshah/SwarmAero/ros2_ws/install/px4_msgs/lib/libpx4_msgs__rosidl_generator_c.so\n'}
[3.043215] (px4_msgs) StdoutLine: {'line': b'-- Up-to-date: /home/maanavjugalshah/SwarmAero/ros2_ws/install/px4_msgs/lib/libpx4_msgs__rosidl_typesupport_fastrtps_c.so\n'}
[3.043246] (px4_msgs) StdoutLine: {'line': b'-- Up-to-date: /home/maanavjugalshah/SwarmAero/ros2_ws/install/px4_msgs/lib/libpx4_msgs__rosidl_typesupport_fastrtps_cpp.so\n'}
[3.043277] (px4_msgs) StdoutLine: {'line': b'-- Up-to-date: /home/maanavjugalshah/SwarmAero/ros2_ws/install/px4_msgs/lib/libpx4_msgs__rosidl_typesupport_introspection_c.so\n'}
[3.043309] (px4_msgs) StdoutLine: {'line': b'-- Up-to-date: /home/maanavjugalshah/SwarmAero/ros2_ws/install/px4_msgs/lib/libpx4_msgs__rosidl_typesupport_c.so\n'}
[3.043339] (px4_msgs) StdoutLine: {'line': b'-- Up-to-date: /home/maanavjugalshah/SwarmAero/ros2_ws/install/px4_msgs/lib/libpx4_msgs__rosidl_typesupport_introspection_cpp.so\n'}
[3.043371] (px4_msgs) StdoutLine: {'line': b'-- Up-to-date: /home/maanavjugalshah/SwarmAero/ros2_ws/install/px4_msgs/lib/libpx4_msgs__rosidl_typesupport_cpp.so\n'}
[3.070361] (px4_msgs) StdoutLine: {'line': b"Listing '/home/maanavjugalshah/SwarmAero/ros2_ws/install/px4_msgs/local/lib/python3.10/dist-packages/px4_msgs'...\n"}
[3.070572] (px4_msgs) StdoutLine: {'line': b"Listing '/home/maanavjugalshah/SwarmAero/ros2_ws/install/px4_msgs/local/lib/python3.10/dist-packages/px4_msgs/msg'...\n"}
[3.070644] (px4_msgs) StdoutLine: {'line': b"Listing '/home/maanavjugalshah/SwarmAero/ros2_ws/install/px4_msgs/local/lib/python3.10/dist-packages/px4_msgs/srv'...\n"}
[3.075081] (px4_msgs) StdoutLine: {'line': b'-- Up-to-date: /home/maanavjugalshah/SwarmAero/ros2_ws/install/px4_msgs/lib/libpx4_msgs__rosidl_generator_py.so\n'}
[3.075491] (px4_msgs) StdoutLine: {'line': b'-- Up-to-date: /home/maanavjugalshah/SwarmAero/ros2_ws/install/px4_msgs/share/px4_msgs/cmake/export_px4_msgs__rosidl_generator_cExport.cmake\n'}
[3.075989] (px4_msgs) StdoutLine: {'line': b'-- Up-to-date: /home/maanavjugalshah/SwarmAero/ros2_ws/install/px4_msgs/share/px4_msgs/cmake/export_px4_msgs__rosidl_generator_cExport-noconfig.cmake\n'}
[3.076351] (px4_msgs) StdoutLine: {'line': b'-- Up-to-date: /home/maanavjugalshah/SwarmAero/ros2_ws/install/px4_msgs/share/px4_msgs/cmake/export_px4_msgs__rosidl_typesupport_fastrtps_cExport.cmake\n'}
[3.076440] (px4_msgs) StdoutLine: {'line': b'-- Up-to-date: /home/maanavjugalshah/SwarmAero/ros2_ws/install/px4_msgs/share/px4_msgs/cmake/export_px4_msgs__rosidl_typesupport_fastrtps_cExport-noconfig.cmake\n'}
[3.076596] (px4_msgs) StdoutLine: {'line': b'-- Up-to-date: /home/maanavjugalshah/SwarmAero/ros2_ws/install/px4_msgs/share/px4_msgs/cmake/export_px4_msgs__rosidl_generator_cppExport.cmake\n'}
[3.076643] (px4_msgs) StdoutLine: {'line': b'-- Up-to-date: /home/maanavjugalshah/SwarmAero/ros2_ws/install/px4_msgs/share/px4_msgs/cmake/export_px4_msgs__rosidl_typesupport_fastrtps_cppExport.cmake\n'}
[3.076683] (px4_msgs) StdoutLine: {'line': b'-- Up-to-date: /home/maanavjugalshah/SwarmAero/ros2_ws/install/px4_msgs/share/px4_msgs/cmake/export_px4_msgs__rosidl_typesupport_fastrtps_cppExport-noconfig.cmake\n'}
[3.076720] (px4_msgs) StdoutLine: {'line': b'-- Up-to-date: /home/maanavjugalshah/SwarmAero/ros2_ws/install/px4_msgs/share/px4_msgs/cmake/px4_msgs__rosidl_typesupport_introspection_cExport.cmake\n'}
[3.076758] (px4_msgs) StdoutLine: {'line': b'-- Up-to-date: /home/maanavjugalshah/SwarmAero/ros2_ws/install/px4_msgs/share/px4_msgs/cmake/px4_msgs__rosidl_typesupport_introspection_cExport-noconfig.cmake\n'}
[3.076794] (px4_msgs) StdoutLine: {'line': b'-- Up-to-date: /home/maanavjugalshah/SwarmAero/ros2_ws/install/px4_msgs/share/px4_msgs/cmake/px4_msgs__rosidl_typesupport_cExport.cmake\n'}
[3.076829] (px4_msgs) StdoutLine: {'line': b'-- Up-to-date: /home/maanavjugalshah/SwarmAero/ros2_ws/install/px4_msgs/share/px4_msgs/cmake/px4_msgs__rosidl_typesupport_cExport-noconfig.cmake\n'}
[3.076870] (px4_msgs) StdoutLine: {'line': b'-- Up-to-date: /home/maanavjugalshah/SwarmAero/ros2_ws/install/px4_msgs/share/px4_msgs/cmake/px4_msgs__rosidl_typesupport_introspection_cppExport.cmake\n'}
[3.076903] (px4_msgs) StdoutLine: {'line': b'-- Up-to-date: /home/maanavjugalshah/SwarmAero/ros2_ws/install/px4_msgs/share/px4_msgs/cmake/px4_msgs__rosidl_typesupport_introspection_cppExport-noconfig.cmake\n'}
[3.076938] (px4_msgs) StdoutLine: {'line': b'-- Up-to-date: /home/maanavjugalshah/SwarmAero/ros2_ws/install/px4_msgs/share/px4_msgs/cmake/px4_msgs__rosidl_typesupport_cppExport.cmake\n'}
[3.076972] (px4_msgs) StdoutLine: {'line': b'-- Up-to-date: /home/maanavjugalshah/SwarmAero/ros2_ws/install/px4_msgs/share/px4_msgs/cmake/px4_msgs__rosidl_typesupport_cppExport-noconfig.cmake\n'}
[3.077007] (px4_msgs) StdoutLine: {'line': b'-- Up-to-date: /home/maanavjugalshah/SwarmAero/ros2_ws/install/px4_msgs/share/px4_msgs/cmake/export_px4_msgs__rosidl_generator_pyExport.cmake\n'}
[3.077041] (px4_msgs) StdoutLine: {'line': b'-- Up-to-date: /home/maanavjugalshah/SwarmAero/ros2_ws/install/px4_msgs/share/px4_msgs/cmake/export_px4_msgs__rosidl_generator_pyExport-noconfig.cmake\n'}
[3.079170] (px4_msgs) CommandEnded: {'returncode': 0}
[3.105599] (px4_msgs) JobEnded: {'identifier': 'px4_msgs', 'rc': 0}
[3.106508] (swarm_ekf) JobStarted: {'identifier': 'swarm_ekf'}
[3.112935] (-) TimerEvent: {}
[3.213331] (-) TimerEvent: {}
[3.313934] (-) TimerEvent: {}
[3.414287] (-) TimerEvent: {}
[3.514665] (-) TimerEvent: {}
[3.615079] (-) TimerEvent: {}
[3.715675] (-) TimerEvent: {}
[3.816108] (-) TimerEvent: {}
[3.916502] (-) TimerEvent: {}
[4.016906] (-) TimerEvent: {}
[4.117577] (-) TimerEvent: {}
[4.180678] (swarm_ekf) Command: {'cmd': ['/usr/bin/python3', '-W', 'ignore:setup.py install is deprecated', '-W', 'ignore:easy_install command is deprecated', 'setup.py', 'develop', '--editable', '--build-directory', '/home/maanavjugalshah/SwarmAero/ros2_ws/build/swarm_ekf/build', '--no-deps', 'symlink_data'], 'cwd': '/home/maanavjugalshah/SwarmAero/ros2_ws/build/swarm_ekf', 'env': {'LESSOPEN': '| /usr/bin/lesspipe %s', 'USER': 'maanavjugalshah', 'GIT_ASKPASS': '/home/maanavjugalshah/.vscode-server/bin/f6cfa2ea2403534de03f069bdf160d06451ed282/extensions/git/dist/askpass.sh', 'SHLVL': '1', 'LD_LIBRARY_PATH': '/home/maanavjugalshah/SwarmAero/ros2_ws/install/px4_msgs/lib:/home/maanavjugalshah/swarm_ws/install/px4_msgs/lib:/opt/ros/humble/opt/rviz_ogre_vendor/lib:/opt/ros/humble/lib/x86_64-linux-gnu:/opt/ros/humble/lib', 'MOTD_SHOWN': 'update-motd', 'HOME': '/home/maanavjugalshah', 'OLDPWD': '/home/maanavjugalshah/SwarmAero/ros2_ws/src/swarm_ekf/swarm_ekf', 'TERM_PROGRAM_VERSION': '1.121.0', 'VSCODE_IPC_HOOK_CLI': '/run/user/1000/vscode-ipc-aa55078d-f270-4c09-85e7-64291e9d3075.sock', 'ROS_PYTHON_VERSION': '3', 'VSCODE_GIT_ASKPASS_MAIN': '/home/maanavjugalshah/.vscode-server/bin/f6cfa2ea2403534de03f069bdf160d06451ed282/extensions/git/dist/askpass-main.js', 'VSCODE_GIT_ASKPASS_NODE': '/home/maanavjugalshah/.vscode-server/bin/f6cfa2ea2403534de03f069bdf160d06451ed282/node', 'VSCODE_PYTHON_AUTOACTIVATE_GUARD': '1', 'DBUS_SESSION_BUS_ADDRESS': 'unix:path=/run/user/1000/bus', 'COLORTERM': 'truecolor', 'WSL_DISTRO_NAME': 'Ubuntu-22.04', 'WAYLAND_DISPLAY': 'wayland-0', 'COLCON_PREFIX_PATH': '/home/maanavjugalshah/SwarmAero/ros2_ws/install:/home/maanavjugalshah/swarm_ws/install', 'ROS_DISTRO': 'humble', 'LOGNAME': 'maanavjugalshah', 'NAME': 'MaanavXPS13Plus', 'WSL_INTEROP': '/run/WSL/436_interop', 'PULSE_SERVER': 'unix:/mnt/wslg/PulseServer', '_': '/usr/bin/colcon', 'ROS_VERSION': '2', 'TERM': 'xterm-256color', 'ROS_LOCALHOST_ONLY': '0', 'PATH': '/home/maanavjugalshah/.vscode-server/data/User/globalStorage/github.copilot-chat/debugCommand:/home/maanavjugalshah/.vscode-server/data/User/globalStorage/github.copilot-chat/copilotCli:/home/maanavjugalshah/.vscode-server/bin/f6cfa2ea2403534de03f069bdf160d06451ed282/bin/remote-cli:/home/maanavjugalshah/.local/bin:/opt/ros/humble/bin:/usr/local/sbin:/usr/local/bin:/usr/sbin:/usr/bin:/sbin:/bin:/usr/games:/usr/local/games:/usr/lib/wsl/lib:/mnt/c/WINDOWS/system32:/mnt/c/WINDOWS:/mnt/c/WINDOWS/System32/Wbem:/mnt/c/WINDOWS/System32/WindowsPowerShell/v1.0/:/mnt/c/WINDOWS/System32/OpenSSH/:/mnt/c/Program Files/dotnet/:/mnt/c/Program Files/Docker/Docker/resources/bin:/mnt/c/Program Files/MATLAB/R2025b/runtime/win64:/mnt/c/Program Files/MATLAB/R2025b/bin:/mnt/c/Program Files/MATLAB/R2024b/bin:/mnt/c/Program Files/Git/cmd:/mnt/c/Program Files/CMake/bin:/mnt/c/ProgramData/chocolatey/bin:/mnt/c/Program Files/7-Zip:/mnt/c/Program Files/Tailscale/:/mnt/c/Users/maana/AppData/Local/Programs/Python/Launcher/:/mnt/c/Users/maana/AppData/Local/Microsoft/WindowsApps:/mnt/c/Users/maana/AppData/Local/Programs/Microsoft VS Code/bin:/mnt/c/Users/maana/AppData/Local/Microsoft/WinGet/Packages/Ninja-build.Ninja_Microsoft.Winget.Source_8wekyb3d8bbwe:/mnt/c/Users/maana/AppData/Local/Microsoft/WinGet/Packages/oss-winget.gperf_Microsoft.Winget.Source_8wekyb3d8bbwe:/mnt/c/Users/maana/AppData/Local/Microsoft/WinGet/Packages/oss-winget.dtc_Microsoft.Winget.Source_8wekyb3d8bbwe/usr/bin:/mnt/c/Users/maana/AppData/Local/Microsoft/WinGet/Packages/JernejSimoncic.Wget_Microsoft.Winget.Source_8wekyb3d8bbwe:/snap/bin:/opt/xtensa-esp-elf/bin/:/opt/xtensa-esp-elf/bin/:/opt/xtensa-esp-elf/bin/:/opt/xtensa-esp-elf/bin/:/opt/xtensa-esp-elf/bin/:/opt/xtensa-esp-elf/bin/:/opt/xtensa-esp-elf/bin/', 'XDG_RUNTIME_DIR': '/run/user/1000', 'DISPLAY': ':0', 'LANG': 'en_US.UTF-8', 'RMW_IMPLEMENTATION': 'rmw_cyclonedds_cpp', 'LS_COLORS': 'rs=0:di=01;34:ln=01;36:mh=00:pi=40;33:so=01;35:do=01;35:bd=40;33;01:cd=40;33;01:or=40;31;01:mi=00:su=37;41:sg=30;43:ca=30;41:tw=30;42:ow=34;42:st=37;44:ex=01;32:*.tar=01;31:*.tgz=01;31:*.arc=01;31:*.arj=01;31:*.taz=01;31:*.lha=01;31:*.lz4=01;31:*.lzh=01;31:*.lzma=01;31:*.tlz=01;31:*.txz=01;31:*.tzo=01;31:*.t7z=01;31:*.zip=01;31:*.z=01;31:*.dz=01;31:*.gz=01;31:*.lrz=01;31:*.lz=01;31:*.lzo=01;31:*.xz=01;31:*.zst=01;31:*.tzst=01;31:*.bz2=01;31:*.bz=01;31:*.tbz=01;31:*.tbz2=01;31:*.tz=01;31:*.deb=01;31:*.rpm=01;31:*.jar=01;31:*.war=01;31:*.ear=01;31:*.sar=01;31:*.rar=01;31:*.alz=01;31:*.ace=01;31:*.zoo=01;31:*.cpio=01;31:*.7z=01;31:*.rz=01;31:*.cab=01;31:*.wim=01;31:*.swm=01;31:*.dwm=01;31:*.esd=01;31:*.jpg=01;35:*.jpeg=01;35:*.mjpg=01;35:*.mjpeg=01;35:*.gif=01;35:*.bmp=01;35:*.pbm=01;35:*.pgm=01;35:*.ppm=01;35:*.tga=01;35:*.xbm=01;35:*.xpm=01;35:*.tif=01;35:*.tiff=01;35:*.png=01;35:*.svg=01;35:*.svgz=01;35:*.mng=01;35:*.pcx=01;35:*.mov=01;35:*.mpg=01;35:*.mpeg=01;35:*.m2v=01;35:*.mkv=01;35:*.webm=01;35:*.webp=01;35:*.ogm=01;35:*.mp4=01;35:*.m4v=01;35:*.mp4v=01;35:*.vob=01;35:*.qt=01;35:*.nuv=01;35:*.wmv=01;35:*.asf=01;35:*.rm=01;35:*.rmvb=01;35:*.flc=01;35:*.avi=01;35:*.fli=01;35:*.flv=01;35:*.gl=01;35:*.dl=01;35:*.xcf=01;35:*.xwd=01;35:*.yuv=01;35:*.cgm=01;35:*.emf=01;35:*.ogv=01;35:*.ogx=01;35:*.aac=00;36:*.au=00;36:*.flac=00;36:*.m4a=00;36:*.mid=00;36:*.midi=00;36:*.mka=00;36:*.mp3=00;36:*.mpc=00;36:*.ogg=00;36:*.ra=00;36:*.wav=00;36:*.oga=00;36:*.opus=00;36:*.spx=00;36:*.xspf=00;36:', 'VSCODE_GIT_IPC_HANDLE': '/run/user/1000/vscode-git-d7f963ad87.sock', 'TERM_PROGRAM': 'vscode', 'AMENT_PREFIX_PATH': '/home/maanavjugalshah/SwarmAero/ros2_ws/install/swarm_ekf:/home/maanavjugalshah/SwarmAero/ros2_ws/install/px4_msgs:/home/maanavjugalshah/swarm_ws/install/swarm_control:/home/maanavjugalshah/swarm_ws/install/px4_msgs:/opt/ros/humble', 'SHELL': '/bin/bash', 'LESSCLOSE': '/usr/bin/lesspipe %s %s', 'VSCODE_GIT_ASKPASS_EXTRA_ARGS': '', 'PWD': '/home/maanavjugalshah/SwarmAero/ros2_ws/build/swarm_ekf', 'XDG_DATA_DIRS': '/usr/local/share:/usr/share:/var/lib/snapd/desktop', 'PYTHONPATH': '/home/maanavjugalshah/SwarmAero/ros2_ws/build/swarm_ekf/prefix_override:/usr/lib/python3/dist-packages/colcon_core/task/python/colcon_distutils_commands:/home/maanavjugalshah/SwarmAero/ros2_ws/install/swarm_ekf/lib/python3.10/site-packages:/home/maanavjugalshah/SwarmAero/ros2_ws/build/swarm_ekf:/home/maanavjugalshah/SwarmAero/ros2_ws/install/swarm_ekf/lib/python3.10/site-packages:/home/maanavjugalshah/SwarmAero/ros2_ws/install/px4_msgs/local/lib/python3.10/dist-packages:/home/maanavjugalshah/swarm_ws/install/px4_msgs/local/lib/python3.10/dist-packages:/opt/ros/humble/lib/python3.10/site-packages:/opt/ros/humble/local/lib/python3.10/dist-packages', 'COLCON': '1', 'WSL2_GUI_APPS_ENABLED': '1', 'HOSTTYPE': 'x86_64', 'CMAKE_PREFIX_PATH': '/home/maanavjugalshah/SwarmAero/ros2_ws/install/px4_msgs:/home/maanavjugalshah/swarm_ws/install/swarm_control:/home/maanavjugalshah/swarm_ws/install/px4_msgs', 'WSLENV': 'VSCODE_WSL_EXT_LOCATION/up:VSCODE_SERVER_TAR/up'}, 'shell': False}
[4.217727] (-) TimerEvent: {}
[4.318253] (-) TimerEvent: {}
[4.418627] (-) TimerEvent: {}
[4.435369] (swarm_ekf) StdoutLine: {'line': b'running develop\n'}
[4.518828] (-) TimerEvent: {}
[4.574949] (swarm_ekf) StdoutLine: {'line': b'running egg_info\n'}
[4.575359] (swarm_ekf) StdoutLine: {'line': b'writing swarm_ekf.egg-info/PKG-INFO\n'}
[4.575707] (swarm_ekf) StdoutLine: {'line': b'writing dependency_links to swarm_ekf.egg-info/dependency_links.txt\n'}
[4.575956] (swarm_ekf) StdoutLine: {'line': b'writing entry points to swarm_ekf.egg-info/entry_points.txt\n'}
[4.576110] (swarm_ekf) StdoutLine: {'line': b'writing requirements to swarm_ekf.egg-info/requires.txt\n'}
[4.576195] (swarm_ekf) StdoutLine: {'line': b'writing top-level names to swarm_ekf.egg-info/top_level.txt\n'}
[4.577860] (swarm_ekf) StdoutLine: {'line': b"reading manifest file 'swarm_ekf.egg-info/SOURCES.txt'\n"}
[4.578472] (swarm_ekf) StdoutLine: {'line': b"writing manifest file 'swarm_ekf.egg-info/SOURCES.txt'\n"}
[4.579646] (swarm_ekf) StdoutLine: {'line': b'running build_ext\n'}
[4.579826] (swarm_ekf) StdoutLine: {'line': b'Creating /home/maanavjugalshah/SwarmAero/ros2_ws/install/swarm_ekf/lib/python3.10/site-packages/swarm-ekf.egg-link (link to .)\n'}
[4.580701] (swarm_ekf) StdoutLine: {'line': b'Installing ekf_node script to /home/maanavjugalshah/SwarmAero/ros2_ws/install/swarm_ekf/lib/swarm_ekf\n'}
[4.581068] (swarm_ekf) StdoutLine: {'line': b'\n'}
[4.581176] (swarm_ekf) StdoutLine: {'line': b'Installed /home/maanavjugalshah/SwarmAero/ros2_ws/build/swarm_ekf\n'}
[4.581220] (swarm_ekf) StdoutLine: {'line': b'running symlink_data\n'}
[4.609348] (swarm_ekf) CommandEnded: {'returncode': 0}
[4.619160] (-) TimerEvent: {}
[4.622293] (swarm_ekf) JobEnded: {'identifier': 'swarm_ekf', 'rc': 0}
[4.624124] (-) EventReactorShutdown: {}
